Hour,G,Pc,Pd,S,Q,SOC
0,383.85003851860284,85.0,0.0,0.0,370.93023897855693,214.05
1,439.9660846668322,85.0,0.0,0.0,406.29208466683235,293.1
2,373.5880986312941,85.0,66.37800000000003,0.0,468.42209863129415,300.0
3,367.2401,85.0,72.72600000000001,0.0,540.7721,300.0
4,367.2401,85.0,72.72600000000001,0.0,618.4221,300.0
5,367.24009962283765,85.0,72.72600000000001,0.0,696.0721000827917,300.0
6,367.2401,85.0,72.72600000000001,0.0,768.4221,300.0
7,354.96609962283765,85.0,85.0,0.0,830.5521000827918,286.65869565217395
8,354.9661003771623,85.0,85.0,0.0,878.2320999172083,273.3173913043479
9,350.8000003735908,85.0,85.0,0.0,904.0359999136368,259.97608695652184
10,346.91790103997687,85.0,85.0,0.0,910.3739005800229,246.63478260869576
11,336.6396243662573,85.0,85.0,0.0,898.5696243662574,233.29347826086968
12,291.69574459564717,85.0,85.0,0.0,877.0893450556011,219.9521739130436
13,282.6763070679326,85.0,85.0,0.0,829.9947066079786,206.6108695652175
14,254.623463263693,85.0,85.0,0.0,774.720343263693,193.26956521739143
15,220.780890380252,85.0,85.0,0.0,711.866669920298,179.92826086956535
16,186.65858345270914,85.0,85.0,0.0,644.5276029927552,166.58695652173927
17,209.5965591037682,85.0,85.0,0.0,563.1415591037683,153.2456521739132
18,150.86628576395918,85.0,85.0,0.0,507.8646857639592,139.9043478260871
19,169.0597709213613,85.0,85.0,0.0,444.1389709213613,126.56304347826102
20,201.74743768523354,85.0,85.0,0.0,392.2454381451876,113.22173913043494
21,213.96871925981407,85.0,85.0,0.0,359.59271971976807,99.88043478260886
22,243.42426877584717,85.0,85.0,0.0,342.90686831589323,86.53913043478278
23,288.64300235103724,85.0,85.0,0.0,343.2008018910833,73.1978260869567
24,386.5771949163387,85.0,0.0,0.0,370.3315949163389,152.2478260869567
25,439.96608466683233,85.0,0.0,0.0,406.29208466683235,231.29782608695672
26,430.4460986312939,85.0,9.520000000000191,0.0,468.42209863129415,300.0
27,367.2401,85.0,72.72600000000001,0.0,540.7721,300.0
28,367.24009962283765,85.0,72.72600000000001,0.0,618.4221000827918,300.0
29,367.2401,85.0,72.72600000000001,0.0,696.0721,300.0
30,367.2401003771623,85.0,72.72600000000001,0.0,768.4220999172084,300.0
31,354.96609962283765,85.0,85.0,0.0,830.5521000827918,286.65869565217395
32,354.9661,85.0,85.0,0.0,878.2321,273.3173913043479
33,350.799999626409,85.0,85.0,0.0,904.0360000863631,259.97608695652184
34,346.91790103997687,85.0,85.0,0.0,910.3739005800229,246.63478260869576
35,334.0712055839282,85.0,85.0,0.0,899.2166051239742,233.29347826086968
36,281.7573242230552,85.0,85.0,0.0,879.6675237631013,219.9521739130436
37,292.9156144481102,85.0,85.0,0.0,827.2896149080642,206.6108695652175
38,270.98409458968473,85.0,85.0,0.0,770.3713145896847,193.26956521739143
39,232.9130510324237,85.0,85.0,0.0,708.6615110324237,179.92826086956535
40,200.76632005714248,85.0,85.0,0.0,640.8678400571425,166.58695652173927
41,187.78153233234235,85.0,85.0,0.0,568.6367323323424,153.2456521739132
42,203.10080289850669,85.0,85.0,0.0,495.2116033584607,139.9043478260871
43,183.12687638797684,85.0,85.0,0.0,440.8870763879769,126.56304347826102
44,189.0395697711029,85.0,85.0,0.0,395.034970231057,113.22173913043494
45,241.3987032265071,85.0,85.0,0.0,353.57150368646114,99.88043478260886
46,236.510192767454,85.0,85.0,0.0,344.4245923075,86.53913043478278
47,265.7733664750507,85.0,85.0,0.0,348.2209660150967,73.1978260869567
48,302.8219553028916,85.0,85.0,0.0,370.05835484293766,59.85652173913061
49,354.96608466683233,85.0,85.0,0.0,406.29208466683235,46.51521739130453
50,354.9660982541317,85.0,85.0,0.0,468.4220987140858,33.17391304347845
51,364.3200999999997,85.0,75.64600000000017,0.0,540.7721,30.0
52,430.44609962283755,85.0,9.520000000000113,0.0,618.4221000827918,98.70217391304335
53,439.9661,85.0,0.0,0.0,696.0721,177.75217391304335
54,439.9661003771623,85.0,0.0,0.0,768.4220999172084,256.80217391304336
55,354.96609962283765,85.0,85.0,0.0,830.5521000827918,243.4608695652173
56,354.9661,85.0,85.0,0.0,878.2321,230.11956521739123
57,350.7999996264091,85.0,85.0,0.0,904.0360000863631,216.77826086956514
58,346.91790103997687,85.0,85.0,0.0,910.3739005800229,203.43695652173906
59,328.12966907185853,85.0,85.0,0.0,900.7132690718586,190.09565217391298
60,286.6224381229938,85.0,85.0,0.0,878.4054385829477,176.7543478260869
61,284.0375452126791,85.0,85.0,0.0,829.6350852126791,163.41304347826082
62,260.6413672364706,85.0,85.0,0.0,773.1206472364706,150.07173913043474
63,219.61177534982716,85.0,85.0,0.0,712.1755348898731,136.73043478260865
64,183.6880145265182,85.0,85.0,0.0,645.2982140665642,123.38913043478257
65,199.3449291772796,85.0,85.0,0.0,565.7239296372336,110.04782608695649
66,170.66252357628838,85.0,85.0,0.0,503.0693235762884,96.70652173913041
67,188.3950357809377,85.0,85.0,0.0,439.6692353209837,83.36521739130433
68,216.62797758468304,85.0,85.0,0.0,388.97897804463713,70.02391304347825
69,210.6870796409611,85.0,85.0,0.0,360.3130796409611,56.68260869565216
70,251.52652403135824,85.0,85.0,0.0,341.12832449131224,43.34130434782608
71,273.08350205824826,85.0,85.0,0.0,346.6163020582483,30.0
72,325.49535900418243,85.0,72.726,0.0,367.77555900418247,30.0
73,348.35368046649944,85.0,72.726,0.0,410.43788046649945,30.0
74,361.7518380217198,85.0,72.726,0.0,469.62683848167376,30.0
75,367.2401003771623,85.0,72.726,0.0,540.7720999172084,30.0
76,430.4460999999999,85.0,9.520000000000113,0.0,618.4221,98.70217391304335
77,439.9661003771623,85.0,0.0,0.0,696.0720999172083,177.75217391304335
78,439.9661,85.0,0.0,0.0,768.4221,256.80217391304336
79,354.9661003771623,85.0,85.0,0.0,830.5520999172084,243.4608695652173
80,354.96609962283776,85.0,85.0,0.0,878.2321000827917,230.11956521739123
81,350.79999999999984,85.0,85.0,0.0,904.036,216.77826086956514
82,346.91790029945093,85.0,85.0,0.0,910.3739007594049,203.43695652173906
83,343.58427663547275,85.0,85.0,0.0,896.8202770954268,190.09565217391298
84,300.57129228686927,85.0,85.0,0.0,874.7868918269153,176.7543478260869
85,291.88513397329086,85.0,85.0,0.0,827.5618544332449,163.41304347826082
86,261.0185764347643,85.0,85.0,0.0,773.0203764347643,150.07173913043474
87,223.28831936769728,85.0,85.0,0.0,711.2042398276512,136.73043478260865
88,223.49648671332346,85.0,85.0,0.0,634.9712867133235,123.38913043478257
89,179.4259027114046,85.0,85.0,0.0,570.7415031713587,110.04782608695649
90,190.79203101519528,85.0,85.0,0.0,498.19323147514933,96.70652173913041
91,135.25388240557436,85.0,85.0,0.0,451.9538824055744,83.36521739130433
92,198.90712170442606,85.0,85.0,0.0,392.86892216438014,70.02391304347825
93,183.75500005082574,85.0,85.0,0.0,366.2249995908718,56.68260869565216
94,248.4259404047566,85.0,85.0,0.0,341.8089404047566,43.34130434782608
95,243.49216184154864,85.0,85.0,0.0,353.1119623015027,30.0
96,308.83820725568313,85.0,72.726,0.0,371.4320067957292,30.0
97,353.0611368935949,85.0,72.726,0.0,409.4045364336409,30.0
98,367.2400982541317,85.0,72.726,0.0,468.4220987140858,30.0
99,367.24009962283765,85.0,72.726,0.0,540.7721000827918,30.0
100,430.4461003771622,85.0,9.520000000000113,0.0,618.4220999172084,98.70217391304335
101,439.9661,85.0,0.0,0.0,696.0721,177.75217391304335
102,439.9661,85.0,0.0,0.0,768.4221,256.80217391304336
103,354.9661,85.0,85.0,0.0,830.5521,243.4608695652173
104,354.9661003771623,85.0,85.0,0.0,878.2320999172083,230.11956521739123
105,350.799999626409,85.0,85.0,0.0,904.0360000863631,216.77826086956514
106,346.91790103997687,85.0,85.0,0.0,910.3739005800229,203.43695652173906
107,336.60655459179725,85.0,85.0,0.0,898.5779545917973,190.09565217391298
108,314.706422631843,85.0,85.0,0.0,871.120022171889,176.7543478260869
109,296.23629447762266,85.0,85.0,0.0,826.4123344776227,163.41304347826082
110,246.99860413482077,85.0,85.0,0.0,776.7472045947749,150.07173913043474
111,235.12792945109612,85.0,85.0,0.0,708.0763689911421,136.73043478260865
112,179.1954536274465,85.0,85.0,0.0,646.4636531674926,123.38913043478257
113,183.84622937256512,85.0,85.0,0.0,569.6280293725652,110.04782608695649
114,210.23278120115754,85.0,85.0,0.0,493.4839812011576,96.70652173913041
115,182.47676352087962,85.0,85.0,0.0,441.0373630609256,83.36521739130433
116,200.3329380719539,85.0,85.0,0.0,392.55593807195396,70.02391304347825
117,192.53621604016308,85.0,85.0,0.0,364.29741558020913,56.68260869565216
118,230.45613276010477,85.0,85.0,0.0,345.75353230015077,43.34130434782608
119,265.95442171974435,85.0,85.0,0.0,348.18122217969835,30.0
120,351.54175459551936,85.0,42.50400000000002,0.0,368.69215505547345,62.84999999999998
121,424.4518488794311,85.0,0.0,0.0,409.69764841947716,141.89999999999998
122,439.966098631294,85.0,0.0,0.0,468.42209863129415,220.95
123,439.96609999999987,85.0,0.0,0.0,540.7721,300.0
124,367.2401,85.0,72.72600000000001,0.0,618.4221,300.0
125,367.24009962283765,85.0,72.72600000000001,0.0,696.0721000827917,300.0
126,367.2401003771623,85.0,72.72600000000001,0.0,768.4220999172084,300.0
127,354.9661003771623,85.0,85.0,0.0,830.5520999172084,286.65869565217395
128,354.9661,85.0,85.0,0.0,878.2321,273.3173913043479
129,350.799999626409,85.0,85.0,0.0,904.0360000863631,259.97608695652184
130,346.91790103997687,85.0,85.0,0.0,910.3739005800229,246.63478260869576
131,343.58427663547275,85.0,85.0,0.0,896.8202770954268,233.29347826086968
132,321.0617521891771,85.0,85.0,0.0,869.4713521891771,219.9521739130436
133,280.2813128886818,85.0,85.0,0.0,830.6274328886817,206.6108695652175
134,277.03579476230954,85.0,85.0,0.0,768.7626347623095,193.26956521739143
135,222.0286013791087,85.0,85.0,0.0,711.5370409191547,179.92826086956535
136,187.88472348897517,85.0,85.0,0.0,644.2095234889752,166.58695652173927
137,151.97799167868317,85.0,85.0,0.0,577.6555916786832,153.2456521739132
138,148.37786978754957,85.0,85.0,0.0,508.4674697875496,139.9043478260871
139,173.10616540219655,85.0,85.0,0.0,443.20356540219655,126.56304347826102
140,220.67910593447112,85.0,85.0,0.0,388.0897059344712,113.22173913043494
141,241.96450360298235,85.0,85.0,0.0,353.4473036029824,99.88043478260886
142,281.2762888217969,85.0,85.0,0.0,334.597888361843,86.53913043478278
143,260.171946505425,85.0,85.0,0.0,349.45054604547107,73.1978260869567
144,426.3529355935693,85.0,0.0,0.0,361.60033513361543,152.2478260869567
145,427.722172536958,85.0,0.0,0.0,408.979772536958,231.29782608695672
146,430.4460986312939,85.0,9.520000000000191,0.0,468.42209863129415,300.0
147,367.2401,85.0,72.72600000000001,0.0,540.7721,300.0
148,367.2401,85.0,72.72600000000001,0.0,618.4221,300.0
149,367.2401,85.0,72.72600000000001,0.0,696.0721,300.0
150,367.24009999999987,85.0,72.72600000000001,0.0,768.4221,300.0
151,354.96609999999987,85.0,85.0,0.0,830.5521,286.65869565217395
152,354.9661003771623,85.0,85.0,0.0,878.2320999172083,273.3173913043479
153,350.8000003735908,85.0,85.0,0.0,904.0359999136368,259.97608695652184
154,346.91790029945093,85.0,85.0,0.0,910.373900759405,246.63478260869576
155,341.52292736079335,85.0,85.0,0.0,897.3395278207474,233.29347826086968
156,320.7987726547559,85.0,85.0,0.0,869.5395731147099,219.9521739130436
157,288.1070701635116,85.0,85.0,0.0,828.5599697035576,206.6108695652175
158,250.35533028300028,85.0,85.0,0.0,775.8549102830002,193.26956521739143
159,238.48899871223347,85.0,85.0,0.0,707.1884182522795,179.92826086956535
160,194.9084585781651,85.0,85.0,0.0,642.3874590381191,166.58695652173927
161,182.21478761658932,85.0,85.0,0.0,570.0389871566354,153.2456521739132
162,188.89239277373002,85.0,85.0,0.0,498.65339231377607,139.9043478260871
163,189.47108528276652,85.0,85.0,0.0,439.42048482281257,126.56304347826102
164,215.53032559210004,85.0,85.0,0.0,389.2199260520542,113.22173913043494
165,222.18413562700073,85.0,85.0,0.0,357.7893356270008,99.88043478260886
166,243.86559277638287,85.0,85.0,0.0,342.8099923164289,86.53913043478278
167,284.9992496164714,85.0,85.0,0.0,344.0006500764254,73.1978260869567
168,431.7619832572128,85.0,0.0,0.0,360.412983257213,152.2478260869567
169,434.12702860489594,85.0,0.0,0.0,407.573828604896,231.29782608695672
170,430.44609825413147,85.0,9.520000000000191,0.0,468.4220987140858,300.0
171,367.2401003771623,85.0,72.72600000000001,0.0,540.7720999172084,300.0
172,367.2401,85.0,72.72600000000001,0.0,618.4221,300.0
173,367.2401003771623,85.0,72.72600000000001,0.0,696.0720999172083,300.0
174,367.2401,85.0,72.72600000000001,0.0,768.4221,300.0
175,354.9661003771623,85.0,85.0,0.0,830.5520999172084,286.65869565217395
176,354.9661,85.0,85.0,0.0,878.2321,273.3173913043479
177,350.79999999999984,85.0,85.0,0.0,904.036,259.97608695652184
178,346.91790103997687,85.0,85.0,0.0,910.3739005800229,246.63478260869576
179,343.5842773702832,85.0,85.0,0.0,896.8202769103292,233.29347826086968
180,303.6854039489169,85.0,85.0,0.0,873.9790434889629,219.9521739130436
181,286.0275514686067,85.0,85.0,0.0,829.1093514686067,206.6108695652175
182,271.24138142515716,85.0,85.0,0.0,770.3029218851112,193.26956521739143
183,240.603448221353,85.0,85.0,0.0,706.629808221353,179.92826086956535
184,185.22534622082458,85.0,85.0,0.0,644.8994066807786,166.58695652173927
185,158.76831798697197,85.0,85.0,0.0,575.945118446926,153.2456521739132
186,142.13461147647348,85.0,85.0,0.0,509.9798119364275,139.9043478260871
187,188.3950350337559,85.0,85.0,0.0,439.66923549370995,126.56304347826102
188,204.55380566627036,85.0,85.0,0.0,391.62940612622447,113.22173913043494
189,218.8346000082302,85.0,85.0,0.0,358.5245995482762,99.88043478260886
190,269.7113368077579,85.0,85.0,0.0,337.13653634780394,86.53913043478278
191,254.64973853536992,85.0,85.0,0.0,350.662738075416,73.1978260869567
192,389.94936294177836,85.0,0.0,0.0,369.5913629417785,152.2478260869567
193,439.96608466683233,85.0,0.0,0.0,406.29208466683235,231.29782608695672
194,430.44609825413147,85.0,9.520000000000191,0.0,468.4220987140858,300.0
195,367.2401003771623,85.0,72.72600000000001,0.0,540.7720999172084,300.0
196,367.24009962283765,85.0,72.72600000000001,0.0,618.4221000827918,300.0
197,367.24009962283765,85.0,72.72600000000001,0.0,696.0721000827917,300.0
198,367.2401,85.0,72.72600000000001,0.0,768.4221,300.0
199,354.9661,85.0,85.0,0.0,830.5521,286.65869565217395
200,354.96609999999987,85.0,85.0,0.0,878.2321,273.3173913043479
201,350.799999626409,85.0,85.0,0.0,904.0360000863631,259.97608695652184
202,346.91790103997687,85.0,85.0,0.0,910.3739005800229,246.63478260869576
203,322.7503194604211,85.0,85.0,0.0,902.0683190004671,233.29347826086968
204,284.0134663455593,85.0,85.0,0.0,879.0822458856053,219.9521739130436
205,266.4222241547326,85.0,85.0,0.0,834.2888236947787,206.6108695652175
206,256.26203421964453,85.0,85.0,0.0,774.2847737596906,193.26956521739143
207,228.17873518123912,85.0,85.0,0.0,709.9122556411932,179.92826086956535
208,186.196178404073,85.0,85.0,0.0,644.6475579441191,166.58695652173927
209,141.89171098345594,85.0,85.0,0.0,580.196310983456,153.2456521739132
210,171.24019157081204,85.0,85.0,0.0,502.9293915708121,139.9043478260871
211,162.32325305954504,85.0,85.0,0.0,445.69625259959105,126.56304347826102
212,176.6032866094617,85.0,85.0,0.0,397.76488614950773,113.22173913043494
213,208.41256326656065,85.0,85.0,0.0,360.8123637265147,99.88043478260886
214,236.36308476727532,85.0,85.0,0.0,344.4568843073214,86.53913043478278
215,260.42089812691273,85.0,85.0,0.0,349.3958981269128,73.1978260869567
216,325.3973754732005,85.0,85.0,0.0,365.1027750132466,59.85652173913061
217,322.7607479480598,85.0,85.0,0.0,413.36154840801385,46.51521739130453
218,354.9660982541318,85.0,85.0,0.0,468.4220987140858,33.17391304347845
219,364.3200999999998,85.0,75.64600000000017,0.0,540.7721,30.0
220,430.4460999999999,85.0,9.520000000000113,0.0,618.4221,98.70217391304335
221,439.9661003771623,85.0,0.0,0.0,696.0720999172083,177.75217391304335
222,439.96609999999987,85.0,0.0,0.0,768.4221,256.80217391304336
223,354.96609962283765,85.0,85.0,0.0,830.5521000827918,243.4608695652173
224,354.9661,85.0,85.0,0.0,878.2321,230.11956521739123
225,350.799999626409,85.0,85.0,0.0,904.0360000863631,216.77826086956514
226,346.91790029945093,85.0,85.0,0.0,910.3739007594049,203.43695652173906
227,327.721808520184,85.0,85.0,0.0,900.816008520184,190.09565217391298
228,331.5261312653988,85.0,85.0,0.0,866.7567317253529,176.7543478260869
229,287.08423023573175,85.0,85.0,0.0,828.8301906956858,163.41304347826082
230,272.71315141849954,85.0,85.0,0.0,769.9116918784536,150.07173913043474
231,230.5060498630299,85.0,85.0,0.0,709.2974094030759,136.73043478260865
232,192.03760331942692,85.0,85.0,0.0,643.132202859473,123.38913043478257
233,177.717298519701,85.0,85.0,0.0,571.171898059747,110.04782608695649
234,165.43018462589157,85.0,85.0,0.0,504.3367846258916,96.70652173913041
235,188.73130087666829,85.0,85.0,0.0,439.5915008766683,83.36521739130433
236,199.5068697003735,85.0,85.0,0.0,392.73727016032757,70.02391304347825
237,222.84046324904153,85.0,85.0,0.0,357.64526370899557,56.68260869565216
238,225.62420037707682,85.0,85.0,0.0,346.8142003770769,43.34130434782608
239,288.88063834974866,85.0,85.0,0.0,343.1486378897947,30.0
240,325.80089100648735,85.0,72.726,0.0,367.7084910064874,30.0
241,346.6675964486147,85.0,72.726,0.0,410.80799644861474,30.0
242,367.24009863129413,85.0,72.726,0.0,468.42209863129415,30.0
243,367.2401003771623,85.0,72.726,0.0,540.7720999172084,30.0
244,430.44609962283755,85.0,9.520000000000113,0.0,618.4221000827918,98.70217391304335
245,439.9661,85.0,0.0,0.0,696.0721,177.75217391304335
246,439.96609962283765,85.0,0.0,0.0,768.4221000827918,256.80217391304336
247,354.96609999999987,85.0,85.0,0.0,830.5521,243.4608695652173
248,354.9661,85.0,85.0,0.0,878.2321,230.11956521739123
249,350.799999626409,85.0,85.0,0.0,904.0360000863631,216.77826086956514
250,346.91790103997687,85.0,85.0,0.0,910.3739005800229,203.43695652173906
251,343.5842773702832,85.0,85.0,0.0,896.8202769103292,190.09565217391298
252,325.0831423502076,85.0,85.0,0.0,868.4281418902535,176.7543478260869
253,272.7481080017436,85.0,85.0,0.0,832.6176075417897,163.41304347826082
254,249.01547412569744,85.0,85.0,0.0,776.2110745856514,150.07173913043474
255,232.38361985618087,85.0,85.0,0.0,708.8013798561809,136.73043478260865
256,198.4038908373796,85.0,85.0,0.0,641.4806903774256,123.38913043478257
257,174.76306475066025,85.0,85.0,0.0,571.9160652106143,110.04782608695649
258,170.27370857997437,85.0,85.0,0.0,503.1635085799744,96.70652173913041
259,151.31616336375504,85.0,85.0,0.0,448.24076290380106,83.36521739130433
260,183.77763056098337,85.0,85.0,0.0,396.19003010102944,70.02391304347825
261,226.43895162183435,85.0,85.0,0.0,356.85535162183436,56.68260869565216
262,223.47415999730453,85.0,85.0,0.0,347.2861604572586,43.34130434782608
263,291.8114819566935,85.0,85.0,0.0,342.5052819566936,30.0
264,335.39685907887934,85.0,72.726,0.0,365.6020590788794,30.0
265,361.86498423265493,85.0,72.726,0.0,407.471984692609,30.0
266,367.24009863129413,85.0,72.726,0.0,468.42209863129415,30.0
267,367.2401,85.0,72.726,0.0,540.7721,30.0
268,430.44609962283755,85.0,9.520000000000113,0.0,618.4221000827918,98.70217391304335
269,439.9661003771623,85.0,0.0,0.0,696.0720999172083,177.75217391304335
270,439.96609962283765,85.0,0.0,0.0,768.4221000827918,256.80217391304336
271,354.9661003771623,85.0,85.0,0.0,830.5520999172084,243.4608695652173
272,354.9661003771623,85.0,85.0,0.0,878.2320999172083,230.11956521739123
273,350.79999999999995,85.0,85.0,0.0,904.036,216.77826086956514
274,337.8973934436855,85.0,85.0,0.0,912.5589929837315,203.43695652173906
275,328.98948284041603,85.0,85.0,0.0,900.49668330037,190.09565217391298
276,312.4382265669924,85.0,85.0,0.0,871.7084270269463,176.7543478260869
277,271.0724852556557,85.0,85.0,0.0,833.0602852556558,163.41304347826082
278,267.0310290442029,85.0,85.0,0.0,771.4221295041569,150.07173913043474
279,204.00392558822034,85.0,85.0,0.0,716.2989255882204,136.73043478260865
280,210.48997467201843,85.0,85.0,0.0,638.3453751319724,123.38913043478257
281,161.810737449331,85.0,85.0,0.0,575.178737449331,110.04782608695649
282,156.10973371425058,85.0,85.0,0.0,506.5945337142506,96.70652173913041
283,155.86695567498157,85.0,85.0,0.0,447.1887556749816,83.36521739130433
284,156.07606274816783,85.0,85.0,0.0,402.2708622882139,70.02391304347825
285,210.53997164113974,85.0,85.0,0.0,360.34537164113976,56.68260869565216
286,270.0055520537905,85.0,85.0,0.0,337.0719525137445,43.34130434782608
287,271.8161100651209,85.0,85.0,0.0,346.8945100651209,30.0
288,332.8507594368338,85.0,72.726,0.0,366.1609589768799,30.0
289,397.1905002867893,85.0,42.50400000000002,0.0,406.3517007467433,62.84999999999998
290,439.96609900845635,85.0,0.0,0.0,468.4220985485024,141.89999999999998
291,439.9661003771623,85.0,0.0,0.0,540.7720999172084,220.95
292,439.9661003771623,85.0,0.0,0.0,618.4220999172084,300.0
293,367.2401,85.0,72.72600000000001,0.0,696.0721,300.0
294,367.2401003771623,85.0,72.72600000000001,0.0,768.4220999172084,300.0
295,354.96609962283765,85.0,85.0,0.0,830.5521000827918,286.65869565217395
296,354.9661,85.0,85.0,0.0,878.2321,273.3173913043479
297,350.7999996264091,85.0,85.0,0.0,904.0360000863631,259.97608695652184
298,346.91790066971396,85.0,85.0,0.0,910.373900669714,246.63478260869576
299,343.584277002878,85.0,85.0,0.0,896.820277002878,233.29347826086968
300,298.65373547950935,85.0,85.0,0.0,875.2843354795093,219.9521739130436
301,276.2794685272105,85.0,85.0,0.0,831.6846680672566,206.6108695652175
302,262.94386926269146,85.0,85.0,0.0,772.5085897226455,193.26956521739143
303,250.53164728924662,85.0,85.0,0.0,704.0069072892467,179.92826086956535
304,213.39370305800378,85.0,85.0,0.0,637.5921035179578,166.58695652173927
305,147.97654917336354,85.0,85.0,0.0,578.6635491733635,153.2456521739132
306,159.35356131323573,85.0,85.0,0.0,505.80876177318976,139.9043478260871
307,159.08389495789947,85.0,85.0,0.0,446.4450954178535,126.56304347826102
308,179.83966221043062,85.0,85.0,0.0,397.0544622104307,113.22173913043494
309,231.84799923810408,85.0,85.0,0.0,355.6679996980581,99.88043478260886
310,251.8207404088776,85.0,85.0,0.0,341.06374040887766,86.53913043478278
311,291.5512139581048,85.0,85.0,0.0,342.5624139581049,73.1978260869567
312,396.9087029942797,85.0,0.0,0.0,368.06370299427977,152.2478260869567
313,427.04321252975615,85.0,0.0,0.0,409.12881252975615,231.29782608695672
314,430.4460986312938,85.0,9.520000000000191,0.0,468.42209863129415,300.0
315,367.24009999999987,85.0,72.72600000000001,0.0,540.7721,300.0
316,367.24009962283765,85.0,72.72600000000001,0.0,618.4221000827918,300.0
317,367.2401003771623,85.0,72.72600000000001,0.0,696.0720999172083,300.0
318,367.2401,85.0,72.72600000000001,0.0,768.4221,300.0
319,354.96609962283765,85.0,85.0,0.0,830.5521000827918,286.65869565217395
320,354.9661,85.0,85.0,0.0,878.2321,273.3173913043479
321,350.79999999999984,85.0,85.0,0.0,904.036,259.97608695652184
322,346.91790029945093,85.0,85.0,0.0,910.3739007594049,246.63478260869576
323,311.7932008559751,85.0,85.0,0.0,904.8284003960212,233.29347826086968
324,294.643303149075,85.0,85.0,0.0,876.3247031490749,219.9521739130436
325,284.44144079766204,85.0,85.0,0.0,829.5283812576162,206.6108695652175
326,276.3511495287701,85.0,85.0,0.0,768.9446290688162,193.26956521739143
327,232.54190303988355,85.0,85.0,0.0,708.7595634998376,179.92826086956535
328,192.55041270985748,85.0,85.0,0.0,642.9991722499035,166.58695652173927
329,157.0045971399112,85.0,85.0,0.0,576.3893971399112,153.2456521739132
330,181.7048694716056,85.0,85.0,0.0,500.3944694716056,139.9043478260871
331,197.49662077698173,85.0,85.0,0.0,437.56522077698173,126.56304347826102
332,196.29312572208931,85.0,85.0,0.0,393.44272618204343,113.22173913043494
333,224.09654000184088,85.0,85.0,0.0,357.3695395418869,99.88043478260886
334,205.10829197500965,85.0,85.0,0.0,351.31769243496365,86.53913043478278
335,284.12791762119633,85.0,85.0,0.0,344.19191808115033,73.1978260869567
336,409.53735871238797,85.0,0.0,0.0,365.29155917234215,152.2478260869567
337,414.9124607782444,85.0,0.0,0.0,411.79166031829044,231.29782608695672
338,430.4460986312939,85.0,9.520000000000191,0.0,468.42209863129415,300.0
339,367.2401003771623,85.0,72.72600000000001,0.0,540.7720999172084,300.0
340,367.2401003771623,85.0,72.72600000000001,0.0,618.4220999172084,300.0
341,367.2401003771623,85.0,72.72600000000001,0.0,696.0720999172083,300.0
342,367.24009962283776,85.0,72.72600000000001,0.0,768.4221000827918,300.0
343,354.9661003771623,85.0,85.0,0.0,830.5520999172084,286.65869565217395
344,354.9661003771623,85.0,85.0,0.0,878.2320999172083,273.3173913043479
345,350.8000003735908,85.0,85.0,0.0,904.0359999136368,259.97608695652184
346,346.91790066971396,85.0,85.0,0.0,910.373900669714,246.63478260869576
347,338.3372064892809,85.0,85.0,0.0,898.1420060293269,233.29347826086968
348,302.6641678099438,85.0,85.0,0.0,874.2439678099438,219.9521739130436
349,274.12026225321495,85.0,85.0,0.0,832.2551022532149,206.6108695652175
350,253.81235446736196,85.0,85.0,0.0,774.9359544673621,193.26956521739143
351,219.74495148805852,85.0,85.0,0.0,712.1403514880585,179.92826086956535
352,186.45586960854598,85.0,85.0,0.0,644.5801900685,166.58695652173927
353,191.36409104922632,85.0,85.0,0.0,567.7342910492264,153.2456521739132
354,188.9035014033617,85.0,85.0,0.0,498.6507014033617,139.9043478260871
355,175.38156174460522,85.0,85.0,0.0,442.6775617446052,126.56304347826102
356,188.8924617720969,85.0,85.0,0.0,395.067262232051,113.22173913043494
357,219.50224325309495,85.0,85.0,0.0,358.378043713049,99.88043478260886
358,251.3907324083557,85.0,85.0,0.0,341.15813240835564,86.53913043478278
359,259.36851013261946,85.0,85.0,0.0,349.6269101326195,73.1978260869567
360,430.0758992444931,85.0,0.0,0.0,360.78309924449314,152.2478260869567
361,414.95772440156225,85.0,0.0,0.0,411.7817244015623,231.29782608695672
362,430.4460986312938,85.0,9.520000000000191,0.0,468.42209863129415,300.0
363,367.2401,85.0,72.72600000000001,0.0,540.7721,300.0
364,367.2401003771623,85.0,72.72600000000001,0.0,618.4220999172084,300.0
365,367.2401,85.0,72.72600000000001,0.0,696.0721,300.0
366,367.2401003771623,85.0,72.72600000000001,0.0,768.4220999172084,300.0
367,354.96609962283765,85.0,85.0,0.0,830.5521000827918,286.65869565217395
368,354.9661,85.0,85.0,0.0,878.2321,273.3173913043479
369,350.79999999999995,85.0,85.0,0.0,904.036,259.97608695652184
370,346.91790029945093,85.0,85.0,0.0,910.373900759405,246.63478260869576
371,343.5842773702832,85.0,85.0,0.0,896.8202769103292,233.29347826086968
372,314.2352516203439,85.0,85.0,0.0,871.24225116039,219.9521739130436
373,276.72702853909266,85.0,85.0,0.0,831.5664285390927,206.6108695652175
374,270.92849475329984,85.0,85.0,0.0,770.3860942933459,193.26956521739143
375,220.29730648842735,85.0,85.0,0.0,711.9944264884273,179.92826086956535
376,179.9953478863688,85.0,85.0,0.0,646.2561483463228,166.58695652173927
377,188.0019978515557,85.0,85.0,0.0,568.5811973916018,153.2456521739132
378,176.70581988926023,85.0,85.0,0.0,501.60541942930627,139.9043478260871
379,199.78322559477692,85.0,85.0,0.0,437.03662605473096,126.56304347826102
380,181.34468982309858,85.0,85.0,0.0,396.72409028305265,113.22173913043494
381,224.49260000135996,85.0,85.0,0.0,357.282599541406,99.88043478260886
382,228.14766800297787,85.0,85.0,0.0,346.2602684629319,86.53913043478278
383,299.68741791398526,85.0,85.0,0.0,340.7764179139853,73.1978260869567
384,306.4883393305508,85.0,85.0,0.0,369.25353887059686,59.85652173913061
385,307.94810454526294,85.0,85.0,0.0,416.6131040853089,46.51521739130453
386,354.9660982541317,85.0,85.0,0.0,468.4220987140858,33.17391304347845
387,364.32010037716213,85.0,75.64600000000017,0.0,540.7720999172084,30.0
388,430.4460999999998,85.0,9.520000000000113,0.0,618.4221,98.70217391304335
389,439.9661,85.0,0.0,0.0,696.0721,177.75217391304335
390,439.96609962283765,85.0,0.0,0.0,768.4221000827918,256.80217391304336
391,354.9661003771623,85.0,85.0,0.0,830.5520999172084,243.4608695652173
392,354.9661,85.0,85.0,0.0,878.2321,230.11956521739123
393,350.799999626409,85.0,85.0,0.0,904.0360000863631,216.77826086956514
394,346.91790029945093,85.0,85.0,0.0,910.373900759405,203.43695652173906
395,341.8095320727808,85.0,85.0,0.0,897.2673325327348,190.09565217391298
396,296.6266040183124,85.0,85.0,0.0,875.8102044782664,176.7543478260869
397,291.62642224391357,85.0,85.0,0.0,827.6302027038676,163.41304347826082
398,263.5500204599495,85.0,85.0,0.0,772.3474609199036,150.07173913043474
399,225.28924209452708,85.0,85.0,0.0,710.6756220945271,136.73043478260865
400,206.47954299010104,85.0,85.0,0.0,639.3857425301471,123.38913043478257
401,165.04055229072696,85.0,85.0,0.0,574.365151830773,110.04782608695649
402,201.9676849092487,85.0,85.0,0.0,495.4860853692028,96.70652173913041
403,168.56658156635638,85.0,85.0,0.0,444.2529815663564,83.36521739130433
404,185.395818550049,85.0,85.0,0.0,395.83481809009504,70.02391304347825
405,179.47755167885737,85.0,85.0,0.0,367.16395167885736,56.68260869565216
406,248.27883278174028,85.0,85.0,0.0,341.8412323217863,43.34130434782608
407,285.6555779900747,85.0,85.0,0.0,343.8565779900747,30.0
408,324.2053346172881,85.0,72.726,0.0,368.05873507724226,30.0
409,360.7560165980541,85.0,72.726,0.0,407.71541659805416,30.0
410,367.24009900845635,85.0,72.726,0.0,468.4220985485024,30.0
411,367.2401003771623,85.0,72.726,0.0,540.7720999172084,30.0
412,430.44609962283766,85.0,9.520000000000113,0.0,618.4221000827918,98.70217391304335
413,439.96609962283765,85.0,0.0,0.0,696.0721000827917,177.75217391304335
414,439.9661,85.0,0.0,0.0,768.4221,256.80217391304336
415,354.96609962283765,85.0,85.0,0.0,830.5521000827916,243.4608695652173
416,354.9661003771623,85.0,85.0,0.0,878.2320999172083,230.11956521739123
417,350.799999626409,85.0,85.0,0.0,904.0360000863631,216.77826086956514
418,346.91790066971396,85.0,85.0,0.0,910.373900669714,203.43695652173906
419,343.584277002878,85.0,85.0,0.0,896.820277002878,190.09565217391298
420,311.4958852744187,85.0,85.0,0.0,871.9528848144647,176.7543478260869
421,273.24369888321485,85.0,85.0,0.0,832.4866788832148,163.41304347826082
422,261.53969203240706,85.0,85.0,0.0,772.8818520324071,150.07173913043474
423,238.38857016651446,85.0,85.0,0.0,707.2149501665144,136.73043478260865
424,186.328763007499,85.0,85.0,0.0,644.613163467453,123.38913043478257
425,181.6195313393019,85.0,85.0,0.0,570.1889313393019,110.04782608695649
426,206.11134224022936,85.0,85.0,0.0,494.4823422402294,96.70652173913041
427,211.5525170210289,85.0,85.0,0.0,434.315917480983,83.36521739130433
428,195.10494610728034,85.0,85.0,0.0,393.70354610728043,70.02391304347825
429,205.8664636468145,85.0,85.0,0.0,361.37126364681455,56.68260869565216
430,240.38026477215192,85.0,85.0,0.0,343.575064312198,43.34130434782608
431,260.2624737506096,85.0,85.0,0.0,349.43067421056367,30.0
432,321.68186659825113,85.0,72.726,0.0,368.6126670582052,30.0
433,356.0372441708386,85.0,72.726,0.0,408.75124463079266,30.0
434,364.39978213385257,85.0,72.726,0.0,469.04558259380656,30.0
435,367.24009962283765,85.0,72.726,0.0,540.7721000827918,30.0
436,430.4460999999998,85.0,9.520000000000113,0.0,618.4221,98.70217391304335
437,439.96609962283765,85.0,0.0,0.0,696.0721000827917,177.75217391304335
438,439.96609962283765,85.0,0.0,0.0,768.4221000827918,256.80217391304336
439,354.9661003771623,85.0,85.0,0.0,830.5520999172084,243.4608695652173
440,354.9661003771623,85.0,85.0,0.0,878.2320999172083,230.11956521739123
441,350.799999626409,85.0,85.0,0.0,904.0360000863631,216.77826086956514
442,346.91790029945093,85.0,85.0,0.0,910.373900759405,203.43695652173906
443,306.072129874378,85.0,85.0,0.0,906.269529414424,190.09565217391298
444,298.40171377568436,85.0,85.0,0.0,875.3497137756842,176.7543478260869
445,285.07130088334964,85.0,85.0,0.0,829.3619804233957,163.41304347826082
446,259.2938804059297,85.0,85.0,0.0,773.4788399459758,150.07173913043474
447,229.34785021166402,85.0,85.0,0.0,709.6033906716181,136.73043478260865
448,179.98439078597363,85.0,85.0,0.0,646.2589907859737,123.38913043478257
449,155.4503178196631,85.0,85.0,0.0,576.7809178196632,110.04782608695649
450,163.40834664505883,85.0,85.0,0.0,504.8265466450589,96.70652173913041
451,177.17497758098654,85.0,85.0,0.0,442.26297758098656,83.36521739130433
452,238.09442981679263,85.0,85.0,0.0,384.2668298167927,70.02391304347825
453,195.24073965971684,85.0,85.0,0.0,363.7037396597169,56.68260869565216
454,232.60617238555244,85.0,85.0,0.0,345.28157238555247,43.34130434782608
455,271.23899444541263,85.0,85.0,0.0,347.02119398545864,30.0
456,322.9379429848893,85.0,72.726,0.0,368.33694298488933,30.0
457,367.24008428967005,85.0,72.726,0.0,406.29208474962405,30.0
458,367.24009863129413,85.0,72.726,0.0,468.42209863129415,30.0
459,439.9661003771623,85.0,0.0,0.0,540.7720999172084,109.05
460,439.9661,85.0,0.0,0.0,618.4221,188.1
461,439.9661,85.0,0.0,0.0,696.0721,267.15
462,397.4621003771623,85.0,42.50399999999999,0.0,768.4220999172084,300.0
463,354.96609962283765,85.0,85.0,0.0,830.5521000827918,286.65869565217395
464,354.9661003771623,85.0,85.0,0.0,878.2320999172083,273.3173913043479
465,350.799999626409,85.0,85.0,0.0,904.0360000863631,259.97608695652184
466,346.91790066971396,85.0,85.0,0.0,910.373900669714,246.63478260869576
467,328.94539017520776,85.0,85.0,0.0,900.5077901752077,233.29347826086968
468,292.2764906261956,85.0,85.0,0.0,876.9386906261956,219.9521739130436
469,280.514917572592,85.0,85.0,0.0,830.565717572592,206.6108695652175
470,262.9885678258529,85.0,85.0,0.0,772.4967078258529,193.26956521739143
471,227.03254397494027,85.0,85.0,0.0,710.2150644348942,179.92826086956535
472,198.98463651457666,85.0,85.0,0.0,641.3300360546227,166.58695652173927
473,188.11223006005463,85.0,85.0,0.0,568.5534300600547,153.2456521739132
474,175.38384853152962,85.0,85.0,0.0,501.92564853152965,139.9043478260871
475,177.3206926176925,85.0,85.0,0.0,442.2292926176925,126.56304347826102
476,202.79982605528465,85.0,85.0,0.0,392.01442605528473,113.22173913043494
477,197.42472727990258,85.0,85.0,0.0,363.2243277398567,99.88043478260886
478,248.10909240437195,85.0,85.0,0.0,341.87849240437197,86.53913043478278
479,258.49717851450663,85.0,85.0,0.0,349.81817805455273,73.1978260869567
480,395.06419460320245,85.0,0.0,0.0,368.46859506315656,152.2478260869567
481,411.42713198695003,85.0,0.0,0.0,412.5567324469041,231.29782608695672
482,430.4460986312939,85.0,9.520000000000191,0.0,468.42209863129415,300.0
483,367.24009999999987,85.0,72.72600000000001,0.0,540.7721,300.0
484,367.24009962283765,85.0,72.72600000000001,0.0,618.4221000827918,300.0
485,367.24009962283765,85.0,72.72600000000001,0.0,696.0721000827917,300.0
486,367.24009962283765,85.0,72.72600000000001,0.0,768.4221000827918,300.0
487,354.9661003771623,85.0,85.0,0.0,830.5520999172084,286.65869565217395
488,354.96609962283776,85.0,85.0,0.0,878.2321000827917,273.3173913043479
489,350.8000003735908,85.0,85.0,0.0,904.0359999136368,259.97608695652184
490,346.91790029945093,85.0,85.0,0.0,910.373900759405,246.63478260869576
491,320.104737136208,85.0,85.0,0.0,902.734737136208,233.29347826086968
492,294.8514953565775,85.0,85.0,0.0,876.2706948966236,219.9521739130436
493,272.0287362047467,85.0,85.0,0.0,832.8076562047468,206.6108695652175
494,256.98156621638964,85.0,85.0,0.0,774.0935057564357,193.26956521739143
495,220.89114269435737,85.0,85.0,0.0,711.8375426943574,179.92826086956535
496,193.82367021344805,85.0,85.0,0.0,642.668869753494,166.58695652173927
497,193.9545565829731,85.0,85.0,0.0,567.0817565829732,153.2456521739132
498,168.10745323024776,85.0,85.0,0.0,503.6882536902018,139.9043478260871
499,197.82167739732586,85.0,85.0,0.0,437.4900773973259,126.56304347826102
500,199.57476645423924,85.0,85.0,0.0,392.7223659942853,113.22173913043494
501,221.75412762752285,85.0,85.0,0.0,357.88372762752294,99.88043478260886
502,233.50013676379996,85.0,85.0,0.0,345.08533630384596,86.53913043478278
503,274.9393260481848,85.0,85.0,0.0,346.2089260481849,73.1978260869567
504,386.95062291915593,85.0,0.0,0.0,370.249622919156,152.2478260869567
505,437.4991970178277,85.0,0.0,0.0,406.8335965578737,231.29782608695672
506,430.4460986312939,85.0,9.520000000000191,0.0,468.42209863129415,300.0
507,367.2401,85.0,72.72600000000001,0.0,540.7721,300.0
508,367.24009962283765,85.0,72.72600000000001,0.0,618.4221000827918,300.0
509,367.24009962283765,85.0,72.72600000000001,0.0,696.0721000827917,300.0
510,367.24009999999987,85.0,72.72600000000001,0.0,768.4221,300.0
511,354.96609999999987,85.0,85.0,0.0,830.5521,286.65869565217395
512,354.96609962283765,85.0,85.0,0.0,878.2321000827917,273.3173913043479
513,350.799999626409,85.0,85.0,0.0,904.0360000863631,259.97608695652184
514,346.91790103997687,85.0,85.0,0.0,910.3739005800229,246.63478260869576
515,343.5842770028779,85.0,85.0,0.0,896.820277002878,233.29347826086968
516,293.4379819568678,85.0,85.0,0.0,876.6373819568678,219.9521739130436
517,280.59678800919403,85.0,85.0,0.0,830.544088469148,206.6108695652175
518,260.4058836741722,85.0,85.0,0.0,773.1832441341262,193.26956521739143
519,235.4084726663035,85.0,85.0,0.0,708.0022531262575,179.92826086956535
520,186.72651937426332,85.0,85.0,0.0,644.5099793742634,166.58695652173927
521,192.3341377171825,85.0,85.0,0.0,567.4899377171826,153.2456521739132
522,159.45354268255085,85.0,85.0,0.0,505.78454268255086,139.9043478260871
523,161.62830404935642,85.0,85.0,0.0,445.85690404935644,126.56304347826102
524,207.67702202232852,85.0,85.0,0.0,390.9438220223286,113.22173913043494
525,204.37275202579053,85.0,85.0,0.0,361.6991515658366,99.88043478260886
526,238.68286477009138,85.0,85.0,0.0,343.94766431013744,86.53913043478278
527,265.7167860981952,85.0,85.0,0.0,348.23338609819524,73.1978260869567
528,390.75279857067727,85.0,0.0,0.0,369.4149990306314,152.2478260869567
529,428.08428491796127,85.0,0.0,0.0,408.9002844580073,231.29782608695672
530,396.21519755887624,85.0,9.520000000000191,0.0,475.93619709892255,300.0
531,367.24009962283765,85.0,72.72600000000001,0.0,540.7721000827918,300.0
532,367.24009962283765,85.0,72.72600000000001,0.0,618.4221000827918,300.0
533,367.2401,85.0,72.72600000000001,0.0,696.0721,300.0
534,367.2401003771623,85.0,72.72600000000001,0.0,768.4220999172084,300.0
535,354.9661003771623,85.0,85.0,0.0,830.5520999172084,286.65869565217395
536,354.9661,85.0,85.0,0.0,878.2321,273.3173913043479
537,350.799999626409,85.0,85.0,0.0,904.0360000863631,259.97608695652184
538,346.91790066971396,85.0,85.0,0.0,910.373900669714,246.63478260869576
539,326.9501800820433,85.0,85.0,0.0,901.0103805419973,233.29347826086968
540,308.52641142501136,85.0,85.0,0.0,872.7232118849653,219.9521739130436
541,275.15510953455794,85.0,85.0,0.0,831.981709074604,206.6108695652175
542,252.09637967512435,85.0,85.0,0.0,775.3920996751244,193.26956521739143
543,216.0585822464667,85.0,85.0,0.0,713.1142422464667,179.92826086956535
544,203.30187723350377,85.0,85.0,0.0,640.2100776934578,166.58695652173927
545,174.46543679571909,85.0,85.0,0.0,571.9910372556732,153.2456521739132
546,205.73363624381005,85.0,85.0,0.0,494.5738362438101,139.9043478260871
547,202.47335009653068,85.0,85.0,0.0,436.41474963657674,126.56304347826102
548,187.47796178165498,85.0,85.0,0.0,395.37776224160905,113.22173913043494
549,216.37902725688735,85.0,85.0,0.0,359.0636277168414,99.88043478260886
550,242.56425239764093,85.0,85.0,0.0,343.09565239764095,86.53913043478278
551,257.16188976742285,85.0,85.0,0.0,350.1112902273769,73.1978260869567
552,292.51307884795904,85.0,85.0,0.0,372.3212788479592,59.85652173913061
553,354.96608428966994,85.0,85.0,0.0,406.29208474962405,46.51521739130453
554,354.9660982541318,85.0,85.0,0.0,468.4220987140858,33.17391304347845
555,364.3200999999998,85.0,75.64600000000017,0.0,540.7721,30.0
556,430.4460999999999,85.0,9.520000000000113,0.0,618.4221,98.70217391304335
557,439.96609962283765,85.0,0.0,0.0,696.0721000827916,177.75217391304335
558,439.9661,85.0,0.0,0.0,768.4221,256.80217391304336
559,354.96609962283765,85.0,85.0,0.0,830.5521000827918,243.4608695652173
560,354.9661,85.0,85.0,0.0,878.2321,230.11956521739123
561,350.799999626409,85.0,85.0,0.0,904.0360000863631,216.77826086956514
562,344.89606238993736,85.0,85.0,0.0,910.8636628498914,203.43695652173906
563,330.63194904007787,85.0,85.0,0.0,900.0829485801239,190.09565217391298
564,291.6519150993247,85.0,85.0,0.0,877.1007150993246,176.7543478260869
565,282.13050100402575,85.0,85.0,0.0,830.1389014639799,163.41304347826082
566,267.7723654042132,85.0,85.0,0.0,771.2250654042132,150.07173913043474
567,248.84729165748973,85.0,85.0,0.0,704.4518921174438,136.73043478260865
568,190.48493007763295,85.0,85.0,0.0,643.534990077633,123.38913043478257
569,180.56129824321704,85.0,85.0,0.0,570.4554987031711,110.04782608695649
570,138.76858450838375,85.0,85.0,0.0,510.7951849683378,96.70652173913041
571,168.2863603419218,85.0,85.0,0.0,444.3177603419218,83.36521739130433
572,190.1145897638388,85.0,85.0,0.0,394.7989902237929,70.02391304347825
573,218.1556396318923,85.0,85.0,0.0,358.6736396318924,56.68260869565216
574,264.585188801535,85.0,85.0,0.0,338.2617883415811,43.34130434782608
575,266.8823337147126,85.0,85.0,0.0,347.97753417466663,30.0
576,322.85873098429164,85.0,72.726,0.0,368.3543309842918,30.0
577,360.4165365944532,85.0,72.726,0.0,407.78993659445325,30.0
578,367.2400982541317,85.0,72.726,0.0,468.4220987140858,30.0
579,367.2401,85.0,72.726,0.0,540.7721,30.0
580,430.4461003771622,85.0,9.520000000000113,0.0,618.4220999172084,98.70217391304335
581,439.96609962283765,85.0,0.0,0.0,696.0721000827917,177.75217391304335
582,439.9661,85.0,0.0,0.0,768.4221,256.80217391304336
583,354.9661003771623,85.0,85.0,0.0,830.5520999172084,243.4608695652173
584,354.9661003771623,85.0,85.0,0.0,878.2320999172083,230.11956521739123
585,350.8000003735908,85.0,85.0,0.0,904.0359999136368,216.77826086956514
586,346.91790066971396,85.0,85.0,0.0,910.373900669714,203.43695652173906
587,304.2532922790725,85.0,85.0,0.0,906.7276918191186,190.09565217391298
588,297.9634151603361,85.0,85.0,0.0,875.4634151603361,176.7543478260869
589,264.0643447383459,85.0,85.0,0.0,834.9117447383459,163.41304347826082
590,256.20643365653234,85.0,85.0,0.0,774.2995536565323,150.07173913043474
591,213.41360995043175,85.0,85.0,0.0,713.8130094904777,136.73043478260865
592,193.29771149907617,85.0,85.0,0.0,642.8053114990762,123.38913043478257
593,175.1929721640915,85.0,85.0,0.0,571.8077721640915,110.04782608695649
594,172.40663655975396,85.0,85.0,0.0,502.646836559754,96.70652173913041
595,181.5128021352337,85.0,85.0,0.0,441.2602021352337,83.36521739130433
596,187.45533015897018,85.0,85.0,0.0,395.3827301589703,70.02391304347825
597,211.79604763961447,85.0,85.0,0.0,360.0696476396146,56.68260869565216
598,240.1992087719322,85.0,85.0,0.0,343.6148083119782,43.34130434782608
599,276.10487441902677,85.0,85.0,0.0,345.95307395907287,30.0
600,314.6206832993061,85.0,72.726,0.0,370.1626828393522,30.0
601,362.23841223661594,85.0,72.726,0.0,407.39001269657007,30.0
602,367.2400982541318,85.0,72.726,0.0,468.4220987140858,30.0
603,367.2401003771623,85.0,72.726,0.0,540.7720999172084,30.0
604,430.4461003771622,85.0,9.520000000000113,0.0,618.4220999172084,98.70217391304335
605,439.96609962283765,85.0,0.0,0.0,696.0721000827917,177.75217391304335
606,439.9661003771623,85.0,0.0,0.0,768.4220999172084,256.80217391304336
607,354.9661,85.0,85.0,0.0,830.5521,243.4608695652173
608,354.9661,85.0,85.0,0.0,878.2321,230.11956521739123
609,350.799999626409,85.0,85.0,0.0,904.0360000863631,216.77826086956514
610,346.91790066971396,85.0,85.0,0.0,910.373900669714,203.43695652173906
611,343.5842770028779,85.0,85.0,0.0,896.820277002878,190.09565217391298
612,317.6101502280991,85.0,85.0,0.0,870.366750688053,176.7543478260869
613,277.414743262754,85.0,85.0,0.0,831.384743262754,163.41304347826082
614,253.5398044685951,85.0,85.0,0.0,775.008404468595,150.07173913043474
615,210.85924024872656,85.0,85.0,0.0,714.4878407086806,136.73043478260865
616,187.85185109215274,85.0,85.0,0.0,644.2180510921528,123.38913043478257
617,150.00482856999946,85.0,85.0,0.0,578.1526285699995,110.04782608695649
618,160.77551329975546,85.0,85.0,0.0,505.4643137597095,96.70652173913041
619,194.6159465897943,85.0,85.0,0.0,438.2311465897943,83.36521739130433
620,187.79481015667625,85.0,85.0,0.0,395.30821015667635,70.02391304347825
621,219.81909200703473,85.0,85.0,0.0,358.30849154708085,56.68260869565216
622,243.46953239873983,85.0,85.0,0.0,342.89693239873986,43.34130434782608
623,272.9590260589232,85.0,85.0,0.0,346.6436260589233,30.0
624,327.7925073986744,85.0,72.726,0.0,367.27130693872044,30.0
625,347.4484000797346,85.0,72.726,0.0,410.63660053968863,30.0
626,367.24009863129413,85.0,72.726,0.0,468.42209863129415,30.0
627,397.4621003771623,85.0,42.50400000000002,0.0,540.7720999172084,62.84999999999998
628,439.9661,85.0,0.0,0.0,618.4221,141.89999999999998
629,439.9661003771623,85.0,0.0,0.0,696.0720999172083,220.95
630,439.96609962283765,85.0,0.0,0.0,768.4221000827918,300.0
631,354.96609962283765,85.0,85.0,0.0,830.5521000827918,286.65869565217395
632,354.96609962283765,85.0,85.0,0.0,878.2321000827917,273.3173913043479
633,350.79999999999995,85.0,85.0,0.0,904.036,259.97608695652184
634,346.91790066971396,85.0,85.0,0.0,910.373900669714,246.63478260869576
635,343.5842773702832,85.0,85.0,0.0,896.8202769103292,233.29347826086968
636,300.4288445064566,85.0,85.0,0.0,874.8238449664105,219.9521739130436
637,281.21464037748433,85.0,85.0,0.0,830.3808599175304,206.6108695652175
638,275.2729417336475,85.0,85.0,0.0,769.2312412736935,193.26956521739143
639,212.99879753098497,85.0,85.0,0.0,713.922597530985,179.92826086956535
640,205.84400925444186,85.0,85.0,0.0,639.5506097143959,166.58695652173927
641,168.76641262147592,85.0,85.0,0.0,573.42661308143,153.2456521739132
642,156.84292733703688,85.0,85.0,0.0,506.4169277969909,139.9043478260871
643,195.55748990389452,85.0,85.0,0.0,438.01348990389454,126.56304347826102
644,208.8312536373669,85.0,85.0,0.0,390.690454097321,113.22173913043494
645,214.61373201335545,85.0,85.0,0.0,359.45113155340147,99.88043478260886
646,221.32412074901913,85.0,85.0,0.0,347.7581202890651,86.53913043478278
647,256.7545145239565,85.0,85.0,0.0,350.20071406400257,73.1978260869567
648,400.29218701980466,85.0,0.0,0.0,367.3209870198048,152.2478260869567
649,414.30139639460043,85.0,0.0,0.0,411.92579639460047,231.29782608695672
650,430.4460986312939,85.0,9.520000000000191,0.0,468.42209863129415,300.0
651,367.2401003771623,85.0,72.72600000000001,0.0,540.7720999172084,300.0
652,367.2401,85.0,72.72600000000001,0.0,618.4221,300.0
653,367.2401003771623,85.0,72.72600000000001,0.0,696.0720999172083,300.0
654,367.24009999999987,85.0,72.72600000000001,0.0,768.4221,300.0
655,354.9661,85.0,85.0,0.0,830.5521,286.65869565217395
656,354.96609999999987,85.0,85.0,0.0,878.2321,273.3173913043479
657,350.8000003735908,85.0,85.0,0.0,904.0359999136368,259.97608695652184
658,346.91790103997687,85.0,85.0,0.0,910.3739005800229,246.63478260869576
659,343.58427663547275,85.0,85.0,0.0,896.8202770954268,233.29347826086968
660,287.6524398690616,85.0,85.0,0.0,878.1382403290156,219.9521739130436
661,294.1338523224297,85.0,85.0,0.0,826.9677723224297,206.6108695652175
662,259.9000312398241,85.0,85.0,0.0,773.3177112398241,193.26956521739143
663,225.45407530609958,85.0,85.0,0.0,710.6320753060996,179.92826086956535
664,189.0177254327898,85.0,85.0,0.0,643.9156054327898,166.58695652173927
665,189.04920695523975,85.0,85.0,0.0,568.3174069552398,153.2456521739132
666,171.66233356681005,85.0,85.0,0.0,502.82713356681006,139.9043478260871
667,155.8893737465272,85.0,85.0,0.0,447.1835732865733,126.56304347826102
668,233.07012585074273,85.0,85.0,0.0,385.36972585074284,113.22173913043494
669,200.95532002994014,85.0,85.0,0.0,362.44931956998624,99.88043478260886
670,250.3722924071193,85.0,85.0,0.0,341.3816924071194,86.53913043478278
671,286.58348998504295,85.0,85.0,0.0,343.652889985043,73.1978260869567
672,386.62245929384255,85.0,0.0,0.0,370.32165883388865,152.2478260869567
673,428.51429254536015,85.0,0.0,0.0,408.8058925453603,231.29782608695672
674,430.44609900845614,85.0,9.520000000000191,0.0,468.4220985485024,300.0
675,367.2401,85.0,72.72600000000001,0.0,540.7721,300.0
676,367.2401,85.0,72.72600000000001,0.0,618.4221,300.0
677,367.24009962283765,85.0,72.72600000000001,0.0,696.0721000827917,300.0
678,367.24009962283765,85.0,72.72600000000001,0.0,768.4221000827918,300.0
679,354.96609962283765,85.0,85.0,0.0,830.5521000827916,286.65869565217395
680,354.9661,85.0,85.0,0.0,878.2321,273.3173913043479
681,350.8000003735908,85.0,85.0,0.0,904.0359999136368,259.97608695652184
682,346.91790103997687,85.0,85.0,0.0,910.3739005800229,246.63478260869576
683,343.58427663547275,85.0,85.0,0.0,896.8202770954268,233.29347826086968
684,300.9767181408539,85.0,85.0,0.0,874.6817181408538,219.9521739130436
685,289.05131303137125,85.0,85.0,0.0,828.3105130313713,206.6108695652175
686,239.9995205298453,85.0,85.0,0.0,778.6077205298453,193.26956521739143
687,227.44844836889354,85.0,85.0,0.0,710.1051879089396,179.92826086956535
688,200.79261833981286,85.0,85.0,0.0,640.8610178798589,166.58695652173927
689,165.58069154525197,85.0,85.0,0.0,574.229091545252,153.2456521739132
690,185.08200543958992,85.0,85.0,0.0,499.57640543958996,139.9043478260871
691,218.5916745524164,85.0,85.0,0.0,432.6886745524164,126.56304347826102
692,181.70680182065172,85.0,85.0,0.0,396.6446022806058,113.22173913043494
693,220.3848920063478,85.0,85.0,0.0,358.1842915463938,99.88043478260886
694,274.3056320590105,85.0,85.0,0.0,336.1280325189645,86.53913043478278
695,274.1585220524189,85.0,85.0,0.0,346.3803220524189,73.1978260869567
696,403.5059314212115,85.0,0.0,0.0,366.6155309612576,152.2478260869567
697,432.2033089616528,85.0,0.0,0.0,407.99610850169887,231.29782608695672
698,430.44609900845614,85.0,9.520000000000191,0.0,468.4220985485024,300.0
699,367.24009962283765,85.0,72.72600000000001,0.0,540.7721000827918,300.0
700,367.24009962283765,85.0,72.72600000000001,0.0,618.4221000827918,300.0
701,367.24009962283765,85.0,72.72600000000001,0.0,696.0721000827916,300.0
702,367.24009962283776,85.0,72.72600000000001,0.0,768.4221000827918,300.0
703,354.96609962283765,85.0,85.0,0.0,830.5521000827918,286.65869565217395
704,354.9661,85.0,85.0,0.0,878.2321,273.3173913043479
705,350.79999999999984,85.0,85.0,0.0,904.036,259.97608695652184
706,346.91790103997687,85.0,85.0,0.0,910.3739005800229,246.63478260869576
707,343.5842770028779,85.0,85.0,0.0,896.820277002878,233.29347826086968
708,295.0268144375044,85.0,85.0,0.0,876.2252144375044,219.9521739130436
709,273.56135758890605,85.0,85.0,0.0,832.4027575889061,206.6108695652175
710,271.97181542185297,85.0,85.0,0.0,770.108755881807,193.26956521739143
711,221.0952738901459,85.0,85.0,0.0,711.7836138901458,179.92826086956535
712,188.5092993938145,85.0,85.0,0.0,644.0474989338605,166.58695652173927
713,176.62599565084514,85.0,85.0,0.0,571.4467956508452,153.2456521739132
714,170.4625619484471,85.0,85.0,0.0,503.1177614884931,139.9043478260871
715,209.2547037278474,85.0,85.0,0.0,434.84710326789343,126.56304347826102
716,206.17199440966056,85.0,85.0,0.0,391.27419394970667,113.22173913043494
717,172.88032330970577,85.0,85.0,0.0,368.61212376965983,99.88043478260886
718,244.2503360225254,85.0,85.0,0.0,342.7255364824794,86.53913043478278
719,279.73731039932943,85.0,85.0,0.0,345.15570993937547,73.1978260869567
720,340.59476283352507,85.0,85.0,0.0,361.7667632934792,59.85652173913061
721,329.0637600149175,85.0,85.0,0.0,411.9779604748715,46.51521739130453
722,354.96609900845635,85.0,85.0,0.0,468.4220985485024,33.17391304347845
723,364.3200999999998,85.0,75.64600000000017,0.0,540.7721,30.0
724,430.4460999999999,85.0,9.520000000000113,0.0,618.4221,98.70217391304335
725,439.96609999999987,85.0,0.0,0.0,696.0721,177.75217391304335
726,439.9661,85.0,0.0,0.0,768.4221,256.80217391304336
727,354.96609962283765,85.0,85.0,0.0,830.5521000827916,243.4608695652173
728,354.9661,85.0,85.0,0.0,878.2321,230.11956521739123
729,350.8000003735908,85.0,85.0,0.0,904.0359999136368,216.77826086956514
730,344.54057477611,85.0,85.0,0.0,910.9497747761101,203.43695652173906
731,307.6815251973643,85.0,85.0,0.0,905.8641251973643,190.09565217391298
732,294.7013777156085,85.0,85.0,0.0,876.3096377156085,176.7543478260869
733,292.6721859958153,85.0,85.0,0.0,827.3539255358613,163.41304347826082
734,263.55874205991006,85.0,85.0,0.0,772.3451425198641,150.07173913043474
735,226.55987655367608,85.0,85.0,0.0,710.3399370136301,136.73043478260865
736,192.24579480075693,85.0,85.0,0.0,643.0781948007569,123.38913043478257
737,180.93608936869623,85.0,85.0,0.0,570.3610893686963,110.04782608695649
738,170.94024820339257,85.0,85.0,0.0,503.0020486633466,96.70652173913041
739,169.8780172703012,85.0,85.0,0.0,443.9498168103472,83.36521739130433
740,196.14601810024567,85.0,85.0,0.0,393.47501810024573,70.02391304347825
741,207.72228726739877,85.0,85.0,0.0,360.96388772735287,56.68260869565216
742,256.652672037581,85.0,85.0,0.0,340.003072497535,43.34130434782608
743,256.8110945236496,85.0,85.0,0.0,350.1882940636957,30.0
744,328.83357940652814,85.0,72.726,0.0,367.0427789465743,30.0
745,367.24008504399455,85.0,72.726,0.0,406.2920845840406,30.0
746,367.240098631294,85.0,72.726,0.0,468.42209863129415,30.0
747,367.24009962283765,85.0,72.726,0.0,540.7721000827918,30.0
748,430.4460999999999,85.0,9.520000000000113,0.0,618.4221,98.70217391304335
749,439.96609962283765,85.0,0.0,0.0,696.0721000827916,177.75217391304335
750,439.9661,85.0,0.0,0.0,768.4221,256.80217391304336
751,354.9661003771623,85.0,85.0,0.0,830.5520999172084,243.4608695652173
752,354.9661003771623,85.0,85.0,0.0,878.2320999172083,230.11956521739123
753,350.799999626409,85.0,85.0,0.0,904.0360000863631,216.77826086956514
754,339.5304163706003,85.0,85.0,0.0,912.1634159106463,203.43695652173906
755,309.9192462350925,85.0,85.0,0.0,905.3004466950465,190.09565217391298
756,315.7802538742334,85.0,85.0,0.0,870.8414538742334,176.7543478260869
757,282.84550635833295,85.0,85.0,0.0,829.9500063583329,163.41304347826082
758,259.0812906801641,85.0,85.0,0.0,773.5353511401181,150.07173913043474
759,225.20300485138654,85.0,85.0,0.0,710.6984048513865,136.73043478260865
760,191.3363251553351,85.0,85.0,0.0,643.3141251553351,123.38913043478257
761,177.1330658674092,85.0,85.0,0.0,571.3190654074552,110.04782608695649
762,159.32023505407756,85.0,85.0,0.0,505.81683459412363,96.70652173913041
763,192.4862652840916,85.0,85.0,0.0,438.7234652840916,83.36521739130433
764,207.16780202576945,85.0,85.0,0.0,391.05560202576953,70.02391304347825
765,236.30650323269037,85.0,85.0,0.0,354.6893036926444,56.68260869565216
766,242.96031277528397,85.0,85.0,0.0,343.00871231533,43.34130434782608
767,260.52274174919825,85.0,85.0,0.0,349.3735422091523,30.0
768,318.3096993271361,85.0,72.726,0.0,369.35289886718215,30.0
769,367.24008504399455,85.0,72.726,0.0,406.2920845840406,30.0
770,367.24009900845635,85.0,72.726,0.0,468.4220985485024,30.0
771,367.2401,85.0,72.726,0.0,540.7721,30.0
772,430.4461003771622,85.0,9.520000000000113,0.0,618.4220999172084,98.70217391304335
773,439.9661,85.0,0.0,0.0,696.0721,177.75217391304335
774,439.9661,85.0,0.0,0.0,768.4221,256.80217391304336
775,354.9661003771623,85.0,85.0,0.0,830.5520999172084,243.4608695652173
776,354.9661,85.0,85.0,0.0,878.2321,230.11956521739123
777,350.799999626409,85.0,85.0,0.0,904.0360000863631,216.77826086956514
778,346.91790029945093,85.0,85.0,0.0,910.373900759405,203.43695652173906
779,343.584277002878,85.0,85.0,0.0,896.820277002878,190.09565217391298
780,316.6678089355254,85.0,85.0,0.0,870.6112084755714,176.7543478260869
781,300.12024561413375,85.0,85.0,0.0,825.3862451541798,163.41304347826082
782,260.8888422719874,85.0,85.0,0.0,773.0548627319415,150.07173913043474
783,216.05858261030045,85.0,85.0,0.0,713.1142421503465,136.73043478260865
784,189.89760992107148,85.0,85.0,0.0,643.6873499210715,123.38913043478257
785,151.29455007548285,85.0,85.0,0.0,577.8277496155289,110.04782608695649
786,169.35166195897847,85.0,85.0,0.0,503.38686149902446,96.70652173913041
787,207.8760145564474,85.0,85.0,0.0,435.16581501640144,83.36521739130433
788,177.8706782237354,85.0,85.0,0.0,397.48667822373545,70.02391304347825
789,265.99968757379753,85.0,85.0,0.0,348.1712875737976,56.68260869565216
790,254.525264789323,85.0,85.0,0.0,340.47006432936905,43.34130434782608
791,280.07678964316403,85.0,85.0,0.0,345.08119010311805,30.0
792,345.96600353577514,85.0,72.726,0.0,363.2820030758213,30.0
793,343.66885679396853,85.0,72.726,0.0,411.4662563340146,30.0
794,367.24009863129413,85.0,72.726,0.0,468.42209863129415,30.0
795,397.4621003771623,85.0,42.50400000000002,0.0,540.7720999172084,62.84999999999998
796,439.96609999999987,85.0,0.0,0.0,618.4221,141.89999999999998
797,439.96609999999987,85.0,0.0,0.0,696.0721,220.95
798,439.96609999999987,85.0,0.0,0.0,768.4221,300.0
799,354.96609962283765,85.0,85.0,0.0,830.5521000827918,286.65869565217395
800,354.96609962283776,85.0,85.0,0.0,878.2321000827917,273.3173913043479
801,350.8000003735908,85.0,85.0,0.0,904.0359999136368,259.97608695652184
802,346.91790066971396,85.0,85.0,0.0,910.373900669714,246.63478260869576
803,343.584277002878,85.0,85.0,0.0,896.820277002878,233.29347826086968
804,334.8352861764887,85.0,85.0,0.0,865.8982861764887,219.9521739130436
805,288.2981020311952,85.0,85.0,0.0,828.5095015712412,206.6108695652175
806,256.36342245582216,85.0,85.0,0.0,774.2578224558222,193.26956521739143
807,232.41745942319972,85.0,85.0,0.0,708.7924398831537,179.92826086956535
808,192.8594125095641,85.0,85.0,0.0,642.9190129695181,166.58695652173927
809,174.16780920818314,85.0,85.0,0.0,572.0660092081832,153.2456521739132
810,181.9159404696046,85.0,85.0,0.0,500.34334046960464,139.9043478260871
811,205.15226500212515,85.0,85.0,0.0,435.7954645421712,126.56304347826102
812,208.6615136385139,85.0,85.0,0.0,390.72771409846797,113.22173913043494
813,234.81279123450406,85.0,85.0,0.0,355.0171916944581,99.88043478260886
814,234.48462838783274,85.0,85.0,0.0,344.8692283878328,86.53913043478278
815,254.18578216072342,85.0,85.0,0.0,350.76458216072353,73.1978260869567
816,419.2578031628814,85.0,0.0,0.0,363.15780316288146,152.2478260869567
817,429.46483655544284,85.0,0.0,0.0,408.5972365554429,231.29782608695672
818,430.4460986312938,85.0,9.520000000000191,0.0,468.42209863129415,300.0
819,367.24009999999987,85.0,72.72600000000001,0.0,540.7721,300.0
820,367.24009962283765,85.0,72.72600000000001,0.0,618.4221000827918,300.0
821,367.24009999999987,85.0,72.72600000000001,0.0,696.0721,300.0
822,367.24009962283765,85.0,72.72600000000001,0.0,768.4221000827918,300.0
823,354.9661,85.0,85.0,0.0,830.5521,286.65869565217395
824,354.9661,85.0,85.0,0.0,878.2321,273.3173913043479
825,350.79999999999995,85.0,85.0,0.0,904.036,259.97608695652184
826,346.91790103997687,85.0,85.0,0.0,910.3739005800229,246.63478260869576
827,343.58427663547275,85.0,85.0,0.0,896.8202770954268,233.29347826086968
828,285.0555213035492,85.0,85.0,0.0,878.8119208435952,219.9521739130436
829,277.70729528681204,85.0,85.0,0.0,831.307454826858,206.6108695652175
830,258.62013608225016,85.0,85.0,0.0,773.6579365422042,193.26956521739143
831,237.48908297223795,85.0,85.0,0.0,707.452582972238,179.92826086956535
832,195.3467572024648,85.0,85.0,0.0,642.2737576624188,166.58695652173927
833,181.42111233526924,85.0,85.0,0.0,570.2389127952233,153.2456521739132
834,155.37653972120137,85.0,85.0,0.0,506.77213972120137,139.9043478260871
835,196.63353977931416,85.0,85.0,0.0,437.76473931936016,126.56304347826102
836,189.78642652038081,85.0,85.0,0.0,394.8710260604269,113.22173913043494
837,224.7189196239229,85.0,85.0,0.0,357.23291962392295,99.88043478260886
838,265.02651204774634,85.0,85.0,0.0,338.1649125077003,86.53913043478278
839,310.2452462338964,85.0,85.0,0.0,338.45884577394247,73.1978260869567
840,407.11573507128156,85.0,0.0,0.0,365.8231350712817,152.2478260869567
841,414.41455677296295,85.0,0.0,0.0,411.90095631300903,231.29782608695672
842,430.44609900845614,85.0,9.520000000000191,0.0,468.4220985485024,300.0
843,367.2401,85.0,72.72600000000001,0.0,540.7721,300.0
844,367.2401,85.0,72.72600000000001,0.0,618.4221,300.0
845,367.2401,85.0,72.72600000000001,0.0,696.0721,300.0
846,367.24009962283765,85.0,72.72600000000001,0.0,768.4221000827918,300.0
847,354.9661003771623,85.0,85.0,0.0,830.5520999172084,286.65869565217395
848,354.96609962283776,85.0,85.0,0.0,878.2321000827917,273.3173913043479
849,350.799999626409,85.0,85.0,0.0,904.0360000863631,259.97608695652184
850,346.91790066971384,85.0,85.0,0.0,910.373900669714,246.63478260869576
851,332.0759958581689,85.0,85.0,0.0,899.7191953982149,233.29347826086968
852,325.20367446942817,85.0,85.0,0.0,868.3968740094742,219.9521739130436
853,282.1850815376498,85.0,85.0,0.0,830.1244819976038,206.6108695652175
854,253.06229723411866,85.0,85.0,0.0,775.1353367741647,193.26956521739143
855,212.16808180908657,85.0,85.0,0.0,714.1420618090865,179.92826086956535
856,202.4910247785494,85.0,85.0,0.0,640.4204252385034,166.58695652173927
857,150.18120032404084,85.0,85.0,0.0,578.1082007839949,153.2456521739132
858,177.4501221416782,85.0,85.0,0.0,501.4251226016322,139.9043478260871
859,182.99237020024822,85.0,85.0,0.0,440.91817020024826,126.56304347826102
860,203.39957405123198,85.0,85.0,0.0,391.8827740512321,113.22173913043494
861,226.69921924435596,85.0,85.0,0.0,356.79821970431004,99.88043478260886
862,243.59400839889094,85.0,85.0,0.0,342.869608398891,86.53913043478278
863,271.7255820656117,85.0,85.0,0.0,346.9143820656118,73.1978260869567
864,416.91539152237243,85.0,0.0,0.0,363.67199106241856,152.2478260869567
865,416.2590644153659,85.0,0.0,0.0,411.49606441536594,231.29782608695672
866,430.4460986312939,85.0,9.520000000000191,0.0,468.42209863129415,300.0
867,367.2401003771623,85.0,72.72600000000001,0.0,540.7720999172084,300.0
868,367.2401,85.0,72.72600000000001,0.0,618.4221,300.0
869,354.96609962283765,85.0,85.0,0.0,696.0721000827917,286.65869565217395
870,354.96609962283776,85.0,85.0,0.0,768.4221000827918,273.3173913043479
871,354.96609999999987,85.0,85.0,0.0,830.5521,259.97608695652184
872,354.9661,85.0,85.0,0.0,878.2321,246.63478260869576
873,350.8000003735908,85.0,85.0,0.0,904.0359999136368,233.29347826086968
874,346.91790066971396,85.0,85.0,0.0,910.373900669714,219.9521739130436
875,343.5842770028779,85.0,85.0,0.0,896.820277002878,206.6108695652175
876,305.1843848481949,85.0,85.0,0.0,873.5901848481949,193.26956521739143
877,286.9041152024406,85.0,85.0,0.0,828.8777747424866,179.92826086956535
878,266.8402444084296,85.0,85.0,0.0,771.4728444084296,166.58695652173927
879,235.96628608386953,85.0,85.0,0.0,707.8548860838695,153.2456521739132
880,188.81610806561196,85.0,85.0,0.0,643.9679080656119,139.9043478260871
881,150.77645660132828,85.0,85.0,0.0,577.9582566013283,126.56304347826102
882,161.67534303175097,85.0,85.0,0.0,505.24634257179696,113.22173913043494
883,201.80081841070586,85.0,85.0,0.0,436.5702188706599,99.88043478260886
884,178.17620984450855,85.0,85.0,0.0,397.41961030446265,86.53913043478278
885,186.90084766984359,85.0,85.0,0.0,365.53444766984364,73.1978260869567
886,290.3743524556791,85.0,85.0,0.0,332.6007524556792,59.85652173913061
887,282.1815656317506,85.0,85.0,0.0,344.61916609170464,46.51521739130453
888,330.77247513658807,85.0,85.0,0.0,363.9228751365881,33.17391304347845
889,364.32008466683214,85.0,75.64600000000017,0.0,406.29208466683235,30.0
890,367.2400982541317,85.0,72.726,0.0,468.4220987140858,30.0
891,367.24009999999987,85.0,72.726,0.0,540.7721,30.0
892,430.4460999999999,85.0,9.520000000000113,0.0,618.4221,98.70217391304335
893,439.9661,85.0,0.0,0.0,696.0721,177.75217391304335
894,439.96609962283776,85.0,0.0,0.0,768.4221000827918,256.80217391304336
895,354.9661,85.0,85.0,0.0,830.5521,243.4608695652173
896,354.9661003771623,85.0,85.0,0.0,878.2320999172083,230.11956521739123
897,350.79999999999995,85.0,85.0,0.0,904.036,216.77826086956514
898,346.91790066971396,85.0,85.0,0.0,910.373900669714,203.43695652173906
899,333.7294842137686,85.0,85.0,0.0,899.3026842137687,190.09565217391298
900,291.9039368031497,85.0,85.0,0.0,877.0353368031497,176.7543478260869
901,292.3916413253206,85.0,85.0,0.0,827.4280417852747,163.41304347826082
902,257.1701704521728,85.0,85.0,0.0,774.0433704521729,150.07173913043474
903,222.8604083478461,85.0,85.0,0.0,711.3172883478461,136.73043478260865
904,172.6209742629515,85.0,85.0,0.0,648.1691738029975,123.38913043478257
905,166.03264473905375,85.0,85.0,0.0,574.1152451990077,110.04782608695649
906,145.75614581240382,85.0,85.0,0.0,509.10254581240383,96.70652173913041
907,181.725770265804,85.0,85.0,0.0,441.210970265804,83.36521739130433
908,194.21098249048327,85.0,85.0,0.0,393.89978203052937,70.02391304347825
909,199.7671400313829,85.0,85.0,0.0,362.71013957142895,56.68260869565216
910,217.5445763672687,85.0,85.0,0.0,348.5877763672687,43.34130434782608
911,238.4791746230568,85.0,85.0,0.0,354.2123741631028,30.0
912,339.3574587315958,85.0,72.726,0.0,364.7326591915499,30.0
913,367.24008466683233,85.0,72.726,0.0,406.29208466683235,30.0
914,367.24009900845635,85.0,72.726,0.0,468.4220985485024,30.0
915,367.24009962283765,85.0,72.726,0.0,540.7721000827918,30.0
916,430.4460999999999,85.0,9.520000000000113,0.0,618.4221,98.70217391304335
917,439.9661,85.0,0.0,0.0,696.0721,177.75217391304335
918,439.9661003771623,85.0,0.0,0.0,768.4220999172084,256.80217391304336
919,354.9661,85.0,85.0,0.0,830.5521,243.4608695652173
920,354.9661003771623,85.0,85.0,0.0,878.2320999172083,230.11956521739123
921,350.799999626409,85.0,85.0,0.0,904.0360000863631,216.77826086956514
922,346.91790066971396,85.0,85.0,0.0,910.373900669714,203.43695652173906
923,329.48553019212784,85.0,85.0,0.0,900.3717297321739,190.09565217391298
924,317.4238740470008,85.0,85.0,0.0,870.4150735870468,176.7543478260869
925,274.1770260081837,85.0,85.0,0.0,832.2401060081837,163.41304347826082
926,263.85309642194215,85.0,85.0,0.0,772.2668964219422,150.07173913043474
927,233.72193454086892,85.0,85.0,0.0,708.4478145408689,136.73043478260865
928,186.41642273235897,85.0,85.0,0.0,644.590423192313,123.38913043478257
929,159.27538820353618,85.0,85.0,0.0,575.8173882035362,110.04782608695649
930,169.59605921613564,85.0,85.0,0.0,503.32765967608964,96.70652173913041
931,175.06771359964756,85.0,85.0,0.0,442.75011405960163,83.36521739130433
932,208.2201900186583,85.0,85.0,0.0,390.82459001865834,70.02391304347825
933,234.84673961162514,85.0,85.0,0.0,355.0097396116252,56.68260869565216
934,260.1153680417845,85.0,85.0,0.0,339.2429685017385,43.34130434782608
935,274.59984605002575,85.0,85.0,0.0,346.28344605002576,30.0
936,306.5863228615326,85.0,72.726,0.0,371.9263228615327,30.0
937,357.5422729411274,85.0,72.726,0.0,408.42087248117343,30.0
938,365.4069065536637,85.0,72.726,0.0,468.8245065536637,30.0
939,367.24009962283765,85.0,72.726,0.0,540.7721000827918,30.0
940,430.4461003771622,85.0,9.520000000000113,0.0,618.4220999172084,98.70217391304335
941,439.96609962283765,85.0,0.0,0.0,696.0721000827917,177.75217391304335
942,439.9661,85.0,0.0,0.0,768.4221,256.80217391304336
943,354.96609962283765,85.0,85.0,0.0,830.5521000827918,243.4608695652173
944,354.96609999999987,85.0,85.0,0.0,878.2321,230.11956521739123
945,350.8000003735908,85.0,85.0,0.0,904.0359999136368,216.77826086956514
946,346.91790066971384,85.0,85.0,0.0,910.373900669714,203.43695652173906
947,335.7357171976813,85.0,85.0,0.0,898.7973171976813,190.09565217391298
948,302.96001937530355,85.0,85.0,0.0,874.1672193753036,176.7543478260869
949,292.32396182746095,85.0,85.0,0.0,827.4459218274609,163.41304347826082
950,255.25141809748868,85.0,85.0,0.0,774.5534185574428,150.07173913043474
951,230.76476122861783,85.0,85.0,0.0,709.2290612286179,136.73043478260865
952,185.72610312951156,85.0,85.0,0.0,644.7695026695576,123.38913043478257
953,190.66962582103025,85.0,85.0,0.0,567.9092258210303,110.04782608695649
954,203.37852863639966,85.0,85.0,0.0,495.1443281764457,96.70652173913041
955,181.5128021352337,85.0,85.0,0.0,441.2602021352337,83.36521739130433
956,190.7935505135755,85.0,85.0,0.0,394.6499500536216,70.02391304347825
957,225.32998324601857,85.0,85.0,0.0,357.09878370597266,56.68260869565216
958,253.325768787867,85.0,85.0,0.0,340.73336832791296,43.34130434782608
959,270.40160969562885,85.0,85.0,0.0,347.20501015558295,30.0
960,332.9865510606959,85.0,72.726,0.0,366.131151060696,30.0
961,336.7434639661846,85.0,72.726,0.0,412.98646442613864,30.0
962,365.97270695478596,85.0,72.726,0.0,468.7003064948319,30.0
963,397.4620996228376,85.0,42.50400000000002,0.0,540.7721000827918,62.84999999999998
964,439.96609999999987,85.0,0.0,0.0,618.4221,141.89999999999998
965,439.9661,85.0,0.0,0.0,696.0721,220.95
966,439.96609962283765,85.0,0.0,0.0,768.4221000827918,300.0
967,354.9661,85.0,85.0,0.0,830.5521,286.65869565217395
968,354.96609999999987,85.0,85.0,0.0,878.2321,273.3173913043479
969,350.7999996264091,85.0,85.0,0.0,904.0360000863631,259.97608695652184
970,346.91790103997687,85.0,85.0,0.0,910.3739005800229,246.63478260869576
971,299.43612809864635,85.0,85.0,0.0,907.9411280986463,233.29347826086968
972,315.3748276550365,85.0,85.0,0.0,870.9466276550364,219.9521739130436
973,283.85742981555404,85.0,85.0,0.0,829.6826693556001,206.6108695652175
974,257.32933965145276,85.0,85.0,0.0,774.0010596514528,193.26956521739143
975,242.11205417097688,85.0,85.0,0.0,706.2312541709769,179.92826086956535
976,166.44096329511376,85.0,85.0,0.0,649.7723632951138,166.58695652173927
977,183.0415312010598,85.0,85.0,0.0,569.8307316610138,153.2456521739132
978,188.63688577615227,85.0,85.0,0.0,498.71528531619833,139.9043478260871
979,191.1187857088508,85.0,85.0,0.0,439.03958570885084,126.56304347826102
980,183.5965745622068,85.0,85.0,0.0,396.22977410225286,113.22173913043494
981,237.8907439850912,85.0,85.0,0.0,354.34154352513724,99.88043478260886
982,244.62376440014106,85.0,85.0,0.0,342.64356440014103,86.53913043478278
983,280.2691623964454,85.0,85.0,0.0,345.0389619364915,73.1978260869567
984,385.2871709066069,85.0,0.0,0.0,370.61477090660696,152.2478260869567
985,421.2607360912576,85.0,0.0,0.0,410.3981365512117,231.29782608695672
986,430.44609900845614,85.0,9.520000000000191,0.0,468.4220985485024,300.0
987,367.2401,85.0,72.72600000000001,0.0,540.7721,300.0
988,367.2401003771623,85.0,72.72600000000001,0.0,618.4220999172084,300.0
989,367.24009999999987,85.0,72.72600000000001,0.0,696.0721,300.0
990,367.2401,85.0,72.72600000000001,0.0,768.4221,300.0
991,354.9661003771623,85.0,85.0,0.0,830.5520999172084,286.65869565217395
992,354.96609999999987,85.0,85.0,0.0,878.2321,273.3173913043479
993,350.8000003735908,85.0,85.0,0.0,904.0359999136368,259.97608695652184
994,346.91790066971396,85.0,85.0,0.0,910.373900669714,246.63478260869576
995,343.0220904696512,85.0,85.0,0.0,896.9618909296051,233.29347826086968
996,327.64718888478114,85.0,85.0,0.0,867.7629888847811,219.9521739130436
997,276.22488799358655,85.0,85.0,0.0,831.6990875336327,206.6108695652175
998,254.05001770292336,85.0,85.0,0.0,774.8727781628774,193.26956521739143
999,244.16755706760614,85.0,85.0,0.0,705.6882170676062,179.92826086956535
1000,196.793143027866,85.0,85.0,0.0,641.898543027866,166.58695652173927
1001,163.6626447245202,85.0,85.0,0.0,574.7122447245202,153.2456521739132
1002,175.5393749003182,85.0,85.0,0.0,501.88797444036425,139.9043478260871
1003,161.65072212090206,85.0,85.0,0.0,445.8517216609481,126.56304347826102
1004,217.0579859589397,85.0,85.0,0.0,388.8845859589398,113.22173913043494
1005,197.16445965738092,85.0,85.0,0.0,363.281459657381,99.88043478260886
1006,249.62543678337494,85.0,85.0,0.0,341.545636323421,86.53913043478278
1007,284.0713383758276,85.0,85.0,0.0,344.2043379158737,73.1978260869567
1008,401.14088702620734,85.0,0.0,0.0,367.1346870262074,152.2478260869567
1009,435.0549406147386,85.0,0.0,0.0,407.3701406147386,231.29782608695672
1010,426.2591784539899,85.0,9.520000000000191,0.0,469.3411784539901,300.0
1011,367.2401,85.0,72.72600000000001,0.0,540.7721,300.0
1012,367.24009999999987,85.0,72.72600000000001,0.0,618.4221,300.0
1013,367.2401003771623,85.0,72.72600000000001,0.0,696.0720999172083,300.0
1014,367.2401,85.0,72.72600000000001,0.0,768.4221,300.0
1015,354.96609962283765,85.0,85.0,0.0,830.5521000827918,286.65869565217395
1016,354.96609962283765,85.0,85.0,0.0,878.2321000827917,273.3173913043479
1017,350.79999999999995,85.0,85.0,0.0,904.036,259.97608695652184
1018,346.91790029945093,85.0,85.0,0.0,910.373900759405,246.63478260869576
1019,343.584277002878,85.0,85.0,0.0,896.820277002878,233.29347826086968
1020,298.97150197563667,85.0,85.0,0.0,875.2019019756367,219.9521739130436
1021,282.4470684628784,85.0,85.0,0.0,830.0552684628784,206.6108695652175
1022,256.472442455329,85.0,85.0,0.0,774.2288424553291,193.26956521739143
1023,224.31880020652738,85.0,85.0,0.0,710.9320002065274,179.92826086956535
1024,187.93951118222492,85.0,85.0,0.0,644.195310722271,166.58695652173927
1025,163.91617928169455,85.0,85.0,0.0,574.6483797416486,153.2456521739132
1026,174.08409517358854,85.0,85.0,0.0,502.24049563354254,139.9043478260871
1027,185.46952619784082,85.0,85.0,0.0,440.3455257378869,126.56304347826102
1028,187.0479537845606,85.0,85.0,0.0,395.4721542445147,113.22173913043494
1029,193.55465566176417,85.0,85.0,0.0,364.07385566176424,99.88043478260886
1030,232.15353238500296,85.0,85.0,0.0,345.380932385003,86.53913043478278
1031,268.1836737076559,85.0,85.0,0.0,347.69187416760997,73.1978260869567
1032,411.52897510457507,85.0,0.0,0.0,364.8543751045751,152.2478260869567
1033,432.88226821453014,85.0,0.0,0.0,407.8470686744842,231.29782608695672
1034,430.4460986312938,85.0,9.520000000000191,0.0,468.42209863129415,300.0
1035,367.24009962283765,85.0,72.72600000000001,0.0,540.7721000827918,300.0
1036,354.96609962283765,85.0,85.0,0.0,618.4221000827918,286.65869565217395
1037,354.9661003771623,85.0,85.0,0.0,696.0720999172083,273.3173913043479
1038,354.9661,85.0,85.0,0.0,768.4221,259.97608695652184
1039,354.96609962283765,85.0,85.0,0.0,830.5521000827916,246.63478260869576
1040,354.9661,85.0,85.0,0.0,878.2321,233.29347826086968
1041,350.8000003735908,85.0,85.0,0.0,904.0359999136368,219.9521739130436
1042,346.91790029945093,85.0,85.0,0.0,910.373900759405,206.6108695652175
1043,324.27152871818043,85.0,85.0,0.0,901.6851287181805,193.26956521739143
1044,302.3135289176653,85.0,85.0,0.0,874.3349289176654,179.92826086956535
1045,278.30986437801994,85.0,85.0,0.0,831.1482639180659,166.58695652173927
1046,258.7771256082673,85.0,85.0,0.0,773.6162051483134,153.2456521739132
1047,231.12499311443133,85.0,85.0,0.0,709.1338926544773,139.9043478260871
1048,188.88185249404455,85.0,85.0,0.0,643.9508529539986,126.56304347826102
1049,170.3537624493057,85.0,85.0,0.0,573.0267619893517,113.22173913043494
1050,163.2417112763756,85.0,85.0,0.0,504.8669117363296,99.88043478260886
1051,180.0444432927875,85.0,85.0,0.0,441.5996428328335,86.53913043478278
1052,209.24994638886227,85.0,85.0,0.0,390.5985459289084,73.1978260869567
1053,188.56429929066144,85.0,85.0,0.0,365.1692997506155,59.85652173913061
1054,236.10281601263483,85.0,85.0,0.0,344.5140164725889,46.51521739130453
1055,294.71969431808554,85.0,85.0,0.0,341.8668938581317,33.17391304347845
1056,320.640322612422,85.0,75.64600000000017,0.0,368.2003230723763,30.0
1057,357.5649045642052,85.0,72.726,0.0,408.4159045642052,30.0
1058,367.2400982541318,85.0,72.726,0.0,468.4220987140858,30.0
1059,367.2401003771623,85.0,72.726,0.0,540.7720999172084,30.0
1060,430.4461003771622,85.0,9.520000000000113,0.0,618.4220999172084,98.70217391304335
1061,439.96609962283765,85.0,0.0,0.0,696.0721000827916,177.75217391304335
1062,439.9661,85.0,0.0,0.0,768.4221,256.80217391304336
1063,354.9661,85.0,85.0,0.0,830.5521,243.4608695652173
1064,354.9661003771623,85.0,85.0,0.0,878.2320999172083,230.11956521739123
1065,350.79999999999984,85.0,85.0,0.0,904.036,216.77826086956514
1066,346.91790029945093,85.0,85.0,0.0,910.373900759405,203.43695652173906
1067,335.9561819933434,85.0,85.0,0.0,898.7417824532974,190.09565217391298
1068,303.67335000657033,85.0,85.0,0.0,873.9821704665243,176.7543478260869
1069,296.65983941854415,85.0,85.0,0.0,826.3004394185442,163.41304347826082
1070,244.97737370732762,85.0,85.0,0.0,777.2844937073277,150.07173913043474
1071,233.4293825167607,85.0,85.0,0.0,708.5251029767147,136.73043478260865
1072,182.08822381739964,85.0,85.0,0.0,645.7132242773537,123.38913043478257
1073,191.88218378857056,85.0,85.0,0.0,567.6037842485246,110.04782608695649
1074,162.89733302016634,85.0,85.0,0.0,504.95033256021236,96.70652173913041
1075,188.3501996378464,85.0,85.0,0.0,439.6796000978004,83.36521739130433
1076,179.54544621241865,85.0,85.0,0.0,397.11904621241877,70.02391304347825
1077,171.79398806534942,85.0,85.0,0.0,368.85058760539545,56.68260869565216
1078,245.2914084009514,85.0,85.0,0.0,342.4970084009515,43.34130434782608
1079,265.11703847860963,85.0,85.0,0.0,348.3650380186557,30.0
1080,304.19864684351995,85.0,72.726,0.0,372.45044684352007,30.0
1081,350.5603001127433,85.0,72.726,0.0,409.95350057269735,30.0
1082,367.2400982541317,85.0,72.726,0.0,468.4220987140858,30.0
1083,367.2401,85.0,72.726,0.0,540.7721,30.0
1084,430.44609962283755,85.0,9.520000000000113,0.0,618.4221000827918,98.70217391304335
1085,439.9661,85.0,0.0,0.0,696.0721,177.75217391304335
1086,439.96609962283765,85.0,0.0,0.0,768.4221000827918,256.80217391304336
1087,354.9661003771623,85.0,85.0,0.0,830.5520999172084,243.4608695652173
1088,354.96609962283776,85.0,85.0,0.0,878.2321000827917,230.11956521739123
1089,350.799999626409,85.0,85.0,0.0,904.0360000863631,216.77826086956514
1090,346.91790103997687,85.0,85.0,0.0,910.3739005800229,203.43695652173906
1091,343.5842773702832,85.0,85.0,0.0,896.8202769103292,190.09565217391298
1092,291.50946768412416,85.0,85.0,0.0,877.1376681440781,176.7543478260869
1093,275.03066555406167,85.0,85.0,0.0,832.0145855540617,163.41304347826082
1094,259.64274404098796,85.0,85.0,0.0,773.386104040988,150.07173913043474
1095,222.44450468156055,85.0,85.0,0.0,711.4271646815605,136.73043478260865
1096,194.21813824489305,85.0,85.0,0.0,642.5665387048471,123.38913043478257
1097,186.4366952737172,85.0,85.0,0.0,568.9754948137632,110.04782608695649
1098,178.21664350467444,85.0,85.0,0.0,501.23944350467445,96.70652173913041
1099,200.13070066025762,85.0,85.0,0.0,436.95630020030364,83.36521739130433
1100,200.51399369356818,85.0,85.0,0.0,392.51619415352224,70.02391304347825
1101,236.21597560996253,85.0,85.0,0.0,354.7091756099626,56.68260869565216
1102,237.5512643915555,85.0,85.0,0.0,344.19606439155547,43.34130434782608
1103,282.5436780069493,85.0,85.0,0.0,344.5396780069493,30.0
1104,342.54857150999413,85.0,72.726,0.0,364.03217105004023,30.0
1105,359.79415696501366,85.0,72.726,0.0,407.92655650505975,30.0
1106,367.24009863129413,85.0,72.726,0.0,468.42209863129415,30.0
1107,367.2401003771623,85.0,72.726,0.0,540.7720999172084,30.0
1108,430.4460999999998,85.0,9.520000000000113,0.0,618.4221,98.70217391304335
1109,439.9661,85.0,0.0,0.0,696.0721,177.75217391304335
1110,439.9661003771623,85.0,0.0,0.0,768.4220999172084,256.80217391304336
1111,354.96609962283765,85.0,85.0,0.0,830.5521000827918,243.4608695652173
1112,354.96609962283765,85.0,85.0,0.0,878.2321000827917,230.11956521739123
1113,350.79999999999995,85.0,85.0,0.0,904.036,216.77826086956514
1114,346.91790029945093,85.0,85.0,0.0,910.373900759405,203.43695652173906
1115,332.031902090745,85.0,85.0,0.0,899.7303025506991,190.09565217391298
1116,295.1692614874926,85.0,85.0,0.0,876.1882614874926,176.7543478260869
1117,280.71140712980423,85.0,85.0,0.0,830.5138075897582,163.41304347826082
1118,274.622091973228,85.0,85.0,0.0,769.404251973228,150.07173913043474
1119,242.40242260990584,85.0,85.0,0.0,706.1545426099059,136.73043478260865
1120,183.78663171698565,85.0,85.0,0.0,645.2726312570317,123.38913043478257
1121,179.4810197341671,85.0,85.0,0.0,570.7276192742131,110.04782608695649
1122,193.03604899392178,85.0,85.0,0.0,497.6496494538758,96.70652173913041
1123,167.55778478480102,85.0,85.0,0.0,444.486185244755,83.36521739130433
1124,223.63258229167627,85.0,85.0,0.0,387.4413818317223,70.02391304347825
1125,214.10451163681142,85.0,85.0,0.0,359.56291163681146,56.68260869565216
1126,251.94521640902872,85.0,85.0,0.0,341.0364164090288,43.34130434782608
1127,278.4699180290398,85.0,85.0,0.0,345.4339180290398,30.0
1128,325.3821990033287,85.0,72.726,0.0,367.8003990033288,30.0
1129,366.57244065975044,85.0,72.726,0.0,406.4386406597505,30.0
1130,367.24009900845635,85.0,72.726,0.0,468.4220985485024,30.0
1131,397.46209999999996,85.0,42.50400000000002,0.0,540.7721,62.84999999999998
1132,439.96609962283765,85.0,0.0,0.0,618.4221000827918,141.89999999999998
1133,439.96609962283765,85.0,0.0,0.0,696.0721000827917,220.95
1134,439.9661,85.0,0.0,0.0,768.4221,300.0
1135,354.96609962283765,85.0,85.0,0.0,830.5521000827918,286.65869565217395
1136,354.9661,85.0,85.0,0.0,878.2321,273.3173913043479
1137,350.79999999999995,85.0,85.0,0.0,904.036,259.97608695652184
1138,346.91790029945093,85.0,85.0,0.0,910.373900759405,246.63478260869576
1139,343.584277002878,85.0,85.0,0.0,896.820277002878,233.29347826086968
1140,279.6863629003236,85.0,85.0,0.0,880.2047629003235,219.9521739130436
1141,272.80814622489606,85.0,85.0,0.0,832.6017462248961,206.6108695652175
1142,267.9522484033994,85.0,85.0,0.0,771.1772484033994,193.26956521739143
1143,214.5925491130767,85.0,85.0,0.0,713.5015491130767,179.92826086956535
1144,187.79706412932762,85.0,85.0,0.0,644.2322636693737,166.58695652173927
1145,164.45631963843505,85.0,85.0,0.0,574.5123191784811,153.2456521739132
1146,163.83048901131986,85.0,85.0,0.0,504.72428855136593,139.9043478260871
1147,190.07636312754516,85.0,85.0,0.0,439.2805626675912,126.56304347826102
1148,198.2055304634914,85.0,85.0,0.0,393.0229300035375,113.22173913043494
1149,237.48336760842363,85.0,85.0,0.0,354.43096760842366,99.88043478260886
1150,252.89576078734495,85.0,85.0,0.0,340.82776032739093,86.53913043478278
1151,244.03533059292783,85.0,85.0,0.0,352.99273013297386,73.1978260869567
1152,355.4468790586539,85.0,0.0,0.0,377.1650785987,152.2478260869567
1153,420.06124083285886,85.0,0.0,0.0,410.66144037290485,231.29782608695672
1154,430.4460986312938,85.0,9.520000000000191,0.0,468.42209863129415,300.0
1155,367.24009962283765,85.0,72.72600000000001,0.0,540.7721000827918,300.0
1156,367.24009999999987,85.0,72.72600000000001,0.0,618.4221,300.0
1157,367.24009962283765,85.0,72.72600000000001,0.0,696.0721000827916,300.0
1158,367.24009999999987,85.0,72.72600000000001,0.0,768.4221,300.0
1159,354.9661,85.0,85.0,0.0,830.5521,286.65869565217395
1160,354.96609962283776,85.0,85.0,0.0,878.2321000827917,273.3173913043479
1161,350.79999999999984,85.0,85.0,0.0,904.036,259.97608695652184
1162,346.91790066971396,85.0,85.0,0.0,910.373900669714,246.63478260869576
1163,343.58427663547275,85.0,85.0,0.0,896.8202770954268,233.29347826086968
1164,279.99317229627945,85.0,85.0,0.0,880.1251718363255,219.9521739130436
1165,278.81200455969224,85.0,85.0,0.0,831.0156050196463,206.6108695652175
1166,258.76622360831675,85.0,85.0,0.0,773.6191031483627,193.26956521739143
1167,248.316769598242,85.0,85.0,0.0,704.592049138288,179.92826086956535
1168,178.15449439473485,85.0,85.0,0.0,646.7336939347808,166.58695652173927
1169,180.80380991020604,85.0,85.0,0.0,570.3944103701601,153.2456521739132
1170,175.6282465292128,85.0,85.0,0.0,501.8664465292128,139.9043478260871
1171,185.31260193856656,85.0,85.0,0.0,440.3818019385666,126.56304347826102
1172,214.43267435384166,85.0,85.0,0.0,389.46087389388777,113.22173913043494
1173,187.55717566904661,85.0,85.0,0.0,365.3903756690467,99.88043478260886
1174,266.90496842718886,85.0,85.0,0.0,337.75256842718886,86.53913043478278
1175,253.28050254279475,85.0,85.0,0.0,350.96330208284076,73.1978260869567
1176,358.7058863289153,85.0,0.0,0.0,376.4496867888694,152.2478260869567
1177,439.96608428966994,85.0,0.0,0.0,406.29208474962405,231.29782608695672
1178,430.4460986312939,85.0,9.520000000000191,0.0,468.42209863129415,300.0
1179,367.2401003771623,85.0,72.72600000000001,0.0,540.7720999172084,300.0
1180,367.2401,85.0,72.72600000000001,0.0,618.4221,300.0
1181,367.2401003771623,85.0,72.72600000000001,0.0,696.0720999172083,300.0
1182,367.24009962283765,85.0,72.72600000000001,0.0,768.4221000827918,300.0
1183,354.9661,85.0,85.0,0.0,830.5521,286.65869565217395
1184,354.9661003771623,85.0,85.0,0.0,878.2320999172083,273.3173913043479
1185,350.79999999999995,85.0,85.0,0.0,904.036,259.97608695652184
1186,346.91790066971396,85.0,85.0,0.0,910.373900669714,246.63478260869576
1187,333.7074373300567,85.0,85.0,0.0,899.3082377900107,233.29347826086968
1188,323.746331573396,85.0,85.0,0.0,868.774931113442,219.9521739130436
1189,271.89119289618066,85.0,85.0,0.0,832.8439933561347,206.6108695652175
1190,237.0494393431901,85.0,85.0,0.0,779.3919193431901,193.26956521739143
1191,227.61655568481632,85.0,85.0,0.0,710.0607761447703,179.92826086956535
1192,200.95698032392522,85.0,85.0,0.0,640.8183798639712,166.58695652173927
1193,179.0841824609122,85.0,85.0,0.0,570.8275820009583,153.2456521739132
1194,151.71057012621822,85.0,85.0,0.0,507.6601696662642,139.9043478260871
1195,186.2653541016441,85.0,85.0,0.0,440.16155410164413,126.56304347826102
1196,171.0018666473115,85.0,85.0,0.0,398.99446618735755,113.22173913043494
1197,231.2595672388186,85.0,85.0,0.0,355.7971676987726,99.88043478260886
1198,262.6841000449027,85.0,85.0,0.0,338.67910050485676,86.53913043478278
1199,317.77038581592814,85.0,85.0,0.0,336.8069858159282,73.1978260869567
1200,401.43510302842685,85.0,0.0,0.0,367.07010302842696,152.2478260869567
1201,393.0725805465832,85.0,0.0,0.0,416.58578008662926,231.29782608695672
1202,430.44609825413147,85.0,9.520000000000191,0.0,468.4220987140858,300.0
1203,364.3200999999998,85.0,75.64600000000021,0.0,540.7721,296.8260869565215
1204,354.9661,85.0,85.0,0.0,618.4221,283.48478260869547
1205,354.9661003771623,85.0,85.0,0.0,696.0720999172083,270.1434782608694
1206,354.9661,85.0,85.0,0.0,768.4221,256.80217391304336
1207,354.96609962283765,85.0,85.0,0.0,830.5521000827918,243.4608695652173
1208,354.9661,85.0,85.0,0.0,878.2321,230.11956521739123
1209,350.7999996264091,85.0,85.0,0.0,904.0360000863631,216.77826086956514
1210,346.91790029945093,85.0,85.0,0.0,910.373900759405,203.43695652173906
1211,343.584277002878,85.0,85.0,0.0,896.820277002878,190.09565217391298
1212,310.5754578169756,85.0,85.0,0.0,872.1916578169755,176.7543478260869
1213,257.51468033964295,85.0,85.0,0.0,836.642080799597,163.41304347826082
1214,263.5947193864746,85.0,85.0,0.0,772.3355789265206,150.07173913043474
1215,238.51192217252571,85.0,85.0,0.0,707.1823621725257,136.73043478260865
1216,183.2387580713986,85.0,85.0,0.0,645.4147580713986,123.38913043478257
1217,154.9983642584562,85.0,85.0,0.0,576.8947642584562,110.04782608695649
1218,211.1437191925217,85.0,85.0,0.0,493.26331919252175,96.70652173913041
1219,153.1656230714322,85.0,85.0,0.0,447.8132230714323,83.36521739130433
1220,182.69129456832394,85.0,85.0,0.0,396.42849410837,70.02391304347825
1221,202.7998276505382,85.0,85.0,0.0,362.04442765053824,56.68260869565216
1222,250.72308840754516,85.0,85.0,0.0,341.3046884075452,43.34130434782608
1223,288.3035219757158,85.0,85.0,0.0,343.2753219757159,30.0
1224,350.9224111960041,85.0,72.726,0.0,362.1940111960042,30.0
1225,367.24008428966994,85.0,72.726,0.0,406.29208474962405,30.0
1226,367.24009863129413,85.0,72.726,0.0,468.42209863129415,30.0
1227,367.2401,85.0,72.726,0.0,540.7721,30.0
1228,430.4460999999999,85.0,9.520000000000113,0.0,618.4221,98.70217391304335
1229,439.9661003771623,85.0,0.0,0.0,696.0720999172083,177.75217391304335
1230,439.96609962283776,85.0,0.0,0.0,768.4221000827918,256.80217391304336
1231,354.9661,85.0,85.0,0.0,830.5521,243.4608695652173
1232,354.9661003771623,85.0,85.0,0.0,878.2320999172083,230.11956521739123
1233,350.79999999999984,85.0,85.0,0.0,904.036,216.77826086956514
1234,346.91790103997687,85.0,85.0,0.0,910.3739005800229,203.43695652173906
1235,339.48362496982577,85.0,85.0,0.0,897.8532249698258,190.09565217391298
1236,300.2973556522767,85.0,85.0,0.0,874.8579551923227,176.7543478260869
1237,272.6476798198755,85.0,85.0,0.0,832.6441393599216,163.41304347826082
1238,260.7874540358098,85.0,85.0,0.0,773.0818140358099,150.07173913043474
1239,214.01399545656392,85.0,85.0,0.0,713.654395456564,136.73043478260865
1240,190.37206818187582,85.0,85.0,0.0,643.5642681818758,123.38913043478257
1241,150.57803833210608,85.0,85.0,0.0,578.0082378721521,110.04782608695649
1242,160.7532952999661,85.0,85.0,0.0,505.4696957599201,96.70652173913041
1243,146.46273138295732,85.0,85.0,0.0,449.36273138295735,83.36521739130433
1244,207.06595764929534,85.0,85.0,0.0,391.07795810924944,70.02391304347825
1245,233.50013561326028,85.0,85.0,0.0,355.3053356132603,56.68260869565216
1246,267.59524405086455,85.0,85.0,0.0,337.60104451081855,43.34130434782608
1247,286.3911183632484,85.0,85.0,0.0,343.69511790329443,30.0
1248,327.0003870155363,85.0,72.726,0.0,367.4451870155364,30.0
1249,367.24008504399455,85.0,72.726,0.0,406.2920845840406,30.0
1250,367.240098631294,85.0,72.726,0.0,468.42209863129415,30.0
1251,367.24009962283765,85.0,72.726,0.0,540.7721000827918,30.0
1252,430.4461003771622,85.0,9.520000000000113,0.0,618.4220999172084,98.70217391304335
1253,439.96609999999987,85.0,0.0,0.0,696.0721,177.75217391304335
1254,439.9661,85.0,0.0,0.0,768.4221,256.80217391304336
1255,354.96609999999987,85.0,85.0,0.0,830.5521,243.4608695652173
1256,354.9661003771623,85.0,85.0,0.0,878.2320999172083,230.11956521739123
1257,350.8000003735908,85.0,85.0,0.0,904.0359999136368,216.77826086956514
1258,346.91790066971396,85.0,85.0,0.0,910.373900669714,203.43695652173906
1259,339.97967158672725,85.0,85.0,0.0,897.7282715867273,190.09565217391298
1260,321.993137112004,85.0,85.0,0.0,869.22973665205,176.7543478260869
1261,285.62365515595604,85.0,85.0,0.0,829.21605561591,163.41304347826082
1262,269.3368020337727,85.0,85.0,0.0,770.8092024937267,150.07173913043474
1263,237.20744778252407,85.0,85.0,0.0,707.5269873225701,136.73043478260865
1264,175.92574515974633,85.0,85.0,0.0,647.3118656197004,123.38913043478257
1265,181.05734556959595,85.0,85.0,0.0,570.330545109642,110.04782608695649
1266,179.4830694926685,85.0,85.0,0.0,500.93266949266854,96.70652173913041
1267,186.02996789952806,85.0,85.0,0.0,440.2159683594821,83.36521739130433
1268,215.76796196765656,85.0,85.0,0.0,389.1677619676567,70.02391304347825
1269,211.08313964048017,85.0,85.0,0.0,360.2261396404802,56.68260869565216
1270,233.66987676400606,85.0,85.0,0.0,345.048076304052,43.34130434782608
1271,263.45358611046765,85.0,85.0,0.0,348.7301861104677,30.0
1272,307.33317924432913,85.0,72.726,0.0,371.76237878437524,30.0
1273,332.8168123016959,85.0,72.726,0.0,413.84841230169593,30.0
1274,367.2400982541317,85.0,72.726,0.0,468.4220987140858,30.0
1275,367.24009962283765,85.0,72.726,0.0,540.7721000827918,30.0
1276,430.4461003771622,85.0,9.520000000000113,0.0,618.4220999172084,98.70217391304335
1277,439.9661,85.0,0.0,0.0,696.0721,177.75217391304335
1278,439.9661,85.0,0.0,0.0,768.4221,256.80217391304336
1279,354.96609962283765,85.0,85.0,0.0,830.5521000827918,243.4608695652173
1280,354.9661,85.0,85.0,0.0,878.2321,230.11956521739123
1281,350.8000003735908,85.0,85.0,0.0,904.0359999136368,216.77826086956514
1282,346.91790103997687,85.0,85.0,0.0,910.3739005800229,203.43695652173906
1283,337.3010202228645,85.0,85.0,0.0,898.4030197629105,190.09565217391298
1284,312.25195002068176,85.0,85.0,0.0,871.7567500206818,176.7543478260869
1285,264.1844219123185,85.0,85.0,0.0,834.8800219123185,163.41304347826082
1286,270.31035099273237,85.0,85.0,0.0,770.5504109927324,150.07173913043474
1287,219.64561491684594,85.0,85.0,0.0,712.166594916846,136.73043478260865
1288,189.378225686064,85.0,85.0,0.0,643.822086146018,123.38913043478257
1289,164.19176145626523,85.0,85.0,0.0,574.5789609963113,110.04782608695649
1290,175.17277716326765,85.0,85.0,0.0,501.97677762322166,96.70652173913041
1291,165.33843306087016,85.0,85.0,0.0,444.9992330608702,83.36521739130433
1292,212.80316961052796,85.0,85.0,0.0,389.81857007048205,70.02391304347825
1293,210.47207564122215,85.0,85.0,0.0,360.3602756412222,56.68260869565216
1294,239.09024039342364,85.0,85.0,0.0,343.8582403934237,43.34130434782608
1295,280.7557500166446,85.0,85.0,0.0,344.9321500166446,30.0
1296,359.1265112578959,85.0,72.726,0.0,360.39311125789595,30.0
1297,343.64622479372855,85.0,72.726,0.0,411.47122433377456,30.0
1298,367.2400982541317,85.0,72.726,0.0,468.4220987140858,30.0
1299,397.46209999999996,85.0,42.50400000000002,0.0,540.7721,62.84999999999998
1300,439.9661003771623,85.0,0.0,0.0,618.4220999172084,141.89999999999998
1301,439.96609962283765,85.0,0.0,0.0,696.0721000827916,220.95
1302,439.9661003771623,85.0,0.0,0.0,768.4220999172084,300.0
1303,354.9661003771623,85.0,85.0,0.0,830.5520999172084,286.65869565217395
1304,354.96609962283765,85.0,85.0,0.0,878.2321000827917,273.3173913043479
1305,350.799999626409,85.0,85.0,0.0,904.0360000863631,259.97608695652184
1306,346.91790066971396,85.0,85.0,0.0,910.373900669714,246.63478260869576
1307,340.02376498674596,85.0,85.0,0.0,897.717164526792,233.29347826086968
1308,295.73904932223263,85.0,85.0,0.0,876.0404497821867,219.9521739130436
1309,261.60822108910384,85.0,85.0,0.0,835.5606206291499,206.6108695652175
1310,253.45476850561602,85.0,85.0,0.0,775.03100896557,193.26956521739143
1311,234.4642294344477,85.0,85.0,0.0,708.2517098944018,179.92826086956535
1312,185.52886838336445,85.0,85.0,0.0,644.8206683833645,166.58695652173927
1313,175.3803675431285,85.0,85.0,0.0,571.7605675431286,153.2456521739132
1314,171.98449493401893,85.0,85.0,0.0,502.7490944740649,139.9043478260871
1315,179.79784861528498,85.0,85.0,0.0,441.656648155331,126.56304347826102
1316,196.57602609734,85.0,85.0,0.0,393.38062609734004,113.22173913043494
1317,247.4301312191834,85.0,85.0,0.0,352.2475316791375,99.88043478260886
1318,250.21386878408924,85.0,85.0,0.0,341.4164683241353,86.53913043478278
1319,250.49676618072755,85.0,85.0,0.0,351.5743661807277,73.1978260869567
1320,384.09899127480554,85.0,0.0,0.0,370.8755908148516,152.2478260869567
1321,439.96608466683233,85.0,0.0,0.0,406.29208466683235,231.29782608695672
1322,430.4460986312939,85.0,9.520000000000191,0.0,468.42209863129415,300.0
1323,367.24009962283765,85.0,72.72600000000001,0.0,540.7721000827918,300.0
1324,367.24009999999987,85.0,72.72600000000001,0.0,618.4221,300.0
1325,367.24009962283765,85.0,72.72600000000001,0.0,696.0721000827917,300.0
1326,367.24009962283765,85.0,72.72600000000001,0.0,768.4221000827918,300.0
1327,354.9661003771623,85.0,85.0,0.0,830.5520999172084,286.65869565217395
1328,354.9661003771623,85.0,85.0,0.0,878.2320999172083,273.3173913043479
1329,350.79999999999995,85.0,85.0,0.0,904.036,259.97608695652184
1330,346.91790029945093,85.0,85.0,0.0,910.373900759405,246.63478260869576
1331,343.584277002878,85.0,85.0,0.0,896.820277002878,233.29347826086968
1332,289.2949642952907,85.0,85.0,0.0,877.7121442952906,219.9521739130436
1333,287.3538584356678,85.0,85.0,0.0,828.7589584356678,206.6108695652175
1334,250.80558251759976,85.0,85.0,0.0,775.7352229775538,193.26956521739143
1335,232.42946786826673,85.0,85.0,0.0,708.7892674083128,179.92826086956535
1336,182.26354326711953,85.0,85.0,0.0,645.6677437270736,166.58695652173927
1337,176.8023681396968,85.0,85.0,0.0,571.4023676797428,153.2456521739132
1338,181.79374110050014,85.0,85.0,0.0,500.37294156045414,139.9043478260871
1339,194.19001032865373,85.0,85.0,0.0,438.32961032865376,126.56304347826102
1340,190.88407813580153,85.0,85.0,0.0,394.63007813580157,113.22173913043494
1341,230.16191561731364,85.0,85.0,0.0,356.03811561731374,99.88043478260886
1342,233.8509323870635,85.0,85.0,0.0,345.00833238706355,86.53913043478278
1343,271.7821624424672,85.0,85.0,0.0,346.9019619825133,73.1978260869567
1344,399.4887510137436,85.0,0.0,0.0,367.4973510137437,152.2478260869567
1345,428.9556169272037,85.0,0.0,0.0,408.7090164672498,231.29782608695672
1346,430.4460986312939,85.0,9.520000000000191,0.0,468.42209863129415,300.0
1347,367.24009999999987,85.0,72.72600000000001,0.0,540.7721,300.0
1348,367.2401003771623,85.0,72.72600000000001,0.0,618.4220999172084,300.0
1349,367.2401003771623,85.0,72.72600000000001,0.0,696.0720999172083,300.0
1350,367.24009962283765,85.0,72.72600000000001,0.0,768.4221000827918,300.0
1351,354.96609962283765,85.0,85.0,0.0,830.5521000827918,286.65869565217395
1352,354.96609999999987,85.0,85.0,0.0,878.2321,273.3173913043479
1353,350.799999626409,85.0,85.0,0.0,904.0360000863631,259.97608695652184
1354,346.91790103997687,85.0,85.0,0.0,910.3739005800229,246.63478260869576
1355,321.460597889072,85.0,85.0,0.0,902.3931978890721,233.29347826086968
1356,318.70589713168135,85.0,85.0,0.0,870.0824971316814,219.9521739130436
1357,291.30003101667637,85.0,85.0,0.0,827.7164310166764,206.6108695652175
1358,261.6072844321012,85.0,85.0,0.0,772.8638844321013,193.26956521739143
1359,230.59665354886118,85.0,85.0,0.0,709.2734730889072,179.92826086956535
1360,179.55924112040293,85.0,85.0,0.0,646.369281120403,166.58695652173927
1361,164.8090635139231,85.0,85.0,0.0,574.4234635139231,153.2456521739132
1362,189.14789977130778,85.0,85.0,0.0,498.5914993113538,139.9043478260871
1363,179.5736708885555,85.0,85.0,0.0,441.70847134850953,126.56304347826102
1364,208.25413839559116,85.0,85.0,0.0,390.8171379356372,113.22173913043494
1365,226.26921162204042,85.0,85.0,0.0,356.8926116220405,99.88043478260886
1366,224.84339599896668,85.0,85.0,0.0,346.98559645892067,86.53913043478278
1367,222.8744107076755,85.0,85.0,0.0,357.6378102477215,73.1978260869567
1368,416.48538314196617,85.0,0.0,0.0,363.76638314196634,152.2478260869567
1369,426.9526845287959,85.0,0.0,0.0,409.1486845287959,231.29782608695672
1370,430.44609825413147,85.0,9.520000000000191,0.0,468.4220987140858,300.0
1371,367.24009962283765,85.0,72.72600000000001,0.0,540.7721000827917,300.0
1372,364.3200999999998,85.0,75.64600000000021,0.0,618.4221,296.8260869565215
1373,354.96609999999987,85.0,85.0,0.0,696.0721,283.48478260869547
1374,354.96609962283765,85.0,85.0,0.0,768.4221000827918,270.1434782608694
1375,354.96609962283765,85.0,85.0,0.0,830.5521000827918,256.80217391304336
1376,354.9661003771623,85.0,85.0,0.0,878.2320999172083,243.4608695652173
1377,350.8000003735908,85.0,85.0,0.0,904.0359999136368,230.11956521739123
1378,346.91790029945093,85.0,85.0,0.0,910.373900759405,216.77826086956514
1379,329.66190158777124,85.0,85.0,0.0,900.3273020477253,203.43695652173906
1380,312.81078112046293,85.0,85.0,0.0,871.6117806605089,190.09565217391298
1381,271.4218006708488,85.0,85.0,0.0,832.9680006708488,176.7543478260869
1382,277.7095379958981,85.0,85.0,0.0,768.5835384558521,163.41304347826082
1383,221.85176008630305,85.0,85.0,0.0,711.5837600863031,150.07173913043474
1384,195.8617580860169,85.0,85.0,0.0,642.140158545971,136.73043478260865
1385,169.58213441797682,85.0,85.0,0.0,573.2211339580228,123.38913043478257
1386,162.7306980217461,85.0,85.0,0.0,504.9906975617921,110.04782608695649
1387,173.62177245515613,85.0,85.0,0.0,443.0843724551562,96.70652173913041
1388,182.46497419269093,85.0,85.0,0.0,396.478174192691,83.36521739130433
1389,228.43056761941597,85.0,85.0,0.0,356.41816761941607,70.02391304347825
1390,235.74070438935752,85.0,85.0,0.0,344.5935043893576,56.68260869565216
1391,282.0005103870569,85.0,85.0,0.0,344.658909927103,43.34130434782608
1392,307.337038959791,85.0,85.0,0.0,369.06723895979115,30.0
1393,353.11771651703276,85.0,72.726,0.0,409.3921165170328,30.0
1394,367.24009863129413,85.0,72.726,0.0,468.42209863129415,30.0
1395,367.2401003771623,85.0,72.726,0.0,540.7720999172084,30.0
1396,430.4460999999999,85.0,9.520000000000113,0.0,618.4221,98.70217391304335
1397,439.96609962283765,85.0,0.0,0.0,696.0721000827917,177.75217391304335
1398,439.96609962283765,85.0,0.0,0.0,768.4221000827918,256.80217391304336
1399,354.9661003771623,85.0,85.0,0.0,830.5520999172084,243.4608695652173
1400,354.96609962283776,85.0,85.0,0.0,878.2321000827917,230.11956521739123
1401,350.79999999999984,85.0,85.0,0.0,904.036,216.77826086956514
1402,346.91790066971384,85.0,85.0,0.0,910.373900669714,203.43695652173906
1403,335.49320551830726,85.0,85.0,0.0,898.8584055183072,190.09565217391298
1404,298.0510748834058,85.0,85.0,0.0,875.4406748834058,176.7543478260869
1405,271.52332046338927,85.0,85.0,0.0,832.9411804633893,163.41304347826082
1406,258.58633988240297,85.0,85.0,0.0,773.666920342357,150.07173913043474
1407,240.1875449189011,85.0,85.0,0.0,706.7396844589472,136.73043478260865
1408,192.27866719757935,85.0,85.0,0.0,643.0696671975794,123.38913043478257
1409,177.11101898482315,85.0,85.0,0.0,571.3246189848232,110.04782608695649
1410,142.645625841892,85.0,85.0,0.0,509.856025841892,96.70652173913041
1411,178.50883098288597,85.0,85.0,0.0,441.954630522932,83.36521739130433
1412,193.0793824981297,85.0,85.0,0.0,394.1481820381758,70.02391304347825
1413,219.5814556301611,85.0,85.0,0.0,358.3606556301611,56.68260869565216
1414,260.42090079647994,85.0,85.0,0.0,339.17590033652596,43.34130434782608
1415,289.0616943487668,85.0,85.0,0.0,343.1088938888129,30.0
1416,322.632410605422,85.0,72.726,0.0,368.4040110653761,30.0
1417,367.2400846668322,85.0,72.726,0.0,406.29208466683235,30.0
1418,367.240098631294,85.0,72.726,0.0,468.42209863129415,30.0
1419,367.24009999999987,85.0,72.726,0.0,540.7721,30.0
1420,430.4461003771622,85.0,9.520000000000113,0.0,618.4220999172084,98.70217391304335
1421,439.96609962283765,85.0,0.0,0.0,696.0721000827917,177.75217391304335
1422,439.9661,85.0,0.0,0.0,768.4221,256.80217391304336
1423,354.9661003771623,85.0,85.0,0.0,830.5520999172084,243.4608695652173
1424,354.9661,85.0,85.0,0.0,878.2321,230.11956521739123
1425,350.8000003735908,85.0,85.0,0.0,904.0359999136368,216.77826086956514
1426,346.91790029945093,85.0,85.0,0.0,910.373900759405,203.43695652173906
1427,318.6606899507118,85.0,85.0,0.0,903.0984904106658,190.09565217391298
1428,291.3604465201182,85.0,85.0,0.0,877.1763265201182,176.7543478260869
1429,278.8425700223555,85.0,85.0,0.0,831.0075300223555,163.41304347826082
1430,260.68715563626347,85.0,85.0,0.0,773.1084756362635,150.07173913043474
1431,234.96200426501707,85.0,85.0,0.0,708.120204265017,136.73043478260865
1432,216.28647470880617,85.0,85.0,0.0,636.8416742488522,123.38913043478257
1433,185.68711375756914,85.0,85.0,0.0,569.1643132976152,110.04782608695649
1434,167.00766224067394,85.0,85.0,0.0,503.954662700628,96.70652173913041
1435,203.90808239204483,85.0,85.0,0.0,436.08308239204484,83.36521739130433
1436,208.8312536373669,85.0,85.0,0.0,390.690454097321,70.02391304347825
1437,220.88279600574316,85.0,85.0,0.0,358.07499554578925,56.68260869565216
1438,230.45613238294243,85.0,85.0,0.0,345.75353238294247,43.34130434782608
1439,280.4841663952795,85.0,85.0,0.0,344.9917659353256,30.0
1440,321.6705505981658,85.0,72.726,0.0,368.61515105811986,30.0
1441,356.4672529297244,85.0,72.726,0.0,408.65685246977046,30.0
1442,364.95426653449556,85.0,72.726,0.0,468.9238665344957,30.0
1443,367.24009962283765,85.0,72.726,0.0,540.7721000827918,30.0
1444,430.4461003771622,85.0,9.520000000000113,0.0,618.4220999172084,98.70217391304335
1445,439.9661,85.0,0.0,0.0,696.0721,177.75217391304335
1446,439.96609962283765,85.0,0.0,0.0,768.4221000827918,256.80217391304336
1447,354.9661,85.0,85.0,0.0,830.5521,243.4608695652173
1448,354.9661,85.0,85.0,0.0,878.2321,230.11956521739123
1449,350.8000003735908,85.0,85.0,0.0,904.0359999136368,216.77826086956514
1450,346.91790066971396,85.0,85.0,0.0,910.373900669714,203.43695652173906
1451,343.58427663547286,85.0,85.0,0.0,896.8202770954268,190.09565217391298
1452,311.145246016928,85.0,85.0,0.0,872.043846016928,176.7543478260869
1453,280.8424011381693,85.0,85.0,0.0,830.4792006782153,163.41304347826082
1454,261.55168386898913,85.0,85.0,0.0,772.8786643289432,150.07173913043474
1455,227.8752681419058,85.0,85.0,0.0,709.9924276819518,136.73043478260865
1456,188.8489804624345,85.0,85.0,0.0,643.9593804624345,123.38913043478257
1457,178.72041422561819,85.0,85.0,0.0,570.9192146855722,110.04782608695649
1458,166.82991898288498,85.0,85.0,0.0,503.997718522931,96.70652173913041
1459,186.90425849335486,85.0,85.0,0.0,440.01385849335486,83.36521739130433
1460,165.0496499332071,85.0,85.0,0.0,400.3010503931612,70.02391304347825
1461,220.11330800667753,85.0,85.0,0.0,358.24390754672356,56.68260869565216
1462,237.1325720138849,85.0,85.0,0.0,344.2879724738389,43.34130434782608
1463,282.7926300055993,85.0,85.0,0.0,344.48503000559936,30.0
1464,354.66800760142326,85.0,72.726,0.0,361.3718071414693,30.0
1465,367.24008466683233,85.0,72.726,0.0,406.29208466683235,30.0
1466,367.2400982541317,85.0,72.726,0.0,468.4220987140858,30.0
1467,397.46209999999996,85.0,42.50400000000002,0.0,540.7721,62.84999999999998
1468,439.96609999999987,85.0,0.0,0.0,618.4221,141.89999999999998
1469,439.96609962283765,85.0,0.0,0.0,696.0721000827917,220.95
1470,439.96609962283765,85.0,0.0,0.0,768.4221000827918,300.0
1471,354.96609999999987,85.0,85.0,0.0,830.5521,286.65869565217395
1472,354.9661003771623,85.0,85.0,0.0,878.2320999172083,273.3173913043479
1473,350.8000003735908,85.0,85.0,0.0,904.0359999136368,259.97608695652184
1474,346.91790103997687,85.0,85.0,0.0,910.3739005800229,246.63478260869576
1475,331.9657629092301,85.0,85.0,0.0,899.7469629092301,233.29347826086968
1476,292.85723629153176,85.0,85.0,0.0,876.7880362915316,219.9521739130436
1477,286.0493836820564,85.0,85.0,0.0,829.1035836820564,206.6108695652175
1478,249.28911468782314,85.0,85.0,0.0,776.1383346878232,193.26956521739143
1479,226.61554942564965,85.0,85.0,0.0,710.3252289656957,179.92826086956535
1480,201.50485323908748,85.0,85.0,0.0,640.6762532390875,166.58695652173927
1481,167.6751108548355,85.0,85.0,0.0,573.7015103948816,153.2456521739132
1482,165.6079282539436,85.0,85.0,0.0,504.2937287138976,139.9043478260871
1483,155.85574682600418,85.0,85.0,0.0,447.1913468260042,126.56304347826102
1484,216.74113796108065,85.0,85.0,0.0,388.9541379610808,113.22173913043494
1485,231.0558796162282,85.0,85.0,0.0,355.84187961622825,99.88043478260886
1486,254.8534280353968,85.0,85.0,0.0,340.3980284953509,86.53913043478278
1487,280.6991703941136,85.0,85.0,0.0,344.9445699341597,73.1978260869567
1488,394.91708735641726,85.0,0.0,0.0,368.5008868964633,152.2478260869567
1489,439.9660846668322,85.0,0.0,0.0,406.29208466683235,231.29782608695672
1490,430.44609900845614,85.0,9.520000000000191,0.0,468.4220985485024,300.0
1491,367.2401003771623,85.0,72.72600000000001,0.0,540.7720999172084,300.0
1492,367.2401003771623,85.0,72.72600000000001,0.0,618.4220999172084,300.0
1493,367.2401003771623,85.0,72.72600000000001,0.0,696.0720999172083,300.0
1494,367.24009962283765,85.0,72.72600000000001,0.0,768.4221000827918,300.0
1495,354.9661003771623,85.0,85.0,0.0,830.5520999172084,286.65869565217395
1496,354.96609962283765,85.0,85.0,0.0,878.2321000827917,273.3173913043479
1497,350.799999626409,85.0,85.0,0.0,904.0360000863631,259.97608695652184
1498,346.91790029945093,85.0,85.0,0.0,910.373900759405,246.63478260869576
1499,330.52171609113907,85.0,85.0,0.0,900.1107160911391,233.29347826086968
1500,282.6558360193063,85.0,85.0,0.0,879.4344360193064,219.9521739130436
1501,285.35293570918157,85.0,85.0,0.0,829.2875761691355,206.6108695652175
1502,246.67154486302752,85.0,85.0,0.0,776.8341444030737,193.26956521739143
1503,218.40882002471574,85.0,85.0,0.0,712.4933400247157,179.92826086956535
1504,182.14301114543719,85.0,85.0,0.0,645.6990116053912,166.58695652173927
1505,147.06161842595412,85.0,85.0,0.0,578.8940188859082,153.2456521739132
1506,195.26895834301644,85.0,85.0,0.0,497.10875834301646,139.9043478260871
1507,179.62971550703338,85.0,85.0,0.0,441.6955155070334,126.56304347826102
1508,214.25161760074053,85.0,85.0,0.0,389.5006180606946,113.22173913043494
1509,196.66655565798555,85.0,85.0,0.0,363.39075565798555,99.88043478260886
1510,224.62839237586797,85.0,85.0,0.0,347.032792375868,86.53913043478278
1511,265.9431064741302,85.0,85.0,0.0,348.18370601417627,73.1978260869567
1512,403.1551346642405,85.0,0.0,0.0,366.6925351241946,152.2478260869567
1513,439.96608466683233,85.0,0.0,0.0,406.29208466683235,231.29782608695672
1514,430.4460986312939,85.0,9.520000000000191,0.0,468.42209863129415,300.0
1515,367.2401,85.0,72.72600000000001,0.0,540.7721,300.0
1516,367.24009962283765,85.0,72.72600000000001,0.0,618.4221000827918,300.0
1517,367.2401003771623,85.0,72.72600000000001,0.0,696.0720999172083,300.0
1518,367.2401003771623,85.0,72.72600000000001,0.0,768.4220999172084,300.0
1519,354.96609962283765,85.0,85.0,0.0,830.5521000827918,286.65869565217395
1520,354.9661003771623,85.0,85.0,0.0,878.2320999172083,273.3173913043479
1521,350.8000003735908,85.0,85.0,0.0,904.0359999136368,259.97608695652184
1522,346.91790103997687,85.0,85.0,0.0,910.3739005800229,246.63478260869576
1523,326.35492414176144,85.0,85.0,0.0,901.1603246017155,233.29347826086968
1524,294.2050041685146,85.0,85.0,0.0,876.4384046284686,219.9521739130436
1525,284.7394505112486,85.0,85.0,0.0,829.4496509712027,206.6108695652175
1526,266.96343700787236,85.0,85.0,0.0,771.4400970078724,193.26956521739143
1527,227.85343556461868,85.0,85.0,0.0,709.9981955646186,179.92826086956535
1528,188.37780907609994,85.0,85.0,0.0,644.081609536054,166.58695652173927
1529,169.1852967773168,85.0,85.0,0.0,573.3210967773168,153.2456521739132
1530,128.79270297321938,85.0,85.0,0.0,513.2117029732194,139.9043478260871
1531,156.6964108728988,85.0,85.0,0.0,446.99701041294486,126.56304347826102
1532,177.06724185200204,85.0,85.0,0.0,397.66304231195613,113.22173913043494
1533,225.54498762291985,85.0,85.0,0.0,357.0515876229199,99.88043478260886
1534,262.9896324224359,85.0,85.0,0.0,338.61203242243596,86.53913043478278
1535,276.6819904158973,85.0,85.0,0.0,345.82638995594334,73.1978260869567
1536,385.66059853226176,85.0,0.0,0.0,370.5327989922158,152.2478260869567
1537,430.6643329453285,85.0,0.0,0.0,408.3339324853746,231.29782608695672
1538,430.44609825413147,85.0,9.520000000000191,0.0,468.4220987140858,300.0
1539,367.24009962283765,85.0,72.72600000000001,0.0,540.7721000827918,300.0
1540,367.2401003771623,85.0,72.72600000000001,0.0,618.4220999172084,300.0
1541,364.3200999999998,85.0,75.64600000000021,0.0,696.0721,296.8260869565215
1542,354.9661,85.0,85.0,0.0,768.4221,283.48478260869547
1543,354.96609962283765,85.0,85.0,0.0,830.5521000827918,270.1434782608694
1544,354.9661,85.0,85.0,0.0,878.2321,256.80217391304336
1545,350.8000003735908,85.0,85.0,0.0,904.0359999136368,243.4608695652173
1546,346.91790103997687,85.0,85.0,0.0,910.3739005800229,230.11956521739123
1547,295.28036014223255,85.0,85.0,0.0,908.9879596822785,216.77826086956514
1548,308.8113062554121,85.0,85.0,0.0,872.6493057954581,203.43695652173906
1549,267.5684146331671,85.0,85.0,0.0,833.9860150931211,190.09565217391298
1550,259.47376304175236,85.0,85.0,0.0,773.4310230417524,176.7543478260869
1551,229.24742239361257,85.0,85.0,0.0,709.6299223936126,163.41304347826082
1552,194.9851612026298,85.0,85.0,0.0,642.3675612026299,150.07173913043474
1553,155.0534801790031,85.0,85.0,0.0,576.8808806389571,136.73043478260865
1554,181.59377984292172,85.0,85.0,0.0,500.42137938296776,123.38913043478257
1555,184.2365520631468,85.0,85.0,0.0,440.63055252310085,110.04782608695649
1556,212.83711836462317,85.0,85.0,0.0,389.81111790466923,96.70652173913041
1557,216.8995640105798,85.0,85.0,0.0,358.9493635506259,83.36521739130433
1558,256.3810884144136,85.0,85.0,0.0,340.0626884144136,70.02391304347825
1559,271.25030969102664,85.0,85.0,0.0,347.0187101509807,56.68260869565216
1560,315.1450793958572,85.0,85.0,0.0,367.3532789359033,43.34130434782608
1561,316.5369478820423,85.0,85.0,0.0,414.7277483419964,30.0
1562,367.2400982541317,85.0,72.726,0.0,468.4220987140858,30.0
1563,367.24009962283765,85.0,72.726,0.0,540.7721000827917,30.0
1564,430.4461003771622,85.0,9.520000000000113,0.0,618.4220999172084,98.70217391304335
1565,439.9661003771623,85.0,0.0,0.0,696.0720999172083,177.75217391304335
1566,439.9661003771623,85.0,0.0,0.0,768.4220999172084,256.80217391304336
1567,354.9661003771623,85.0,85.0,0.0,830.5520999172084,243.4608695652173
1568,354.9661,85.0,85.0,0.0,878.2321,230.11956521739123
1569,350.799999626409,85.0,85.0,0.0,904.0360000863631,216.77826086956514
1570,346.91790066971384,85.0,85.0,0.0,910.373900669714,203.43695652173906
1571,343.584277002878,85.0,85.0,0.0,896.820277002878,190.09565217391298
1572,288.20031313824666,85.0,85.0,0.0,877.9961135982006,176.7543478260869
1573,295.2298294375978,85.0,85.0,0.0,826.6782294375978,163.41304347826082
1574,255.18600682451188,85.0,85.0,0.0,774.5708063645579,150.07173913043474
1575,228.18310235159748,85.0,85.0,0.0,709.9111018916435,136.73043478260865
1576,194.28388376896277,85.0,85.0,0.0,642.5494833090088,123.38913043478257
1577,162.94613298114342,85.0,85.0,0.0,574.8927329811435,110.04782608695649
1578,184.2932660768043,85.0,85.0,0.0,499.7674665367583,96.70652173913041
1579,193.29330241046318,85.0,85.0,0.0,438.5369024104632,83.36521739130433
1580,179.79439858789874,85.0,85.0,0.0,397.06439812794486,70.02391304347825
1581,194.9465236600741,85.0,85.0,0.0,363.76832366007415,56.68260869565216
1582,217.0693043666917,85.0,85.0,0.0,348.69210436669175,43.34130434782608
1583,279.6580976454344,85.0,85.0,0.0,345.1730981053885,30.0
1584,339.3687747316812,85.0,72.726,0.0,364.7301751916353,30.0
1585,367.24008428966994,85.0,72.726,0.0,406.29208474962405,30.0
1586,367.24009863129413,85.0,72.726,0.0,468.42209863129415,30.0
1587,367.2401003771623,85.0,72.726,0.0,540.7720999172084,30.0
1588,430.4461003771622,85.0,9.520000000000113,0.0,618.4220999172084,98.70217391304335
1589,439.9661003771623,85.0,0.0,0.0,696.0720999172083,177.75217391304335
1590,439.9661003771623,85.0,0.0,0.0,768.4220999172084,256.80217391304336
1591,354.96609999999987,85.0,85.0,0.0,830.5521,243.4608695652173
1592,354.9661003771623,85.0,85.0,0.0,878.2320999172083,230.11956521739123
1593,350.799999626409,85.0,85.0,0.0,904.0360000863631,216.77826086956514
1594,346.91790066971384,85.0,85.0,0.0,910.373900669714,203.43695652173906
1595,311.83729352118337,85.0,85.0,0.0,904.8172935211834,190.09565217391298
1596,323.94356558509025,85.0,85.0,0.0,868.7237655850903,176.7543478260869
1597,293.08808893436174,85.0,85.0,0.0,827.2440493943158,163.41304347826082
1598,263.5838173865239,85.0,85.0,0.0,772.3384769265699,150.07173913043474
1599,224.94101865378053,85.0,85.0,0.0,710.7676181938266,136.73043478260865
1600,186.3430080780011,85.0,85.0,0.0,644.6094680780011,123.38913043478257
1601,183.9674848386544,85.0,85.0,0.0,569.5974852986085,110.04782608695649
1602,195.97993433627624,85.0,85.0,0.0,496.9365343362763,96.70652173913041
1603,183.56402149809475,85.0,85.0,0.0,440.7860214980948,83.36521739130433
1604,187.53454253559727,85.0,85.0,0.0,395.3653420756433,70.02391304347825
1605,215.7340160119951,85.0,85.0,0.0,359.2052155520411,56.68260869565216
1606,245.2461447780588,85.0,85.0,0.0,342.50694431810484,43.34130434782608
1607,287.4887703572962,85.0,85.0,0.0,343.45416989734224,30.0
1608,325.07666737818613,85.0,72.726,0.0,367.86746691823214,30.0
1609,350.31134848726487,85.0,72.726,0.0,410.0081484872649,30.0
1610,367.24009900845635,85.0,72.726,0.0,468.4220985485024,30.0
1611,367.24009962283765,85.0,72.726,0.0,540.7721000827918,30.0
1612,430.4460999999998,85.0,9.520000000000113,0.0,618.4221,98.70217391304335
1613,439.96609999999987,85.0,0.0,0.0,696.0721,177.75217391304335
1614,439.9661,85.0,0.0,0.0,768.4221,256.80217391304336
1615,354.9661003771623,85.0,85.0,0.0,830.5520999172084,243.4608695652173
1616,354.9661003771623,85.0,85.0,0.0,878.2320999172083,230.11956521739123
1617,350.8000003735908,85.0,85.0,0.0,904.0359999136368,216.77826086956514
1618,346.91790029945093,85.0,85.0,0.0,910.373900759405,203.43695652173906
1619,343.584277002878,85.0,85.0,0.0,896.820277002878,190.09565217391298
1620,310.8296706486652,85.0,85.0,0.0,872.1257111086192,176.7543478260869
1621,275.6943652067622,85.0,85.0,0.0,831.8392447468083,163.41304347826082
1622,251.31034547868012,85.0,85.0,0.0,775.6010454786801,150.07173913043474
1623,207.79181425853614,85.0,85.0,0.0,715.2982147184902,136.73043478260865
1624,202.08669429763302,85.0,85.0,0.0,640.525314757587,123.38913043478257
1625,182.3250198250882,85.0,85.0,0.0,570.0112198250882,110.04782608695649
1626,174.8617251662165,85.0,85.0,0.0,502.05212562617055,96.70652173913041
1627,175.90837727295127,85.0,85.0,0.0,442.5557777329053,83.36521739130433
1628,207.72228639918495,85.0,85.0,0.0,390.93388593923106,70.02391304347825
1629,199.9595120311493,85.0,85.0,0.0,362.66791157119536,56.68260869565216
1630,259.6627284183973,85.0,85.0,0.0,339.3423284183973,43.34130434782608
1631,257.8069017639252,85.0,85.0,0.0,349.96970222387927,30.0
1632,334.10683506914745,85.0,72.726,0.0,365.8852350691475,30.0
1633,345.0380920541678,85.0,72.726,0.0,411.1656925141219,30.0
1634,367.2400982541317,85.0,72.726,0.0,468.4220987140858,30.0
1635,397.4620996228376,85.0,42.50400000000002,0.0,540.7721000827918,62.84999999999998
1636,439.96609962283765,85.0,0.0,0.0,618.4221000827918,141.89999999999998
1637,439.96609999999987,85.0,0.0,0.0,696.0721,220.95
1638,439.9661,85.0,0.0,0.0,768.4221,300.0
1639,354.96609962283765,85.0,85.0,0.0,830.5521000827918,286.65869565217395
1640,354.96609962283765,85.0,85.0,0.0,878.2321000827917,273.3173913043479
1641,350.799999626409,85.0,85.0,0.0,904.0360000863631,259.97608695652184
1642,346.91790103997687,85.0,85.0,0.0,910.3739005800229,246.63478260869576
1643,343.5842773702832,85.0,85.0,0.0,896.8202769103292,233.29347826086968
1644,302.5765084520864,85.0,85.0,0.0,874.2667079921324,219.9521739130436
1645,291.9189739041376,85.0,85.0,0.0,827.5529143640917,206.6108695652175
1646,253.9824253032291,85.0,85.0,0.0,774.8907457631831,193.26956521739143
1647,235.54383238971405,85.0,85.0,0.0,707.966492849668,179.92826086956535
1648,200.4748518371955,85.0,85.0,0.0,640.9434513772416,166.58695652173927
1649,206.32265196682096,85.0,85.0,0.0,563.9662515068669,153.2456521739132
1650,169.7738032144506,85.0,85.0,0.0,503.2846036744046,139.9043478260871
1651,203.93050008999955,85.0,85.0,0.0,436.0779000899996,126.56304347826102
1652,239.66735380616416,85.0,85.0,0.0,383.9215538061642,113.22173913043494
1653,219.16276363066947,85.0,85.0,0.0,358.4525636306695,99.88043478260886
1654,224.9112923762114,85.0,85.0,0.0,346.97069237621145,86.53913043478278
1655,280.54074601781036,85.0,85.0,0.0,344.9793460178105,73.1978260869567
1656,359.5093227121388,85.0,0.0,0.0,376.2733227121388,152.2478260869567
1657,433.7083369776171,85.0,0.0,0.0,407.6657365176631,231.29782608695672
1658,430.4460986312939,85.0,9.520000000000191,0.0,468.42209863129415,300.0
1659,367.2401,85.0,72.72600000000001,0.0,540.7721,300.0
1660,367.2401,85.0,72.72600000000001,0.0,618.4221,300.0
1661,367.2401,85.0,72.72600000000001,0.0,696.0721,300.0
1662,367.2401,85.0,72.72600000000001,0.0,768.4221,300.0
1663,354.96609962283765,85.0,85.0,0.0,830.5521000827918,286.65869565217395
1664,354.96609962283765,85.0,85.0,0.0,878.2321000827917,273.3173913043479
1665,350.799999626409,85.0,85.0,0.0,904.0360000863631,259.97608695652184
1666,346.91790103997687,85.0,85.0,0.0,910.3739005800229,246.63478260869576
1667,343.5842773702832,85.0,85.0,0.0,896.8202769103292,233.29347826086968
1668,313.42439845152546,85.0,85.0,0.0,871.4525989114794,219.9521739130436
1669,279.3818260583935,85.0,85.0,0.0,830.8650655984395,206.6108695652175
1670,256.3863166557186,85.0,85.0,0.0,774.2517366557187,193.26956521739143
1671,226.5675178283846,85.0,85.0,0.0,710.3379182883386,179.92826086956535
1672,194.90845894337735,85.0,85.0,0.0,642.3874589433774,166.58695652173927
1673,152.59529447115142,85.0,85.0,0.0,577.5000940111975,153.2456521739132
1674,168.47405059703544,85.0,85.0,0.0,503.59945059703546,139.9043478260871
1675,181.1765370395031,85.0,85.0,0.0,441.33793657954914,126.56304347826102
1676,204.5651220433562,85.0,85.0,0.0,391.62692204335633,113.22173913043494
1677,211.75078326250718,85.0,85.0,0.0,360.0795837224613,99.88043478260886
1678,257.53532041581474,85.0,85.0,0.0,339.8093204158148,86.53913043478278
1679,288.64300197387496,85.0,85.0,0.0,343.200801973875,73.1978260869567
1680,398.2892546275323,85.0,0.0,0.0,367.7606550874864,152.2478260869567
1681,419.60860007373304,85.0,0.0,0.0,410.760800533687,231.29782608695672
1682,430.4460982541316,85.0,9.520000000000191,0.0,468.4220987140858,300.0
1683,367.24009962283765,85.0,72.72600000000001,0.0,540.7721000827918,300.0
1684,367.2401,85.0,72.72600000000001,0.0,618.4221,300.0
1685,367.2401003771623,85.0,72.72600000000001,0.0,696.0720999172083,300.0
1686,367.24009962283765,85.0,72.72600000000001,0.0,768.4221000827918,300.0
1687,354.96609962283765,85.0,85.0,0.0,830.5521000827918,286.65869565217395
1688,354.96609962283765,85.0,85.0,0.0,878.2321000827917,273.3173913043479
1689,350.8000003735908,85.0,85.0,0.0,904.0359999136368,259.97608695652184
1690,346.91790066971396,85.0,85.0,0.0,910.373900669714,246.63478260869576
1691,343.2976726582957,85.0,85.0,0.0,896.8924721983417,233.29347826086968
1692,301.43693205218165,85.0,85.0,0.0,874.5623315922276,219.9521739130436
1693,285.8812756384948,85.0,85.0,0.0,829.1479956384948,206.6108695652175
1694,264.32515338317046,85.0,85.0,0.0,772.1414129232165,193.26956521739143
1695,213.4605484816887,85.0,85.0,0.0,713.8006089416427,179.92826086956535
1696,202.56772776822658,85.0,85.0,0.0,640.4005273082726,166.58695652173927
1697,184.70604383202243,85.0,85.0,0.0,569.4114433720684,153.2456521739132
1698,152.9992141140017,85.0,85.0,0.0,507.3480136540477,139.9043478260871
1699,173.26308891428891,85.0,85.0,0.0,443.16728937424296,126.56304347826102
1700,175.31326186385405,85.0,85.0,0.0,398.04806232380815,113.22173913043494
1701,230.28639161716256,85.0,85.0,0.0,356.0107916171626,99.88043478260886
1702,237.98127276923975,85.0,85.0,0.0,344.10167230928573,86.53913043478278
1703,263.27252973428716,85.0,85.0,0.0,348.7699301942412,73.1978260869567
1704,386.2716632911962,85.0,0.0,0.0,370.39866283124223,152.2478260869567
1705,407.96443632738266,85.0,0.0,0.0,413.3168363273827,231.29782608695672
1706,430.44609825413147,85.0,9.520000000000191,0.0,468.4220987140858,300.0
1707,367.24009962283765,85.0,72.72600000000001,0.0,540.7721000827918,300.0
1708,367.24009962283765,85.0,72.72600000000001,0.0,618.4221000827918,300.0
1709,367.2401003771623,85.0,72.72600000000001,0.0,696.0720999172083,300.0
1710,367.2401003771623,85.0,72.72600000000001,0.0,768.4220999172084,300.0
1711,354.96609962283765,85.0,85.0,0.0,830.5521000827918,286.65869565217395
1712,354.9661,85.0,85.0,0.0,878.2321,273.3173913043479
1713,350.79999999999995,85.0,85.0,0.0,904.036,259.97608695652184
1714,346.91790066971396,85.0,85.0,0.0,910.373900669714,246.63478260869576
1715,332.5720417402599,85.0,85.0,0.0,899.594242200214,233.29347826086968
1716,295.50894291438715,85.0,85.0,0.0,876.1001429143872,219.9521739130436
1717,277.9660070161892,85.0,85.0,0.0,831.2391065562354,206.6108695652175
1718,254.89274266247492,85.0,85.0,0.0,774.648762662475,193.26956521739143
1719,234.09308253340902,85.0,85.0,0.0,708.349762073455,179.92826086956535
1720,177.5616951401572,85.0,85.0,0.0,646.8874751401572,166.58695652173927
1721,180.60539200838906,85.0,85.0,0.0,570.4443915484351,153.2456521739132
1722,157.7760833281904,85.0,85.0,0.0,506.19088378814445,139.9043478260871
1723,200.51180152548864,85.0,85.0,0.0,436.86820106553466,126.56304347826102
1724,182.12549381782253,85.0,85.0,0.0,396.55269427777665,113.22173913043494
1725,207.6883400217646,85.0,85.0,0.0,360.9713395618106,99.88043478260886
1726,230.33165675995366,85.0,85.0,0.0,345.78085629999964,86.53913043478278
1727,306.92965749755103,85.0,85.0,0.0,339.1866579575051,73.1978260869567
1728,316.60484265254513,85.0,85.0,0.0,367.0328431124992,59.85652173913061
1729,299.8797964596802,85.0,85.0,0.0,418.38419599972633,46.51521739130453
1730,337.980781912015,85.0,85.0,0.0,472.150581912015,33.17391304347845
1731,364.32010037716213,85.0,75.64600000000017,0.0,540.7720999172084,30.0
1732,430.44609962283766,85.0,9.520000000000113,0.0,618.4221000827918,98.70217391304335
1733,439.9661003771623,85.0,0.0,0.0,696.0720999172083,177.75217391304335
1734,439.96609962283765,85.0,0.0,0.0,768.4221000827918,256.80217391304336
1735,354.96609962283765,85.0,85.0,0.0,830.5521000827918,243.4608695652173
1736,354.9661,85.0,85.0,0.0,878.2321,230.11956521739123
1737,350.799999626409,85.0,85.0,0.0,904.0360000863631,216.77826086956514
1738,346.91790066971396,85.0,85.0,0.0,910.373900669714,203.43695652173906
1739,312.80734023867967,85.0,85.0,0.0,904.5729402386796,190.09565217391298
1740,324.7105885271617,85.0,85.0,0.0,868.5247880672077,176.7543478260869
1741,294.7746277871744,85.0,85.0,0.0,826.7984877871744,163.41304347826082
1742,250.94512811696848,85.0,85.0,0.0,775.6981285769225,150.07173913043474
1743,239.5915247639581,85.0,85.0,0.0,706.897145223912,136.73043478260865
1744,191.36919755215752,85.0,85.0,0.0,643.3055975521576,123.38913043478257
1745,183.2068804323212,85.0,85.0,0.0,569.7890804323213,110.04782608695649
1746,194.29136598202115,85.0,85.0,0.0,497.34556644197517,96.70652173913041
1747,180.3919168639045,85.0,85.0,0.0,441.51931732385856,83.36521739130433
1748,171.18292226892578,85.0,85.0,0.0,398.9547222689259,70.02391304347825
1749,192.66069204001195,85.0,85.0,0.0,364.270091580058,56.68260869565216
1750,263.102792045411,85.0,85.0,0.0,338.587192505365,43.34130434782608
1751,282.87184200516987,85.0,85.0,0.0,344.46764200516986,30.0
1752,327.9735630228779,85.0,72.726,0.0,367.23156302287805,30.0
1753,336.66425196534436,85.0,72.726,0.0,413.0038524252984,30.0
1754,367.24009900845635,85.0,72.726,0.0,468.4220985485024,30.0
1755,367.2401,85.0,72.726,0.0,540.7721,30.0
1756,430.4460999999999,85.0,9.520000000000113,0.0,618.4221,98.70217391304335
1757,439.96609962283765,85.0,0.0,0.0,696.0721000827917,177.75217391304335
1758,439.9661,85.0,0.0,0.0,768.4221,256.80217391304336
1759,354.9661003771623,85.0,85.0,0.0,830.5520999172084,243.4608695652173
1760,354.96609999999987,85.0,85.0,0.0,878.2321,230.11956521739123
1761,350.7999996264091,85.0,85.0,0.0,904.0360000863631,216.77826086956514
1762,346.91790066971396,85.0,85.0,0.0,910.373900669714,203.43695652173906
1763,339.494647860574,85.0,85.0,0.0,897.850448320528,190.09565217391298
1764,341.02625411827955,85.0,85.0,0.0,864.2922541182795,176.7543478260869
1765,274.7501212474009,85.0,85.0,0.0,832.088701707355,163.41304347826082
1766,256.1388412568381,85.0,85.0,0.0,774.3175212568381,150.07173913043474
1767,234.66617813655847,85.0,85.0,0.0,708.1983576766045,136.73043478260865
1768,190.33919541984096,85.0,85.0,0.0,643.572795879795,123.38913043478257
1769,144.58799979007085,85.0,85.0,0.0,579.5171197900709,110.04782608695649
1770,169.7849129548713,85.0,85.0,0.0,503.28191249491726,96.70652173913041
1771,187.25173243806285,85.0,85.0,0.0,439.9335328980169,83.36521739130433
1772,186.3689941663107,85.0,85.0,0.0,395.62119416631083,70.02391304347825
1773,212.67869563854276,85.0,85.0,0.0,359.87589563854283,56.68260869565216
1774,264.8454560475265,85.0,85.0,0.0,338.20465650748054,43.34130434782608
1775,273.9095700537688,85.0,85.0,0.0,346.4349700537689,30.0
1776,322.08924335564893,85.0,72.726,0.0,368.52324289569503,30.0
1777,367.24008466683233,85.0,72.726,0.0,406.29208466683235,30.0
1778,367.24009900845635,85.0,72.726,0.0,468.4220985485024,30.0
1779,367.2401,85.0,72.726,0.0,540.7721,30.0
1780,430.44609962283755,85.0,9.520000000000113,0.0,618.4221000827918,98.70217391304335
1781,439.9661,85.0,0.0,0.0,696.0721,177.75217391304335
1782,439.96609999999987,85.0,0.0,0.0,768.4221,256.80217391304336
1783,354.9661003771623,85.0,85.0,0.0,830.5520999172084,243.4608695652173
1784,354.96609962283765,85.0,85.0,0.0,878.2321000827917,230.11956521739123
1785,350.8000003735908,85.0,85.0,0.0,904.0359999136368,216.77826086956514
1786,346.91790066971384,85.0,85.0,0.0,910.373900669714,203.43695652173906
1787,343.584277002878,85.0,85.0,0.0,896.820277002878,190.09565217391298
1788,301.52459141003885,85.0,85.0,0.0,874.5395914100388,176.7543478260869
1789,279.28139714885776,85.0,85.0,0.0,830.8915976088118,163.41304347826082
1790,246.3586574644429,85.0,85.0,0.0,776.917317004489,150.07173913043474
1791,234.34087742843644,85.0,85.0,0.0,708.2842978883905,136.73043478260865
1792,186.9741580969926,85.0,85.0,0.0,644.4457380969926,123.38913043478257
1793,149.29933971680782,85.0,85.0,0.0,578.3303401767619,110.04782608695649
1794,176.7058191487343,85.0,85.0,0.0,501.6054196086883,96.70652173913041
1795,176.58090858518523,85.0,85.0,0.0,442.40030858518526,83.36521739130433
1796,193.00016974434044,85.0,85.0,0.0,394.1655702042945,70.02391304347825
1797,194.18835203815695,85.0,85.0,0.0,363.934751578203,56.68260869565216
1798,243.7863800219622,85.0,85.0,0.0,342.82738048191624,43.34130434782608
1799,279.1262460254807,85.0,85.0,0.0,345.2898460254808,30.0
1800,289.11441835256227,85.0,72.726,0.0,375.7616188125163,30.0
1801,364.8976722648234,85.0,72.726,0.0,406.8062727247775,30.0
1802,367.2400982541317,85.0,72.726,0.0,468.4220987140858,30.0
1803,397.4620996228376,85.0,42.50400000000002,0.0,540.7721000827917,62.84999999999998
1804,439.96609962283765,85.0,0.0,0.0,618.4221000827918,141.89999999999998
1805,439.9661003771623,85.0,0.0,0.0,696.0720999172083,220.95
1806,439.96609962283765,85.0,0.0,0.0,768.4221000827918,300.0
1807,354.96609962283765,85.0,85.0,0.0,830.5521000827918,286.65869565217395
1808,354.9661,85.0,85.0,0.0,878.2321,273.3173913043479
1809,350.799999626409,85.0,85.0,0.0,904.0360000863631,259.97608695652184
1810,346.91790066971384,85.0,85.0,0.0,910.373900669714,246.63478260869576
1811,326.47618034885375,85.0,85.0,0.0,901.1297803488537,233.29347826086968
1812,300.69401589916663,85.0,85.0,0.0,874.7550554392127,219.9521739130436
1813,286.1279792866409,85.0,85.0,0.0,829.082819746595,206.6108695652175
1814,263.4824280602553,85.0,85.0,0.0,772.3654285202093,193.26956521739143
1815,230.02246560737126,85.0,85.0,0.0,709.4251660673253,179.92826086956535
1816,214.23742864020528,85.0,85.0,0.0,637.3732281802513,166.58695652173927
1817,174.93943760691712,85.0,85.0,0.0,571.8716371469632,153.2456521739132
1818,184.47101081564523,85.0,85.0,0.0,499.72441035569125,139.9043478260871
1819,203.53819000220022,85.0,85.0,0.0,436.16859046215427,126.56304347826102
1820,159.36901834875442,85.0,85.0,0.0,401.5480183487545,113.22173913043494
1821,220.62252762889688,85.0,85.0,0.0,358.13212762889697,99.88043478260886
1822,228.50978038057974,85.0,85.0,0.0,346.18078038057973,86.53913043478278
1823,248.70883856758513,85.0,85.0,0.0,351.9668381076312,73.1978260869567
1824,393.9439113490756,85.0,0.0,0.0,368.7145108891217,152.2478260869567
1825,439.96608504399455,85.0,0.0,0.0,406.2920845840406,231.29782608695672
1826,430.4460986312938,85.0,9.520000000000191,0.0,468.42209863129415,300.0
1827,367.2401003771623,85.0,72.72600000000001,0.0,540.7720999172084,300.0
1828,367.2401003771623,85.0,72.72600000000001,0.0,618.4220999172084,300.0
1829,367.2401,85.0,72.72600000000001,0.0,696.0721,300.0
1830,367.2401,85.0,72.72600000000001,0.0,768.4221,300.0
1831,354.96609962283765,85.0,85.0,0.0,830.5521000827918,286.65869565217395
1832,354.9661,85.0,85.0,0.0,878.2321,273.3173913043479
1833,350.79999999999984,85.0,85.0,0.0,904.036,259.97608695652184
1834,346.91790066971396,85.0,85.0,0.0,910.373900669714,246.63478260869576
1835,343.58427663547275,85.0,85.0,0.0,896.8202770954268,233.29347826086968
1836,284.79254213434024,85.0,85.0,0.0,878.8801416743863,219.9521739130436
1837,283.48628218691135,85.0,85.0,0.0,829.7807217269575,206.6108695652175
1838,256.47571305531426,85.0,85.0,0.0,774.2279730553142,193.26956521739143
1839,215.19293534687665,85.0,85.0,0.0,713.3429348869226,179.92826086956535
1840,187.2491901185283,85.0,85.0,0.0,644.3743905784823,166.58695652173927
1841,169.71441314165656,85.0,85.0,0.0,573.1878131416566,153.2456521739132
1842,185.52636543537744,85.0,85.0,0.0,499.46876543537746,139.9043478260871
1843,173.8459494347038,85.0,85.0,0.0,443.0325494347038,126.56304347826102
1844,193.69044611683842,85.0,85.0,0.0,394.0140461168385,113.22173913043494
1845,212.54290363870763,85.0,85.0,0.0,359.9057036387077,99.88043478260886
1846,254.16315241172123,85.0,85.0,0.0,340.5495524117212,86.53913043478278
1847,256.9468861457511,85.0,85.0,0.0,350.1584861457511,73.1978260869567
1848,402.34038341241865,85.0,0.0,0.0,366.87138295246467,152.2478260869567
1849,408.5641843337443,85.0,0.0,0.0,413.18518433374436,231.29782608695672
1850,430.44609900845614,85.0,9.520000000000191,0.0,468.4220985485024,300.0
1851,367.2401003771623,85.0,72.72600000000001,0.0,540.7720999172084,300.0
1852,367.2401,85.0,72.72600000000001,0.0,618.4221,300.0
1853,367.24009962283765,85.0,72.72600000000001,0.0,696.0721000827917,300.0
1854,367.2401,85.0,72.72600000000001,0.0,768.4221,300.0
1855,354.9661,85.0,85.0,0.0,830.5521,286.65869565217395
1856,354.9661003771623,85.0,85.0,0.0,878.2320999172083,273.3173913043479
1857,350.8000003735908,85.0,85.0,0.0,904.0359999136368,259.97608695652184
1858,346.91790103997687,85.0,85.0,0.0,910.3739005800229,246.63478260869576
1859,326.54231989777384,85.0,85.0,0.0,901.1131198977739,233.29347826086968
1860,311.92322569395844,85.0,85.0,0.0,871.8420261539125,219.9521739130436
1861,272.8157874996034,85.0,85.0,0.0,832.5997274996034,206.6108695652175
1862,278.64165971840885,85.0,85.0,0.0,768.3357592584549,193.26956521739143
1863,214.9451389965139,85.0,85.0,0.0,713.4083994564679,179.92826086956535
1864,173.81533764895568,85.0,85.0,0.0,647.8593376489557,166.58695652173927
1865,187.42878808944909,85.0,85.0,0.0,568.7255880894492,153.2456521739132
1866,176.01706115526372,85.0,85.0,0.0,501.77226161521776,139.9043478260871
1867,180.39191761108628,85.0,85.0,0.0,441.5193171511323,126.56304347826102
1868,178.51568984221467,85.0,85.0,0.0,397.3450903021687,113.22173913043494
1869,218.94775963093048,85.0,85.0,0.0,358.49975963093055,99.88043478260886
1870,237.5173163915142,85.0,85.0,0.0,344.20351639151426,86.53913043478278
1871,283.177374003513,85.0,85.0,0.0,344.40057400351304,73.1978260869567
1872,358.4116707038581,85.0,0.0,0.0,376.51427070385813,152.2478260869567
1873,438.64211227562623,85.0,0.0,0.0,406.58271273558034,231.29782608695672
1874,430.4460986312939,85.0,9.520000000000191,0.0,468.42209863129415,300.0
1875,367.2401,85.0,72.72600000000001,0.0,540.7721,300.0
1876,367.2401003771623,85.0,72.72600000000001,0.0,618.4220999172084,300.0
1877,367.24009999999987,85.0,72.72600000000001,0.0,696.0721,300.0
1878,367.2401003771623,85.0,72.72600000000001,0.0,768.4220999172084,300.0
1879,354.9661,85.0,85.0,0.0,830.5521,286.65869565217395
1880,354.9661,85.0,85.0,0.0,878.2321,273.3173913043479
1881,350.8000003735908,85.0,85.0,0.0,904.0359999136368,259.97608695652184
1882,346.91790103997687,85.0,85.0,0.0,910.3739005800229,246.63478260869576
1883,343.58427663547275,85.0,85.0,0.0,896.8202770954268,233.29347826086968
1884,311.999928682069,85.0,85.0,0.0,871.822128222115,219.9521739130436
1885,268.9875085073886,85.0,85.0,0.0,833.6111089673427,206.6108695652175
1886,250.81430411756014,85.0,85.0,0.0,775.7329045775143,193.26956521739143
1887,230.47220956834343,85.0,85.0,0.0,709.3063495683434,179.92826086956535
1888,198.12995419719226,85.0,85.0,0.0,641.5517537372383,166.58695652173927
1889,188.37678824222456,85.0,85.0,0.0,568.4867882422246,153.2456521739132
1890,153.91015136483998,85.0,85.0,0.0,507.127351824794,139.9043478260871
1891,143.12249401410622,85.0,85.0,0.0,450.1348944740603,126.56304347826102
1892,205.10829041684815,85.0,85.0,0.0,391.5076899568943,113.22173913043494
1893,212.35053163894116,85.0,85.0,0.0,359.94793163894127,99.88043478260886
1894,265.96574004888646,85.0,85.0,0.0,337.9587405088405,86.53913043478278
1895,270.28845045056704,85.0,85.0,0.0,347.2298499906131,73.1978260869567
1896,297.71843851006605,85.0,85.0,0.0,371.17863897002013,59.85652173913061
1897,347.70121296693424,85.0,85.0,0.0,407.8868125069803,46.51521739130453
1898,354.96609900845635,85.0,85.0,0.0,468.4220985485024,33.17391304347845
1899,364.32009962283746,85.0,75.64600000000017,0.0,540.7721000827917,30.0
1900,430.4460999999998,85.0,9.520000000000113,0.0,618.4221,98.70217391304335
1901,439.96609962283765,85.0,0.0,0.0,696.0721000827917,177.75217391304335
1902,439.9661003771623,85.0,0.0,0.0,768.4220999172084,256.80217391304336
1903,354.96609962283765,85.0,85.0,0.0,830.5521000827918,243.4608695652173
1904,354.96609962283765,85.0,85.0,0.0,878.2321000827917,230.11956521739123
1905,350.79999999999984,85.0,85.0,0.0,904.036,216.77826086956514
1906,346.91790066971396,85.0,85.0,0.0,910.373900669714,203.43695652173906
1907,323.75343595237734,85.0,85.0,0.0,901.8156354924234,190.09565217391298
1908,304.1215103407636,85.0,85.0,0.0,873.8659108007176,176.7543478260869
1909,281.45151989341207,85.0,85.0,0.0,830.3182794334581,163.41304347826082
1910,255.8357652948455,85.0,85.0,0.0,774.3980857547995,150.07173913043474
1911,224.711780048687,85.0,85.0,0.0,710.828180048687,136.73043478260865
1912,213.2731716667459,85.0,85.0,0.0,637.623371206792,123.38913043478257
1913,147.96552554836796,85.0,85.0,0.0,578.666326008322,110.04782608695649
1914,175.5727019000023,85.0,85.0,0.0,501.87990144004834,96.70652173913041
1915,159.47620467210794,85.0,85.0,0.0,446.35440513206197,83.36521739130433
1916,203.35430967437566,85.0,85.0,0.0,391.8927101343297,70.02391304347825
1917,224.8547120009203,85.0,85.0,0.0,357.20311154096635,56.68260869565216
1918,257.3995287928122,85.0,85.0,0.0,339.8391283328582,43.34130434782608
1919,274.23773442915154,85.0,85.0,0.0,346.3629339691976,30.0
1920,343.227531137954,85.0,72.726,0.0,363.883131137954,30.0
1921,367.24008504399455,85.0,72.726,0.0,406.2920845840406,30.0
1922,362.9513340725149,85.0,72.726,0.0,469.363534532469,30.0
1923,367.24009962283765,85.0,72.726,0.0,540.7721000827918,30.0
1924,430.4461003771622,85.0,9.520000000000113,0.0,618.4220999172084,98.70217391304335
1925,439.96609962283765,85.0,0.0,0.0,696.0721000827917,177.75217391304335
1926,439.96609962283776,85.0,0.0,0.0,768.4221000827918,256.80217391304336
1927,354.9661,85.0,85.0,0.0,830.5521,243.4608695652173
1928,354.9661003771623,85.0,85.0,0.0,878.2320999172083,230.11956521739123
1929,350.79999999999995,85.0,85.0,0.0,904.036,216.77826086956514
1930,346.91790066971396,85.0,85.0,0.0,910.373900669714,203.43695652173906
1931,328.0304593810731,85.0,85.0,0.0,900.7382598410271,190.09565217391298
1932,295.53085784515474,85.0,85.0,0.0,876.0944578451547,176.7543478260869
1933,278.68537844935247,85.0,85.0,0.0,831.0490579893984,163.41304347826082
1934,258.30397844704385,85.0,85.0,0.0,773.741978447044,150.07173913043474
1935,221.65745375040245,85.0,85.0,0.0,711.6350932904485,136.73043478260865
1936,200.42006377873344,85.0,85.0,0.0,640.9576642386875,123.38913043478257
1937,212.29725758082435,85.0,85.0,0.0,562.4612571208704,110.04782608695649
1938,147.98905479123567,85.0,85.0,0.0,508.5616547912357,96.70652173913041
1939,181.54642868216575,85.0,85.0,0.0,441.2524286821658,83.36521739130433
1940,209.1594180123118,85.0,85.0,0.0,390.6184180123118,70.02391304347825
1941,223.621268002418,85.0,85.0,0.0,357.47386754246406,56.68260869565216
1942,241.36475677334704,85.0,85.0,0.0,343.3589563133931,43.34130434782608
1943,253.09944654377654,85.0,85.0,0.0,351.0030460838226,30.0
1944,305.499986476175,85.0,72.726,0.0,372.1647869361291,30.0
1945,341.28118076864183,85.0,72.726,0.0,411.9903803086879,30.0
1946,367.24009863129413,85.0,72.726,0.0,468.42209863129415,30.0
1947,367.24009962283765,85.0,72.726,0.0,540.7721000827918,30.0
1948,430.4460999999999,85.0,9.520000000000113,0.0,618.4221,98.70217391304335
1949,439.9661003771623,85.0,0.0,0.0,696.0720999172083,177.75217391304335
1950,439.96609962283765,85.0,0.0,0.0,768.4221000827918,256.80217391304336
1951,354.9661003771623,85.0,85.0,0.0,830.5520999172084,243.4608695652173
1952,354.9661003771623,85.0,85.0,0.0,878.2320999172083,230.11956521739123
1953,350.8000003735908,85.0,85.0,0.0,904.0359999136368,216.77826086956514
1954,346.91790066971384,85.0,85.0,0.0,910.373900669714,203.43695652173906
1955,343.5842773702832,85.0,85.0,0.0,896.8202769103292,190.09565217391298
1956,312.5149291898906,85.0,85.0,0.0,871.6885291898906,176.7543478260869
1957,277.695286841747,85.0,85.0,0.0,831.3106273017011,163.41304347826082
1958,256.2511322196938,85.0,85.0,0.0,774.2876717597399,150.07173913043474
1959,232.54190376755128,85.0,85.0,0.0,708.7595633075973,136.73043478260865
1960,176.03860742071578,85.0,85.0,0.0,647.2825874207158,123.38913043478257
1961,150.75441045355257,85.0,85.0,0.0,577.9638099935986,110.04782608695649
1962,191.5807700077179,85.0,85.0,0.0,498.00217046767193,96.70652173913041
1963,171.85077394313873,85.0,85.0,0.0,443.49377440309274,83.36521739130433
1964,201.18163806621902,85.0,85.0,0.0,392.3696380662191,70.02391304347825
1965,208.05045202132487,85.0,85.0,0.0,360.8918515613709,56.68260869565216
1966,225.14892837649984,85.0,85.0,0.0,346.91852837649986,43.34130434782608
1967,310.06418948055364,85.0,85.0,0.0,338.4985899405077,30.0
1968,323.32268698779166,85.0,72.726,0.0,368.2524869877918,30.0
1969,361.32181660405575,85.0,72.726,0.0,407.5912166040558,30.0
1970,397.46209825413166,85.0,42.50400000000002,0.0,468.4220987140858,62.84999999999998
1971,439.96609999999987,85.0,0.0,0.0,540.7721,141.89999999999998
1972,439.96609962283765,85.0,0.0,0.0,618.4221000827918,220.95
1973,439.9661003771623,85.0,0.0,0.0,696.0720999172083,300.0
1974,367.2401003771623,85.0,72.72600000000001,0.0,768.4220999172084,300.0
1975,354.9661003771623,85.0,85.0,0.0,830.5520999172084,286.65869565217395
1976,354.9661,85.0,85.0,0.0,878.2321,273.3173913043479
1977,350.799999626409,85.0,85.0,0.0,904.0360000863631,259.97608695652184
1978,333.82038988562397,85.0,85.0,0.0,913.546590345578,246.63478260869576
1979,343.58427663547275,85.0,85.0,0.0,896.8202770954268,233.29347826086968
1980,281.0231740423475,85.0,85.0,0.0,879.8579735823934,219.9521739130436
1981,264.7957235250724,85.0,85.0,0.0,834.7185239850264,206.6108695652175
1982,246.25726813817425,85.0,85.0,0.0,776.9442685981284,193.26956521739143
1983,223.38874754958243,85.0,85.0,0.0,711.1777080095364,179.92826086956535
1984,199.5927758557924,85.0,85.0,0.0,641.1722753958385,166.58695652173927
1985,167.06883168736277,85.0,85.0,0.0,573.8542312274088,153.2456521739132
1986,183.9266694505427,85.0,85.0,0.0,499.85626945054275,139.9043478260871
1987,175.84112417908693,85.0,85.0,0.0,442.571324639041,126.56304347826102
1988,173.03874587922337,85.0,85.0,0.0,398.54734633917747,113.22173913043494
1989,209.4196872653377,85.0,85.0,0.0,360.59128772529175,99.88043478260886
1990,211.36604073693064,85.0,85.0,0.0,349.9440402769767,86.53913043478278
1991,265.3659904772597,85.0,85.0,0.0,348.31039001730574,73.1978260869567
1992,397.76871937793,85.0,0.0,0.0,367.87491891797606,152.2478260869567
1993,429.97405693800664,85.0,0.0,0.0,408.48545647805264,231.29782608695672
1994,428.7713309375346,85.0,9.520000000000191,0.0,468.78973047758086,300.0
1995,367.2401003771623,85.0,72.72600000000001,0.0,540.7720999172084,300.0
1996,367.24009962283765,85.0,72.72600000000001,0.0,618.4221000827918,300.0
1997,367.2401003771623,85.0,72.72600000000001,0.0,696.0720999172083,300.0
1998,367.2401003771623,85.0,72.72600000000001,0.0,768.4220999172084,300.0
1999,354.96609962283765,85.0,85.0,0.0,830.5521000827918,286.65869565217395
2000,354.9661,85.0,85.0,0.0,878.2321,273.3173913043479
2001,350.79999999999995,85.0,85.0,0.0,904.036,259.97608695652184
2002,346.91790066971396,85.0,85.0,0.0,910.373900669714,246.63478260869576
2003,331.67915856464776,85.0,85.0,0.0,899.8191581046938,233.29347826086968
2004,301.3383148637282,85.0,85.0,0.0,874.5879144037743,219.9521739130436
2005,293.72340707341175,85.0,85.0,0.0,827.0762066134578,206.6108695652175
2006,260.5628728368258,85.0,85.0,0.0,773.1415128368258,193.26956521739143
2007,228.92103080248552,85.0,85.0,0.0,709.7161508024856,179.92826086956535
2008,167.7449017024053,85.0,85.0,0.0,649.4341017024053,166.58695652173927
2009,159.90371425359473,85.0,85.0,0.0,575.6591137936408,153.2456521739132
2010,146.78928317287262,85.0,85.0,0.0,508.8522827129186,139.9043478260871
2011,179.95477175378647,85.0,85.0,0.0,441.62037221374055,126.56304347826102
2012,214.56846559859952,85.0,85.0,0.0,389.4310660585536,113.22173913043494
2013,209.14810364282977,85.0,85.0,0.0,360.6509036428298,99.88043478260886
2014,240.28973639487975,85.0,85.0,0.0,343.5949363948798,86.53913043478278
2015,274.0453624301947,85.0,85.0,0.0,346.4051619702408,73.1978260869567
2016,396.28632261242217,85.0,0.0,0.0,368.20032307237625,152.2478260869567
2017,439.96608428966994,85.0,0.0,0.0,406.29208474962405,231.29782608695672
2018,430.4460986312939,85.0,9.520000000000191,0.0,468.42209863129415,300.0
2019,367.24009999999987,85.0,72.72600000000001,0.0,540.7721,300.0
2020,367.24009999999987,85.0,72.72600000000001,0.0,618.4221,300.0
2021,367.24009999999987,85.0,72.72600000000001,0.0,696.0721,300.0
2022,367.2401,85.0,72.72600000000001,0.0,768.4221,300.0
2023,354.9661,85.0,85.0,0.0,830.5521,286.65869565217395
2024,354.9661003771623,85.0,85.0,0.0,878.2320999172083,273.3173913043479
2025,350.79999999999995,85.0,85.0,0.0,904.036,259.97608695652184
2026,346.91790066971384,85.0,85.0,0.0,910.373900669714,246.63478260869576
2027,343.5842773702832,85.0,85.0,0.0,896.8202769103292,233.29347826086968
2028,313.3148237976883,85.0,85.0,0.0,871.4810242576424,219.9521739130436
2029,277.272833511498,85.0,85.0,0.0,831.422233971452,206.6108695652175
2030,251.8608961128259,85.0,85.0,0.0,775.45469657278,193.26956521739143
2031,226.21165274909566,85.0,85.0,0.0,710.4319332090497,179.92826086956535
2032,173.6948058924856,85.0,85.0,0.0,647.8906054325316,166.58695652173927
2033,157.28238323118956,85.0,85.0,0.0,576.3194232311896,153.2456521739132
2034,164.64144563336896,85.0,85.0,0.0,504.527845633369,139.9043478260871
2035,162.4017146287958,85.0,85.0,0.0,445.6781146287958,126.56304347826102
2036,173.0953266331656,85.0,85.0,0.0,398.53492617321166,113.22173913043494
2037,216.99009125614532,85.0,85.0,0.0,358.9294917160994,99.88043478260886
2038,233.23986876348397,85.0,85.0,0.0,345.14246830353,86.53913043478278
2039,280.97075439264097,85.0,85.0,0.0,344.88495393268704,73.1978260869567
2040,399.18321938860095,85.0,0.0,0.0,367.564418928647,152.2478260869567
2041,428.876404172039,85.0,0.0,0.0,408.726404631993,231.29782608695672
2042,430.4460986312939,85.0,9.520000000000191,0.0,468.42209863129415,300.0
2043,367.24009999999987,85.0,72.72600000000001,0.0,540.7721,300.0
2044,367.24009962283765,85.0,72.72600000000001,0.0,618.4221000827918,300.0
2045,367.24009999999987,85.0,72.72600000000001,0.0,696.0721,300.0
2046,367.24009962283765,85.0,72.72600000000001,0.0,768.4221000827918,300.0
2047,354.96609962283765,85.0,85.0,0.0,830.5521000827918,286.65869565217395
2048,354.9661,85.0,85.0,0.0,878.2321,273.3173913043479
2049,350.8000003735908,85.0,85.0,0.0,904.0359999136368,259.97608695652184
2050,346.91790103997687,85.0,85.0,0.0,910.3739005800229,246.63478260869576
2051,339.93557818670865,85.0,85.0,0.0,897.7393786466627,233.29347826086968
2052,302.4888487290168,85.0,85.0,0.0,874.2894482690629,219.9521739130436
2053,292.6721852681476,85.0,85.0,0.0,827.3539257281017,206.6108695652175
2054,271.17487995218534,85.0,85.0,0.0,770.3205994922314,193.26956521739143
2055,216.24961447801695,85.0,85.0,0.0,713.063774018063,179.92826086956535
2056,215.4756215234271,85.0,85.0,0.0,637.0520219833811,166.58695652173927
2057,174.23394875372566,85.0,85.0,0.0,572.0493487537257,153.2456521739132
2058,164.0637780091082,85.0,85.0,0.0,504.66777754915427,139.9043478260871
2059,154.81332349751665,85.0,85.0,0.0,447.43232395747066,126.56304347826102
2060,155.88369037230547,85.0,85.0,0.0,402.3130903723055,113.22173913043494
2061,205.3572440245951,85.0,85.0,0.0,361.48304356464115,99.88043478260886
2062,233.18328838625303,85.0,85.0,0.0,345.15488838625305,86.53913043478278
2063,267.83287846388265,85.0,85.0,0.0,347.76887800392876,73.1978260869567
2064,271.1145226865284,85.0,85.0,0.0,377.01852268652846,59.85652173913061
2065,322.95312032726264,85.0,85.0,0.0,413.3193203272627,46.51521739130453
2066,354.96609900845635,85.0,85.0,0.0,468.4220985485024,33.17391304347845
2067,364.3200999999998,85.0,75.64600000000017,0.0,540.7721,30.0
2068,430.4461003771622,85.0,9.520000000000113,0.0,618.4220999172084,98.70217391304335
2069,439.9661,85.0,0.0,0.0,696.0721,177.75217391304335
2070,439.9661003771623,85.0,0.0,0.0,768.4220999172084,256.80217391304336
2071,354.96609962283765,85.0,85.0,0.0,830.5521000827918,243.4608695652173
2072,354.9661,85.0,85.0,0.0,878.2321,230.11956521739123
2073,350.79999999999995,85.0,85.0,0.0,904.036,216.77826086956514
2074,346.91790066971396,85.0,85.0,0.0,910.373900669714,203.43695652173906
2075,331.2382282385131,85.0,85.0,0.0,899.9302277785591,190.09565217391298
2076,308.29630538237814,85.0,85.0,0.0,872.7829049224241,176.7543478260869
2077,287.2305064296777,85.0,85.0,0.0,828.7915464296777,163.41304347826082
2078,249.73827708579142,85.0,85.0,0.0,776.0189370857914,150.07173913043474
2079,216.54216541062374,85.0,85.0,0.0,712.9864858705778,136.73043478260865
2080,184.03865342595788,85.0,85.0,0.0,645.2072529660039,123.38913043478257
2081,173.90325139341837,85.0,85.0,0.0,572.1326509334644,110.04782608695649
2082,186.5150664260044,85.0,85.0,0.0,499.2292664260044,96.70652173913041
2083,144.10887309770692,85.0,85.0,0.0,449.9068730977069,83.36521739130433
2084,167.25626991829654,85.0,85.0,0.0,399.81667037825065,70.02391304347825
2085,247.15854797383776,85.0,85.0,0.0,352.3071475138838,56.68260869565216
2086,203.89748035070204,85.0,85.0,0.0,351.5834803507021,43.34130434782608
2087,263.19331848904125,85.0,85.0,0.0,348.7873180290873,30.0
2088,339.4366711093556,85.0,72.726,0.0,364.71527110935574,30.0
2089,353.10640089407497,85.0,72.726,0.0,409.39460043412106,30.0
2090,367.24009863129413,85.0,72.726,0.0,468.42209863129415,30.0
2091,367.24009962283765,85.0,72.726,0.0,540.7721000827918,30.0
2092,430.4460999999999,85.0,9.520000000000113,0.0,618.4221,98.70217391304335
2093,439.96609962283765,85.0,0.0,0.0,696.0721000827917,177.75217391304335
2094,439.9661003771623,85.0,0.0,0.0,768.4220999172084,256.80217391304336
2095,354.9661003771623,85.0,85.0,0.0,830.5520999172084,243.4608695652173
2096,354.96609999999987,85.0,85.0,0.0,878.2321,230.11956521739123
2097,350.79999999999995,85.0,85.0,0.0,904.036,216.77826086956514
2098,346.91790066971396,85.0,85.0,0.0,910.373900669714,203.43695652173906
2099,333.740507471922,85.0,85.0,0.0,899.299907471922,190.09565217391298
2100,303.44214821739877,85.0,85.0,0.0,874.0421477574448,176.7543478260869
2101,278.55001872596506,85.0,85.0,0.0,831.0848182660111,163.41304347826082
2102,247.48156309599983,85.0,85.0,0.0,776.6188230959998,150.07173913043474
2103,225.50319815020345,85.0,85.0,0.0,710.6190976902494,136.73043478260865
2104,190.59121749402567,85.0,85.0,0.0,643.5074174940257,123.38913043478257
2105,152.7385964524217,85.0,85.0,0.0,577.4639964524217,110.04782608695649
2106,165.1635686284191,85.0,85.0,0.0,504.40136862841916,96.70652173913041
2107,203.20192453287876,85.0,85.0,0.0,436.2463249928328,83.36521739130433
2108,175.369842240634,85.0,85.0,0.0,398.03564224063405,70.02391304347825
2109,215.55295963505262,85.0,85.0,0.0,359.24495963505274,56.68260869565216
2110,233.78303676414333,85.0,85.0,0.0,345.02323630418937,43.34130434782608
2111,255.24948615495543,85.0,85.0,0.0,350.53108615495546,30.0
2112,318.41154257357977,85.0,72.726,0.0,369.3305430335339,30.0
2113,367.24008466683233,85.0,72.726,0.0,406.29208466683235,30.0
2114,367.240098631294,85.0,72.726,0.0,468.42209863129415,30.0
2115,367.2401003771623,85.0,72.726,0.0,540.7720999172084,30.0
2116,430.4461003771622,85.0,9.520000000000113,0.0,618.4220999172084,98.70217391304335
2117,439.9661,85.0,0.0,0.0,696.0721,177.75217391304335
2118,439.9661,85.0,0.0,0.0,768.4221,256.80217391304336
2119,354.96609962283765,85.0,85.0,0.0,830.5521000827918,243.4608695652173
2120,354.9661,85.0,85.0,0.0,878.2321,230.11956521739123
2121,350.799999626409,85.0,85.0,0.0,904.0360000863631,216.77826086956514
2122,346.91790103997687,85.0,85.0,0.0,910.3739005800229,203.43695652173906
2123,308.18859507241905,85.0,85.0,0.0,905.7363950724191,190.09565217391298
2124,294.97202674537357,85.0,85.0,0.0,876.2394272053276,176.7543478260869
2125,278.4954374646735,85.0,85.0,0.0,831.0992379246276,163.41304347826082
2126,263.0223640257001,85.0,85.0,0.0,772.4877240257001,150.07173913043474
2127,223.9509270460053,85.0,85.0,0.0,711.0291875059593,136.73043478260865
2128,182.0115215581473,85.0,85.0,0.0,645.7331220181013,123.38913043478257
2129,160.5430631938388,85.0,85.0,0.0,575.4980627338848,110.04782608695649
2130,153.88793373531348,85.0,85.0,0.0,507.13273373531354,96.70652173913041
2131,201.53180640883966,85.0,85.0,0.0,436.63240640883964,83.36521739130433
2132,194.24492973592936,85.0,85.0,0.0,393.8923301958834,70.02391304347825
2133,219.19671200779044,85.0,85.0,0.0,358.4451115478366,56.68260869565216
2134,222.72730399639795,85.0,85.0,0.0,347.45010445635194,43.34130434782608
2135,294.2783695661542,85.0,85.0,0.0,341.96377002610825,30.0
2136,320.1768389640594,85.0,72.726,0.0,368.94303896405955,30.0
2137,397.4620846668323,85.0,42.50400000000002,0.0,406.29208466683235,62.84999999999998
2138,439.9660982541317,85.0,0.0,0.0,468.4220987140858,141.89999999999998
2139,439.9661,85.0,0.0,0.0,540.7721,220.95
2140,439.96609999999987,85.0,0.0,0.0,618.4221,300.0
2141,367.24009962283765,85.0,72.72600000000001,0.0,696.0721000827917,300.0
2142,367.2401,85.0,72.72600000000001,0.0,768.4221,300.0
2143,354.9661,85.0,85.0,0.0,830.5521,286.65869565217395
2144,354.96609962283765,85.0,85.0,0.0,878.2321000827917,273.3173913043479
2145,350.799999626409,85.0,85.0,0.0,904.0360000863631,259.97608695652184
2146,346.91790066971396,85.0,85.0,0.0,910.373900669714,246.63478260869576
2147,327.5564592804783,85.0,85.0,0.0,900.8576597404324,233.29347826086968
2148,327.03357118850624,85.0,85.0,0.0,867.9221707285523,219.9521739130436
2149,272.4893959085325,85.0,85.0,0.0,832.6859559085325,206.6108695652175
2150,232.81619239897577,85.0,85.0,0.0,780.5172128589298,193.26956521739143
2151,239.42232547352876,85.0,85.0,0.0,706.9418454735288,179.92826086956535
2152,194.20718150971027,85.0,85.0,0.0,642.5693810497563,166.58695652173927
2153,189.4791140012657,85.0,85.0,0.0,568.2091140012658,153.2456521739132
2154,179.27199812440654,85.0,85.0,0.0,500.98379858436056,139.9043478260871
2155,159.29686383565166,85.0,85.0,0.0,446.3958633756977,126.56304347826102
2156,192.9209584992002,85.0,85.0,0.0,394.1829580392463,113.22173913043494
2157,215.56427525787666,85.0,85.0,0.0,359.2424757178307,99.88043478260886
2158,264.4720284242354,85.0,85.0,0.0,338.28662842423546,86.53913043478278
2159,280.43890239552496,85.0,85.0,0.0,345.001701935571,73.1978260869567
2160,393.41205934506326,85.0,0.0,0.0,368.8312588851094,152.2478260869567
2161,439.96608504399455,85.0,0.0,0.0,406.2920845840406,231.29782608695672
2162,430.4460986312939,85.0,9.520000000000191,0.0,468.42209863129415,300.0
2163,367.24009962283765,85.0,72.72600000000001,0.0,540.7721000827918,300.0
2164,367.2401,85.0,72.72600000000001,0.0,618.4221,300.0
2165,367.24009962283765,85.0,72.72600000000001,0.0,696.0721000827916,300.0
2166,367.2401003771623,85.0,72.72600000000001,0.0,768.4220999172084,300.0
2167,354.9661003771623,85.0,85.0,0.0,830.5520999172084,286.65869565217395
2168,354.9661,85.0,85.0,0.0,878.2321,273.3173913043479
2169,350.7999996264091,85.0,85.0,0.0,904.0360000863631,259.97608695652184
2170,346.91790029945093,85.0,85.0,0.0,910.373900759405,246.63478260869576
2171,343.5842773702832,85.0,85.0,0.0,896.8202769103292,233.29347826086968
2172,286.3485014884013,85.0,85.0,0.0,878.4765019483552,219.9521739130436
2173,283.55396132093745,85.0,85.0,0.0,829.7628417808914,206.6108695652175
2174,274.49889937378526,85.0,85.0,0.0,769.4369993737853,193.26956521739143
2175,228.63939561277164,85.0,85.0,0.0,709.7905551528177,179.92826086956535
2176,192.89228527159895,85.0,85.0,0.0,642.910485271599,166.58695652173927
2177,170.6734365520224,85.0,85.0,0.0,572.9462365520225,153.2456521739132
2178,182.96018645970508,85.0,85.0,0.0,500.0903864597051,139.9043478260871
2179,166.2463498280382,85.0,85.0,0.0,444.7893498280382,126.56304347826102
2180,188.02113053230926,85.0,85.0,0.0,395.2585300723553,113.22173913043494
2181,184.86396729515462,85.0,85.0,0.0,365.98156775510864,99.88043478260886
2182,249.52359240608905,85.0,85.0,0.0,341.5679924060891,86.53913043478278
2183,274.0114140532165,85.0,85.0,0.0,346.4126140532166,73.1978260869567
2184,407.3986350734158,85.0,0.0,0.0,365.7610350734159,152.2478260869567
2185,419.6991280746933,85.0,0.0,0.0,410.7409285346473,231.29782608695672
2186,430.4460986312939,85.0,9.520000000000191,0.0,468.42209863129415,300.0
2187,367.2401003771623,85.0,72.72600000000001,0.0,540.7720999172084,300.0
2188,367.2401,85.0,72.72600000000001,0.0,618.4221,300.0
2189,367.2401,85.0,72.72600000000001,0.0,696.0721,300.0
2190,367.2401,85.0,72.72600000000001,0.0,768.4221,300.0
2191,354.96609999999987,85.0,85.0,0.0,830.5521,286.65869565217395
2192,354.96609962283765,85.0,85.0,0.0,878.2321000827917,273.3173913043479
2193,350.79999999999984,85.0,85.0,0.0,904.036,259.97608695652184
2194,346.91790103997687,85.0,85.0,0.0,910.3739005800229,246.63478260869576
2195,309.20273445512373,85.0,85.0,0.0,905.4809349150777,233.29347826086968
2196,324.17367199293574,85.0,85.0,0.0,868.6640724528897,219.9521739130436
2197,267.48108577936875,85.0,85.0,0.0,834.0090862393228,206.6108695652175
2198,254.84695426268195,85.0,85.0,0.0,774.6609342626821,193.26956521739143
2199,231.86728764417626,85.0,85.0,0.0,708.9377881041303,179.92826086956535
2200,210.70912398416817,85.0,85.0,0.0,638.2885244441222,166.58695652173927
2201,174.57566973902834,85.0,85.0,0.0,571.9632697390284,153.2456521739132
2202,139.57954150069594,85.0,85.0,0.0,510.59874196064993,139.9043478260871
2203,184.46072941628546,85.0,85.0,0.0,440.57872941628546,126.56304347826102
2204,202.33587005841974,85.0,85.0,0.0,392.1162700584198,113.22173913043494
2205,187.81744366873056,85.0,85.0,0.0,365.33324366873063,99.88043478260886
2206,234.76752876533845,85.0,85.0,0.0,344.8071283053845,86.53913043478278
2207,261.12248974594604,85.0,85.0,0.0,349.24189020590006,73.1978260869567
2208,390.8433269485226,85.0,0.0,0.0,369.3951269485226,152.2478260869567
2209,424.84790812930765,85.0,0.0,0.0,409.6107085892617,231.29782608695672
2210,430.4460986312939,85.0,9.520000000000191,0.0,468.42209863129415,300.0
2211,367.24009999999987,85.0,72.72600000000001,0.0,540.7721,300.0
2212,367.2401003771623,85.0,72.72600000000001,0.0,618.4220999172084,300.0
2213,367.2401003771623,85.0,72.72600000000001,0.0,696.0720999172083,300.0
2214,367.2401,85.0,72.72600000000001,0.0,768.4221,300.0
2215,354.9661003771623,85.0,85.0,0.0,830.5520999172084,286.65869565217395
2216,354.96609962283765,85.0,85.0,0.0,878.2321000827917,273.3173913043479
2217,350.8000003735908,85.0,85.0,0.0,904.0359999136368,259.97608695652184
2218,346.91790029945093,85.0,85.0,0.0,910.3739007594049,246.63478260869576
2219,327.9643201995581,85.0,85.0,0.0,900.7549201995581,233.29347826086968
2220,303.23395600989613,85.0,85.0,0.0,874.0961560098962,219.9521739130436
2221,290.58065921967943,85.0,85.0,0.0,827.9064796796334,206.6108695652175
2222,242.59419688147182,85.0,85.0,0.0,777.9179964215177,193.26956521739143
2223,250.4978069945601,85.0,85.0,0.0,704.0158474545142,179.92826086956535
2224,199.9160207260012,85.0,85.0,0.0,641.0884207260012,166.58695652173927
2225,171.4671110985321,85.0,85.0,0.0,572.7463110985321,153.2456521739132
2226,173.37311955059164,85.0,85.0,0.0,502.41271955059165,139.9043478260871
2227,181.41192286802817,85.0,85.0,0.0,441.2835224080742,126.56304347826102
2228,195.63679848084882,85.0,85.0,0.0,393.5867980208949,113.22173913043494
2229,185.3731872945362,85.0,85.0,0.0,365.8697877544903,99.88043478260886
2230,231.5085200070577,85.0,85.0,0.0,345.5225204670117,86.53913043478278
2231,225.87315069141442,85.0,85.0,0.0,356.9795502314605,73.1978260869567
2232,324.46946308903813,85.0,85.0,0.0,365.3064630890382,59.85652173913061
2233,345.99249619448483,85.0,85.0,0.0,408.26189665443894,46.51521739130453
2234,354.9660982541318,85.0,85.0,0.0,468.4220987140858,33.17391304347845
2235,364.32009962283746,85.0,75.64600000000017,0.0,540.7721000827918,30.0
2236,430.4460999999999,85.0,9.520000000000113,0.0,618.4221,98.70217391304335
2237,439.96609999999987,85.0,0.0,0.0,696.0721,177.75217391304335
2238,439.96609999999987,85.0,0.0,0.0,768.4221,256.80217391304336
2239,354.9661003771623,85.0,85.0,0.0,830.5520999172084,243.4608695652173
2240,354.9661,85.0,85.0,0.0,878.2321,230.11956521739123
2241,350.79999999999995,85.0,85.0,0.0,904.036,216.77826086956514
2242,346.91790066971384,85.0,85.0,0.0,910.373900669714,203.43695652173906
2243,322.92669159087495,85.0,85.0,0.0,902.023891130921,190.09565217391298
2244,307.47449511338823,85.0,85.0,0.0,872.9960951133883,176.7543478260869
2245,288.5011412524424,85.0,85.0,0.0,828.4558612524423,163.41304347826082
2246,253.34247863285123,85.0,85.0,0.0,775.0608581728973,150.07173913043474
2247,231.13590885732407,85.0,85.0,0.0,709.1310088573241,136.73043478260865
2248,187.21631772170588,85.0,85.0,0.0,644.3829181816599,123.38913043478257
2249,156.44241063539505,85.0,85.0,0.0,576.5310110953491,110.04782608695649
2250,146.3560321769798,85.0,85.0,0.0,508.9572317170258,96.70652173913041
2251,164.57623170399904,85.0,85.0,0.0,445.17543124404506,83.36521739130433
2252,163.48804194375919,85.0,85.0,0.0,400.6438424037133,70.02391304347825
2253,209.66863926503544,85.0,85.0,0.0,360.53663972498947,56.68260869565216
2254,250.08939202961358,85.0,85.0,0.0,341.4437924895676,43.34130434782608
2255,293.9615219450346,85.0,85.0,0.0,342.0333219450347,30.0
2256,306.71079848530934,85.0,72.726,0.0,371.89899894526343,30.0
2257,354.9169605361177,85.0,72.726,0.0,408.9971605361178,30.0
2258,367.24009900845635,85.0,72.726,0.0,468.4220985485024,30.0
2259,367.2401,85.0,72.726,0.0,540.7721,30.0
2260,430.44609962283755,85.0,9.520000000000113,0.0,618.4221000827918,98.70217391304335
2261,439.96609999999987,85.0,0.0,0.0,696.0721,177.75217391304335
2262,439.9661,85.0,0.0,0.0,768.4221,256.80217391304336
2263,354.9661003771623,85.0,85.0,0.0,830.5520999172084,243.4608695652173
2264,354.9661,85.0,85.0,0.0,878.2321,230.11956521739123
2265,350.79999999999995,85.0,85.0,0.0,904.036,216.77826086956514
2266,346.91790066971396,85.0,85.0,0.0,910.373900669714,203.43695652173906
2267,343.5842773702832,85.0,85.0,0.0,896.8202769103292,190.09565217391298
2268,309.97279722087205,85.0,85.0,0.0,872.347997220872,176.7543478260869
2269,276.53053861804665,85.0,85.0,0.0,831.6183386180467,163.41304347826082
2270,271.1628877522395,85.0,85.0,0.0,770.3237872922856,150.07173913043474
2271,232.03539605160057,85.0,85.0,0.0,708.8933760516006,136.73043478260865
2272,200.0332656080014,85.0,85.0,0.0,641.0580056080014,123.38913043478257
2273,187.00990466841864,85.0,85.0,0.0,568.8311042084647,110.04782608695649
2274,151.2439921306414,85.0,85.0,0.0,507.7731916706874,96.70652173913041
2275,159.06147763353567,85.0,85.0,0.0,446.45027763353573,83.36521739130433
2276,195.13889410705093,85.0,85.0,0.0,393.696094107051,70.02391304347825
2277,204.62170364832593,85.0,85.0,0.0,361.644503648326,56.68260869565216
2278,234.37146801053308,85.0,85.0,0.0,344.8940684704871,43.34130434782608
2279,285.55373436778916,85.0,85.0,0.0,343.87893390783523,30.0
2280,315.53727892905863,85.0,72.726,0.0,369.9614789290587,30.0
2281,367.24008504399455,85.0,72.726,0.0,406.2920845840406,30.0
2282,367.24009900845635,85.0,72.726,0.0,468.4220985485024,30.0
2283,367.2401003771623,85.0,72.726,0.0,540.7720999172084,30.0
2284,430.4461003771622,85.0,9.520000000000113,0.0,618.4220999172084,98.70217391304335
2285,439.9661,85.0,0.0,0.0,696.0721,177.75217391304335
2286,439.9661003771623,85.0,0.0,0.0,768.4220999172084,256.80217391304336
2287,354.96609962283765,85.0,85.0,0.0,830.5521000827918,243.4608695652173
2288,354.96609962283765,85.0,85.0,0.0,878.2321000827917,230.11956521739123
2289,350.79999999999995,85.0,85.0,0.0,904.036,216.77826086956514
2290,346.91790029945093,85.0,85.0,0.0,910.3739007594049,203.43695652173906
2291,341.35757885589805,85.0,85.0,0.0,897.381178855898,190.09565217391298
2292,296.0787307491273,85.0,85.0,0.0,875.9523312090814,176.7543478260869
2293,296.1140340823051,85.0,85.0,0.0,826.4446340823051,163.41304347826082
2294,251.6134210773091,85.0,85.0,0.0,775.5204810773091,150.07173913043474
2295,213.19092100937416,85.0,85.0,0.0,713.8718410093742,136.73043478260865
2296,203.46404808970692,85.0,85.0,0.0,640.168008089707,123.38913043478257
2297,170.1884128506391,85.0,85.0,0.0,573.0684133105932,110.04782608695649
2298,159.49797868212966,85.0,85.0,0.0,505.77377868212966,96.70652173913041
2299,179.24861426821138,85.0,85.0,0.0,441.7836147281654,83.36521739130433
2300,187.18374616080536,85.0,85.0,0.0,395.4423461608054,70.02391304347825
2301,218.08774325481255,85.0,85.0,0.0,358.6885437147666,56.68260869565216
2302,268.1384128058485,85.0,85.0,0.0,337.48181234589447,43.34130434782608
2303,265.45651847676885,85.0,85.0,0.0,348.2905180168149,30.0
2304,343.7450312910253,85.0,42.50400000000002,0.0,370.4036308310715,62.84999999999998
2305,420.71756846265833,85.0,0.0,0.0,410.51736846265845,141.89999999999998
2306,439.96609900845635,85.0,0.0,0.0,468.4220985485024,220.95
2307,439.9661,85.0,0.0,0.0,540.7721,300.0
2308,367.24009962283765,85.0,72.72600000000001,0.0,618.4221000827918,300.0
2309,367.24009962283765,85.0,72.72600000000001,0.0,696.0721000827917,300.0
2310,367.2401003771623,85.0,72.72600000000001,0.0,768.4220999172084,300.0
2311,354.9661,85.0,85.0,0.0,830.5521,286.65869565217395
2312,354.9661,85.0,85.0,0.0,878.2321,273.3173913043479
2313,350.79999999999995,85.0,85.0,0.0,904.036,259.97608695652184
2314,346.91790066971396,85.0,85.0,0.0,910.373900669714,246.63478260869576
2315,343.584277002878,85.0,85.0,0.0,896.820277002878,233.29347826086968
2316,285.9091074917271,85.0,85.0,0.0,878.5904874917271,219.9521739130436
2317,281.09347122900533,85.0,85.0,0.0,830.4128712290054,206.6108695652175
2318,265.5603499775829,85.0,85.0,0.0,771.813069517629,193.26956521739143
2319,219.24281057863226,85.0,85.0,0.0,712.2730105786322,179.92826086956535
2320,193.25388163664616,85.0,85.0,0.0,642.8166816366462,166.58695652173927
2321,166.44050563730406,85.0,85.0,0.0,574.0125056373041,153.2456521739132
2322,171.59567956744195,85.0,85.0,0.0,502.843279567442,139.9043478260871
2323,165.91008473230755,85.0,85.0,0.0,444.8670842723536,126.56304347826102
2324,177.76883460158587,85.0,85.0,0.0,397.50903414163196,113.22173913043494
2325,222.9762556260389,85.0,85.0,0.0,357.61545562603897,99.88043478260886
2326,221.53912437211773,85.0,85.0,0.0,347.7109243721178,86.53913043478278
2327,286.7305976070829,85.0,85.0,0.0,343.620598067037,73.1978260869567
2328,382.2771145067368,85.0,0.0,0.0,371.2755149666908,152.2478260869567
2329,419.2125400695319,85.0,0.0,0.0,410.8477405294859,231.29782608695672
2330,430.44609900845614,85.0,9.520000000000191,0.0,468.4220985485024,300.0
2331,367.2401,85.0,72.72600000000001,0.0,540.7721,300.0
2332,367.2401003771623,85.0,72.72600000000001,0.0,618.4220999172084,300.0
2333,367.2401,85.0,72.72600000000001,0.0,696.0721,300.0
2334,367.24009962283765,85.0,72.72600000000001,0.0,768.4221000827918,300.0
2335,354.9661,85.0,85.0,0.0,830.5521,286.65869565217395
2336,354.9661003771623,85.0,85.0,0.0,878.2320999172083,273.3173913043479
2337,350.799999626409,85.0,85.0,0.0,904.0360000863631,259.97608695652184
2338,346.91790066971396,85.0,85.0,0.0,910.373900669714,246.63478260869576
2339,343.58427663547275,85.0,85.0,0.0,896.8202770954268,233.29347826086968
2340,327.74580607323446,85.0,85.0,0.0,867.7374060732344,219.9521739130436
2341,277.50425533789723,85.0,85.0,0.0,831.3610953378973,206.6108695652175
2342,246.9081182619575,85.0,85.0,0.0,776.7712578020034,193.26956521739143
2343,214.65258806390727,85.0,85.0,0.0,713.4856876039532,179.92826086956535
2344,178.60374975421735,85.0,85.0,0.0,646.6171502141714,166.58695652173927
2345,192.86325408152237,85.0,85.0,0.0,567.3566540815224,153.2456521739132
2346,167.89638260251178,85.0,85.0,0.0,503.7393826025118,139.9043478260871
2347,171.04373756394904,85.0,85.0,0.0,443.68033710399504,126.56304347826102
2348,195.96496210146904,85.0,85.0,0.0,393.51476210146916,113.22173913043494
2349,246.10615959795325,85.0,85.0,0.0,352.5381595979534,99.88043478260886
2350,188.98299233259684,85.0,85.0,0.0,354.8573923325969,86.53913043478278
2351,311.8634334707971,85.0,85.0,0.0,338.10363393075113,73.1978260869567
2352,355.4808266817477,85.0,0.0,0.0,377.15762668174784,152.2478260869567
2353,439.96608466683233,85.0,0.0,0.0,406.29208466683235,231.29782608695672
2354,430.44609900845614,85.0,9.520000000000191,0.0,468.4220985485024,300.0
2355,367.24009999999987,85.0,72.72600000000001,0.0,540.7721,300.0
2356,367.2401,85.0,72.72600000000001,0.0,618.4221,300.0
2357,367.2401003771623,85.0,72.72600000000001,0.0,696.0720999172083,300.0
2358,367.2401,85.0,72.72600000000001,0.0,768.4221,300.0
2359,354.9661,85.0,85.0,0.0,830.5521,286.65869565217395
2360,354.9661,85.0,85.0,0.0,878.2321,273.3173913043479
2361,350.79999999999995,85.0,85.0,0.0,904.036,259.97608695652184
2362,346.91790066971396,85.0,85.0,0.0,910.373900669714,246.63478260869576
2363,335.1073914829394,85.0,85.0,0.0,898.9555914829394,233.29347826086968
2364,285.2308400192637,85.0,85.0,0.0,878.7664404792177,219.9521739130436
2365,281.0912880076604,85.0,85.0,0.0,830.4134480076605,206.6108695652175
2366,253.88866810365323,85.0,85.0,0.0,774.9156685636073,193.26956521739143
2367,233.564742604005,85.0,85.0,0.0,708.4893426040051,179.92826086956535
2368,184.53721774588644,85.0,85.0,0.0,645.0779177458865,166.58695652173927
2369,176.59292624547902,85.0,85.0,0.0,571.4551257855251,153.2456521739132
2370,185.35973006669417,85.0,85.0,0.0,499.50913052664816,139.9043478260871
2371,185.15567842647403,85.0,85.0,0.0,440.41807796652006,126.56304347826102
2372,201.74743806239587,85.0,85.0,0.0,392.2454380623959,113.22173913043494
2373,216.36771201122565,85.0,85.0,0.0,359.06611155127166,99.88043478260886
2374,228.74741638086817,85.0,85.0,0.0,346.1286163808682,86.53913043478278
2375,267.9799857087604,85.0,85.0,0.0,347.7365861687145,73.1978260869567
2376,409.75236271400996,85.0,0.0,0.0,365.2443631739641,152.2478260869567
2377,394.99630018982634,85.0,0.0,0.0,416.1635001898264,231.29782608695672
2378,430.44609900845614,85.0,9.520000000000191,0.0,468.4220985485024,300.0
2379,364.32009962283746,85.0,75.64600000000021,0.0,540.7721000827918,296.8260869565215
2380,354.96609999999987,85.0,85.0,0.0,618.4221,283.48478260869547
2381,354.9661,85.0,85.0,0.0,696.0721,270.1434782608694
2382,354.9661,85.0,85.0,0.0,768.4221,256.80217391304336
2383,354.96609962283765,85.0,85.0,0.0,830.5521000827918,243.4608695652173
2384,354.9661003771623,85.0,85.0,0.0,878.2320999172083,230.11956521739123
2385,350.799999626409,85.0,85.0,0.0,904.0360000863631,216.77826086956514
2386,346.91790029945093,85.0,85.0,0.0,910.373900759405,203.43695652173906
2387,343.58427663547275,85.0,85.0,0.0,896.8202770954268,190.09565217391298
2388,273.1995437583852,85.0,85.0,0.0,881.8875432984312,176.7543478260869
2389,290.97473103627794,85.0,85.0,0.0,827.8023710362779,163.41304347826082
2390,247.05311486130165,85.0,85.0,0.0,776.7327144013476,150.07173913043474
2391,233.3289543348755,85.0,85.0,0.0,708.5516347948295,136.73043478260865
2392,198.502508027847,85.0,85.0,0.0,641.455107567893,123.38913043478257
2393,144.11840901671928,85.0,85.0,0.0,579.6354090167193,110.04782608695649
2394,167.95192760198518,85.0,85.0,0.0,503.7259276019852,96.70652173913041
2395,178.83388722963912,85.0,85.0,0.0,441.87948722963915,83.36521739130433
2396,178.62884984144995,85.0,85.0,0.0,397.3202503014041,70.02391304347825
2397,231.3614119930195,85.0,85.0,0.0,355.77481153306553,56.68260869565216
2398,247.30565678055888,85.0,85.0,0.0,342.0548563206049,43.34130434782608
2399,287.2963983583394,85.0,85.0,0.0,343.4963978983854,30.0
2400,394.9276482021346,85.0,0.0,0.0,368.49856866213474,109.05
2401,417.0489212237441,85.0,0.0,0.0,411.32268122374415,188.1
2402,342.6552851570655,85.0,72.48200000000001,0.0,473.87232469706555,188.36521739130433
2403,322.99613534670783,85.0,85.0,0.0,547.7898953467079,175.02391304347825
2404,318.15515032664604,85.0,85.0,0.0,626.5025503266461,161.68260869565216
2405,325.2359486713253,85.0,85.0,0.0,702.5982291313253,148.34130434782608
2406,317.8631975133745,85.0,85.0,0.0,776.5666375133745,135.0
