Hour,G,Pc,Pd,S,Q,SOC
0,389.9319833731676,90.0,0.0,0.0,381.37848292321263,227.7
1,448.2364514471877,90.0,0.0,0.0,418.7694518971427,311.4
2,382.56400038383026,90.0,69.09199999999997,0.0,480.29600083378523,320.0
3,374.65200000000004,90.0,77.00399999999999,0.0,552.6460000000001,320.0
4,374.6520003824618,90.0,77.00399999999999,0.0,630.2959999325068,320.0
5,374.6519996175383,90.0,77.00399999999999,0.0,707.9460000674933,320.0
6,374.65200000000004,90.0,77.00399999999999,0.0,780.296,320.0
7,361.6559996175383,90.0,90.0,0.0,842.4260000674933,305.8739130434783
8,361.6559996175382,90.0,90.0,0.0,890.1060000674931,291.7478260869566
9,357.53020000000004,90.0,90.0,0.0,915.9502,277.6217391304349
10,353.68560145690867,90.0,90.0,0.0,922.3256014569087,263.4956521739132
11,350.384162886259,90.0,90.0,0.0,908.804163336214,249.36956521739145
12,307.4920429762218,90.0,90.0,0.0,884.9200434261767,235.24347826086972
13,273.90664603031485,90.0,90.0,0.0,842.8005964802699,221.117391304348
14,256.395798855712,90.0,90.0,0.0,783.961899305667,206.99130434782626
15,219.9362965623485,90.0,90.0,0.0,720.0857970123035,192.86521739130453
16,191.53387849899525,90.0,90.0,0.0,649.8745284989952,178.7391304347828
17,195.71264553642715,90.0,90.0,0.0,573.3266450864721,164.61304347826106
18,153.06891988273657,90.0,90.0,0.0,511.9684194327815,150.48695652173933
19,193.81101682887225,90.0,90.0,0.0,444.70751727882725,136.3608695652176
20,212.6645979772602,90.0,90.0,0.0,396.77859797726023,122.23478260869587
21,229.02795055291858,90.0,90.0,0.0,363.9209505529186,108.10869565217413
22,270.0855021390606,90.0,90.0,0.0,346.4555025890156,93.9826086956524
23,288.0324137026896,90.0,90.0,0.0,353.50841325273456,79.85652173913067
24,391.1712830161023,90.0,0.0,0.0,381.1597830161023,163.5565217391307
25,451.65600146114593,90.0,0.0,0.0,418.1660019111009,247.25652173913068
26,441.5760011487536,90.0,10.080000000000211,0.0,480.2960006987988,320.0
27,374.65200000000004,90.0,77.00399999999999,0.0,552.6460000000001,320.0
28,374.65200000000004,90.0,77.00399999999999,0.0,630.296,320.0
29,374.6519996175383,90.0,77.00399999999999,0.0,707.9460000674933,320.0
30,374.6519996175382,90.0,77.00399999999999,0.0,780.2960000674932,320.0
31,361.65600000000006,90.0,90.0,0.0,842.426,305.8739130434783
32,361.6559996175382,90.0,90.0,0.0,890.1060000674931,291.7478260869566
33,357.530199621032,90.0,90.0,0.0,915.950200070987,277.6217391304349
34,353.6856010811962,90.0,90.0,0.0,922.3256015311512,263.4956521739132
35,339.3074274454922,90.0,90.0,0.0,911.0924274454921,249.36956521739145
36,303.353818782875,90.0,90.0,0.0,885.8038187828748,235.24347826086972
37,280.59793682290444,90.0,90.0,0.0,841.3419363729494,221.117391304348
38,259.90720323708956,90.0,90.0,0.0,783.1911032370895,206.99130434782626
39,230.70753368599298,90.0,90.0,0.0,717.737733685993,192.86521739130453
40,176.68521656781667,90.0,90.0,0.0,653.0456665678166,178.7391304347828
41,147.72240910020656,90.0,90.0,0.0,583.2406086502516,164.61304347826106
42,178.0825972135625,90.0,90.0,0.0,507.0255972135625,150.48695652173933
43,162.38384513528518,90.0,90.0,0.0,450.59434468533016,136.3608695652176
44,187.2015727649706,90.0,90.0,0.0,401.2720732149256,122.23478260869587
45,210.5761509034009,90.0,90.0,0.0,367.1771504534459,108.10869565217413
46,240.76687731621683,90.0,90.0,0.0,351.6293773162168,93.9826086956524
47,279.15076300727685,90.0,90.0,0.0,355.07576300727686,79.85652173913067
48,310.0414578154132,90.0,90.0,0.0,379.5944582653682,65.73043478260894
49,341.1731271424607,90.0,90.0,0.0,421.7806266925057,51.604347826087206
50,361.65600114875383,90.0,90.0,0.0,480.2960006987987,37.478260869565474
51,369.6120003824616,90.0,82.04400000000024,0.0,552.6459999325068,32.0
52,441.5759999999999,90.0,10.080000000000133,0.0,630.296,104.74347826086942
53,451.6560003824618,90.0,0.0,0.0,707.9459999325068,188.44347826086943
54,451.65600000000006,90.0,0.0,0.0,780.296,272.1434782608694
55,361.6560003824618,90.0,90.0,0.0,842.4259999325068,258.0173913043477
56,361.6560003824618,90.0,90.0,0.0,890.1059999325067,243.89130434782598
57,357.530199621032,90.0,90.0,0.0,915.950200070987,229.76521739130425
58,353.6856010811962,90.0,90.0,0.0,922.3256015311512,215.63913043478252
59,334.4739427267939,90.0,90.0,0.0,912.0909427267939,201.51304347826078
60,303.60522667863313,90.0,90.0,0.0,885.750127128588,187.38695652173905
61,282.4001623317962,90.0,90.0,0.0,840.9490623317962,173.26086956521732
62,266.97429089311197,90.0,90.0,0.0,781.6397913430669,159.1347826086956
63,233.46961699341978,90.0,90.0,0.0,717.1356165434647,145.00869565217386
64,194.33051740332417,90.0,90.0,0.0,649.2772674033241,130.88260869565212
65,173.77175752690135,90.0,90.0,0.0,577.8592579768564,116.75652173913039
66,184.4402876417705,90.0,90.0,0.0,505.76928719181547,102.63043478260866
67,143.78223289735917,90.0,90.0,0.0,454.07873334731414,88.50434782608693
68,215.55629795793465,90.0,90.0,0.0,396.2682979579347,74.3782608695652
69,213.3416259081938,90.0,90.0,0.0,366.68912545823883,60.252173913043464
70,240.03247731107416,90.0,90.0,0.0,351.7589773110741,46.12608695652173
71,306.13996434072135,90.0,90.0,0.0,350.31296389076635,32.0
72,315.05085803420894,90.0,77.004,0.0,381.00385803420903,32.0
73,374.6520014611459,90.0,77.004,0.0,418.1660019111009,32.0
74,374.6520003838302,90.0,77.004,0.0,480.29600083378523,32.0
75,374.65200000000004,90.0,77.004,0.0,552.6460000000001,32.0
76,441.57600038246164,90.0,10.080000000000133,0.0,630.2959999325068,104.74347826086942
77,451.6559996175383,90.0,0.0,0.0,707.9460000674933,188.44347826086943
78,451.6560003824618,90.0,0.0,0.0,780.2959999325068,272.1434782608694
79,361.6560003824618,90.0,90.0,0.0,842.4259999325068,258.0173913043477
80,361.6560003824618,90.0,90.0,0.0,890.1059999325067,243.89130434782598
81,357.53020000000004,90.0,90.0,0.0,915.9502,229.76521739130425
82,353.68560145690867,90.0,90.0,0.0,922.3256014569087,215.63913043478252
83,333.6347960742421,90.0,90.0,0.0,912.2642960742421,201.51304347826078
84,295.17748799086655,90.0,90.0,0.0,887.5499879908665,187.38695652173905
85,287.0121315074839,90.0,90.0,0.0,839.9436815074839,173.26086956521732
86,271.5373452782077,90.0,90.0,0.0,780.6381452782076,159.1347826086956
87,237.34007992259677,90.0,90.0,0.0,716.2918794726418,145.00869565217386
88,181.35406876097045,90.0,90.0,0.0,652.0485683110154,130.88260869565212
89,167.59563831753985,90.0,90.0,0.0,579.1351387674948,116.75652173913039
90,199.1396270117184,90.0,90.0,0.0,502.8646274616733,102.63043478260866
91,179.04115576987772,90.0,90.0,0.0,447.4741557698777,88.50434782608693
92,210.18599799382503,90.0,90.0,0.0,397.215997993825,74.3782608695652
93,232.01145055808945,90.0,90.0,0.0,363.39445055808943,60.252173913043464
94,212.95147712143762,90.0,90.0,0.0,356.5379771214376,46.12608695652173
95,273.8034128188593,90.0,90.0,0.0,356.01941281885934,32.0
96,308.6937079039347,90.0,77.004,0.0,382.1257079039347,32.0
97,374.13562684149986,90.0,77.004,0.0,418.2571268414998,32.0
98,374.6520003838302,90.0,77.004,0.0,480.29600083378523,32.0
99,374.65200000000004,90.0,77.004,0.0,552.6460000000001,32.0
100,441.57600038246164,90.0,10.080000000000133,0.0,630.2959999325067,104.74347826086942
101,451.65600000000006,90.0,0.0,0.0,707.946,188.44347826086943
102,451.65600000000006,90.0,0.0,0.0,780.296,272.1434782608694
103,361.6559996175383,90.0,90.0,0.0,842.4260000674933,258.0173913043477
104,361.6559996175382,90.0,90.0,0.0,890.1060000674931,243.89130434782598
105,357.53020000000004,90.0,90.0,0.0,915.9502,229.76521739130425
106,353.6856010811962,90.0,90.0,0.0,922.3256015311512,215.63913043478252
107,350.3841636320925,90.0,90.0,0.0,908.8041631821375,201.51304347826078
108,304.58861159636194,90.0,90.0,0.0,885.5401115963618,187.38695652173905
109,258.6187607046094,90.0,90.0,0.0,846.1332611545644,173.26086956521732
110,244.8796781839601,90.0,90.0,0.0,786.4898281839601,159.1347826086956
111,229.0970575588184,90.0,90.0,0.0,718.0888075588183,145.00869565217386
112,180.29726334197596,90.0,90.0,0.0,652.2742637919309,130.88260869565212
113,172.0039552894392,90.0,90.0,0.0,578.2244557393942,116.75652173913039
114,179.66074760230572,90.0,90.0,0.0,506.7137471523507,102.63043478260866
115,162.59987852044395,90.0,90.0,0.0,450.55387807048896,88.50434782608693
116,172.75454862644511,90.0,90.0,0.0,403.8215481764901,74.3782608695652
117,216.0726751480036,90.0,90.0,0.0,366.2071755979586,60.252173913043464
118,248.94855237350953,90.0,90.0,0.0,350.1855523735095,46.12608695652173
119,278.68028760823756,90.0,90.0,0.0,355.15878805819256,32.0
120,356.9854578154132,90.0,43.05599999999998,0.0,379.5944582653682,68.90000000000002
121,451.65600146114593,90.0,0.0,0.0,418.1660019111009,152.60000000000002
122,451.6560007662921,90.0,0.0,0.0,480.2960007662921,236.3
123,451.65600000000006,90.0,0.0,0.0,552.6460000000001,320.0
124,374.6519996175382,90.0,77.00399999999999,0.0,630.2960000674932,320.0
125,374.65200000000004,90.0,77.00399999999999,0.0,707.946,320.0
126,374.6520003824618,90.0,77.00399999999999,0.0,780.2959999325067,320.0
127,361.6559996175383,90.0,90.0,0.0,842.4260000674933,305.8739130434783
128,361.65600000000006,90.0,90.0,0.0,890.106,291.7478260869566
129,357.53020000000004,90.0,90.0,0.0,915.9502,277.6217391304349
130,353.68560183262116,90.0,90.0,0.0,922.325601382666,263.4956521739132
131,322.2783450826248,90.0,90.0,0.0,914.6103446326697,249.36956521739145
132,309.30529802946194,90.0,90.0,0.0,884.5327975795069,235.24347826086972
133,288.4508087461388,90.0,90.0,0.0,839.6300587461387,221.117391304348
134,255.04083085092157,90.0,90.0,0.0,784.2593313008765,206.99130434782626
135,231.90569208702834,90.0,90.0,0.0,717.4765425369833,192.86521739130453
136,206.04992469249908,90.0,90.0,0.0,646.774425142454,178.7391304347828
137,180.38423298475055,90.0,90.0,0.0,576.4932334347055,164.61304347826106
138,141.84150979003164,90.0,90.0,0.0,514.1870093400767,150.48695652173933
139,163.21386776245356,90.0,90.0,0.0,450.4388677624536,136.3608695652176
140,180.87884857214954,90.0,90.0,0.0,402.38784812219455,122.23478260869587
141,210.89745052149595,90.0,90.0,0.0,367.120450521496,108.10869565217413
142,241.42095232079703,90.0,90.0,0.0,351.513952320797,93.9826086956524
143,282.5473627444966,90.0,90.0,0.0,354.47636319445155,79.85652173913067
144,382.7256828430303,90.0,0.0,0.0,382.6501828430303,163.5565217391307
145,421.5800271033028,90.0,0.0,0.0,423.4735266533478,247.25652173913068
146,441.57600038383003,90.0,10.080000000000211,0.0,480.29600083378523,320.0
147,374.6520003824618,90.0,77.00399999999999,0.0,552.6459999325068,320.0
148,374.6520003824618,90.0,77.00399999999999,0.0,630.2959999325068,320.0
149,374.6520003824618,90.0,77.00399999999999,0.0,707.9459999325068,320.0
150,374.65200000000004,90.0,77.00399999999999,0.0,780.296,320.0
151,361.6559996175383,90.0,90.0,0.0,842.4260000674933,305.8739130434783
152,361.6559996175382,90.0,90.0,0.0,890.1060000674931,291.7478260869566
153,357.53020000000004,90.0,90.0,0.0,915.9502,277.6217391304349
154,353.68560183262105,90.0,90.0,0.0,922.325601382666,263.4956521739132
155,350.384162886259,90.0,90.0,0.0,908.804163336214,249.36956521739145
156,310.195238054396,90.0,90.0,0.0,884.3427385043509,235.24347826086972
157,282.5265180211011,90.0,90.0,0.0,840.9215175711461,221.117391304348
158,263.20274224874095,90.0,90.0,0.0,782.4676922487408,206.99130434782626
159,239.5546227755379,90.0,90.0,0.0,715.8091227755378,192.86521739130453
160,186.9940680898598,90.0,90.0,0.0,650.8440680898598,178.7391304347828
161,171.84731495777078,90.0,90.0,0.0,578.2568149577708,164.61304347826106
162,169.65076751965313,90.0,90.0,0.0,508.69176706969813,150.48695652173933
163,171.36628550765687,90.0,90.0,0.0,448.9117855076569,136.3608695652176
164,180.93622357176605,90.0,90.0,0.0,402.3777231218111,122.23478260869587
165,232.9983009422615,90.0,90.0,0.0,363.22030049230654,108.10869565217413
166,258.3695274394805,90.0,90.0,0.0,348.52302743948053,93.9826086956524
167,278.48521260136397,90.0,90.0,0.0,355.193213051319,79.85652173913067
168,388.42875834236264,90.0,0.0,0.0,381.64375789240773,163.5565217391307
169,443.8644768118036,90.0,0.0,0.0,419.54097681180355,247.25652173913068
170,441.5760011487536,90.0,10.080000000000211,0.0,480.2960006987988,320.0
171,374.6519996175383,90.0,77.00399999999999,0.0,552.6460000674933,320.0
172,374.65200000000004,90.0,77.00399999999999,0.0,630.296,320.0
173,374.6519996175383,90.0,77.00399999999999,0.0,707.9460000674933,320.0
174,374.6520003824618,90.0,77.00399999999999,0.0,780.2959999325068,320.0
175,361.6560003824618,90.0,90.0,0.0,842.4259999325068,305.8739130434783
176,361.6560003824618,90.0,90.0,0.0,890.1059999325067,291.7478260869566
177,357.53020037896806,90.0,90.0,0.0,915.950199929013,277.6217391304349
178,353.68560183262105,90.0,90.0,0.0,922.325601382666,263.4956521739132
179,335.34665487253096,90.0,90.0,0.0,911.9106553224859,249.36956521739145
180,315.557131543192,90.0,90.0,0.0,883.197631543192,235.24347826086972
181,303.3263770816527,90.0,90.0,0.0,836.3872766316977,221.117391304348
182,262.41566487699504,90.0,90.0,0.0,782.64046532695,206.99130434782626
183,227.62512893054026,90.0,90.0,0.0,718.4096789305403,192.86521739130453
184,204.5036533270345,90.0,90.0,0.0,647.1046528770795,178.7391304347828
185,184.46807992572326,90.0,90.0,0.0,575.6495803756783,164.61304347826106
186,167.64426212737305,90.0,90.0,0.0,509.088262127373,150.48695652173933
187,168.0803043965779,90.0,90.0,0.0,449.52730394662285,136.3608695652176
188,207.85657262693104,90.0,90.0,0.0,397.627073076886,122.23478260869587
189,238.64400095204633,90.0,90.0,0.0,362.2240005020913,108.10869565217413
190,252.96480201917183,90.0,90.0,0.0,349.4768024691268,93.9826086956524
191,275.8230125075596,90.0,90.0,0.0,355.6630129575145,79.85652173913067
192,385.18133327581467,90.0,0.0,0.0,382.2168328258596,163.5565217391307
193,431.08132637716255,90.0,0.0,0.0,421.79682682711746,247.25652173913068
194,441.5760011487536,90.0,10.080000000000211,0.0,480.2960006987988,320.0
195,374.6520003824618,90.0,77.00399999999999,0.0,552.6459999325068,320.0
196,374.65200000000004,90.0,77.00399999999999,0.0,630.296,320.0
197,374.65200000000004,90.0,77.00399999999999,0.0,707.946,320.0
198,374.6520003824618,90.0,77.00399999999999,0.0,780.2959999325067,320.0
199,361.6559996175383,90.0,90.0,0.0,842.4260000674933,305.8739130434783
200,361.6559996175382,90.0,90.0,0.0,890.1060000674931,291.7478260869566
201,357.53020000000004,90.0,90.0,0.0,915.9502,277.6217391304349
202,353.68560145690867,90.0,90.0,0.0,922.3256014569087,263.4956521739132
203,327.5369966927824,90.0,90.0,0.0,913.5239971427374,249.36956521739145
204,298.5036412348031,90.0,90.0,0.0,886.8396416847581,235.24347826086972
205,278.5806844859444,90.0,90.0,0.0,841.7816849358994,221.117391304348
206,258.1747482309645,90.0,90.0,0.0,783.5713982309645,206.99130434782626
207,225.30750673842016,90.0,90.0,0.0,718.9149062884651,192.86521739130453
208,185.95951230270538,90.0,90.0,0.0,651.0650118527503,178.7391304347828
209,168.4124080786512,90.0,90.0,0.0,578.9664080786512,164.61304347826106
210,151.2427748676581,90.0,90.0,0.0,512.3292744177031,150.48695652173933
211,164.3622561362131,90.0,90.0,0.0,450.2237556862581,136.3608695652176
212,176.1281978389751,90.0,90.0,0.0,403.22619828893016,122.23478260869587
213,238.2882759514298,90.0,90.0,0.0,362.2867755014748,108.10869565217413
214,251.40420239070534,90.0,90.0,0.0,349.75220239070535,93.9826086956524
215,286.66688788965087,90.0,90.0,0.0,353.74938833960584,79.85652173913067
216,331.235783632201,90.0,90.0,0.0,375.854283632201,65.73043478260894
217,361.65600146114593,90.0,90.0,0.0,418.1660019111009,51.604347826087206
218,361.65600038383025,90.0,90.0,0.0,480.29600083378523,37.478260869565474
219,369.6119996175381,90.0,82.04400000000024,0.0,552.6460000674933,32.0
220,441.57600038246164,90.0,10.080000000000133,0.0,630.2959999325067,104.74347826086942
221,451.6559996175383,90.0,0.0,0.0,707.9460000674933,188.44347826086943
222,451.6560003824618,90.0,0.0,0.0,780.2959999325068,272.1434782608694
223,361.65600000000006,90.0,90.0,0.0,842.426,258.0173913043477
224,361.65600000000006,90.0,90.0,0.0,890.106,243.89130434782598
225,357.53020000000004,90.0,90.0,0.0,915.9502,229.76521739130425
226,353.6856010811962,90.0,90.0,0.0,922.3256015311512,215.63913043478252
227,324.9076712606203,90.0,90.0,0.0,914.0671708106653,201.51304347826078
228,301.6740555861494,90.0,90.0,0.0,886.1625555861493,187.38695652173905
229,273.70381249050456,90.0,90.0,0.0,842.8448129404595,173.26086956521732
230,258.9275086025889,90.0,90.0,0.0,783.4061581526339,159.1347826086956
231,231.03783092336266,90.0,90.0,0.0,717.6657309233626,145.00869565217386
232,189.39690856936272,90.0,90.0,0.0,650.3309081194077,130.88260869565212
233,173.14519470856038,90.0,90.0,0.0,577.9886951585154,116.75652173913039
234,161.62474707766984,90.0,90.0,0.0,510.2777470776698,102.63043478260866
235,174.24294096268693,90.0,90.0,0.0,448.37294051273193,88.50434782608693
236,177.29864859607642,90.0,90.0,0.0,403.0196481461214,74.3782608695652
237,206.05500089556517,90.0,90.0,0.0,367.97500044561014,60.252173913043464
238,225.68872759309284,90.0,90.0,0.0,354.2902271431378,46.12608695652173
239,256.0630618113043,90.0,90.0,0.0,359.15006226125934,32.0
240,338.06970888838595,90.0,77.004,0.0,376.941708438431,32.0
241,344.93175133983124,90.0,77.004,0.0,423.4107517897862,32.0
242,374.6520007662921,90.0,77.004,0.0,480.2960007662921,32.0
243,374.6519996175383,90.0,77.004,0.0,552.6460000674933,32.0
244,441.57600038246164,90.0,10.080000000000133,0.0,630.2959999325067,104.74347826086942
245,451.6560003824618,90.0,0.0,0.0,707.9459999325068,188.44347826086943
246,451.6560003824618,90.0,0.0,0.0,780.2959999325068,272.1434782608694
247,361.65600000000006,90.0,90.0,0.0,842.426,258.0173913043477
248,361.65600000000006,90.0,90.0,0.0,890.106,243.89130434782598
249,357.530199621032,90.0,90.0,0.0,915.950200070987,229.76521739130425
250,353.68560145690867,90.0,90.0,0.0,922.3256014569087,215.63913043478252
251,332.3704821573142,90.0,90.0,0.0,912.5254817073592,201.51304347826078
252,303.34269452329386,90.0,90.0,0.0,885.8061945232938,187.38695652173905
253,289.1989652454391,90.0,90.0,0.0,839.4669652454392,173.26086956521732
254,243.0188108084178,90.0,90.0,0.0,786.8983112583728,159.1347826086956
255,236.88342699681033,90.0,90.0,0.0,716.3914269968103,145.00869565217386
256,188.01638793281847,90.0,90.0,0.0,650.6257374828634,130.88260869565212
257,161.31882188529022,90.0,90.0,0.0,580.4318218852902,116.75652173913039
258,181.01344686205016,90.0,90.0,0.0,506.44644731200515,102.63043478260866
259,177.32425848780542,90.0,90.0,0.0,447.7957589377604,88.50434782608693
260,199.37654768360392,90.0,90.0,0.0,399.123548133559,74.3782608695652
261,217.64475053319,90.0,90.0,0.0,365.92975053319,60.252173913043464
262,223.89862758055756,90.0,90.0,0.0,354.60612713060254,46.12608695652173
263,278.71471299191234,90.0,90.0,0.0,355.1527129919123,32.0
264,329.0962579395735,90.0,77.004,0.0,378.5252583895285,32.0
265,364.7720264208169,90.0,77.004,0.0,419.90952687077197,32.0
266,374.6520007662921,90.0,77.004,0.0,480.2960007662921,32.0
267,374.65200000000004,90.0,77.004,0.0,552.6460000000001,32.0
268,441.57600038246164,90.0,10.080000000000133,0.0,630.2959999325068,104.74347826086942
269,451.6559996175383,90.0,0.0,0.0,707.9460000674933,188.44347826086943
270,451.6560003824618,90.0,0.0,0.0,780.2959999325068,272.1434782608694
271,361.6560003824618,90.0,90.0,0.0,842.4259999325068,258.0173913043477
272,361.6560003824618,90.0,90.0,0.0,890.1059999325066,243.89130434782598
273,357.53020000000004,90.0,90.0,0.0,915.9502,229.76521739130425
274,353.68560145690867,90.0,90.0,0.0,922.3256014569087,215.63913043478252
275,350.384162886259,90.0,90.0,0.0,908.804163336214,201.51304347826078
276,286.37819903309594,90.0,90.0,0.0,889.4291985831409,187.38695652173905
277,276.9314154169098,90.0,90.0,0.0,842.1412154169096,173.26086956521732
278,248.36562082732144,90.0,90.0,0.0,785.7246212772764,159.1347826086956
279,229.09705755881834,90.0,90.0,0.0,718.0888075588183,145.00869565217386
280,189.3112510276472,90.0,90.0,0.0,650.3492014776022,130.88260869565212
281,176.9493268514645,90.0,90.0,0.0,577.2028264015095,116.75652173913039
282,164.194876723179,90.0,90.0,0.0,509.769877173134,102.63043478260866
283,177.44933044763417,90.0,90.0,0.0,447.7723308975892,88.50434782608693
284,151.62907338516715,90.0,90.0,0.0,407.54957338516715,74.3782608695652
285,199.91587512000166,90.0,90.0,0.0,369.0583755699567,60.252173913043464
286,233.12452688023905,90.0,90.0,0.0,352.978027330194,46.12608695652173
287,277.23443755729204,90.0,90.0,0.0,355.41393800724705,32.0
288,305.2282578329187,90.0,77.004,0.0,382.7372578329188,32.0
289,374.65200184360765,90.0,77.004,0.0,418.16600184360766,32.0
290,451.65600114875383,90.0,0.0,0.0,480.2960006987987,115.7
291,451.6559996175383,90.0,0.0,0.0,552.6460000674933,199.4
292,451.6559996175382,90.0,0.0,0.0,630.2960000674932,283.1
293,408.6,90.0,43.05600000000001,0.0,707.946,320.0
294,374.6520003824618,90.0,77.00399999999999,0.0,780.2959999325067,320.0
295,361.6560003824618,90.0,90.0,0.0,842.4259999325068,305.8739130434783
296,361.65600000000006,90.0,90.0,0.0,890.106,291.7478260869566
297,357.5302003789682,90.0,90.0,0.0,915.950199929013,277.6217391304349
298,353.6856010811962,90.0,90.0,0.0,922.3256015311512,263.4956521739132
299,350.3841636320925,90.0,90.0,0.0,908.8041631821375,249.36956521739145
300,319.36162869065333,90.0,90.0,0.0,882.3851282406981,235.24347826086972
301,285.75190344866223,90.0,90.0,0.0,840.2184034486622,221.117391304348
302,258.50574160109784,90.0,90.0,0.0,783.4987411511428,206.99130434782626
303,222.26389528265838,90.0,90.0,0.0,719.5783948327033,192.86521739130453
304,167.9048383371611,90.0,90.0,0.0,654.9208383371611,178.7391304347828
305,164.33974938651767,90.0,90.0,0.0,579.8077498364727,164.61304347826106
306,157.8710049223875,90.0,90.0,0.0,511.01950447243246,150.48695652173933
307,184.1122556109945,90.0,90.0,0.0,446.5242551610395,136.3608695652176
308,196.95532346470867,90.0,90.0,0.0,399.55082301475375,122.23478260869587
309,205.4927255121289,90.0,90.0,0.0,368.0742255121289,108.10869565217413
310,222.1429521858015,90.0,90.0,0.0,354.91595218580153,93.9826086956524
311,296.259988610132,90.0,90.0,0.0,352.05648861013196,79.85652173913067
312,376.1964077092287,90.0,0.0,0.0,383.8024077092287,163.5565217391307
313,414.568801692222,90.0,0.0,0.0,424.71080169222193,247.25652173913068
314,441.5760007662919,90.0,10.080000000000211,0.0,480.2960007662921,320.0
315,374.6519996175383,90.0,77.00399999999999,0.0,552.6460000674933,320.0
316,374.6519996175382,90.0,77.00399999999999,0.0,630.2960000674932,320.0
317,374.65200000000004,90.0,77.00399999999999,0.0,707.946,320.0
318,374.65200000000004,90.0,77.00399999999999,0.0,780.296,320.0
319,361.6559996175383,90.0,90.0,0.0,842.4260000674933,305.8739130434783
320,361.6559996175382,90.0,90.0,0.0,890.1060000674931,291.7478260869566
321,357.53020037896806,90.0,90.0,0.0,915.950199929013,277.6217391304349
322,353.68560183262105,90.0,90.0,0.0,922.325601382666,263.4956521739132
323,346.92687905066236,90.0,90.0,0.0,909.5183790506624,249.36956521739145
324,324.3675451313152,90.0,90.0,0.0,881.3160451313151,235.24347826086972
325,278.5806844859444,90.0,90.0,0.0,841.7816849358994,221.117391304348
326,260.7053506088746,90.0,90.0,0.0,783.0159001589195,206.99130434782626
327,245.57090899820315,90.0,90.0,0.0,714.4976094481581,192.86521739130453
328,206.32803155733671,90.0,90.0,0.0,646.7150315573367,178.7391304347828
329,206.4089675623323,90.0,90.0,0.0,571.1169675623323,164.61304347826106
330,195.44224698118904,90.0,90.0,0.0,503.595247431144,150.48695652173933
331,176.66478815416286,90.0,90.0,0.0,447.9192886041178,136.3608695652176
332,175.57739784265618,90.0,90.0,0.0,403.3233982926112,122.23478260869587
333,219.4922255363919,90.0,90.0,0.0,365.60372553639195,108.10869565217413
334,246.92895235936714,90.0,90.0,0.0,350.5419523593671,93.9826086956524
335,292.18636384905676,90.0,90.0,0.0,352.7753633991018,79.85652173913067
336,368.59995755355794,90.0,0.0,0.0,385.142957553558,163.5565217391307
337,423.35865172810117,90.0,0.0,0.0,423.15965172810115,247.25652173913068
338,441.5760011487536,90.0,10.080000000000211,0.0,480.2960006987988,320.0
339,374.65200000000004,90.0,77.00399999999999,0.0,552.6460000000001,320.0
340,374.6520003824618,90.0,77.00399999999999,0.0,630.2959999325067,320.0
341,374.6520003824618,90.0,77.00399999999999,0.0,707.9459999325068,320.0
342,374.65200000000004,90.0,77.00399999999999,0.0,780.296,320.0
343,361.65600000000006,90.0,90.0,0.0,842.426,305.8739130434783
344,361.6560003824618,90.0,90.0,0.0,890.1059999325067,291.7478260869566
345,357.53020000000004,90.0,90.0,0.0,915.9502,277.6217391304349
346,353.68560145690867,90.0,90.0,0.0,922.3256014569087,263.4956521739132
347,340.3479692946564,90.0,90.0,0.0,910.8774692946564,249.36956521739145
348,308.9159489441282,90.0,90.0,0.0,884.6159484941732,235.24347826086972
349,283.5018924201893,90.0,90.0,0.0,840.7088919702342,221.117391304348
350,239.23287116399592,90.0,90.0,0.0,787.7293711639959,206.99130434782626
351,219.39319073609664,90.0,90.0,0.0,720.2041907360966,192.86521739130453
352,179.02909772903445,90.0,90.0,0.0,652.5450981789894,178.7391304347828
353,187.17572713653055,90.0,90.0,0.0,575.0902266865755,164.61304347826106
354,166.50573924225978,90.0,90.0,0.0,509.3132396922148,150.48695652173933
355,180.8149031848451,90.0,90.0,0.0,447.1419036348001,136.3608695652176
356,178.83629782087655,90.0,90.0,0.0,402.74829827083164,122.23478260869587
357,228.92467517027785,90.0,90.0,0.0,363.9391756202329,108.10869565217413
358,242.8553273308413,90.0,90.0,0.0,351.26082733084127,93.9826086956524
359,276.70658830361646,90.0,90.0,0.0,355.50708785366146,79.85652173913067
360,378.15863236697794,90.0,0.0,0.0,383.456132816933,163.5565217391307
361,443.87595142938864,90.0,0.0,0.0,419.53895187934364,247.25652173913068
362,441.5760007662919,90.0,10.080000000000211,0.0,480.2960007662921,320.0
363,374.65200000000004,90.0,77.00399999999999,0.0,552.6460000000001,320.0
364,374.6519996175382,90.0,77.00399999999999,0.0,630.2960000674932,320.0
365,374.6520003824618,90.0,77.00399999999999,0.0,707.9459999325068,320.0
366,374.6519996175382,90.0,77.00399999999999,0.0,780.2960000674932,320.0
367,361.6560003824619,90.0,90.0,0.0,842.4259999325068,305.8739130434783
368,361.6559996175382,90.0,90.0,0.0,890.1060000674931,291.7478260869566
369,357.530199621032,90.0,90.0,0.0,915.950200070987,277.6217391304349
370,353.6856010811962,90.0,90.0,0.0,922.3256015311512,263.4956521739132
371,343.49197208621706,90.0,90.0,0.0,910.227972086217,249.36956521739145
372,296.4011569155442,90.0,90.0,0.0,887.2886564655892,235.24347826086972
373,293.18802449228633,90.0,90.0,0.0,838.5973749422412,221.117391304348
374,253.03273358174806,90.0,90.0,0.0,784.7001331317931,206.99130434782626
375,218.7536558506128,90.0,90.0,0.0,720.3436054006578,192.86521739130453
376,187.87955879619471,90.0,90.0,0.0,650.6549592461497,178.7391304347828
377,178.5492993896686,90.0,90.0,0.0,576.8722993896686,164.61304347826106
378,184.24865476447576,90.0,90.0,0.0,505.80715476447574,150.48695652173933
379,160.39406395619085,90.0,90.0,0.0,450.96706350623583,136.3608695652176
380,182.6000985606462,90.0,90.0,0.0,402.08409811069123,122.23478260869587
381,253.67625097809923,90.0,90.0,0.0,359.5712505281442,108.10869565217413
382,221.85607718379265,90.0,90.0,0.0,354.96657718379265,93.9826086956524
383,277.63606333636704,90.0,90.0,0.0,355.3430628864121,79.85652173913067
384,316.7428583352038,90.0,90.0,0.0,378.4118583352038,65.73043478260894
385,349.09087717477996,90.0,90.0,0.0,420.383376724825,51.604347826087206
386,354.98902575498073,90.0,90.0,0.0,481.47252575498067,37.478260869565474
387,369.6120003824616,90.0,82.04400000000024,0.0,552.6459999325068,32.0
388,441.57600038246164,90.0,10.080000000000133,0.0,630.2959999325068,104.74347826086942
389,451.6559996175383,90.0,0.0,0.0,707.9460000674933,188.44347826086943
390,451.6559996175382,90.0,0.0,0.0,780.2960000674932,272.1434782608694
391,361.6560003824618,90.0,90.0,0.0,842.4259999325068,258.0173913043477
392,361.65600000000006,90.0,90.0,0.0,890.106,243.89130434782598
393,357.53020000000004,90.0,90.0,0.0,915.9502,229.76521739130425
394,353.68560183262105,90.0,90.0,0.0,922.325601382666,215.63913043478252
395,332.90753564203067,90.0,90.0,0.0,912.4145356420305,201.51304347826078
396,306.8134638833262,90.0,90.0,0.0,885.0649634333711,187.38695652173905
397,268.9632719737832,90.0,90.0,0.0,843.8782215238281,173.26086956521732
398,254.74304858779487,90.0,90.0,0.0,784.3246981378398,159.1347826086956
399,244.7495994247438,90.0,90.0,0.0,714.6766498746987,145.00869565217386
400,198.52992583449424,90.0,90.0,0.0,648.3804253845392,130.88260869565212
401,166.4543992713355,90.0,90.0,0.0,579.3708992713355,116.75652173913039
402,186.04098265498743,90.0,90.0,0.0,505.4529822050324,102.63043478260866
403,193.36757988038835,90.0,90.0,0.0,444.79058033034335,88.50434782608693
404,206.97299839775957,90.0,90.0,0.0,397.7829979478046,74.3782608695652
405,219.411900153791,90.0,90.0,0.0,365.61790060374597,60.252173913043464
406,236.4178526682242,90.0,90.0,0.0,352.3968522182692,46.12608695652173
407,293.8387635248185,90.0,90.0,0.0,352.48376352481847,32.0
408,325.6078578680872,90.0,77.004,0.0,379.14085831804226,32.0
409,335.14357629987705,90.0,77.004,0.0,425.13807674983207,32.0
410,374.6520003838302,90.0,77.004,0.0,480.29600083378523,32.0
411,374.6520003824619,90.0,77.004,0.0,552.6459999325068,32.0
412,441.57600038246164,90.0,10.080000000000133,0.0,630.2959999325068,104.74347826086942
413,451.6560003824618,90.0,0.0,0.0,707.9459999325068,188.44347826086943
414,451.6560003824618,90.0,0.0,0.0,780.2959999325068,272.1434782608694
415,361.65600000000006,90.0,90.0,0.0,842.426,258.0173913043477
416,361.6560003824618,90.0,90.0,0.0,890.1059999325066,243.89130434782598
417,357.53020000000004,90.0,90.0,0.0,915.9502,229.76521739130425
418,353.68560183262105,90.0,90.0,0.0,922.325601382666,215.63913043478252
419,350.384162886259,90.0,90.0,0.0,908.804163336214,201.51304347826078
420,297.49133398370714,90.0,90.0,0.0,887.055833983707,187.38695652173905
421,268.53876206475695,90.0,90.0,0.0,843.970762064757,173.26086956521732
422,264.8333532545058,90.0,90.0,0.0,782.1097532545058,159.1347826086956
423,218.55082157338205,90.0,90.0,0.0,720.387822023337,145.00869565217386
424,201.77820968518654,90.0,90.0,0.0,647.6867092352315,130.88260869565212
425,170.62775481344016,90.0,90.0,0.0,578.5087552633952,116.75652173913039
426,175.37719719122407,90.0,90.0,0.0,507.560197191224,102.63043478260866
427,200.47394199223254,90.0,90.0,0.0,443.45944154227755,88.50434782608693
428,164.46959829935253,90.0,90.0,0.0,405.28359829935255,74.3782608695652
429,231.54097593973574,90.0,90.0,0.0,363.4774754897808,60.252173913043464
430,226.79032721834517,90.0,90.0,0.0,354.09582721834505,46.12608695652173
431,265.2774875184426,90.0,90.0,0.0,357.5239875184426,32.0
432,331.0240583615408,90.0,77.004,0.0,378.1850583615408,32.0
433,374.388077224992,90.0,77.004,0.0,418.21257677503706,32.0
434,374.6520011487538,90.0,77.004,0.0,480.2960006987987,32.0
435,374.6520003824618,90.0,77.004,0.0,552.6459999325068,32.0
436,441.5759999999999,90.0,10.080000000000133,0.0,630.296,104.74347826086942
437,451.65600000000006,90.0,0.0,0.0,707.946,188.44347826086943
438,451.6559996175382,90.0,0.0,0.0,780.2960000674932,272.1434782608694
439,361.6559996175383,90.0,90.0,0.0,842.4260000674933,258.0173913043477
440,361.65600000000006,90.0,90.0,0.0,890.106,243.89130434782598
441,357.530199621032,90.0,90.0,0.0,915.950200070987,229.76521739130425
442,353.6856010811962,90.0,90.0,0.0,922.3256015311512,215.63913043478252
443,350.3841636320925,90.0,90.0,0.0,908.8041631821375,201.51304347826078
444,311.1630493794829,90.0,90.0,0.0,884.1360489295279,187.38695652173905
445,282.9022588407498,90.0,90.0,0.0,840.8396083907948,173.26086956521732
446,271.8915852794601,90.0,90.0,0.0,780.5603852794601,159.1347826086956
447,227.22943764311447,90.0,90.0,0.0,718.4959371931594,145.00869565217386
448,205.94980635463526,90.0,90.0,0.0,646.7958068045903,130.88260869565212
449,153.5651070083199,90.0,90.0,0.0,582.0336070083199,116.75652173913039
450,163.32689459172445,90.0,90.0,0.0,509.9413945917245,102.63043478260866
451,176.76712013662706,90.0,90.0,0.0,447.90012013662704,88.50434782608693
452,195.64717347345123,90.0,90.0,0.0,399.78167302349624,74.3782608695652
453,219.87090053704816,90.0,90.0,0.0,365.5369005370482,60.252173913043464
454,260.2514270701969,90.0,90.0,0.0,348.1909275201519,46.12608695652173
455,275.5361378799131,90.0,90.0,0.0,355.7136378799131,32.0
456,334.1452580430405,90.0,77.004,0.0,377.63425849299546,32.0
457,369.6603772056941,90.0,77.004,0.0,419.04687675573916,32.0
458,374.6520003838302,90.0,77.004,0.0,480.29600083378523,32.0
459,451.65600000000006,90.0,0.0,0.0,552.6460000000001,115.7
460,451.6559996175382,90.0,0.0,0.0,630.2960000674932,199.4
461,451.6560003824619,90.0,0.0,0.0,707.9459999325068,283.1
462,408.60000038246176,90.0,43.05600000000001,0.0,780.2959999325068,320.0
463,361.6560003824618,90.0,90.0,0.0,842.4259999325068,305.8739130434783
464,361.65600000000006,90.0,90.0,0.0,890.106,291.7478260869566
465,357.53020000000004,90.0,90.0,0.0,915.9502,277.6217391304349
466,340.38405178894345,90.0,90.0,0.0,924.9540513389884,263.4956521739132
467,350.3841636320925,90.0,90.0,0.0,908.8041631821375,249.36956521739145
468,283.741749141636,90.0,90.0,0.0,889.9922491416359,235.24347826086972
469,290.1410878751352,90.0,90.0,0.0,839.2615883250902,221.117391304348
470,256.94487159557934,90.0,90.0,0.0,783.8413711456244,206.99130434782626
471,228.54951784317882,90.0,90.0,0.0,718.2081678431788,192.86521739130453
472,183.24519292061996,90.0,90.0,0.0,651.644692470665,178.7391304347828
473,158.8237596065989,90.0,90.0,0.0,580.9472591566439,164.61304347826106
474,153.06891950702413,90.0,90.0,0.0,511.9684195070241,150.48695652173933
475,175.9825774641876,90.0,90.0,0.0,448.0470779141426,136.3608695652176
476,216.23332333587177,90.0,90.0,0.0,396.14882288591684,122.23478260869587
477,198.4585504999377,90.0,90.0,0.0,369.31555049993773,108.10869565217413
478,243.58972695352224,90.0,90.0,0.0,351.1312274034772,93.9826086956524
479,274.9968124784479,90.0,90.0,0.0,355.80881292840286,79.85652173913067
480,396.2891327385184,90.0,0.0,0.0,380.2566331884734,163.5565217391307
481,432.4468517651981,90.0,0.0,0.0,421.5558517651981,247.25652173913068
482,441.5760007662919,90.0,10.080000000000211,0.0,480.2960007662921,320.0
483,374.65200000000004,90.0,77.00399999999999,0.0,552.6460000000001,320.0
484,374.65200000000004,90.0,77.00399999999999,0.0,630.296,320.0
485,374.6519996175383,90.0,77.00399999999999,0.0,707.9460000674933,320.0
486,374.6520003824618,90.0,77.00399999999999,0.0,780.2959999325068,320.0
487,361.65600000000006,90.0,90.0,0.0,842.426,305.8739130434783
488,361.65600000000006,90.0,90.0,0.0,890.106,291.7478260869566
489,357.530199621032,90.0,90.0,0.0,915.950200070987,277.6217391304349
490,353.68560183262105,90.0,90.0,0.0,922.325601382666,263.4956521739132
491,340.1689509691953,90.0,90.0,0.0,910.9144514191502,249.36956521739145
492,284.88198574868477,90.0,90.0,0.0,889.7487357486847,235.24347826086972
493,278.5529757248165,90.0,90.0,0.0,841.7877252748615,221.117391304348
494,261.3097722420483,90.0,90.0,0.0,782.8832222420483,206.99130434782626
495,232.14510253454472,90.0,90.0,0.0,717.4243525345447,192.86521739130453
496,169.2708978067854,90.0,90.0,0.0,654.6290973568304,178.7391304347828
497,159.7076603524132,90.0,90.0,0.0,580.7646603524132,164.61304347826106
498,153.35073163363865,90.0,90.0,0.0,511.9127320835936,150.48695652173933
499,179.7347362590511,90.0,90.0,0.0,447.34423670900605,136.3608695652176
500,201.57974843380322,90.0,90.0,0.0,398.73474798384825,122.23478260869587
501,229.7967751717893,90.0,90.0,0.0,363.78527562174435,108.10869565217413
502,251.43862739094646,90.0,90.0,0.0,349.7461273909464,93.9826086956524
503,273.1493374133508,90.0,90.0,0.0,356.1348378633058,79.85652173913067
504,444.1169344835561,90.0,0.0,0.0,371.8164340336012,163.5565217391307
505,404.72325126957185,90.0,0.0,0.0,426.44825171952687,247.25652173913068
506,441.5760011487536,90.0,10.080000000000211,0.0,480.2960006987988,320.0
507,374.6520003824619,90.0,77.00399999999999,0.0,552.6459999325068,320.0
508,374.65200000000004,90.0,77.00399999999999,0.0,630.296,320.0
509,374.6520003824618,90.0,77.00399999999999,0.0,707.9459999325068,320.0
510,374.6519996175382,90.0,77.00399999999999,0.0,780.2960000674932,320.0
511,361.6560003824618,90.0,90.0,0.0,842.4259999325068,305.8739130434783
512,361.6559996175382,90.0,90.0,0.0,890.1060000674931,291.7478260869566
513,357.53020000000004,90.0,90.0,0.0,915.9502,277.6217391304349
514,353.68560145690867,90.0,90.0,0.0,922.3256014569087,263.4956521739132
515,331.06141337933343,90.0,90.0,0.0,912.7959129293783,249.36956521739145
516,294.9772509476377,90.0,90.0,0.0,887.5927513975926,235.24347826086972
517,271.9769568215422,90.0,90.0,0.0,843.2212568215422,221.117391304348
518,254.38880784861624,90.0,90.0,0.0,784.4024582985712,206.99130434782626
519,239.70314606377815,90.0,90.0,0.0,715.7767456138231,192.86521739130453
520,189.36353504853156,90.0,90.0,0.0,650.3380354984865,178.7391304347828
521,158.65592953442405,90.0,90.0,0.0,580.981929984379,164.61304347826106
522,177.64296970993252,90.0,90.0,0.0,507.1124697099325,150.48695652173933
523,190.1043395046098,90.0,90.0,0.0,445.40183905465483,136.3608695652176
524,212.8252483586483,90.0,90.0,0.0,396.7502479086933,122.23478260869587
525,214.98255091103778,90.0,90.0,0.0,366.3995504610828,108.10869565217413
526,215.68252752302374,90.0,90.0,0.0,356.0560270730687,93.9826086956524
527,251.93206166574572,90.0,90.0,0.0,359.8790621157007,79.85652173913067
528,387.40748332143414,90.0,0.0,0.0,381.8239828714792,163.5565217391307
529,447.6856518274011,90.0,0.0,0.0,418.86665182740114,247.25652173913068
530,441.5760007662919,90.0,10.080000000000211,0.0,480.2960007662921,320.0
531,374.65200000000004,90.0,77.00399999999999,0.0,552.6460000000001,320.0
532,374.6520003824618,90.0,77.00399999999999,0.0,630.2959999325068,320.0
533,374.6519996175383,90.0,77.00399999999999,0.0,707.9460000674933,320.0
534,374.6519996175382,90.0,77.00399999999999,0.0,780.2960000674932,320.0
535,361.6560003824619,90.0,90.0,0.0,842.4259999325068,305.8739130434783
536,361.6559996175382,90.0,90.0,0.0,890.1060000674931,291.7478260869566
537,357.53020000000004,90.0,90.0,0.0,915.9502,277.6217391304349
538,353.68560183262105,90.0,90.0,0.0,922.325601382666,263.4956521739132
539,309.1540914367149,90.0,90.0,0.0,917.3215909867598,249.36956521739145
540,296.1564228339914,90.0,90.0,0.0,887.3409228339913,235.24347826086972
541,279.14706666541497,90.0,90.0,0.0,841.6582171153699,221.117391304348
542,258.0374802304792,90.0,90.0,0.0,783.6015302304792,206.99130434782626
543,227.16847600475387,90.0,90.0,0.0,718.5092264547088,192.86521739130453
544,191.22128717043648,90.0,90.0,0.0,649.9412867204815,178.7391304347828
545,169.74385406762588,90.0,90.0,0.0,578.6913540676259,164.61304347826106
546,160.45240706798978,90.0,90.0,0.0,510.50940706798974,150.48695652173933
547,172.52604330164672,90.0,90.0,0.0,448.6945437516017,136.3608695652176
548,181.90012318286244,90.0,90.0,0.0,402.2076231828625,122.23478260869587
549,222.62490054182126,90.0,90.0,0.0,365.05090054182125,108.10869565217413
550,215.30385213791033,90.0,90.0,0.0,356.1228521379103,93.9826086956524
551,264.56603749337415,90.0,90.0,0.0,357.64953749337417,79.85652173913067
552,328.826033582819,90.0,90.0,0.0,376.279533582819,65.73043478260894
553,322.4803513012355,90.0,90.0,0.0,425.0793517511904,51.604347826087206
554,361.65600114875383,90.0,90.0,0.0,480.2960006987988,37.478260869565474
555,369.6119996175381,90.0,82.04400000000024,0.0,552.6460000674933,32.0
556,441.57599961753806,90.0,10.080000000000133,0.0,630.2960000674932,104.74347826086942
557,451.65600000000006,90.0,0.0,0.0,707.946,188.44347826086943
558,451.6560003824618,90.0,0.0,0.0,780.2959999325068,272.1434782608694
559,361.65600000000006,90.0,90.0,0.0,842.426,258.0173913043477
560,361.6559996175382,90.0,90.0,0.0,890.1060000674931,243.89130434782598
561,357.530199621032,90.0,90.0,0.0,915.950200070987,229.76521739130425
562,353.6856010811962,90.0,90.0,0.0,922.3256015311512,215.63913043478252
563,330.7033774742446,90.0,90.0,0.0,912.8698770242896,201.51304347826078
564,294.0094407348654,90.0,90.0,0.0,887.7994407348654,187.38695652173905
565,289.6378833556057,90.0,90.0,0.0,839.3712838055607,173.26086956521732
566,257.28472022781796,90.0,90.0,0.0,783.7667702278178,159.1347826086956
567,239.82063434284242,90.0,90.0,0.0,715.7511338928874,145.00869565217386
568,196.5831800052598,90.0,90.0,0.0,648.7961800052598,130.88260869565212
569,147.0197636539241,90.0,90.0,0.0,583.3857632039691,116.75652173913039
570,158.37826742657597,90.0,90.0,0.0,510.919266976621,102.63043478260866
571,161.8267064051388,90.0,90.0,0.0,450.69870595518375,88.50434782608693
572,196.1520727051534,90.0,90.0,0.0,399.69257315510845,74.3782608695652
573,200.70765050383568,90.0,90.0,0.0,368.9186505038357,60.252173913043464
574,257.6925028172014,90.0,90.0,0.0,348.6425023672463,46.12608695652173
575,276.40823791064213,90.0,90.0,0.0,355.5597379106421,32.0
576,319.1244835001498,90.0,77.004,0.0,380.2849830501948,32.0
577,368.9489264378666,90.0,77.004,0.0,419.17242688782164,32.0
578,374.6520007662921,90.0,77.004,0.0,480.2960007662921,32.0
579,374.6519996175383,90.0,77.004,0.0,552.6460000674933,32.0
580,441.57600038246164,90.0,10.080000000000133,0.0,630.2959999325068,104.74347826086942
581,451.6559996175383,90.0,0.0,0.0,707.9460000674933,188.44347826086943
582,451.65600000000006,90.0,0.0,0.0,780.296,272.1434782608694
583,361.6560003824618,90.0,90.0,0.0,842.4259999325068,258.0173913043477
584,361.65600000000006,90.0,90.0,0.0,890.106,243.89130434782598
585,357.530199621032,90.0,90.0,0.0,915.950200070987,229.76521739130425
586,353.68560183262105,90.0,90.0,0.0,922.325601382666,215.63913043478252
587,328.85725446571394,90.0,90.0,0.0,913.2512544657139,201.51304347826078
588,317.8821021663849,90.0,90.0,0.0,882.7011017164299,187.38695652173905
589,277.58203410687827,90.0,90.0,0.0,841.9993845568332,173.26086956521732
590,266.4064006290305,90.0,90.0,0.0,781.7644501790754,159.1347826086956
591,216.50031895913452,90.0,90.0,0.0,720.8348189591345,145.00869565217386
592,182.07714564554232,90.0,90.0,0.0,651.8941451955873,130.88260869565212
593,174.957751433047,90.0,90.0,0.0,577.614251883002,116.75652173913039
594,158.45717455151504,90.0,90.0,0.0,510.903674551515,102.63043478260866
595,166.89780586728756,90.0,90.0,0.0,449.7488054173325,88.50434782608693
596,195.6356984735279,90.0,90.0,0.0,399.7836980235729,74.3782608695652
597,226.79032554904052,90.0,90.0,0.0,364.31582554904054,60.252173913043464
598,222.5445775710757,90.0,90.0,0.0,354.84507712112065,46.12608695652173
599,254.45656251962168,90.0,90.0,0.0,359.4335620696667,32.0
600,300.85628236086404,90.0,77.004,0.0,383.508782810819,32.0
601,362.5688267942856,90.0,77.004,0.0,420.2983267942855,32.0
602,374.6520007662921,90.0,77.004,0.0,480.2960007662921,32.0
603,374.65200000000004,90.0,77.004,0.0,552.6460000000001,32.0
604,441.57600038246164,90.0,10.080000000000133,0.0,630.2959999325067,104.74347826086942
605,451.65600000000006,90.0,0.0,0.0,707.946,188.44347826086943
606,451.6559996175382,90.0,0.0,0.0,780.2960000674932,272.1434782608694
607,361.6560003824618,90.0,90.0,0.0,842.4259999325068,258.0173913043477
608,361.6560003824618,90.0,90.0,0.0,890.1059999325067,243.89130434782598
609,357.530199621032,90.0,90.0,0.0,915.950200070987,229.76521739130425
610,353.68560183262105,90.0,90.0,0.0,922.325601382666,215.63913043478252
611,321.42800906220543,90.0,90.0,0.0,914.7860095121604,201.51304347826078
612,306.8690848104593,90.0,90.0,0.0,885.0530848104593,187.38695652173905
613,278.39336900496573,90.0,90.0,0.0,841.8225185550107,173.26086956521732
614,259.052598865105,90.0,90.0,0.0,783.37869931506,159.1347826086956
615,239.6876287439017,90.0,90.0,0.0,715.7801282939466,145.00869565217386
616,171.8150156437307,90.0,90.0,0.0,654.0857656437307,130.88260869565212
617,167.7075252809343,90.0,90.0,0.0,579.1120248309793,116.75652173913039
618,175.95209432025842,90.0,90.0,0.0,507.44659477021344,102.63043478260866
619,139.55252699848114,90.0,90.0,0.0,454.87102699848117,88.50434782608693
620,190.96537350474023,90.0,90.0,0.0,400.6078730547852,74.3782608695652
621,228.4083009343064,90.0,90.0,0.0,364.0303004843514,60.252173913043464
622,281.51460298401724,90.0,90.0,0.0,344.43860253406217,46.12608695652173
623,238.24238656584254,90.0,90.0,0.0,362.29488656584255,32.0
624,324.67838323150164,90.0,77.004,0.0,379.30488323150166,32.0
625,326.3766762640916,90.0,77.004,0.0,426.68517671404663,32.0
626,374.6520007662921,90.0,77.004,0.0,480.2960007662921,32.0
627,408.6000003824618,90.0,43.05599999999998,0.0,552.6459999325068,68.90000000000002
628,451.6560003824618,90.0,0.0,0.0,630.2959999325067,152.60000000000002
629,451.65600000000006,90.0,0.0,0.0,707.946,236.3
630,451.6560003824618,90.0,0.0,0.0,780.2959999325068,320.0
631,361.6559996175383,90.0,90.0,0.0,842.4260000674933,305.8739130434783
632,361.65600000000006,90.0,90.0,0.0,890.106,291.7478260869566
633,357.53020000000004,90.0,90.0,0.0,915.9502,277.6217391304349
634,353.68560145690867,90.0,90.0,0.0,922.3256014569087,263.4956521739132
635,350.3841636320925,90.0,90.0,0.0,908.8041631821375,249.36956521739145
636,306.568730172545,90.0,90.0,0.0,885.1172297225899,235.24347826086972
637,286.18417201768114,90.0,90.0,0.0,840.1241715677261,221.117391304348
638,262.4355908770656,90.0,90.0,0.0,782.6360913270205,206.99130434782626
639,234.82849049317508,90.0,90.0,0.0,716.8393904931751,192.86521739130453
640,203.40457609171375,90.0,90.0,0.0,647.3393760917137,178.7391304347828
641,211.95852395335288,90.0,90.0,0.0,569.9705239533529,164.61304347826106
642,180.47236685758247,90.0,90.0,0.0,506.5533673075374,150.48695652173933
643,184.81720665730217,90.0,90.0,0.0,446.39220620734716,136.3608695652176
644,204.18457303393313,90.0,90.0,0.0,398.27507303393315,122.23478260869587
645,212.59575052443938,90.0,90.0,0.0,366.8207505244394,108.10869565217413
646,216.54315252905036,90.0,90.0,0.0,355.9041520790953,93.9826086956524
647,244.16348715693823,90.0,90.0,0.0,361.24998670698324,79.85652173913067
648,401.70533323197196,90.0,0.0,0.0,379.300833231972,163.5565217391307
649,439.1712017926462,90.0,0.0,0.0,420.36920179264615,247.25652173913068
650,441.5760007662919,90.0,10.080000000000211,0.0,480.2960007662921,320.0
651,374.65200000000004,90.0,77.00399999999999,0.0,552.6460000000001,320.0
652,374.6520003824618,90.0,77.00399999999999,0.0,630.2959999325068,320.0
653,374.6519996175383,90.0,77.00399999999999,0.0,707.9460000674933,320.0
654,374.6519996175382,90.0,77.00399999999999,0.0,780.2960000674932,320.0
655,361.6560003824618,90.0,90.0,0.0,842.4259999325068,305.8739130434783
656,361.65600000000006,90.0,90.0,0.0,890.106,291.7478260869566
657,357.53020000000004,90.0,90.0,0.0,915.9502,277.6217391304349
658,352.2539935764954,90.0,90.0,0.0,922.6084940264503,263.4956521739132
659,320.21963825544753,90.0,90.0,0.0,915.0356382554476,249.36956521739145
660,277.4454178480389,90.0,90.0,0.0,891.3369182979939,235.24347826086972
661,280.77860276273543,90.0,90.0,0.0,841.3025523127804,221.117391304348
662,258.36847323164943,90.0,90.0,0.0,783.5288732316494,206.99130434782626
663,230.26196529896453,90.0,90.0,0.0,717.8348648490095,192.86521739130453
664,191.0099254934031,90.0,90.0,0.0,649.9864259433581,178.7391304347828
665,182.9799936050801,90.0,90.0,0.0,575.9569936050801,164.61304347826106
666,149.66462485462728,90.0,90.0,0.0,512.6411244046723,150.48695652173933
667,149.8311680607738,90.0,90.0,0.0,452.94566806077376,136.3608695652176
668,197.48317346118102,90.0,90.0,0.0,399.45767301122606,122.23478260869587
669,215.62515091215153,90.0,90.0,0.0,366.28615046219653,108.10869565217413
670,242.95860233156452,90.0,90.0,0.0,351.2426023315645,93.9826086956524
671,271.8297131317764,90.0,90.0,0.0,356.36771268182144,79.85652173913067
672,411.48203343232166,90.0,0.0,0.0,377.57553343232166,163.5565217391307
673,425.4585767366728,90.0,0.0,0.0,422.78907673667277,247.25652173913068
674,431.4780007491593,90.0,10.080000000000211,0.0,482.0780007491595,320.0
675,374.65200000000004,90.0,77.00399999999999,0.0,552.6460000000001,320.0
676,374.65200000000004,90.0,77.00399999999999,0.0,630.296,320.0
677,374.6520003824619,90.0,77.00399999999999,0.0,707.9459999325068,320.0
678,374.6519996175382,90.0,77.00399999999999,0.0,780.2960000674932,320.0
679,361.65600000000006,90.0,90.0,0.0,842.426,305.8739130434783
680,361.6560003824618,90.0,90.0,0.0,890.1059999325067,291.7478260869566
681,357.530199621032,90.0,90.0,0.0,915.950200070987,277.6217391304349
682,353.68560183262105,90.0,90.0,0.0,922.325601382666,263.4956521739132
683,350.3841632591757,90.0,90.0,0.0,908.8041632591757,249.36956521739145
684,298.11651700138555,90.0,90.0,0.0,886.9223174513405,235.24347826086972
685,282.4456055423308,90.0,90.0,0.0,840.9391559922857,221.117391304348
686,248.88591119812395,90.0,90.0,0.0,785.610411198124,206.99130434782626
687,228.88092309111659,90.0,90.0,0.0,718.1359235410715,192.86521739130453
688,212.23501349130123,90.0,90.0,0.0,645.4535134913012,178.7391304347828
689,161.5537833150848,90.0,90.0,0.0,580.3832828651298,164.61304347826106
690,169.19986676450515,90.0,90.0,0.0,508.78086721446016,150.48695652173933
691,159.68911215194714,90.0,90.0,0.0,451.0991126019021,136.3608695652176
692,203.01412342421713,90.0,90.0,0.0,398.48162297426217,122.23478260869587
693,167.84325044687728,90.0,90.0,0.0,374.7182504468773,108.10869565217413
694,233.13600188031938,90.0,90.0,0.0,352.97600233027435,93.9826086956524
695,294.963313181981,90.0,90.0,0.0,352.285313631936,79.85652173913067
696,420.52433400008334,90.0,0.0,0.0,375.9798335501283,163.5565217391307
697,425.6192263548669,90.0,0.0,0.0,422.76072680482184,247.25652173913068
698,441.5760011487536,90.0,10.080000000000211,0.0,480.2960006987987,320.0
699,374.6520003824618,90.0,77.00399999999999,0.0,552.6459999325068,320.0
700,374.65200000000004,90.0,77.00399999999999,0.0,630.296,320.0
701,374.6519996175383,90.0,77.00399999999999,0.0,707.9460000674933,320.0
702,374.6519996175382,90.0,77.00399999999999,0.0,780.2960000674932,320.0
703,361.6560003824618,90.0,90.0,0.0,842.4259999325068,305.8739130434783
704,361.6559996175382,90.0,90.0,0.0,890.1060000674931,291.7478260869566
705,357.53020000000004,90.0,90.0,0.0,915.9502,277.6217391304349
706,353.68560145690867,90.0,90.0,0.0,922.3256014569087,263.4956521739132
707,309.03101584850697,90.0,90.0,0.0,917.347016298462,249.36956521739145
708,318.6719238550902,90.0,90.0,0.0,882.5324243050452,235.24347826086972
709,257.6323028749549,90.0,90.0,0.0,846.3483028749548,221.117391304348
710,260.08985786877224,90.0,90.0,0.0,783.1510083187272,206.99130434782626
711,217.7494628397638,90.0,90.0,0.0,720.5625132897187,192.86521739130453
712,186.44897936149022,90.0,90.0,0.0,650.9604793614902,178.7391304347828
713,167.03620722973534,90.0,90.0,0.0,579.2507076796903,164.61304347826106
714,152.53911200264952,90.0,90.0,0.0,512.0731120026495,150.48695652173933
715,162.00862925579884,90.0,90.0,0.0,450.6646288058438,136.3608695652176
716,197.63234846018412,90.0,90.0,0.0,399.4313480102291,122.23478260869587
717,209.77290051954702,90.0,90.0,0.0,367.318900519547,108.10869565217413
718,250.25670200020818,90.0,90.0,0.0,349.95470245016315,93.9826086956524
719,284.1079631819471,90.0,90.0,0.0,354.20096318194715,79.85652173913067
720,314.61998367416237,90.0,90.0,0.0,378.7864832242074,65.73043478260894
721,346.94505178355934,90.0,90.0,0.0,420.76205178355923,51.604347826087206
722,361.6560007662921,90.0,90.0,0.0,480.2960007662921,37.478260869565474
723,369.6120003824616,90.0,82.04400000000024,0.0,552.6459999325068,32.0
724,441.57600038246164,90.0,10.080000000000133,0.0,630.2959999325068,104.74347826086942
725,451.6560003824619,90.0,0.0,0.0,707.9459999325068,188.44347826086943
726,451.65600000000006,90.0,0.0,0.0,780.296,272.1434782608694
727,361.65600000000006,90.0,90.0,0.0,842.426,258.0173913043477
728,361.6560003824618,90.0,90.0,0.0,890.1059999325067,243.89130434782598
729,357.530199621032,90.0,90.0,0.0,915.950200070987,229.76521739130425
730,353.6856010811962,90.0,90.0,0.0,922.3256015311512,215.63913043478252
731,339.65427472854697,90.0,90.0,0.0,911.0207747285469,201.51304347826078
732,301.60731002866373,90.0,90.0,0.0,886.1768100286636,187.38695652173905
733,280.4017528242417,90.0,90.0,0.0,841.3847032741967,173.26086956521732
734,256.0769832235479,90.0,90.0,0.0,784.0318832235479,159.1347826086956
735,227.96761797838968,90.0,90.0,0.0,718.3350184283447,145.00869565217386
736,198.98602048476272,90.0,90.0,0.0,648.2830200348077,130.88260869565212
737,162.71739960480141,90.0,90.0,0.0,580.1428996048014,116.75652173913039
738,164.83740922848432,90.0,90.0,0.0,509.6429096784393,102.63043478260866
739,179.22307862053776,90.0,90.0,0.0,447.44007862053775,88.50434782608693
740,199.583098447147,90.0,90.0,0.0,399.087097997192,74.3782608695652
741,211.52857590505158,90.0,90.0,0.0,367.0090754550966,60.252173913043464
742,243.4290777173208,90.0,90.0,0.0,351.15957726736576,46.12608695652173
743,252.41401168272756,90.0,90.0,0.0,359.79401213268255,32.0
744,305.7675824615091,90.0,77.004,0.0,382.6420829114642,32.0
745,369.1899022037738,90.0,77.004,0.0,419.12990175381873,32.0
746,374.6520007662921,90.0,77.004,0.0,480.2960007662921,32.0
747,374.6519996175383,90.0,77.004,0.0,552.6460000674933,32.0
748,441.57599961753806,90.0,10.080000000000133,0.0,630.2960000674932,104.74347826086942
749,451.6559996175383,90.0,0.0,0.0,707.9460000674933,188.44347826086943
750,451.6560003824618,90.0,0.0,0.0,780.2959999325068,272.1434782608694
751,361.6559996175383,90.0,90.0,0.0,842.4260000674933,258.0173913043477
752,361.65600000000006,90.0,90.0,0.0,890.106,243.89130434782598
753,357.530199621032,90.0,90.0,0.0,915.950200070987,229.76521739130425
754,353.6856010811962,90.0,90.0,0.0,922.3256015311512,215.63913043478252
755,341.3101904166657,90.0,90.0,0.0,910.6786908666206,201.51304347826078
756,296.6269790142661,90.0,90.0,0.0,887.240429014266,187.38695652173905
757,275.53264022764074,90.0,90.0,0.0,842.4461397776856,173.26086956521732
758,263.0776516172616,90.0,90.0,0.0,782.4951511673066,159.1347826086956
759,224.2567621373649,90.0,90.0,0.0,719.1439621373648,145.00869565217386
760,179.57196197622312,90.0,90.0,0.0,652.4291619762231,130.88260869565212
761,179.36606877786312,90.0,90.0,0.0,576.7035687778631,116.75652173913039
762,189.43400480729127,90.0,90.0,0.0,504.7825048072913,102.63043478260866
763,161.70163406634197,90.0,90.0,0.0,450.72213406634194,88.50434782608693
764,185.4917985413207,90.0,90.0,0.0,401.5737980913657,74.3782608695652
765,215.25795052905335,90.0,90.0,0.0,366.35095052905336,60.252173913043464
766,238.5063019179252,90.0,90.0,0.0,352.0283023678802,46.12608695652173
767,254.73196176440217,90.0,90.0,0.0,359.38496221435713,32.0
768,322.57845818846886,90.0,77.004,0.0,379.67545818846884,32.0
769,374.65200184360765,90.0,77.004,0.0,418.16600184360766,32.0
770,374.6520003838302,90.0,77.004,0.0,480.29600083378523,32.0
771,374.65200000000004,90.0,77.004,0.0,552.6460000000001,32.0
772,441.57599961753806,90.0,10.080000000000133,0.0,630.2960000674932,104.74347826086942
773,451.65600000000006,90.0,0.0,0.0,707.946,188.44347826086943
774,451.6559996175382,90.0,0.0,0.0,780.2960000674932,272.1434782608694
775,361.6560003824619,90.0,90.0,0.0,842.4259999325068,258.0173913043477
776,361.6559996175382,90.0,90.0,0.0,890.1060000674931,243.89130434782598
777,357.53020037896806,90.0,90.0,0.0,915.950199929013,229.76521739130425
778,344.8479618036014,90.0,90.0,0.0,924.0719613536463,215.63913043478252
779,327.55937468268405,90.0,90.0,0.0,913.519374232729,201.51304347826078
780,293.9649436965416,90.0,90.0,0.0,887.8089436965415,187.38695652173905
781,285.4482076983694,90.0,90.0,0.0,840.2846072484143,173.26086956521732
782,259.45111960444024,90.0,90.0,0.0,783.2912191544851,159.1347826086956
783,231.57428720851362,90.0,90.0,0.0,717.5487867585585,145.00869565217386
784,197.37745252308417,90.0,90.0,0.0,648.6265520731291,130.88260869565212
785,147.45835762676285,90.0,90.0,0.0,583.2951571768078,116.75652173913039
786,181.26144223981026,90.0,90.0,0.0,506.3974422398103,102.63043478260866
787,192.8672920410732,90.0,90.0,0.0,444.8842924910282,88.50434782608693
788,199.3535976837573,90.0,90.0,0.0,399.12759813371235,74.3782608695652
789,238.49482556932605,90.0,90.0,0.0,362.250325569326,60.252173913043464
790,251.10585277107793,90.0,90.0,0.0,349.8048523211229,46.12608695652173
791,299.7483887330481,90.0,90.0,0.0,351.44088873304815,32.0
792,320.2375585229595,90.0,77.004,0.0,380.08855807300455,32.0
793,367.83585219824664,90.0,77.004,0.0,419.36885174829166,32.0
794,374.6520007662921,90.0,77.004,0.0,480.2960007662921,32.0
795,408.6000003824618,90.0,43.05599999999998,0.0,552.6459999325068,68.90000000000002
796,451.6559996175382,90.0,0.0,0.0,630.2960000674932,152.60000000000002
797,451.6560003824619,90.0,0.0,0.0,707.9459999325068,236.3
798,451.65600000000006,90.0,0.0,0.0,780.296,320.0
799,361.65600000000006,90.0,90.0,0.0,842.426,305.8739130434783
800,361.65600000000006,90.0,90.0,0.0,890.106,291.7478260869566
801,357.53020000000004,90.0,90.0,0.0,915.9502,277.6217391304349
802,353.68560183262105,90.0,90.0,0.0,922.325601382666,263.4956521739132
803,311.12328891470315,90.0,90.0,0.0,916.9147884647481,249.36956521739145
804,301.10671797674866,90.0,90.0,0.0,886.2837184267036,235.24347826086972
805,294.9581080894774,90.0,90.0,0.0,838.2115076395223,221.117391304348
806,265.4610226256881,90.0,90.0,0.0,781.9719721757331,206.99130434782626
807,230.22206288043617,90.0,90.0,0.0,717.8435633303911,192.86521739130453
808,200.43217388313496,90.0,90.0,0.0,647.9741738831349,178.7391304347828
809,173.43609887421877,90.0,90.0,0.0,577.9285993241738,164.61304347826106
810,189.3889144312065,90.0,90.0,0.0,504.7914148811615,150.48695652173933
811,157.42644707583077,90.0,90.0,0.0,451.52294707583076,136.3608695652176
812,161.32544832036524,90.0,90.0,0.0,405.8384483203653,122.23478260869587
813,210.41550090312245,90.0,90.0,0.0,367.2055004531675,108.10869565217413
814,216.01530176043048,90.0,90.0,0.0,355.9973022103855,93.9826086956524
815,266.43646217681805,90.0,90.0,0.0,357.3194626267731,79.85652173913067
816,411.2869580458623,90.0,0.0,0.0,377.6099584958173,163.5565217391307
817,414.71797707529265,90.0,0.0,0.0,424.68447662533765,247.25652173913068
818,441.57600038383003,90.0,10.080000000000211,0.0,480.29600083378523,320.0
819,374.65200000000004,90.0,77.00399999999999,0.0,552.6460000000001,320.0
820,374.6519996175382,90.0,77.00399999999999,0.0,630.2960000674932,320.0
821,374.65200000000004,90.0,77.00399999999999,0.0,707.946,320.0
822,374.6519996175382,90.0,77.00399999999999,0.0,780.2960000674932,320.0
823,361.6559996175383,90.0,90.0,0.0,842.4260000674933,305.8739130434783
824,361.6559996175382,90.0,90.0,0.0,890.1060000674931,291.7478260869566
825,357.530199621032,90.0,90.0,0.0,915.950200070987,277.6217391304349
826,353.68560145690867,90.0,90.0,0.0,922.3256014569087,263.4956521739132
827,332.20265245388714,90.0,90.0,0.0,912.5601524538871,249.36956521739145
828,289.9935833969091,90.0,90.0,0.0,888.657082946954,235.24347826086972
829,278.9686178550048,90.0,90.0,0.0,841.6971178550048,221.117391304348
830,259.45111960444024,90.0,90.0,0.0,783.2912191544851,206.99130434782626
831,221.16327321257734,90.0,90.0,0.0,719.8183236625323,192.86521739130453
832,188.658257721123,90.0,90.0,0.0,650.488657271168,178.7391304347828
833,162.2586664857185,90.0,90.0,0.0,580.2376660357635,164.61304347826106
834,165.3333999840046,90.0,90.0,0.0,509.5448995340496,150.48695652173933
835,172.0030151059991,90.0,90.0,0.0,448.7925155559541,136.3608695652176
836,187.9589231423709,90.0,90.0,0.0,401.1384231423709,122.23478260869587
837,218.57422591726265,90.0,90.0,0.0,365.7657254673077,108.10869565217413
838,238.50630230038695,90.0,90.0,0.0,352.02830230038694,93.9826086956524
839,262.99396282044285,90.0,90.0,0.0,357.9269623704878,79.85652173913067
840,410.908283420564,90.0,0.0,0.0,377.67678342056405,163.5565217391307
841,415.3950020780562,90.0,0.0,0.0,424.5650016281012,247.25652173913068
842,441.5760007662919,90.0,10.080000000000211,0.0,480.2960007662921,320.0
843,374.6520003824619,90.0,77.00399999999999,0.0,552.6459999325068,320.0
844,374.6519996175382,90.0,77.00399999999999,0.0,630.2960000674932,320.0
845,374.65200000000004,90.0,77.00399999999999,0.0,707.946,320.0
846,374.6520003824618,90.0,77.00399999999999,0.0,780.2959999325068,320.0
847,361.65600000000006,90.0,90.0,0.0,842.426,305.8739130434783
848,361.6559996175382,90.0,90.0,0.0,890.1060000674931,291.7478260869566
849,357.53020000000004,90.0,90.0,0.0,915.9502,277.6217391304349
850,340.15860103677835,90.0,90.0,0.0,924.9986014867333,263.4956521739132
851,322.4126081741164,90.0,90.0,0.0,914.5826081741162,249.36956521739145
852,287.6241153646206,90.0,90.0,0.0,889.1631158145756,235.24347826086972
853,266.89835929686785,90.0,90.0,0.0,844.3283597468228,221.117391304348
854,265.64257062632987,90.0,90.0,0.0,781.9321201763748,206.99130434782626
855,220.59245751712308,90.0,90.0,0.0,719.942757967078,192.86521739130453
856,198.51212664810242,90.0,90.0,0.0,648.3842266481024,178.7391304347828
857,174.46545282161253,90.0,90.0,0.0,577.7159523716575,164.61304347826106
858,200.87559202605223,90.0,90.0,0.0,502.5215924760072,150.48695652173933
859,147.78453599084833,90.0,90.0,0.0,453.3290359908483,136.3608695652176
860,189.40477313270816,90.0,90.0,0.0,400.88327313270815,122.23478260869587
861,182.88697585541178,90.0,90.0,0.0,372.0634754054568,108.10869565217413
862,232.43602764034125,90.0,90.0,0.0,353.0995271903862,93.9826086956524
863,286.8734386618522,90.0,90.0,0.0,353.71293821189727,79.85652173913067
864,370.4589072091909,90.0,0.0,0.0,384.8149076591459,163.5565217391307
865,451.6560022260694,90.0,0.0,0.0,418.1660017761144,247.25652173913068
866,441.57600038383003,90.0,10.080000000000211,0.0,480.29600083378523,320.0
867,374.6520003824618,90.0,77.00399999999999,0.0,552.6459999325068,320.0
868,374.6520003824618,90.0,77.00399999999999,0.0,630.2959999325067,320.0
869,361.6560003824618,90.0,90.0,0.0,707.9459999325068,305.8739130434783
870,361.6559996175382,90.0,90.0,0.0,780.2960000674932,291.7478260869566
871,361.6560003824618,90.0,90.0,0.0,842.4259999325068,277.6217391304349
872,361.6560003824618,90.0,90.0,0.0,890.1059999325067,263.4956521739132
873,357.53020037896806,90.0,90.0,0.0,915.950199929013,249.36956521739145
874,353.68560145690867,90.0,90.0,0.0,922.3256014569087,235.24347826086972
875,323.1398686063278,90.0,90.0,0.0,914.4323686063278,221.117391304348
876,303.0534637741888,90.0,90.0,0.0,885.8679637741888,206.99130434782626
877,290.6841944440506,90.0,90.0,0.0,839.1431944440504,192.86521739130453
878,257.7640512295126,90.0,90.0,0.0,783.6615512295125,178.7391304347828
879,244.3727505971678,90.0,90.0,0.0,714.7588005971678,164.61304347826106
880,204.82514406340346,90.0,90.0,0.0,647.0359940634035,150.48695652173933
881,172.37318018030703,90.0,90.0,0.0,578.148180180307,136.3608695652176
882,173.51723505157872,90.0,90.0,0.0,507.9277346016237,122.23478260869587
883,159.74596380071443,90.0,90.0,0.0,451.0884633507594,108.10869565217413
884,200.04209767915597,90.0,90.0,0.0,399.006098129111,93.9826086956524
885,236.7162001837816,90.0,90.0,0.0,362.5642006337367,79.85652173913067
886,236.47522728616428,90.0,90.0,0.0,352.3867272861642,65.73043478260894
887,267.46921259566955,90.0,90.0,0.0,357.1372125956695,51.604347826087206
888,288.6291081415427,90.0,90.0,0.0,383.37310769158773,37.478260869565474
889,351.92902677142763,90.0,82.04400000000024,0.0,421.2865267714278,32.0
890,370.3603511414724,90.0,77.004,0.0,481.0533506915174,32.0
891,374.6519996175383,90.0,77.004,0.0,552.6460000674933,32.0
892,441.57599961753806,90.0,10.080000000000133,0.0,630.2960000674932,104.74347826086942
893,451.65600000000006,90.0,0.0,0.0,707.946,188.44347826086943
894,451.6560003824618,90.0,0.0,0.0,780.2959999325067,272.1434782608694
895,361.65600000000006,90.0,90.0,0.0,842.426,258.0173913043477
896,361.6560003824618,90.0,90.0,0.0,890.1059999325067,243.89130434782598
897,357.53020000000004,90.0,90.0,0.0,915.9502,229.76521739130425
898,353.68560145690867,90.0,90.0,0.0,922.3256014569087,215.63913043478252
899,349.0303396201422,90.0,90.0,0.0,909.083840070097,201.51304347826078
900,293.79807980282715,90.0,90.0,0.0,887.8445798028271,187.38695652173905
901,265.3133762677728,90.0,90.0,0.0,844.6738762677728,173.26086956521732
902,261.09390724128514,90.0,90.0,0.0,782.9306072412851,159.1347826086956
903,216.75524598768135,90.0,90.0,0.0,720.7792464376363,145.00869565217386
904,186.71596196656526,90.0,90.0,0.0,650.9034615166103,130.88260869565212
905,190.26378636829463,90.0,90.0,0.0,574.4522863682946,116.75652173913039
906,174.5768493089031,90.0,90.0,0.0,507.71834975885804,102.63043478260866
907,181.1901198222675,90.0,90.0,0.0,447.0716193723125,88.50434782608693
908,193.7767481034897,90.0,90.0,0.0,400.11174810348973,74.3782608695652
909,245.6208001992145,90.0,90.0,0.0,360.9928006491695,60.252173913043464
910,254.0893524095083,90.0,90.0,0.0,349.2783524095083,46.12608695652173
911,269.59208767047045,90.0,90.0,0.0,356.76258767047045,32.0
912,315.0508576517472,90.0,77.004,0.0,381.00385810170224,32.0
913,349.2004521221792,90.0,77.004,0.0,422.65745167222417,32.0
914,374.6520003838302,90.0,77.004,0.0,480.29600083378523,32.0
915,374.6519996175383,90.0,77.004,0.0,552.6460000674933,32.0
916,441.5759999999999,90.0,10.080000000000133,0.0,630.296,104.74347826086942
917,451.6560003824618,90.0,0.0,0.0,707.9459999325068,188.44347826086943
918,451.6559996175382,90.0,0.0,0.0,780.2960000674932,272.1434782608694
919,361.6559996175383,90.0,90.0,0.0,842.4260000674933,258.0173913043477
920,361.6559996175382,90.0,90.0,0.0,890.1060000674931,243.89130434782598
921,357.53020000000004,90.0,90.0,0.0,915.9502,229.76521739130425
922,353.6856010811962,90.0,90.0,0.0,922.3256015311512,215.63913043478252
923,350.3841636320925,90.0,90.0,0.0,908.8041631821375,201.51304347826078
924,306.6354753592591,90.0,90.0,0.0,885.1029753592591,187.38695652173905
925,288.1194031264487,90.0,90.0,0.0,839.7023031264486,173.26086956521732
926,259.6913382363265,90.0,90.0,0.0,783.2384882363264,159.1347826086956
927,211.6079296780959,90.0,90.0,0.0,721.9013296780959,145.00869565217386
928,186.3555352087124,90.0,90.0,0.0,650.9804356586674,130.88260869565212
929,193.56443015925794,90.0,90.0,0.0,573.7704297093029,116.75652173913039
930,182.01670012175884,90.0,90.0,0.0,506.24819967180383,102.63043478260866
931,180.21228374203366,90.0,90.0,0.0,447.2547841919886,88.50434782608693
932,182.27879818033176,90.0,90.0,0.0,402.1407981803318,74.3782608695652
933,274.6640252495504,90.0,90.0,0.0,355.8675256995054,60.252173913043464
934,240.92752731734174,90.0,90.0,0.0,351.60102731734173,46.12608695652173
935,291.4863884419309,90.0,90.0,0.0,352.8988884419309,32.0
936,311.86080796883664,90.0,77.004,0.0,381.5668079688367,32.0
937,374.6520022260695,90.0,77.004,0.0,418.1660017761144,32.0
938,364.1294261309008,90.0,77.004,0.0,482.1529256809458,32.0
939,374.65200000000004,90.0,77.004,0.0,552.6460000000001,32.0
940,441.57599961753806,90.0,10.080000000000133,0.0,630.2960000674932,104.74347826086942
941,451.65600000000006,90.0,0.0,0.0,707.946,188.44347826086943
942,451.6560003824618,90.0,0.0,0.0,780.2959999325068,272.1434782608694
943,361.65600000000006,90.0,90.0,0.0,842.426,258.0173913043477
944,361.65600000000006,90.0,90.0,0.0,890.106,243.89130434782598
945,357.53020037896806,90.0,90.0,0.0,915.950199929013,229.76521739130425
946,353.68560183262105,90.0,90.0,0.0,922.325601382666,215.63913043478252
947,333.2655715471194,90.0,90.0,0.0,912.3405715471193,201.51304347826078
948,301.88652894414577,90.0,90.0,0.0,886.1171789441457,187.38695652173905
949,272.51784663045953,90.0,90.0,0.0,843.1033461805046,173.26086956521732
950,237.2513415259533,90.0,90.0,0.0,788.1643410759983,159.1347826086956
951,226.81379477700148,90.0,90.0,0.0,718.5865447770014,145.00869565217386
952,180.564245947051,90.0,90.0,0.0,652.217245947051,130.88260869565212
953,157.2125977008052,90.0,90.0,0.0,581.2800977008052,116.75652173913039
954,163.8341574716253,90.0,90.0,0.0,509.84115702167026,102.63043478260866
955,181.41752300662455,90.0,90.0,0.0,447.0290230066246,88.50434782608693
956,216.06119833702212,90.0,90.0,0.0,396.1791978870672,74.3782608695652
957,217.34640053267293,90.0,90.0,0.0,365.98240053267295,60.252173913043464
958,247.14697736089386,90.0,90.0,0.0,350.50347736089384,46.12608695652173
959,277.47541294824475,90.0,90.0,0.0,355.3714129482447,32.0
960,339.8024331589704,90.0,77.004,0.0,376.6359336089255,32.0
961,330.6798016641182,90.0,77.004,0.0,425.92580166411824,32.0
962,374.6520003838302,90.0,77.004,0.0,480.29600083378523,32.0
963,408.6000000000001,90.0,43.05599999999998,0.0,552.6460000000001,68.90000000000002
964,451.6559996175382,90.0,0.0,0.0,630.2960000674932,152.60000000000002
965,451.6560003824618,90.0,0.0,0.0,707.9459999325068,236.3
966,451.6559996175382,90.0,0.0,0.0,780.2960000674932,320.0
967,361.6560003824619,90.0,90.0,0.0,842.4259999325068,305.8739130434783
968,361.6559996175382,90.0,90.0,0.0,890.1060000674931,291.7478260869566
969,357.53020037896806,90.0,90.0,0.0,915.950199929013,277.6217391304349
970,332.2453060107937,90.0,90.0,0.0,926.5623064607487,263.4956521739132
971,344.375873226905,90.0,90.0,0.0,910.045373226905,249.36956521739145
972,306.6688481380021,90.0,90.0,0.0,885.095848138002,235.24347826086972
973,276.8859722063752,90.0,90.0,0.0,842.1511217564201,221.117391304348
974,268.6868198991666,90.0,90.0,0.0,781.2638703491216,206.99130434782626
975,225.54691607766745,90.0,90.0,0.0,718.8627165276224,192.86521739130453
976,186.01513323074704,90.0,90.0,0.0,651.053133230747,178.7391304347828
977,195.61194794062237,90.0,90.0,0.0,573.3474474906674,164.61304347826106
978,139.97027477458084,90.0,90.0,0.0,514.5567743246258,150.48695652173933
979,189.22883578580831,90.0,90.0,0.0,445.5658353358533,136.3608695652176
980,177.08062283261,90.0,90.0,0.0,403.058123282565,122.23478260869587
981,218.2873509167655,90.0,90.0,0.0,365.8163504668105,108.10869565217413
982,241.14555193640678,90.0,90.0,0.0,351.56255238636174,93.9826086956524
983,235.68346109321533,90.0,90.0,0.0,362.7464615431703,79.85652173913067
984,434.6385842893205,90.0,0.0,0.0,373.4890838393655,163.5565217391307
985,439.3777517934892,90.0,0.0,0.0,420.33275179348925,247.25652173913068
986,441.5760007662919,90.0,10.080000000000211,0.0,480.2960007662921,320.0
987,374.65200000000004,90.0,77.00399999999999,0.0,552.6460000000001,320.0
988,374.65200000000004,90.0,77.00399999999999,0.0,630.296,320.0
989,374.6519996175383,90.0,77.00399999999999,0.0,707.9460000674933,320.0
990,374.6520003824618,90.0,77.00399999999999,0.0,780.2959999325068,320.0
991,361.6559996175383,90.0,90.0,0.0,842.4260000674933,305.8739130434783
992,361.6559996175382,90.0,90.0,0.0,890.1060000674931,291.7478260869566
993,357.53020037896806,90.0,90.0,0.0,915.950199929013,277.6217391304349
994,353.6856010811962,90.0,90.0,0.0,922.3256015311512,263.4956521739132
995,339.0836550048117,90.0,90.0,0.0,911.1386550048117,249.36956521739145
996,298.35902586025065,90.0,90.0,0.0,886.8705263102056,235.24347826086972
997,277.33154096595854,90.0,90.0,0.0,842.0539905160035,221.117391304348
998,261.29538124199746,90.0,90.0,0.0,782.8863812419974,206.99130434782626
999,213.7304777306157,90.0,90.0,0.0,721.4386272806606,192.86521739130453
1000,184.5689798323748,90.0,90.0,0.0,651.3619793824198,178.7391304347828
1001,184.1995533764939,90.0,90.0,0.0,575.7050533764939,164.61304347826106
1002,167.83589425324288,90.0,90.0,0.0,509.05039470319787,150.48695652173933
1003,173.46976808944567,90.0,90.0,0.0,448.51776853940066,136.3608695652176
1004,194.97014847797584,90.0,90.0,0.0,399.9011480280209,122.23478260869587
1005,227.06572516705614,90.0,90.0,0.0,364.2672256170111,108.10869565217413
1006,277.8196529581431,90.0,90.0,0.0,345.09065250818804,93.9826086956524
1007,292.01423884299186,90.0,90.0,0.0,352.80573839303685,79.85652173913067
1008,404.05770828017813,90.0,0.0,0.0,378.88570828017816,163.5565217391307
1009,433.70910215281225,90.0,0.0,0.0,421.3331017028572,247.25652173913068
1010,437.5023753769187,90.0,10.080000000000211,0.0,481.0148758268738,320.0
1011,374.65200000000004,90.0,77.00399999999999,0.0,552.6460000000001,320.0
1012,374.6519996175382,90.0,77.00399999999999,0.0,630.2960000674932,320.0
1013,374.6519996175383,90.0,77.00399999999999,0.0,707.9460000674933,320.0
1014,374.65200000000004,90.0,77.00399999999999,0.0,780.296,320.0
1015,361.65600000000006,90.0,90.0,0.0,842.426,305.8739130434783
1016,361.6560003824618,90.0,90.0,0.0,890.1059999325067,291.7478260869566
1017,357.53020000000004,90.0,90.0,0.0,915.9502,277.6217391304349
1018,353.6856010811962,90.0,90.0,0.0,922.3256015311512,263.4956521739132
1019,341.94794224552186,90.0,90.0,0.0,910.5469422455218,249.36956521739145
1020,306.16825645685867,90.0,90.0,0.0,885.2027564568587,235.24347826086972
1021,278.7469418552122,90.0,90.0,0.0,841.7454418552121,221.117391304348
1022,250.93386120536434,90.0,90.0,0.0,785.1608612053644,206.99130434782626
1023,228.0607226364944,90.0,90.0,0.0,718.3147221865394,192.86521739130453
1024,181.90916932312632,90.0,90.0,0.0,651.9300188731713,178.7391304347828
1025,144.15547648436507,90.0,90.0,0.0,583.9774760344101,164.61304347826106
1026,164.21742172336513,90.0,90.0,0.0,509.7654221733201,150.48695652173933
1027,204.91968089730142,90.0,90.0,0.0,442.6266813472564,136.3608695652176
1028,183.8393981699021,90.0,90.0,0.0,401.86539816990216,122.23478260869587
1029,204.17310012738005,90.0,90.0,0.0,368.30710057733506,108.10869565217413
1030,223.78387681483048,90.0,90.0,0.0,354.62637726478545,93.9826086956524
1031,276.37381252696736,90.0,90.0,0.0,355.56581297692236,79.85652173913067
1032,423.4504582951236,90.0,0.0,0.0,375.4634587450786,163.5565217391307
1033,451.65600184360767,90.0,0.0,0.0,418.16600184360766,247.25652173913068
1034,441.57600038383003,90.0,10.080000000000211,0.0,480.29600083378523,320.0
1035,374.6519996175383,90.0,77.00399999999999,0.0,552.6460000674933,320.0
1036,361.6560003824618,90.0,90.0,0.0,630.2959999325068,305.8739130434783
1037,361.6559996175383,90.0,90.0,0.0,707.9460000674933,291.7478260869566
1038,361.65600000000006,90.0,90.0,0.0,780.296,277.6217391304349
1039,361.65600000000006,90.0,90.0,0.0,842.426,263.4956521739132
1040,361.65600000000006,90.0,90.0,0.0,890.106,249.36956521739145
1041,357.530199621032,90.0,90.0,0.0,915.950200070987,235.24347826086972
1042,353.68560145690867,90.0,90.0,0.0,922.3256014569087,221.117391304348
1043,323.99020388091367,90.0,90.0,0.0,914.2567038809136,206.99130434782626
1044,294.55452945433274,90.0,90.0,0.0,887.6830294543325,192.86521739130453
1045,285.48256747833716,90.0,90.0,0.0,840.2771170283821,178.7391304347828
1046,258.63083260153996,90.0,90.0,0.0,783.471282151585,164.61304347826106
1047,236.02664926363337,90.0,90.0,0.0,716.5781992636333,150.48695652173933
1048,174.8797488375679,90.0,90.0,0.0,653.4312492875229,136.3608695652176
1049,157.85034914090238,90.0,90.0,0.0,581.1483491409024,122.23478260869587
1050,138.96702151487216,90.0,90.0,0.0,514.7550219648272,108.10869565217413
1051,164.88528357392465,90.0,90.0,0.0,450.12578402387965,93.9826086956524
1052,186.82289776750133,90.0,90.0,0.0,401.33889821745635,79.85652173913067
1053,193.28332510850663,90.0,90.0,0.0,370.2288255584616,65.73043478260894
1054,244.92082734530516,90.0,90.0,0.0,350.8963273453051,51.604347826087206
1055,275.32958787263516,90.0,90.0,0.0,355.75008787263516,37.478260869565474
1056,328.1184087877407,90.0,82.04400000000024,0.0,377.8084083377859,32.0
1057,374.6520022260695,90.0,77.004,0.0,418.1660017761144,32.0
1058,374.6520007662921,90.0,77.004,0.0,480.2960007662921,32.0
1059,374.65200000000004,90.0,77.004,0.0,552.6460000000001,32.0
1060,441.57600038246164,90.0,10.080000000000133,0.0,630.2959999325067,104.74347826086942
1061,451.6560003824619,90.0,0.0,0.0,707.9459999325068,188.44347826086943
1062,451.6559996175382,90.0,0.0,0.0,780.2960000674932,272.1434782608694
1063,361.65600000000006,90.0,90.0,0.0,842.426,258.0173913043477
1064,361.6559996175382,90.0,90.0,0.0,890.1060000674931,243.89130434782598
1065,357.53020037896806,90.0,90.0,0.0,915.950199929013,229.76521739130425
1066,353.68560183262105,90.0,90.0,0.0,922.325601382666,215.63913043478252
1067,328.33138960303177,90.0,90.0,0.0,913.3598891530767,201.51304347826078
1068,289.1258911495938,90.0,90.0,0.0,888.8423906996388,187.38695652173905
1069,291.122004174218,90.0,90.0,0.0,839.047754624173,173.26086956521732
1070,254.43419484877677,90.0,90.0,0.0,784.3924952987318,159.1347826086956
1071,226.15209155284805,90.0,90.0,0.0,718.730792002803,145.00869565217386
1072,186.76045900561581,90.0,90.0,0.0,650.8939585556608,130.88260869565212
1073,175.68501259302627,90.0,90.0,0.0,577.4640121430713,116.75652173913039
1074,142.22477479319627,90.0,90.0,0.0,514.1112743432412,102.63043478260866
1075,168.08030401760982,90.0,90.0,0.0,449.5273040176098,88.50434782608693
1076,198.24052269119613,90.0,90.0,0.0,399.32402314115114,74.3782608695652
1077,250.25670097217267,90.0,90.0,0.0,360.1747005222177,60.252173913043464
1078,264.2562024807023,90.0,90.0,0.0,347.4842024807023,46.12608695652173
1079,311.0512637488508,90.0,90.0,0.0,349.4462641988058,32.0
1080,354.2265084545568,90.0,77.004,0.0,374.09050890451175,32.0
1081,369.99315144212903,90.0,77.004,0.0,418.98815189208403,32.0
1082,372.9307511458336,90.0,77.004,0.0,480.59975069587847,32.0
1083,374.65200000000004,90.0,77.004,0.0,552.6460000000001,32.0
1084,441.57600038246164,90.0,10.080000000000133,0.0,630.2959999325068,104.74347826086942
1085,451.6560003824618,90.0,0.0,0.0,707.9459999325068,188.44347826086943
1086,451.65600000000006,90.0,0.0,0.0,780.296,272.1434782608694
1087,361.65600000000006,90.0,90.0,0.0,842.426,258.0173913043477
1088,361.6560003824618,90.0,90.0,0.0,890.1059999325067,243.89130434782598
1089,357.53020000000004,90.0,90.0,0.0,915.9502,229.76521739130425
1090,353.6856010811962,90.0,90.0,0.0,922.3256015311512,215.63913043478252
1091,347.39680117609146,90.0,90.0,0.0,909.4213011760913,201.51304347826078
1092,297.6359493582596,90.0,90.0,0.0,887.0249493582595,187.38695652173905
1093,273.141864569876,90.0,90.0,0.0,842.9673141199211,173.26086956521732
1094,252.25119121002183,90.0,90.0,0.0,784.8716912100218,159.1347826086956
1095,218.537521752334,90.0,90.0,0.0,720.390721302379,145.00869565217386
1096,196.1827070245762,90.0,90.0,0.0,648.8817065746211,130.88260869565212
1097,187.77991196552597,90.0,90.0,0.0,574.965412415481,116.75652173913039
1098,193.24411021446383,90.0,90.0,0.0,504.0296097645088,102.63043478260866
1099,176.85808156195708,90.0,90.0,0.0,447.88308156195706,88.50434782608693
1100,183.94267278675017,90.0,90.0,0.0,401.8471732367052,74.3782608695652
1101,206.23860089588334,90.0,90.0,0.0,367.94260044592835,60.252173913043464
1102,255.60405280257686,90.0,90.0,0.0,349.01105235262185,46.12608695652173
1103,261.7431877763709,90.0,90.0,0.0,358.1476873264159,32.0
1104,320.5703331473172,90.0,77.004,0.0,380.0298331473172,32.0
1105,374.6520014611459,90.0,77.004,0.0,418.1660019111009,32.0
1106,374.6520011487538,90.0,77.004,0.0,480.2960006987988,32.0
1107,374.6519996175383,90.0,77.004,0.0,552.6460000674933,32.0
1108,441.57600038246164,90.0,10.080000000000133,0.0,630.2959999325067,104.74347826086942
1109,451.6559996175383,90.0,0.0,0.0,707.9460000674933,188.44347826086943
1110,451.6560003824618,90.0,0.0,0.0,780.2959999325067,272.1434782608694
1111,361.6559996175383,90.0,90.0,0.0,842.4260000674933,258.0173913043477
1112,361.6560003824618,90.0,90.0,0.0,890.1059999325067,243.89130434782598
1113,357.5302003789682,90.0,90.0,0.0,915.950199929013,229.76521739130425
1114,353.68560145690867,90.0,90.0,0.0,922.3256014569087,215.63913043478252
1115,337.9983586675114,90.0,90.0,0.0,911.3628586675113,201.51304347826078
1116,298.98198476755624,90.0,90.0,0.0,886.7374847675561,187.38695652173905
1117,269.15723810417876,90.0,90.0,0.0,843.8359381041787,173.26086956521732
1118,267.91192026539,90.0,90.0,0.0,781.43397026539,159.1347826086956
1119,212.7495614384273,90.0,90.0,0.0,721.6524609884723,145.00869565217386
1120,192.9321975803881,90.0,90.0,0.0,649.5758980303431,130.88260869565212
1121,173.87245586853976,90.0,90.0,0.0,577.8384554185848,116.75652173913039
1122,161.73747207860055,90.0,90.0,0.0,510.2554720786005,102.63043478260866
1123,177.72221510259232,90.0,90.0,0.0,447.7212151025923,88.50434782608693
1124,170.04644826208187,90.0,90.0,0.0,404.2994482620819,74.3782608695652
1125,226.03297554772797,90.0,90.0,0.0,364.44947554772796,60.252173913043464
1126,260.5038774544265,90.0,90.0,0.0,348.14637745442644,46.12608695652173
1127,292.18636308413323,90.0,90.0,0.0,352.7753635340883,32.0
1128,338.55165851580057,90.0,77.004,0.0,376.85665851580063,32.0
1129,363.29175179723643,90.0,77.004,0.0,420.17075179723645,32.0
1130,374.6520011487538,90.0,77.004,0.0,480.2960006987988,32.0
1131,408.6000000000001,90.0,43.05599999999998,0.0,552.6460000000001,68.90000000000002
1132,451.65600000000006,90.0,0.0,0.0,630.296,152.60000000000002
1133,451.6560003824618,90.0,0.0,0.0,707.9459999325068,236.3
1134,451.65600000000006,90.0,0.0,0.0,780.296,320.0
1135,361.65600000000006,90.0,90.0,0.0,842.426,305.8739130434783
1136,361.65600000000006,90.0,90.0,0.0,890.106,291.7478260869566
1137,357.53020037896806,90.0,90.0,0.0,915.950199929013,277.6217391304349
1138,353.68560183262105,90.0,90.0,0.0,922.325601382666,263.4956521739132
1139,350.384162886259,90.0,90.0,0.0,908.804163336214,249.36956521739145
1140,287.1902692409632,90.0,90.0,0.0,889.2557696909181,235.24347826086972
1141,270.8464088531762,90.0,90.0,0.0,843.4677093031312,221.117391304348
1142,246.8490311909227,90.0,90.0,0.0,786.0575311909226,206.99130434782626
1143,226.0146531727886,90.0,90.0,0.0,718.7607527228336,192.86521739130453
1144,176.4148966848129,90.0,90.0,0.0,653.1033971347679,178.7391304347828
1145,192.6022079424007,90.0,90.0,0.0,573.9692083923557,164.61304347826106
1146,171.64599966041538,90.0,90.0,0.0,508.2974996604154,150.48695652173933
1147,139.34786341252055,90.0,90.0,0.0,454.9093638624755,136.3608695652176
1148,177.73469782823872,90.0,90.0,0.0,402.94269827819375,122.23478260869587
1149,209.29095090117346,90.0,90.0,0.0,367.40395045121846,108.10869565217413
1150,234.38677727153976,90.0,90.0,0.0,352.75527727153974,93.9826086956524
1151,255.99421180887828,90.0,90.0,0.0,359.16221225883334,79.85652173913067
1152,399.4677078036555,90.0,0.0,0.0,379.6957082536106,163.5565217391307
1153,451.65600184360767,90.0,0.0,0.0,418.16600184360766,247.25652173913068
1154,441.5760007662919,90.0,10.080000000000211,0.0,480.2960007662921,320.0
1155,374.6519996175383,90.0,77.00399999999999,0.0,552.6460000674933,320.0
1156,374.6520003824618,90.0,77.00399999999999,0.0,630.2959999325068,320.0
1157,374.65200000000004,90.0,77.00399999999999,0.0,707.946,320.0
1158,374.6520003824618,90.0,77.00399999999999,0.0,780.2959999325068,320.0
1159,361.65600000000006,90.0,90.0,0.0,842.426,305.8739130434783
1160,361.6560003824618,90.0,90.0,0.0,890.1059999325067,291.7478260869566
1161,357.53020037896806,90.0,90.0,0.0,915.950199929013,277.6217391304349
1162,353.68560145690867,90.0,90.0,0.0,922.3256014569087,263.4956521739132
1163,303.8059297315348,90.0,90.0,0.0,918.4264297315347,249.36956521739145
1164,294.89715627865485,90.0,90.0,0.0,887.6098567286097,235.24347826086972
1165,288.78221399640586,90.0,90.0,0.0,839.5578144463608,221.117391304348
1166,260.48948487018515,90.0,90.0,0.0,783.06328532014,206.99130434782626
1167,217.0534009441531,90.0,90.0,0.0,720.714250494198,192.86521739130453
1168,197.00590187624022,90.0,90.0,0.0,648.7059018762402,178.7391304347828
1169,168.6026150214214,90.0,90.0,0.0,578.9271145714664,164.61304347826106
1170,146.3843265761169,90.0,90.0,0.0,513.2893270260719,150.48695652173933
1171,182.2702859901255,90.0,90.0,0.0,446.8692864400805,136.3608695652176
1172,192.62924811115863,90.0,90.0,0.0,400.31424811115863,122.23478260869587
1173,227.0427759319398,90.0,90.0,0.0,364.2712754819848,108.10869565217413
1174,262.9136274713008,90.0,90.0,0.0,347.72112747130086,93.9826086956524
1175,269.2937380424197,90.0,90.0,0.0,356.81523759246465,79.85652173913067
1176,426.3880587377843,90.0,0.0,0.0,374.9450587377843,163.5565217391307
1177,449.131501833303,90.0,0.0,0.0,418.6115018333029,247.25652173913068
1178,441.5760007662919,90.0,10.080000000000211,0.0,480.2960007662921,320.0
1179,374.65200000000004,90.0,77.00399999999999,0.0,552.6460000000001,320.0
1180,374.6519996175382,90.0,77.00399999999999,0.0,630.2960000674932,320.0
1181,374.65200000000004,90.0,77.00399999999999,0.0,707.946,320.0
1182,374.6519996175382,90.0,77.00399999999999,0.0,780.2960000674932,320.0
1183,361.65600000000006,90.0,90.0,0.0,842.426,305.8739130434783
1184,361.6559996175382,90.0,90.0,0.0,890.1060000674931,291.7478260869566
1185,357.53020000000004,90.0,90.0,0.0,915.9502,277.6217391304349
1186,343.21344854680933,90.0,90.0,0.0,924.3949489967642,263.4956521739132
1187,337.8417179590351,90.0,90.0,0.0,911.3952179590351,249.36956521739145
1188,288.8477839185267,90.0,90.0,0.0,888.9017843684816,235.24347826086972
1189,300.24397230453496,90.0,90.0,0.0,837.0592218545798,221.117391304348
1190,259.34927523511703,90.0,90.0,0.0,783.313575235117,206.99130434782626
1191,239.87383584357275,90.0,90.0,0.0,715.7395362935276,192.86521739130453
1192,210.6108719367267,90.0,90.0,0.0,645.8003714867716,178.7391304347828
1193,186.95195470140874,90.0,90.0,0.0,575.1364542514538,164.61304347826106
1194,204.79842280986793,90.0,90.0,0.0,501.7464223599129,150.48695652173933
1195,151.6958769010713,90.0,90.0,0.0,452.59637735102626,136.3608695652176
1196,167.15474866386916,90.0,90.0,0.0,404.8097482139142,122.23478260869587
1197,188.37202548245642,90.0,90.0,0.0,371.0955254824564,108.10869565217413
1198,242.20125194379938,90.0,90.0,0.0,351.3762523937543,93.9826086956524
1199,305.0727893031187,90.0,90.0,0.0,350.5012888531637,79.85652173913067
1200,388.4746575783797,90.0,0.0,0.0,381.6356580283348,163.5565217391307
1201,422.5898263425011,90.0,0.0,0.0,423.2953267924561,247.25652173913068
1202,441.5760007662919,90.0,10.080000000000211,0.0,480.2960007662921,320.0
1203,369.61199999999985,90.0,82.04400000000022,0.0,552.6460000000001,314.5217391304345
1204,361.6560003824618,90.0,90.0,0.0,630.2959999325068,300.3956521739128
1205,361.6560003824618,90.0,90.0,0.0,707.9459999325068,286.2695652173911
1206,361.6560003824618,90.0,90.0,0.0,780.2959999325068,272.1434782608694
1207,361.6560003824618,90.0,90.0,0.0,842.4259999325068,258.0173913043477
1208,361.6560003824618,90.0,90.0,0.0,890.1059999325066,243.89130434782598
1209,357.53020000000004,90.0,90.0,0.0,915.9502,229.76521739130425
1210,353.68560145690867,90.0,90.0,0.0,922.3256014569087,215.63913043478252
1211,350.384162886259,90.0,90.0,0.0,908.804163336214,201.51304347826078
1212,308.67121486257554,90.0,90.0,0.0,884.6682148625754,187.38695652173905
1213,278.48093102488383,90.0,90.0,0.0,841.8034305749288,173.26086956521732
1214,256.3504125934776,90.0,90.0,0.0,783.9718621435227,159.1347826086956
1215,222.73828191888066,90.0,90.0,0.0,719.4749814689255,145.00869565217386
1216,197.5398663448472,90.0,90.0,0.0,648.5918663448472,130.88260869565212
1217,173.3465902730868,90.0,90.0,0.0,577.9470902730868,116.75652173913039
1218,184.12465726345192,90.0,90.0,0.0,505.8316572634519,102.63043478260866
1219,182.09973407556777,90.0,90.0,0.0,446.9012336256127,88.50434782608693
1220,199.11262306782947,90.0,90.0,0.0,399.17012306782954,74.3782608695652
1221,240.20460057228922,90.0,90.0,0.0,361.94860057228925,60.252173913043464
1222,232.7573272601294,90.0,90.0,0.0,353.0428272601294,46.12608695652173
1223,330.3636898117989,90.0,90.0,0.0,346.03818981179893,32.0
1224,354.3756842225372,90.0,77.004,0.0,374.0641837725823,32.0
1225,374.6520022260694,90.0,77.004,0.0,418.1660017761144,32.0
1226,374.6520011487538,90.0,77.004,0.0,480.2960006987987,32.0
1227,374.65200000000004,90.0,77.004,0.0,552.6460000000001,32.0
1228,441.57599961753806,90.0,10.080000000000133,0.0,630.2960000674932,104.74347826086942
1229,451.6560003824618,90.0,0.0,0.0,707.9459999325068,188.44347826086943
1230,451.6560003824618,90.0,0.0,0.0,780.2959999325068,272.1434782608694
1231,361.6560003824618,90.0,90.0,0.0,842.4259999325068,258.0173913043477
1232,361.65600000000006,90.0,90.0,0.0,890.106,243.89130434782598
1233,357.53020037896806,90.0,90.0,0.0,915.950199929013,229.76521739130425
1234,353.68560145690867,90.0,90.0,0.0,922.3256014569087,215.63913043478252
1235,327.6265064148881,90.0,90.0,0.0,913.505505964933,201.51304347826078
1236,303.53180693617026,90.0,90.0,0.0,885.7658069361702,187.38695652173905
1237,267.7872804254597,90.0,90.0,0.0,844.1345804254596,173.26086956521732
1238,258.1968878620796,90.0,90.0,0.0,783.5665383120347,159.1347826086956
1239,220.33531372859392,90.0,90.0,0.0,719.9988137285939,145.00869565217386
1240,187.45016274012823,90.0,90.0,0.0,650.7466627401282,130.88260869565212
1241,146.5274642966562,90.0,90.0,0.0,583.4874638467012,116.75652173913039
1242,160.046597064639,90.0,90.0,0.0,510.58959706463895,102.63043478260866
1243,164.79432214859463,90.0,90.0,0.0,450.1428225985496,88.50434782608693
1244,197.23072308040645,90.0,90.0,0.0,399.50222308040645,74.3782608695652
1245,227.04277554947805,90.0,90.0,0.0,364.27127554947805,60.252173913043464
1246,238.83907730271727,90.0,90.0,0.0,351.96957730271725,46.12608695652173
1247,302.6859892190182,90.0,90.0,0.0,350.9224887690632,32.0
1248,316.4737580633678,90.0,77.004,0.0,380.7527580633679,32.0
1249,350.0496017431835,90.0,77.004,0.0,422.5076017431835,32.0
1250,374.6520007662921,90.0,77.004,0.0,480.2960007662921,32.0
1251,374.6520003824618,90.0,77.004,0.0,552.6459999325068,32.0
1252,441.57600038246164,90.0,10.080000000000133,0.0,630.2959999325068,104.74347826086942
1253,451.6559996175383,90.0,0.0,0.0,707.9460000674933,188.44347826086943
1254,451.65600000000006,90.0,0.0,0.0,780.296,272.1434782608694
1255,361.6560003824619,90.0,90.0,0.0,842.4259999325068,258.0173913043477
1256,361.6559996175382,90.0,90.0,0.0,890.1060000674931,243.89130434782598
1257,357.53020000000004,90.0,90.0,0.0,915.9502,229.76521739130425
1258,353.68560145690867,90.0,90.0,0.0,922.3256014569087,215.63913043478252
1259,350.3841636320925,90.0,90.0,0.0,908.8041631821375,201.51304347826078
1260,277.412045069296,90.0,90.0,0.0,891.344045519251,187.38695652173905
1261,280.88168136379295,90.0,90.0,0.0,841.280081813748,173.26086956521732
1262,273.008548283409,90.0,90.0,0.0,780.315198283409,159.1347826086956
1263,230.16996902085106,90.0,90.0,0.0,717.854919470806,145.00869565217386
1264,189.18554763387243,90.0,90.0,0.0,650.3760471839174,130.88260869565212
1265,184.4568913039672,90.0,90.0,0.0,575.6518917539222,116.75652173913039
1266,156.75502703746048,90.0,90.0,0.0,511.24002703746044,102.63043478260866
1267,185.70408017530195,90.0,90.0,0.0,446.22608017530195,88.50434782608693
1268,197.4487476964876,90.0,90.0,0.0,399.46374814644264,74.3782608695652
1269,194.7291754934742,90.0,90.0,0.0,369.9736754934742,60.252173913043464
1270,204.2190020602879,90.0,90.0,0.0,358.0790020602879,46.12608695652173
1271,260.05636271693453,90.0,90.0,0.0,358.4453622669795,32.0
1272,313.34108261670957,90.0,77.004,0.0,381.3055830666646,32.0
1273,374.65200184360765,90.0,77.004,0.0,418.16600184360766,32.0
1274,374.6520011487538,90.0,77.004,0.0,480.2960006987988,32.0
1275,374.6520003824618,90.0,77.004,0.0,552.6459999325068,32.0
1276,441.5759999999999,90.0,10.080000000000133,0.0,630.296,104.74347826086942
1277,451.65600000000006,90.0,0.0,0.0,707.946,188.44347826086943
1278,451.65600000000006,90.0,0.0,0.0,780.296,272.1434782608694
1279,361.65600000000006,90.0,90.0,0.0,842.426,258.0173913043477
1280,361.65600000000006,90.0,90.0,0.0,890.106,243.89130434782598
1281,357.5302003789682,90.0,90.0,0.0,915.950199929013,229.76521739130425
1282,353.6856010811962,90.0,90.0,0.0,922.3256015311512,215.63913043478252
1283,322.0545718961108,90.0,90.0,0.0,914.6565723460657,201.51304347826078
1284,324.4120421696391,90.0,90.0,0.0,881.306542169639,187.38695652173905
1285,279.42083689458195,90.0,90.0,0.0,841.5985368945819,173.26086956521732
1286,257.02346822689424,90.0,90.0,0.0,783.8241182268941,159.1347826086956
1287,240.93566461396273,90.0,90.0,0.0,715.5080641640077,145.00869565217386
1288,197.1838904032142,90.0,90.0,0.0,648.6678899532592,130.88260869565212
1289,163.67962070290844,90.0,90.0,0.0,579.9441211528634,116.75652173913039
1290,154.16235239176507,90.0,90.0,0.0,511.75235194181005,102.63043478260866
1291,151.29792066525243,90.0,90.0,0.0,452.6709211152074,88.50434782608693
1292,186.14587315448767,90.0,90.0,0.0,401.45837315448773,74.3782608695652
1293,204.41407551025947,90.0,90.0,0.0,368.2645755102595,60.252173913043464
1294,279.70155297132123,90.0,90.0,0.0,344.75855252136614,46.12608695652173
1295,261.9726877844575,90.0,90.0,0.0,358.1071873345025,32.0
1296,334.1108338072585,90.0,77.004,0.0,377.6403333573035,32.0
1297,338.10412631196175,90.0,77.004,0.0,424.6156267619167,32.0
1298,374.6520011487538,90.0,77.004,0.0,480.2960006987988,32.0
1299,408.6000000000001,90.0,43.05599999999998,0.0,552.6460000000001,68.90000000000002
1300,451.6559996175382,90.0,0.0,0.0,630.2960000674932,152.60000000000002
1301,451.6559996175383,90.0,0.0,0.0,707.9460000674933,236.3
1302,451.6560003824618,90.0,0.0,0.0,780.2959999325068,320.0
1303,361.65600000000006,90.0,90.0,0.0,842.426,305.8739130434783
1304,361.65600000000006,90.0,90.0,0.0,890.106,291.7478260869566
1305,357.530199621032,90.0,90.0,0.0,915.950200070987,277.6217391304349
1306,353.68560145690867,90.0,90.0,0.0,922.3256014569087,263.4956521739132
1307,331.45301515052427,90.0,90.0,0.0,912.7150147005692,249.36956521739145
1308,295.02286078269117,90.0,90.0,0.0,887.5830107826911,235.24347826086972
1309,278.3013727262056,90.0,90.0,0.0,841.8425731761606,221.117391304348
1310,272.66648528219974,90.0,90.0,0.0,780.3902852821997,206.99130434782626
1311,239.1777732091159,90.0,90.0,0.0,715.8912736590709,192.86521739130453
1312,180.4307552006709,90.0,90.0,0.0,652.2457547507158,178.7391304347828
1313,157.7608401668536,90.0,90.0,0.0,581.1668401668536,164.61304347826106
1314,152.65183662786785,90.0,90.0,0.0,512.0508370778228,150.48695652173933
1315,181.99740209310352,90.0,90.0,0.0,446.92040209310346,136.3608695652176
1316,192.8243231098549,90.0,90.0,0.0,400.27982310985493,122.23478260869587
1317,245.35687596368058,90.0,90.0,0.0,361.03937551372564,108.10869565217413
1318,251.47305239118754,90.0,90.0,0.0,349.7400523911875,93.9826086956524
1319,248.8797123231177,90.0,90.0,0.0,360.41771187316266,79.85652173913067
1320,393.1908834399508,90.0,0.0,0.0,380.80338298999584,163.5565217391307
1321,430.51905175732907,90.0,0.0,0.0,421.896051757329,247.25652173913068
1322,441.5760007662919,90.0,10.080000000000211,0.0,480.2960007662921,320.0
1323,374.6520003824619,90.0,77.00399999999999,0.0,552.6459999325068,320.0
1324,374.65200000000004,90.0,77.00399999999999,0.0,630.296,320.0
1325,374.65200000000004,90.0,77.00399999999999,0.0,707.946,320.0
1326,374.65200000000004,90.0,77.00399999999999,0.0,780.296,320.0
1327,361.65600000000006,90.0,90.0,0.0,842.426,305.8739130434783
1328,361.65600000000006,90.0,90.0,0.0,890.106,291.7478260869566
1329,357.530199621032,90.0,90.0,0.0,915.950200070987,277.6217391304349
1330,353.68560183262116,90.0,90.0,0.0,922.325601382666,263.4956521739132
1331,350.384162886259,90.0,90.0,0.0,908.804163336214,249.36956521739145
1332,272.9178445693583,90.0,90.0,0.0,892.3038445693583,235.24347826086972
1333,284.4096556393404,90.0,90.0,0.0,840.5110051893853,221.117391304348
1334,255.9164685919435,90.0,90.0,0.0,784.0671181419884,206.99130434782626
1335,232.8422739184158,90.0,90.0,0.0,717.2723734684607,192.86521739130453
1336,189.87302614566073,90.0,90.0,0.0,650.2292265956157,178.7391304347828
1337,156.7538638358887,90.0,90.0,0.0,581.3748642858437,164.61304347826106
1338,173.61868717670393,90.0,90.0,0.0,507.9076871767039,150.48695652173933
1339,164.13485219392004,90.0,90.0,0.0,450.26635219392006,136.3608695652176
1340,200.50109844101195,90.0,90.0,0.0,398.925097991057,122.23478260869587
1341,231.79342594017334,90.0,90.0,0.0,363.4329254902183,108.10869565217413
1342,274.3427271688721,90.0,90.0,0.0,345.70422761882713,93.9826086956524
1343,307.59728862714763,90.0,90.0,0.0,350.05578907710265,79.85652173913067
1344,417.9883585656529,90.0,0.0,0.0,376.4273585656529,163.5565217391307
1345,428.72895175002213,90.0,0.0,0.0,422.2119517500221,247.25652173913068
1346,441.5760011487536,90.0,10.080000000000211,0.0,480.2960006987988,320.0
1347,374.6519996175383,90.0,77.00399999999999,0.0,552.6460000674933,320.0
1348,374.6519996175382,90.0,77.00399999999999,0.0,630.2960000674932,320.0
1349,374.65200000000004,90.0,77.00399999999999,0.0,707.946,320.0
1350,374.65200000000004,90.0,77.00399999999999,0.0,780.296,320.0
1351,361.65600000000006,90.0,90.0,0.0,842.426,305.8739130434783
1352,361.65600000000006,90.0,90.0,0.0,890.106,291.7478260869566
1353,357.5302003789682,90.0,90.0,0.0,915.950199929013,277.6217391304349
1354,353.68560145690867,90.0,90.0,0.0,922.3256014569087,263.4956521739132
1355,334.4179996166238,90.0,90.0,0.0,912.1024996166237,249.36956521739145
1356,310.2853449277734,90.0,90.0,0.0,884.3234949277733,235.24347826086972
1357,302.2534648732328,90.0,90.0,0.0,836.6211648732328,221.117391304348
1358,261.97175824438875,90.0,90.0,0.0,782.7379082443887,206.99130434782626
1359,221.66536971800184,90.0,90.0,0.0,719.7088697180018,192.86521739130453
1360,207.15122677977246,90.0,90.0,0.0,646.5392267797724,178.7391304347828
1361,162.76215371890902,90.0,90.0,0.0,580.133654168864,164.61304347826106
1362,180.31455185627942,90.0,90.0,0.0,506.5845523062344,150.48695652173933
1363,176.56245692963455,90.0,90.0,0.0,447.9384569296345,136.3608695652176
1364,190.96537312227844,90.0,90.0,0.0,400.6078731222785,122.23478260869587
1365,203.89770089182622,90.0,90.0,0.0,368.35570044187125,108.10869565217413
1366,244.06020272174027,90.0,90.0,0.0,351.04820227178527,93.9826086956524
1367,292.6453634827682,90.0,90.0,0.0,352.6943634827682,79.85652173913067
1368,388.6697329648391,90.0,0.0,0.0,381.60123296483914,163.5565217391307
1369,438.0122267879153,90.0,0.0,0.0,420.57372678791535,247.25652173913068
1370,441.5760007662919,90.0,10.080000000000211,0.0,480.2960007662921,320.0
1371,374.65200000000004,90.0,77.00399999999999,0.0,552.6460000000001,320.0
1372,369.61199999999985,90.0,82.04400000000022,0.0,630.296,314.5217391304345
1373,361.6559996175383,90.0,90.0,0.0,707.9460000674933,300.3956521739128
1374,361.65600000000006,90.0,90.0,0.0,780.296,286.2695652173911
1375,361.6559996175383,90.0,90.0,0.0,842.4260000674933,272.1434782608694
1376,361.65600000000006,90.0,90.0,0.0,890.106,258.0173913043477
1377,357.53020037896806,90.0,90.0,0.0,915.950199929013,243.89130434782598
1378,353.68560183262116,90.0,90.0,0.0,922.325601382666,229.76521739130425
1379,340.6053079743557,90.0,90.0,0.0,910.8243075244006,215.63913043478252
1380,299.61606719289955,90.0,90.0,0.0,886.6020676428544,201.51304347826078
1381,270.2877857031216,90.0,90.0,0.0,843.5894857031216,187.38695652173905
1382,262.70127161593086,90.0,90.0,0.0,782.577771165976,173.26086956521732
1383,216.0602917332157,90.0,90.0,0.0,720.9307421831707,159.1347826086956
1384,179.6743047952678,90.0,90.0,0.0,652.4073052452228,145.00869565217386
1385,174.52139555747624,90.0,90.0,0.0,577.7043955574762,130.88260869565212
1386,179.76219935171855,90.0,90.0,0.0,506.6936998016736,116.75652173913039
1387,172.491932767148,90.0,90.0,0.0,448.70093321710294,102.63043478260866
1388,193.1915227249391,90.0,90.0,0.0,400.2150231748941,88.50434782608693
1389,242.29305019344713,90.0,90.0,0.0,361.5800506434021,74.3782608695652
1390,243.77332733726968,90.0,90.0,0.0,351.09882733726965,60.252173913043464
1391,266.4479375596842,90.0,90.0,0.0,357.3174375596842,46.12608695652173
1392,323.51310847394353,90.0,90.0,0.0,377.2171084739436,32.0
1393,358.1739021588078,90.0,77.004,0.0,421.0739017088527,32.0
1394,374.6520003838302,90.0,77.004,0.0,480.29600083378523,32.0
1395,374.65200000000004,90.0,77.004,0.0,552.6460000000001,32.0
1396,441.5759999999999,90.0,10.080000000000133,0.0,630.296,104.74347826086942
1397,451.65600000000006,90.0,0.0,0.0,707.946,188.44347826086943
1398,451.65600000000006,90.0,0.0,0.0,780.296,272.1434782608694
1399,361.65600000000006,90.0,90.0,0.0,842.426,258.0173913043477
1400,361.6559996175382,90.0,90.0,0.0,890.1060000674931,243.89130434782598
1401,357.53020037896806,90.0,90.0,0.0,915.950199929013,229.76521739130425
1402,353.68560145690867,90.0,90.0,0.0,922.3256014569087,215.63913043478252
1403,291.6550862025849,90.0,90.0,0.0,920.9365862025849,201.51304347826078
1404,293.6022928342022,90.0,90.0,0.0,887.8863928342021,187.38695652173905
1405,265.97840426715106,90.0,90.0,0.0,844.528904267151,173.26086956521732
1406,265.39238788751913,90.0,90.0,0.0,781.9870383374741,159.1347826086956
1407,247.1802767453866,90.0,90.0,0.0,714.1467771953415,145.00869565217386
1408,181.02701515317705,90.0,90.0,0.0,652.118415153177,130.88260869565212
1409,172.2612939627461,90.0,90.0,0.0,578.1712939627461,116.75652173913039
1410,157.12701954053193,90.0,90.0,0.0,511.1665195405319,102.63043478260866
1411,178.35894545887055,90.0,90.0,0.0,447.60194500891555,88.50434782608693
1412,186.18029777179584,90.0,90.0,0.0,401.4522982217509,74.3782608695652
1413,215.69400091227084,90.0,90.0,0.0,366.2740004623158,60.252173913043464
1414,236.45227728600355,90.0,90.0,0.0,352.3907772860035,46.12608695652173
1415,267.9282126118427,90.0,90.0,0.0,357.0562126118427,32.0
1416,311.9640829709531,90.0,77.004,0.0,381.5485829709531,32.0
1417,354.0543767595305,90.0,77.004,0.0,421.8008767595305,32.0
1418,374.6520003838302,90.0,77.004,0.0,480.29600083378523,32.0
1419,374.65200000000004,90.0,77.004,0.0,552.6460000000001,32.0
1420,441.57600038246164,90.0,10.080000000000133,0.0,630.2959999325068,104.74347826086942
1421,451.65600000000006,90.0,0.0,0.0,707.946,188.44347826086943
1422,451.6559996175382,90.0,0.0,0.0,780.2960000674932,272.1434782608694
1423,361.6559996175383,90.0,90.0,0.0,842.4260000674933,258.0173913043477
1424,361.6560003824618,90.0,90.0,0.0,890.1059999325067,243.89130434782598
1425,357.53020000000004,90.0,90.0,0.0,915.9502,229.76521739130425
1426,353.6856010811962,90.0,90.0,0.0,922.3256015311512,215.63913043478252
1427,327.2572815148486,90.0,90.0,0.0,913.5817815148486,201.51304347826078
1428,307.60328594280304,90.0,90.0,0.0,884.8962859428029,187.38695652173905
1429,287.3036358166345,90.0,90.0,0.0,839.8801353666794,173.26086956521732
1430,262.01714524454917,90.0,90.0,0.0,782.7279452445491,159.1347826086956
1431,223.44653636381713,90.0,90.0,0.0,719.3205863638171,145.00869565217386
1432,183.84590220625978,90.0,90.0,0.0,651.5164026562147,130.88260869565212
1433,181.76043383366635,90.0,90.0,0.0,576.2089338336664,116.75652173913039
1434,161.87274245542983,90.0,90.0,0.0,510.2287420054748,102.63043478260866
1435,168.54648094345816,90.0,90.0,0.0,449.4399813934132,88.50434782608693
1436,217.48409756258923,90.0,90.0,0.0,395.92809801254424,74.3782608695652
1437,243.88807557867324,90.0,90.0,0.0,361.29857557867325,60.252173913043464
1438,217.56442677127836,90.0,90.0,0.0,355.72392722123334,46.12608695652173
1439,255.08768715939806,90.0,90.0,0.0,359.3221871593981,32.0
1440,343.5891840014942,90.0,77.004,0.0,375.9676835515392,32.0
1441,346.96282673058363,90.0,77.004,0.0,423.0523267305837,32.0
1442,374.6520007662921,90.0,77.004,0.0,480.2960007662921,32.0
1443,374.65200000000004,90.0,77.004,0.0,552.6460000000001,32.0
1444,441.5759999999999,90.0,10.080000000000133,0.0,630.296,104.74347826086942
1445,451.65600000000006,90.0,0.0,0.0,707.946,188.44347826086943
1446,451.6560003824618,90.0,0.0,0.0,780.2959999325068,272.1434782608694
1447,361.65600000000006,90.0,90.0,0.0,842.426,258.0173913043477
1448,361.6560003824618,90.0,90.0,0.0,890.1059999325067,243.89130434782598
1449,357.53020000000004,90.0,90.0,0.0,915.9502,229.76521739130425
1450,353.68560145690867,90.0,90.0,0.0,922.3256014569087,215.63913043478252
1451,319.34692573679376,90.0,90.0,0.0,915.2159257367937,201.51304347826078
1452,324.9793794082682,90.0,90.0,0.0,881.1853794082681,187.38695652173905
1453,273.48435398955576,90.0,90.0,0.0,842.8926535396008,173.26086956521732
1454,251.42426183813518,90.0,90.0,0.0,785.0532122880902,159.1347826086956
1455,235.41039035796416,90.0,90.0,0.0,716.7125399080091,145.00869565217386
1456,191.78862367678818,90.0,90.0,0.0,649.8201241267432,130.88260869565212
1457,200.04264215603393,90.0,90.0,0.0,572.4321417060789,116.75652173913039
1458,176.76371470267247,90.0,90.0,0.0,507.2862147026725,102.63043478260866
1459,170.4566712543567,90.0,90.0,0.0,449.0821712543567,88.50434782608693
1460,176.10524783912854,90.0,90.0,0.0,403.23024828908353,74.3782608695652
1461,197.28810049790917,90.0,90.0,0.0,369.52210049790915,60.252173913043464
1462,252.60907778160436,90.0,90.0,0.0,349.5395773316493,46.12608695652173
1463,237.04898614133043,90.0,90.0,0.0,362.5054865912855,32.0
1464,370.6587095562181,90.0,77.004,0.0,371.19070910626317,32.0
1465,357.8526021574962,90.0,77.004,0.0,421.1306017075412,32.0
1466,374.6520011487538,90.0,77.004,0.0,480.2960006987988,32.0
1467,408.59999961753834,90.0,43.05599999999998,0.0,552.6460000674933,68.90000000000002
1468,451.65600000000006,90.0,0.0,0.0,630.296,152.60000000000002
1469,451.6559996175383,90.0,0.0,0.0,707.9460000674933,236.3
1470,451.65600000000006,90.0,0.0,0.0,780.296,320.0
1471,361.65600000000006,90.0,90.0,0.0,842.426,305.8739130434783
1472,361.65600000000006,90.0,90.0,0.0,890.106,291.7478260869566
1473,357.53020000000004,90.0,90.0,0.0,915.9502,277.6217391304349
1474,353.6856010811962,90.0,90.0,0.0,922.3256015311512,263.4956521739132
1475,334.60820581828546,90.0,90.0,0.0,912.0632062682404,249.36956521739145
1476,314.04423224018103,90.0,90.0,0.0,883.5207322401809,235.24347826086972
1477,269.95748809400743,90.0,90.0,0.0,843.6614885439624,221.117391304348
1478,265.7909082578914,90.0,90.0,0.0,781.8995582578913,206.99130434782626
1479,227.67057287960142,90.0,90.0,0.0,718.3997724296464,192.86521739130453
1480,179.3183292244064,90.0,90.0,0.0,652.4833287744514,178.7391304347828
1481,180.1828381660576,90.0,90.0,0.0,576.5348381660576,164.61304347826106
1482,170.64274715213156,90.0,90.0,0.0,508.49574715213157,150.48695652173933
1483,178.98430487904636,90.0,90.0,0.0,447.48480487904635,136.3608695652176
1484,203.6796734197692,90.0,90.0,0.0,398.3641729698142,122.23478260869587
1485,232.19505017594594,90.0,90.0,0.0,363.3620506259009,108.10869565217413
1486,228.21322722830905,90.0,90.0,0.0,353.844727228309,93.9826086956524
1487,267.0446371982475,90.0,90.0,0.0,357.21213764820254,79.85652173913067
1488,407.90183335895415,90.0,0.0,0.0,378.2073333589542,163.5565217391307
1489,451.6560022260694,90.0,0.0,0.0,418.1660017761144,247.25652173913068
1490,441.57600038383003,90.0,10.080000000000211,0.0,480.29600083378523,320.0
1491,374.65200000000004,90.0,77.00399999999999,0.0,552.6460000000001,320.0
1492,374.65200000000004,90.0,77.00399999999999,0.0,630.296,320.0
1493,374.6519996175383,90.0,77.00399999999999,0.0,707.9460000674933,320.0
1494,374.65200000000004,90.0,77.00399999999999,0.0,780.296,320.0
1495,361.6559996175383,90.0,90.0,0.0,842.4260000674933,305.8739130434783
1496,361.6560003824618,90.0,90.0,0.0,890.1059999325067,291.7478260869566
1497,357.53020000000004,90.0,90.0,0.0,915.9502,277.6217391304349
1498,353.68560183262105,90.0,90.0,0.0,922.325601382666,263.4956521739132
1499,318.36232699779964,90.0,90.0,0.0,915.4193269977997,249.36956521739145
1500,299.97204387026204,90.0,90.0,0.0,886.5260438702619,235.24347826086972
1501,279.3410339040797,90.0,90.0,0.0,841.6159334541246,221.117391304348
1502,239.692275796657,90.0,90.0,0.0,787.628526246612,206.99130434782626
1503,227.43116243208493,90.0,90.0,0.0,718.4519624320849,192.86521739130453
1504,194.06909729890197,90.0,90.0,0.0,649.333097298902,178.7391304347828
1505,186.38133461893142,90.0,90.0,0.0,575.2543346189315,164.61304347826106
1506,146.24905732642486,90.0,90.0,0.0,513.3160568764698,150.48695652173933
1507,194.32267522532163,90.0,90.0,0.0,444.6116752253216,136.3608695652176
1508,204.23047303362637,90.0,90.0,0.0,398.2669730336264,122.23478260869587
1509,227.995200168667,90.0,90.0,0.0,364.103200618622,108.10869565217413
1510,244.77165234426053,90.0,90.0,0.0,350.9226523442605,93.9826086956524
1511,269.75273805859285,90.0,90.0,0.0,356.73423760863784,79.85652173913067
1512,418.1145835682396,90.0,0.0,0.0,376.4050835682396,163.5565217391307
1513,415.70482669685913,90.0,0.0,0.0,424.5103266968591,247.25652173913068
1514,441.57600038383003,90.0,10.080000000000211,0.0,480.29600083378523,320.0
1515,374.6520003824618,90.0,77.00399999999999,0.0,552.6459999325068,320.0
1516,374.6520003824618,90.0,77.00399999999999,0.0,630.2959999325068,320.0
1517,374.65200000000004,90.0,77.00399999999999,0.0,707.946,320.0
1518,374.6519996175382,90.0,77.00399999999999,0.0,780.2960000674932,320.0
1519,361.6559996175383,90.0,90.0,0.0,842.4260000674933,305.8739130434783
1520,361.65600000000006,90.0,90.0,0.0,890.106,291.7478260869566
1521,357.530199621032,90.0,90.0,0.0,915.950200070987,277.6217391304349
1522,353.68560145690867,90.0,90.0,0.0,922.3256014569087,263.4956521739132
1523,342.22765779637245,90.0,90.0,0.0,910.4891577963724,249.36956521739145
1524,295.1218670637335,90.0,90.0,0.0,887.5618666137783,235.24347826086972
1525,287.32026114719577,90.0,90.0,0.0,839.8765111471957,221.117391304348
1526,270.63735427502576,90.0,90.0,0.0,780.8357042750257,206.99130434782626
1527,220.96709069298583,90.0,90.0,0.0,719.8610902430307,192.86521739130453
1528,207.0177352918492,90.0,90.0,0.0,646.5677357418042,178.7391304347828
1529,153.0168649151883,90.0,90.0,0.0,582.1468644652333,164.61304347826106
1530,175.65901006926333,90.0,90.0,0.0,507.50450961930835,150.48695652173933
1531,172.20767869195964,90.0,90.0,0.0,448.7541786919596,136.3608695652176
1532,228.19027249103868,90.0,90.0,0.0,394.03877294099374,122.23478260869587
1533,203.39280050848942,90.0,90.0,0.0,368.44480050848944,108.10869565217413
1534,265.77090249130913,90.0,90.0,0.0,347.21690249130916,93.9826086956524
1535,267.515112214825,90.0,90.0,0.0,357.12911266478005,79.85652173913067
1536,357.93968271756336,90.0,0.0,0.0,387.02418226760835,163.5565217391307
1537,435.82050177896895,90.0,0.0,0.0,420.96050177896893,247.25652173913068
1538,441.5760011487536,90.0,10.080000000000211,0.0,480.2960006987988,320.0
1539,374.6520003824618,90.0,77.00399999999999,0.0,552.6459999325068,320.0
1540,374.6520003824618,90.0,77.00399999999999,0.0,630.2959999325068,320.0
1541,369.6119996175381,90.0,82.04400000000022,0.0,707.9460000674933,314.5217391304345
1542,361.6559996175382,90.0,90.0,0.0,780.2960000674932,300.3956521739128
1543,361.6559996175383,90.0,90.0,0.0,842.4260000674933,286.2695652173911
1544,361.65600000000006,90.0,90.0,0.0,890.106,272.1434782608694
1545,357.53020037896806,90.0,90.0,0.0,915.950199929013,258.0173913043477
1546,353.6856010811962,90.0,90.0,0.0,922.3256015311512,243.89130434782598
1547,315.8336980451936,90.0,90.0,0.0,915.9416984951486,229.76521739130425
1548,314.644942257553,90.0,90.0,0.0,883.392442257553,215.63913043478252
1549,293.12041405119555,90.0,90.0,0.0,838.6121136012406,201.51304347826078
1550,256.96590422669067,90.0,90.0,0.0,783.8367542266906,187.38695652173905
1551,232.13401836521,90.0,90.0,0.0,717.4267688151649,173.26086956521732
1552,194.73655325543234,90.0,90.0,0.0,649.1905528054773,159.1347826086956
1553,168.2557677469827,90.0,90.0,0.0,578.9987672970277,145.00869565217386
1554,156.87902416277177,90.0,90.0,0.0,511.21552461272677,130.88260869565212
1555,201.25848390673588,90.0,90.0,0.0,443.3124839067359,116.75652173913039
1556,225.78052250714336,90.0,90.0,0.0,394.46402295709834,102.63043478260866
1557,227.74275016822946,90.0,90.0,0.0,364.14775061818443,88.50434782608693
1558,221.6610025648884,90.0,90.0,0.0,355.0010021149334,74.3782608695652
1559,280.5048130549877,90.0,90.0,0.0,354.8368130549877,60.252173913043464
1560,308.3202077801403,90.0,90.0,0.0,379.89820823009535,46.12608695652173
1561,342.8484767668375,90.0,90.0,0.0,421.4849767668375,32.0
1562,374.6520007662921,90.0,77.004,0.0,480.2960007662921,32.0
1563,374.65200000000004,90.0,77.004,0.0,552.6460000000001,32.0
1564,441.57600038246164,90.0,10.080000000000133,0.0,630.2959999325067,104.74347826086942
1565,451.6559996175383,90.0,0.0,0.0,707.9460000674933,188.44347826086943
1566,451.65600000000006,90.0,0.0,0.0,780.296,272.1434782608694
1567,361.6560003824618,90.0,90.0,0.0,842.4259999325068,258.0173913043477
1568,361.6559996175382,90.0,90.0,0.0,890.1060000674931,243.89130434782598
1569,357.53020037896806,90.0,90.0,0.0,915.950199929013,229.76521739130425
1570,353.68560145690867,90.0,90.0,0.0,922.3256014569087,215.63913043478252
1571,350.3841636320925,90.0,90.0,0.0,908.8041631821375,201.51304347826078
1572,289.6932280174516,90.0,90.0,0.0,888.7212280174515,187.38695652173905
1573,281.1077916224277,90.0,90.0,0.0,841.2307911724727,173.26086956521732
1574,248.27706082700843,90.0,90.0,0.0,785.7440612769633,159.1347826086956
1575,238.23565058604174,90.0,90.0,0.0,716.0966505860416,145.00869565217386
1576,194.13584285747794,90.0,90.0,0.0,649.3188428574779,130.88260869565212
1577,162.35936408152332,90.0,90.0,0.0,580.2168636315683,116.75652173913039
1578,162.47018496036299,90.0,90.0,0.0,510.11068451040796,102.63043478260866
1579,162.96372384279607,90.0,90.0,0.0,450.485723842796,88.50434782608693
1580,239.95214817735638,90.0,90.0,0.0,391.9631477274014,74.3782608695652
1581,231.12787517409635,90.0,90.0,0.0,363.55037562405136,60.252173913043464
1582,254.00902779140756,90.0,90.0,0.0,349.29252734145257,46.12608695652173
1583,308.6874144304825,90.0,90.0,0.0,349.86341398052747,32.0
1584,338.0352835052188,90.0,77.004,0.0,376.9477835052188,32.0
1585,374.65200184360765,90.0,77.004,0.0,418.16600184360766,32.0
1586,374.6520003838302,90.0,77.004,0.0,480.29600083378523,32.0
1587,374.6520003824618,90.0,77.004,0.0,552.6459999325068,32.0
1588,441.5759999999999,90.0,10.080000000000133,0.0,630.296,104.74347826086942
1589,451.6560003824618,90.0,0.0,0.0,707.9459999325068,188.44347826086943
1590,451.6559996175382,90.0,0.0,0.0,780.2960000674932,272.1434782608694
1591,361.6560003824618,90.0,90.0,0.0,842.4259999325068,258.0173913043477
1592,361.6560003824618,90.0,90.0,0.0,890.1059999325066,243.89130434782598
1593,357.53020000000004,90.0,90.0,0.0,915.9502,229.76521739130425
1594,353.68560145690867,90.0,90.0,0.0,922.3256014569087,215.63913043478252
1595,325.7468179131722,90.0,90.0,0.0,913.8938174632171,201.51304347826078
1596,290.9836417580717,90.0,90.0,0.0,888.4456422080267,187.38695652173905
1597,275.21896831851086,90.0,90.0,0.0,842.5145183185108,173.26086956521732
1598,257.0566778580485,90.0,90.0,0.0,783.8168283080034,159.1347826086956
1599,207.93143287795124,90.0,90.0,0.0,722.7027833279062,145.00869565217386
1600,180.8201039215919,90.0,90.0,0.0,652.1626039215919,130.88260869565212
1601,206.44253305468368,90.0,90.0,0.0,571.1100335046387,116.75652173913039
1602,182.14069687135793,90.0,90.0,0.0,506.2236973213129,102.63043478260866
1603,174.7318582448678,90.0,90.0,0.0,448.28135824486776,88.50434782608693
1604,208.55654800471478,90.0,90.0,0.0,397.5035480047148,74.3782608695652
1605,179.39857508444243,90.0,90.0,0.0,372.67907553439744,60.252173913043464
1606,277.87702795854483,90.0,90.0,0.0,345.0805275085898,46.12608695652173
1607,284.37188780878495,90.0,90.0,0.0,354.15438825873997,32.0
1608,319.64085812826977,90.0,77.004,0.0,380.1938581282699,32.0
1609,349.80862712466154,90.0,77.004,0.0,422.5501266747066,32.0
1610,374.6520007662921,90.0,77.004,0.0,480.2960007662921,32.0
1611,374.65200000000004,90.0,77.004,0.0,552.6460000000001,32.0
1612,441.57600038246164,90.0,10.080000000000133,0.0,630.2959999325067,104.74347826086942
1613,451.6560003824618,90.0,0.0,0.0,707.9459999325068,188.44347826086943
1614,451.6559996175382,90.0,0.0,0.0,780.2960000674932,272.1434782608694
1615,361.6560003824619,90.0,90.0,0.0,842.4259999325068,258.0173913043477
1616,361.65600000000006,90.0,90.0,0.0,890.106,243.89130434782598
1617,357.53020000000004,90.0,90.0,0.0,915.9502,229.76521739130425
1618,353.68560145690867,90.0,90.0,0.0,922.3256014569087,215.63913043478252
1619,344.8122294862319,90.0,90.0,0.0,909.9552294862318,201.51304347826078
1620,327.4155922564993,90.0,90.0,0.0,880.6650922564992,187.38695652173905
1621,271.09911986236295,90.0,90.0,0.0,843.4126198623629,173.26086956521732
1622,255.24009122058908,90.0,90.0,0.0,784.2155912205891,159.1347826086956
1623,236.9975897664782,90.0,90.0,0.0,716.3665402164331,145.00869565217386
1624,182.49430538664149,90.0,90.0,0.0,651.8050549366865,130.88260869565212
1625,172.03752152762428,90.0,90.0,0.0,578.2175215276243,116.75652173913039
1626,180.19055435525547,90.0,90.0,0.0,506.60905480521046,102.63043478260866
1627,172.95811007196437,90.0,90.0,0.0,448.6136105219193,88.50434782608693
1628,185.7327735397102,90.0,90.0,0.0,401.53127308975525,74.3782608695652
1629,200.30602588560134,90.0,90.0,0.0,368.9895254356464,60.252173913043464
1630,241.06522731830597,90.0,90.0,0.0,351.576727318306,46.12608695652173
1631,247.42238727176778,90.0,90.0,0.0,360.67488682181283,32.0
1632,327.27173366710787,90.0,77.004,0.0,378.84723321715285,32.0
1633,326.96190203140395,90.0,77.004,0.0,426.58190158144896,32.0
1634,374.6520011487538,90.0,77.004,0.0,480.2960006987988,32.0
1635,408.6000000000001,90.0,43.05599999999998,0.0,552.6460000000001,68.90000000000002
1636,451.6559996175382,90.0,0.0,0.0,630.2960000674932,152.60000000000002
1637,451.65600000000006,90.0,0.0,0.0,707.946,236.3
1638,451.6560003824618,90.0,0.0,0.0,780.2959999325068,320.0
1639,361.65600000000006,90.0,90.0,0.0,842.426,305.8739130434783
1640,361.65600000000006,90.0,90.0,0.0,890.106,291.7478260869566
1641,357.5302003789682,90.0,90.0,0.0,915.950199929013,277.6217391304349
1642,353.6856010811962,90.0,90.0,0.0,922.3256015311512,263.4956521739132
1643,330.92714954200835,90.0,90.0,0.0,912.8236495420083,249.36956521739145
1644,325.4465983106687,90.0,90.0,0.0,881.0855983106686,235.24347826086972
1645,270.0250992739441,90.0,90.0,0.0,843.6467497238991,221.117391304348
1646,262.37027824579775,90.0,90.0,0.0,782.6504282457977,206.99130434782626
1647,229.83967252232753,90.0,90.0,0.0,717.9269220723725,192.86521739130453
1648,197.85134598897287,90.0,90.0,0.0,648.5253455390178,178.7391304347828
1649,157.0559566233032,90.0,90.0,0.0,581.3124570732582,164.61304347826106
1650,176.5608093252847,90.0,90.0,0.0,507.3263097752397,150.48695652173933
1651,155.7550305064235,90.0,90.0,0.0,451.8360309563785,136.3608695652176
1652,200.61584844024503,90.0,90.0,0.0,398.9048479902901,122.23478260869587
1653,260.42355098979317,90.0,90.0,0.0,358.3805505398382,108.10869565217413
1654,258.95475206111684,90.0,90.0,0.0,348.4197525110718,93.9826086956524
1655,231.31148632162763,90.0,90.0,0.0,363.5179863216276,79.85652173913067
1656,427.4322833767214,90.0,0.0,0.0,374.7607838266764,163.5565217391307
1657,451.65600146114593,90.0,0.0,0.0,418.1660019111009,247.25652173913068
1658,441.57600038383003,90.0,10.080000000000211,0.0,480.29600083378523,320.0
1659,374.65200000000004,90.0,77.00399999999999,0.0,552.6460000000001,320.0
1660,374.6519996175382,90.0,77.00399999999999,0.0,630.2960000674932,320.0
1661,374.65200000000004,90.0,77.00399999999999,0.0,707.946,320.0
1662,374.6519996175382,90.0,77.00399999999999,0.0,780.2960000674932,320.0
1663,361.6560003824618,90.0,90.0,0.0,842.4259999325068,305.8739130434783
1664,361.6559996175382,90.0,90.0,0.0,890.1060000674931,291.7478260869566
1665,357.530199621032,90.0,90.0,0.0,915.950200070987,277.6217391304349
1666,353.68560183262105,90.0,90.0,0.0,922.325601382666,263.4956521739132
1667,345.931092062551,90.0,90.0,0.0,909.724091612596,249.36956521739145
1668,274.8868381444173,90.0,90.0,0.0,891.8833385943723,235.24347826086972
1669,279.30113185469395,90.0,90.0,0.0,841.6246318546939,221.117391304348
1670,268.7897708995306,90.0,90.0,0.0,781.2412713494855,206.99130434782626
1671,240.19415803044478,90.0,90.0,0.0,715.6697080304448,192.86521739130453
1672,188.97863603151563,90.0,90.0,0.0,650.4202360315156,178.7391304347828
1673,183.22614328371407,90.0,90.0,0.0,575.9061432837141,164.61304347826106
1674,171.53327465948468,90.0,90.0,0.0,508.31977465948466,150.48695652173933
1675,168.43277916179557,90.0,90.0,0.0,449.46127961175057,136.3608695652176
1676,198.25199845604294,90.0,90.0,0.0,399.32199800608794,122.23478260869587
1677,222.60195015931976,90.0,90.0,0.0,365.0549506092748,108.10869565217413
1678,237.24405267400977,90.0,90.0,0.0,352.2510522240547,93.9826086956524
1679,291.9568638409702,90.0,90.0,0.0,352.8158633910152,79.85652173913067
1680,406.14615832297585,90.0,0.0,0.0,378.5171583229759,163.5565217391307
1681,430.4272517569543,90.0,0.0,0.0,421.91225175695433,247.25652173913068
1682,431.61570074939294,90.0,10.080000000000211,0.0,482.0537007493931,320.0
1683,374.65200000000004,90.0,77.00399999999999,0.0,552.6460000000001,320.0
1684,374.6519996175382,90.0,77.00399999999999,0.0,630.2960000674932,320.0
1685,374.65200000000004,90.0,77.00399999999999,0.0,707.946,320.0
1686,374.6520003824618,90.0,77.00399999999999,0.0,780.2959999325068,320.0
1687,361.65600000000006,90.0,90.0,0.0,842.426,305.8739130434783
1688,361.6559996175382,90.0,90.0,0.0,890.1060000674931,291.7478260869566
1689,357.53020037896806,90.0,90.0,0.0,915.950199929013,277.6217391304349
1690,353.68560183262105,90.0,90.0,0.0,922.325601382666,263.4956521739132
1691,343.4136513590622,90.0,90.0,0.0,910.2441518090171,249.36956521739145
1692,294.3320446334851,90.0,90.0,0.0,887.7305441835299,235.24347826086972
1693,267.9180696347604,90.0,90.0,0.0,844.1060691848054,221.117391304348
1694,256.2707078552696,90.0,90.0,0.0,783.9893583052246,206.99130434782626
1695,225.59235965730556,90.0,90.0,0.0,718.8528101072606,192.86521739130453
1696,188.33787903995892,90.0,90.0,0.0,650.5570785900039,178.7391304347828
1697,147.13500571217833,90.0,90.0,0.0,583.3619561621333,164.61304347826106
1698,163.51852709330672,90.0,90.0,0.0,509.9035270933067,150.48695652173933
1699,155.10693072991512,90.0,90.0,0.0,451.95743072991513,136.3608695652176
1700,188.8539727539274,90.0,90.0,0.0,400.9804732038824,122.23478260869587
1701,229.9000505544301,90.0,90.0,0.0,363.7670505544301,108.10869565217413
1702,268.68555251171915,90.0,90.0,0.0,346.70255251171915,93.9826086956524
1703,283.9473135587483,90.0,90.0,0.0,354.2293131087933,79.85652173913067
1704,376.896382723573,90.0,0.0,0.0,383.678882723573,163.5565217391307
1705,447.16927682529337,90.0,0.0,0.0,418.95777682529337,247.25652173913068
1706,441.5760007662919,90.0,10.080000000000211,0.0,480.2960007662921,320.0
1707,374.6519996175383,90.0,77.00399999999999,0.0,552.6460000674933,320.0
1708,374.6519996175382,90.0,77.00399999999999,0.0,630.2960000674932,320.0
1709,374.65200000000004,90.0,77.00399999999999,0.0,707.946,320.0
1710,374.6519996175382,90.0,77.00399999999999,0.0,780.2960000674932,320.0
1711,361.6559996175383,90.0,90.0,0.0,842.4260000674933,305.8739130434783
1712,361.6559996175382,90.0,90.0,0.0,890.1060000674931,291.7478260869566
1713,357.530199621032,90.0,90.0,0.0,915.950200070987,277.6217391304349
1714,353.6856010811962,90.0,90.0,0.0,922.3256015311512,263.4956521739132
1715,314.98336277060776,90.0,90.0,0.0,916.1173632205627,249.36956521739145
1716,296.01180745943884,90.0,90.0,0.0,887.3718074594387,235.24347826086972
1717,274.3799250287185,90.0,90.0,0.0,842.6974245787634,221.117391304348
1718,256.89726985748496,90.0,90.0,0.0,783.8518203074399,206.99130434782626
1719,227.96761871723584,90.0,90.0,0.0,718.3350182672808,192.86521739130453
1720,208.60850480867902,90.0,90.0,0.0,646.228004808679,178.7391304347828
1721,156.4182051832061,90.0,90.0,0.0,581.4442056331611,164.61304347826106
1722,165.91956998884461,90.0,90.0,0.0,509.4290695388896,150.48695652173933
1723,163.77100611363187,90.0,90.0,0.0,450.33450656358684,136.3608695652176
1724,178.61827282233367,90.0,90.0,0.0,402.7867732722887,122.23478260869587
1725,200.4552001209364,90.0,90.0,0.0,368.96320057089144,108.10869565217413
1726,228.54600261310105,90.0,90.0,0.0,353.78600216314607,93.9826086956524
1727,297.71731327902,90.0,90.0,0.0,351.79931372897505,79.85652173913067
1728,321.91808382371914,90.0,90.0,0.0,377.4985833737642,65.73043478260894
1729,349.9744517959249,90.0,90.0,0.0,420.22745179592494,51.604347826087206
1730,361.65600114875383,90.0,90.0,0.0,480.2960006987987,37.478260869565474
1731,369.6119996175381,90.0,82.04400000000024,0.0,552.6460000674933,32.0
1732,441.5759999999999,90.0,10.080000000000133,0.0,630.296,104.74347826086942
1733,451.65600000000006,90.0,0.0,0.0,707.946,188.44347826086943
1734,451.6559996175382,90.0,0.0,0.0,780.2960000674932,272.1434782608694
1735,361.6559996175383,90.0,90.0,0.0,842.4260000674933,258.0173913043477
1736,361.6559996175382,90.0,90.0,0.0,890.1060000674931,243.89130434782598
1737,357.53020000000004,90.0,90.0,0.0,915.9502,229.76521739130425
1738,353.6856010811962,90.0,90.0,0.0,922.3256015311512,215.63913043478252
1739,343.46959484214904,90.0,90.0,0.0,910.232594842149,201.51304347826078
1740,306.4574875767354,90.0,90.0,0.0,885.1409871267803,187.38695652173905
1741,287.21829018729113,90.0,90.0,0.0,839.8987401872912,173.26086956521732
1742,268.21966589751503,90.0,90.0,0.0,781.3664163474699,159.1347826086956
1743,214.51853590433984,90.0,90.0,0.0,721.2668354543848,145.00869565217386
1744,191.05331084802054,90.0,90.0,0.0,649.9771603980655,130.88260869565212
1745,171.34382697874668,90.0,90.0,0.0,578.3608269787467,116.75652173913039
1746,167.98243675445298,90.0,90.0,0.0,509.0214372044079,102.63043478260866
1747,145.9994180187466,90.0,90.0,0.0,453.6634180187466,88.50434782608693
1748,193.94887271987767,90.0,90.0,0.0,400.08137316983266,74.3782608695652
1749,194.51115011063456,90.0,90.0,0.0,370.0121505605896,60.252173913043464
1750,259.33342706376857,90.0,90.0,0.0,348.3529275137235,46.12608695652173
1751,279.20813839176026,90.0,90.0,0.0,355.0656379418052,32.0
1752,339.4352339163691,90.0,77.004,0.0,376.70073346641414,32.0
1753,344.7137263389414,90.0,77.004,0.0,423.44922678889634,32.0
1754,374.6520007662921,90.0,77.004,0.0,480.2960007662921,32.0
1755,374.6520003824618,90.0,77.004,0.0,552.6459999325068,32.0
1756,441.57600038246164,90.0,10.080000000000133,0.0,630.2959999325068,104.74347826086942
1757,451.6560003824618,90.0,0.0,0.0,707.9459999325068,188.44347826086943
1758,451.6559996175382,90.0,0.0,0.0,780.2960000674932,272.1434782608694
1759,361.6560003824619,90.0,90.0,0.0,842.4259999325068,258.0173913043477
1760,361.65600000000006,90.0,90.0,0.0,890.106,243.89130434782598
1761,357.530199621032,90.0,90.0,0.0,915.950200070987,229.76521739130425
1762,339.7189739110471,90.0,90.0,0.0,925.0854739110471,215.63913043478252
1763,315.15119247403493,90.0,90.0,0.0,916.0826924740348,201.51304347826078
1764,305.5341736607437,90.0,90.0,0.0,885.3381736607437,187.38695652173905
1765,281.31505794338784,90.0,90.0,0.0,841.1856083933428,173.26086956521732
1766,247.86747156348645,90.0,90.0,0.0,785.8339711135314,159.1347826086956
1767,237.72801255008432,90.0,90.0,0.0,716.2073125500843,145.00869565217386
1768,192.41603229817292,90.0,90.0,0.0,649.6861322981729,130.88260869565212
1769,161.5750416964214,90.0,90.0,0.0,580.3788912464664,116.75652173913039
1770,155.8870445302935,90.0,90.0,0.0,511.41154453029344,102.63043478260866
1771,201.6450699643886,90.0,90.0,0.0,443.24006996438857,88.50434782608693
1772,197.04712346409525,90.0,90.0,0.0,399.53462301414027,74.3782608695652
1773,218.20702553416453,90.0,90.0,0.0,365.8305255341645,60.252173913043464
1774,241.8570023238505,90.0,90.0,0.0,351.4370023238505,46.12608695652173
1775,309.84638947131975,90.0,90.0,0.0,349.65888902136476,32.0
1776,320.47853314543596,90.0,77.004,0.0,380.046033145436,32.0
1777,356.65920215262486,90.0,77.004,0.0,421.3412017026699,32.0
1778,374.6520007662921,90.0,77.004,0.0,480.2960007662921,32.0
1779,374.65200000000004,90.0,77.004,0.0,552.6460000000001,32.0
1780,441.57600038246164,90.0,10.080000000000133,0.0,630.2959999325067,104.74347826086942
1781,451.6559996175383,90.0,0.0,0.0,707.9460000674933,188.44347826086943
1782,451.65600000000006,90.0,0.0,0.0,780.296,272.1434782608694
1783,361.6559996175383,90.0,90.0,0.0,842.4260000674933,258.0173913043477
1784,361.6560003824618,90.0,90.0,0.0,890.1059999325067,243.89130434782598
1785,357.53020037896806,90.0,90.0,0.0,915.950199929013,229.76521739130425
1786,353.68560145690867,90.0,90.0,0.0,922.3256014569087,215.63913043478252
1787,314.2561030842297,90.0,90.0,0.0,916.2676026342747,201.51304347826078
1788,292.94929879679955,90.0,90.0,0.0,888.0258487967994,187.38695652173905
1789,276.36392522686333,90.0,90.0,0.0,842.2649247769083,173.26086956521732
1790,243.81917218021056,90.0,90.0,0.0,786.7226221802106,159.1347826086956
1791,222.46451169163765,90.0,90.0,0.0,719.5346616916377,145.00869565217386
1792,180.2305181541717,90.0,90.0,0.0,652.2885181541717,130.88260869565212
1793,176.28919816785515,90.0,90.0,0.0,577.3391977179001,116.75652173913039
1794,170.48493252654094,90.0,90.0,0.0,508.5269320765859,102.63043478260866
1795,172.15082742216038,90.0,90.0,0.0,448.76482787211535,88.50434782608693
1796,195.02752309513068,90.0,90.0,0.0,399.89102309513066,74.3782608695652
1797,204.64357589311896,90.0,90.0,0.0,368.22407544316394,60.252173913043464
1798,279.05895220189785,90.0,90.0,0.0,344.8719526518528,46.12608695652173
1799,270.15436269028265,90.0,90.0,0.0,356.6633626902826,32.0
1800,320.37525776085783,90.0,77.004,0.0,380.0642582108129,32.0
1801,349.8201021247084,90.0,77.004,0.0,422.5481016747534,32.0
1802,374.6520011487538,90.0,77.004,0.0,480.2960006987988,32.0
1803,408.59999961753834,90.0,43.05599999999998,0.0,552.6460000674933,68.90000000000002
1804,451.65600000000006,90.0,0.0,0.0,630.296,152.60000000000002
1805,451.6560003824619,90.0,0.0,0.0,707.9459999325068,236.3
1806,451.6560003824618,90.0,0.0,0.0,780.2959999325068,320.0
1807,361.65600000000006,90.0,90.0,0.0,842.426,305.8739130434783
1808,361.6560003824618,90.0,90.0,0.0,890.1059999325067,291.7478260869566
1809,357.530199621032,90.0,90.0,0.0,915.950200070987,277.6217391304349
1810,353.68560145690867,90.0,90.0,0.0,922.3256014569087,263.4956521739132
1811,347.57581875571896,90.0,90.0,0.0,909.3843192056739,249.36956521739145
1812,311.87500162189303,90.0,90.0,0.0,883.984001621893,235.24347826086972
1813,268.3392540343666,90.0,90.0,0.0,844.0142535844116,221.117391304348
1814,271.92590191061834,90.0,90.0,0.0,780.5528523605733,206.99130434782626
1815,226.6541880582725,90.0,90.0,0.0,718.6213380582725,192.86521739130453
1816,175.38034089765847,90.0,90.0,0.0,653.3243408976584,178.7391304347828
1817,175.48361702849996,90.0,90.0,0.0,577.5056170285,164.61304347826106
1818,192.78193733493526,90.0,90.0,0.0,504.1209373349352,150.48695652173933
1819,149.92212910713573,90.0,90.0,0.0,452.92862955709074,136.3608695652176
1820,200.9141976733277,90.0,90.0,0.0,398.8521981232827,122.23478260869587
1821,182.152575854139,90.0,90.0,0.0,372.193075404184,108.10869565217413
1822,253.8254270251984,90.0,90.0,0.0,349.3249274751534,93.9826086956524
1823,255.07621177653203,90.0,90.0,0.0,359.324212226487,79.85652173913067
1824,391.8368330297412,90.0,0.0,0.0,381.04233302974114,163.5565217391307
1825,425.711027120165,90.0,0.0,0.0,422.74452667021,247.25652173913068
1826,441.5760007662919,90.0,10.080000000000211,0.0,480.2960007662921,320.0
1827,374.6520003824618,90.0,77.00399999999999,0.0,552.6459999325068,320.0
1828,374.6520003824618,90.0,77.00399999999999,0.0,630.2959999325068,320.0
1829,374.6520003824618,90.0,77.00399999999999,0.0,707.9459999325068,320.0
1830,374.6520003824618,90.0,77.00399999999999,0.0,780.2959999325068,320.0
1831,361.65600000000006,90.0,90.0,0.0,842.426,305.8739130434783
1832,361.6559996175382,90.0,90.0,0.0,890.1060000674931,291.7478260869566
1833,357.530199621032,90.0,90.0,0.0,915.950200070987,277.6217391304349
1834,353.68560183262105,90.0,90.0,0.0,922.325601382666,263.4956521739132
1835,346.1660527523487,90.0,90.0,0.0,909.6755527523487,249.36956521739145
1836,308.21067051592365,90.0,90.0,0.0,884.7665705159236,235.24347826086972
1837,288.9529048856692,90.0,90.0,0.0,839.5206048856692,221.117391304348
1838,260.77398424015405,90.0,90.0,0.0,783.0008342401541,206.99130434782626
1839,224.1193226490363,90.0,90.0,0.0,719.1739230989913,192.86521739130453
1840,196.66105019436986,90.0,90.0,0.0,648.7795497444148,178.7391304347828
1841,173.93958685324276,90.0,90.0,0.0,577.8245873031977,164.61304347826106
1842,183.73011938448172,90.0,90.0,0.0,505.90961983443674,150.48695652173933
1843,188.6489559413934,90.0,90.0,0.0,445.6744563913484,136.3608695652176
1844,188.37202313961006,90.0,90.0,0.0,401.0655231396101,122.23478260869587
1845,224.4723759274849,90.0,90.0,0.0,364.72487547752996,108.10869565217413
1846,260.836652074295,90.0,90.0,0.0,348.08765252424996,93.9826086956524
1847,258.75968728878354,90.0,90.0,0.0,358.6741872887835,79.85652173913067
1848,403.54133326959635,90.0,0.0,0.0,378.97683326959634,163.5565217391307
1849,406.21500165812273,90.0,0.0,0.0,426.1850016581227,247.25652173913068
1850,440.32522614663145,90.0,10.080000000000211,0.0,480.51672569667664,320.0
1851,374.6519996175383,90.0,77.00399999999999,0.0,552.6460000674933,320.0
1852,374.65200000000004,90.0,77.00399999999999,0.0,630.296,320.0
1853,374.65200000000004,90.0,77.00399999999999,0.0,707.946,320.0
1854,374.65200000000004,90.0,77.00399999999999,0.0,780.296,320.0
1855,361.6560003824618,90.0,90.0,0.0,842.4259999325068,305.8739130434783
1856,361.65600000000006,90.0,90.0,0.0,890.106,291.7478260869566
1857,357.53020000000004,90.0,90.0,0.0,915.9502,277.6217391304349
1858,353.68560183262105,90.0,90.0,0.0,922.325601382666,263.4956521739132
1859,329.71877836233386,90.0,90.0,0.0,913.0732783623338,249.36956521739145
1860,284.96541732477044,90.0,90.0,0.0,889.7309177747253,235.24347826086972
1861,275.36638285837296,90.0,90.0,0.0,842.482382858373,221.117391304348
1862,257.03453785797024,90.0,90.0,0.0,783.8216883079251,206.99130434782626
1863,235.13662050014437,90.0,90.0,0.0,716.7722200501893,192.86521739130453
1864,200.55454111129552,90.0,90.0,0.0,647.9480406613405,178.7391304347828
1865,165.16770776938512,90.0,90.0,0.0,579.6367077693851,164.61304347826106
1866,153.15909950776876,90.0,90.0,0.0,511.95059950776874,150.48695652173933
1867,145.03295325358312,90.0,90.0,0.0,453.8444528036281,136.3608695652176
1868,181.14277357038566,90.0,90.0,0.0,402.3412731204307,122.23478260869587
1869,212.36625052404167,90.0,90.0,0.0,366.8612505240417,108.10869565217413
1870,236.48670266870636,90.0,90.0,0.0,352.38470221875133,93.9826086956524
1871,286.7586882753472,90.0,90.0,0.0,353.73318827534723,79.85652173913067
1872,381.4519574344666,90.0,0.0,0.0,382.87495788442163,163.5565217391307
1873,414.304876308683,90.0,0.0,0.0,424.757376758638,247.25652173913068
1874,441.5760011487536,90.0,10.080000000000211,0.0,480.2960006987988,320.0
1875,374.6519996175383,90.0,77.00399999999999,0.0,552.6460000674933,320.0
1876,374.6520003824618,90.0,77.00399999999999,0.0,630.2959999325068,320.0
1877,374.6520003824618,90.0,77.00399999999999,0.0,707.9459999325068,320.0
1878,374.65200000000004,90.0,77.00399999999999,0.0,780.296,320.0
1879,361.65600000000006,90.0,90.0,0.0,842.426,305.8739130434783
1880,361.6560003824618,90.0,90.0,0.0,890.1059999325067,291.7478260869566
1881,357.53020037896806,90.0,90.0,0.0,915.950199929013,277.6217391304349
1882,353.68560183262116,90.0,90.0,0.0,922.325601382666,263.4956521739132
1883,350.3841636320925,90.0,90.0,0.0,908.8041631821375,249.36956521739145
1884,291.94032845280617,90.0,90.0,0.0,888.2413284528061,235.24347826086972
1885,279.25679665473535,90.0,90.0,0.0,841.6342966547354,221.117391304348
1886,258.1061138617588,90.0,90.0,0.0,783.5864643117137,206.99130434782626
1887,209.25151418628468,90.0,90.0,0.0,722.4150137363296,192.86521739130453
1888,192.08897943192272,90.0,90.0,0.0,649.7559789819677,178.7391304347828
1889,166.54390861830092,90.0,90.0,0.0,579.352408168346,164.61304347826106
1890,180.67527185925786,90.0,90.0,0.0,506.5132723092129,150.48695652173933
1891,169.25143274770193,90.0,90.0,0.0,449.3079322977469,136.3608695652176
1892,211.79249836555022,90.0,90.0,0.0,396.9324979155953,122.23478260869587
1893,206.26155051346137,90.0,90.0,0.0,367.9385505134614,108.10869565217413
1894,253.5041274054102,90.0,90.0,0.0,349.3816274054102,93.9826086956524
1895,275.9377628940647,90.0,90.0,0.0,355.6427628940646,79.85652173913067
1896,313.07085787749327,90.0,90.0,0.0,379.05985832744835,65.73043478260894
1897,330.0768013322433,90.0,90.0,0.0,423.73880178219827,51.604347826087206
1898,361.6560007662921,90.0,90.0,0.0,480.2960007662921,37.478260869565474
1899,369.6119996175381,90.0,82.04400000000024,0.0,552.6460000674933,32.0
1900,441.5759999999999,90.0,10.080000000000133,0.0,630.296,104.74347826086942
1901,451.6560003824618,90.0,0.0,0.0,707.9459999325068,188.44347826086943
1902,451.65600000000006,90.0,0.0,0.0,780.296,272.1434782608694
1903,361.6560003824618,90.0,90.0,0.0,842.4259999325068,258.0173913043477
1904,361.6559996175382,90.0,90.0,0.0,890.1060000674931,243.89130434782598
1905,357.53020000000004,90.0,90.0,0.0,915.9502,229.76521739130425
1906,353.68560145690867,90.0,90.0,0.0,922.3256014569087,215.63913043478252
1907,301.9262408569019,90.0,90.0,0.0,918.814741306857,201.51304347826078
1908,287.9189086142877,90.0,90.0,0.0,889.1001586142877,187.38695652173905
1909,261.2234544410202,90.0,90.0,0.0,845.565453991065,173.26086956521732
1910,260.6488936086748,90.0,90.0,0.0,783.0282931587199,159.1347826086956
1911,222.30490460348574,90.0,90.0,0.0,719.5694550534407,145.00869565217386
1912,194.04351150144788,90.0,90.0,0.0,649.3385615014479,130.88260869565212
1913,180.194026414897,90.0,90.0,0.0,576.532526864852,116.75652173913039
1914,179.22111972296335,90.0,90.0,0.0,506.80061972296335,102.63043478260866
1915,167.94386150064673,90.0,90.0,0.0,449.5528619506017,88.50434782608693
1916,190.87357312289197,90.0,90.0,0.0,400.624073122892,74.3782608695652
1917,238.5292501869239,90.0,90.0,0.0,362.2442506368789,60.252173913043464
1918,272.31165215464944,90.0,90.0,0.0,346.0626526046044,46.12608695652173
1919,253.94018750142692,90.0,90.0,0.0,359.5246870514719,32.0
1920,303.7824078032895,90.0,77.004,0.0,382.9924078032896,32.0
1921,357.0264021541238,90.0,77.004,0.0,421.27640170416873,32.0
1922,374.6520011487538,90.0,77.004,0.0,480.2960006987988,32.0
1923,374.6519996175383,90.0,77.004,0.0,552.6460000674933,32.0
1924,441.5759999999999,90.0,10.080000000000133,0.0,630.296,104.74347826086942
1925,451.6560003824618,90.0,0.0,0.0,707.9459999325068,188.44347826086943
1926,451.65600000000006,90.0,0.0,0.0,780.296,272.1434782608694
1927,361.65600000000006,90.0,90.0,0.0,842.426,258.0173913043477
1928,361.6560003824618,90.0,90.0,0.0,890.1059999325066,243.89130434782598
1929,357.530199621032,90.0,90.0,0.0,915.950200070987,229.76521739130425
1930,353.68560145690867,90.0,90.0,0.0,922.3256014569087,215.63913043478252
1931,322.69232372496685,90.0,90.0,0.0,914.5248237249668,201.51304347826078
1932,317.70411327154636,90.0,90.0,0.0,882.7391137215013,187.38695652173905
1933,288.0174317971208,90.0,90.0,0.0,839.7245322470759,173.26086956521732
1934,261.07398087225147,90.0,90.0,0.0,782.9349813222066,159.1347826086956
1935,221.28852015157986,90.0,90.0,0.0,719.7910206015348,145.00869565217386
1936,191.08779531174156,90.0,90.0,0.0,649.9697957616966,130.88260869565212
1937,171.27669562112686,90.0,90.0,0.0,578.3746951711719,116.75652173913039
1938,174.77975468629086,90.0,90.0,0.0,507.67825468629087,102.63043478260866
1939,157.164932599039,90.0,90.0,0.0,451.57193304899397,88.50434782608693
1940,202.44037342805154,90.0,90.0,0.0,398.5828729780966,74.3782608695652
1941,224.86252554569938,90.0,90.0,0.0,364.6560255456994,60.252173913043464
1942,258.8400024427751,90.0,90.0,0.0,348.44000244277504,46.12608695652173
1943,274.97386286010095,90.0,90.0,0.0,355.81286286010095,32.0
1944,311.7345833487118,90.0,77.004,0.0,381.5890828987568,32.0
1945,326.3422516464129,90.0,77.004,0.0,426.69125164641287,32.0
1946,374.6520007662921,90.0,77.004,0.0,480.2960007662921,32.0
1947,374.6520003824618,90.0,77.004,0.0,552.6459999325068,32.0
1948,441.57600038246164,90.0,10.080000000000133,0.0,630.2959999325068,104.74347826086942
1949,451.6559996175383,90.0,0.0,0.0,707.9460000674933,188.44347826086943
1950,451.6560003824618,90.0,0.0,0.0,780.2959999325067,272.1434782608694
1951,361.6559996175383,90.0,90.0,0.0,842.4260000674933,258.0173913043477
1952,361.6560003824618,90.0,90.0,0.0,890.1059999325067,243.89130434782598
1953,357.53020000000004,90.0,90.0,0.0,915.9502,229.76521739130425
1954,353.68560183262105,90.0,90.0,0.0,922.325601382666,215.63913043478252
1955,308.2478123061254,90.0,90.0,0.0,917.5088127560804,201.51304347826078
1956,301.30695539074907,90.0,90.0,0.0,886.240954940794,187.38695652173905
1957,284.28440833003447,90.0,90.0,0.0,840.5383083300344,173.26086956521732
1958,252.87221784325448,90.0,90.0,0.0,784.7353682932094,159.1347826086956
1959,219.19922460706437,90.0,90.0,0.0,720.2464741571093,145.00869565217386
1960,186.3711099139232,90.0,90.0,0.0,650.9771094639682,130.88260869565212
1961,141.31356618540156,90.0,90.0,0.0,584.5645661854015,116.75652173913039
1962,173.23542217353935,90.0,90.0,0.0,507.98342217353934,102.63043478260866
1963,187.8075635150268,90.0,90.0,0.0,445.8320630650718,88.50434782608693
1964,206.36482263690056,90.0,90.0,0.0,397.8903230868556,74.3782608695652
1965,228.98205055283904,90.0,90.0,0.0,363.9290505528391,60.252173913043464
1966,237.11782690820235,90.0,90.0,0.0,352.2733273581573,46.12608695652173
1967,252.90743708257554,90.0,90.0,0.0,359.7069370825755,32.0
1968,333.6977330338695,90.0,77.004,0.0,377.7132334838245,32.0
1969,352.20690136952754,90.0,77.004,0.0,422.12690181948255,32.0
1970,408.60000038383026,90.0,43.05599999999998,0.0,480.29600083378523,68.90000000000002
1971,451.6559996175383,90.0,0.0,0.0,552.6460000674933,152.60000000000002
1972,451.65600000000006,90.0,0.0,0.0,630.296,236.3
1973,451.6559996175383,90.0,0.0,0.0,707.9460000674933,320.0
1974,374.6519996175382,90.0,77.00399999999999,0.0,780.2960000674932,320.0
1975,361.65600000000006,90.0,90.0,0.0,842.426,305.8739130434783
1976,361.65600000000006,90.0,90.0,0.0,890.106,291.7478260869566
1977,357.5302003789682,90.0,90.0,0.0,915.950199929013,277.6217391304349
1978,353.6856010811962,90.0,90.0,0.0,922.3256015311512,263.4956521739132
1979,315.0728724927136,90.0,90.0,0.0,916.0988720427584,249.36956521739145
1980,303.9211563922755,90.0,90.0,0.0,885.6826559423205,235.24347826086972
1981,287.1262942779541,90.0,90.0,0.0,839.9187947279091,221.117391304348
1982,252.00654384019379,90.0,90.0,0.0,784.9253942901488,206.99130434782626
1983,240.54108133710503,90.0,90.0,0.0,715.59408088715,192.86521739130453
1984,185.67918021514356,90.0,90.0,0.0,651.1248806650985,178.7391304347828
1985,172.40674604557523,90.0,90.0,0.0,578.1412460455753,164.61304347826106
1986,151.89657949734408,90.0,90.0,0.0,512.2000794973441,150.48695652173933
1987,178.7455307585871,90.0,90.0,0.0,447.52953120854204,136.3608695652176
1988,191.86042349875845,90.0,90.0,0.0,400.4499230488035,122.23478260869587
1989,216.02677591284754,90.0,90.0,0.0,366.2152754628926,108.10869565217413
1990,265.65615210804384,90.0,90.0,0.0,347.2371525579988,93.9826086956524
1991,272.3690377683181,90.0,90.0,0.0,356.27253776831816,79.85652173913067
1992,365.7312078772317,90.0,0.0,0.0,385.6492074272767,163.5565217391307
1993,434.53530215618474,90.0,0.0,0.0,421.1873017062297,247.25652173913068
1994,441.5760007662919,90.0,10.080000000000211,0.0,480.2960007662921,320.0
1995,374.65200000000004,90.0,77.00399999999999,0.0,552.6460000000001,320.0
1996,374.6519996175382,90.0,77.00399999999999,0.0,630.2960000674932,320.0
1997,374.65200000000004,90.0,77.00399999999999,0.0,707.946,320.0
1998,374.6519996175382,90.0,77.00399999999999,0.0,780.2960000674932,320.0
1999,361.65600000000006,90.0,90.0,0.0,842.426,305.8739130434783
2000,361.6560003824618,90.0,90.0,0.0,890.1059999325067,291.7478260869566
2001,357.53020000000004,90.0,90.0,0.0,915.9502,277.6217391304349
2002,353.68560183262105,90.0,90.0,0.0,922.325601382666,263.4956521739132
2003,349.7128459371344,90.0,90.0,0.0,908.9428459371343,249.36956521739145
2004,298.7706242062894,90.0,90.0,0.0,886.7826237563344,235.24347826086972
2005,269.51413609442204,90.0,90.0,0.0,843.758136544377,221.117391304348
2006,259.0293526029491,90.0,90.0,0.0,783.383802152994,206.99130434782626
2007,225.8439626541479,90.0,90.0,0.0,718.7979622041929,192.86521739130453
2008,209.17917933450263,90.0,90.0,0.0,646.1061293345026,178.7391304347828
2009,147.24353608904596,90.0,90.0,0.0,583.339535639091,164.61304347826106
2010,128.0777871763844,90.0,90.0,0.0,516.9067867264293,150.48695652173933
2011,152.73056311420027,90.0,90.0,0.0,452.40256356415523,136.3608695652176
2012,190.00147351118204,90.0,90.0,0.0,400.77797306122704,122.23478260869587
2013,228.3624009342269,90.0,90.0,0.0,364.0384004842719,108.10869565217413
2014,250.26817738275025,90.0,90.0,0.0,349.95267738275027,93.9826086956524
2015,286.4603386472964,90.0,90.0,0.0,353.78583819734143,79.85652173913067
2016,379.4897327767174,90.0,0.0,0.0,383.2212327767174,163.5565217391307
2017,442.28092642287794,90.0,0.0,0.0,419.8204268728329,247.25652173913068
2018,428.7469507445257,90.0,10.080000000000211,0.0,482.55995074452585,320.0
2019,374.65200000000004,90.0,77.00399999999999,0.0,552.6460000000001,320.0
2020,374.65200000000004,90.0,77.00399999999999,0.0,630.296,320.0
2021,374.65200000000004,90.0,77.00399999999999,0.0,707.946,320.0
2022,374.65200000000004,90.0,77.00399999999999,0.0,780.296,320.0
2023,361.6559996175383,90.0,90.0,0.0,842.4260000674933,305.8739130434783
2024,361.6560003824618,90.0,90.0,0.0,890.1059999325066,291.7478260869566
2025,357.53020000000004,90.0,90.0,0.0,915.9502,277.6217391304349
2026,353.68560183262105,90.0,90.0,0.0,922.325601382666,263.4956521739132
2027,350.3841636320925,90.0,90.0,0.0,908.8041631821375,249.36956521739145
2028,300.48375981098616,90.0,90.0,0.0,886.4167598109862,235.24347826086972
2029,283.6903166505899,90.0,90.0,0.0,840.6678166505899,221.117391304348
2030,254.0699922164522,90.0,90.0,0.0,784.4724422164522,206.99130434782626
2031,228.0008701169711,90.0,90.0,0.0,718.327769667016,192.86521739130453
2032,221.0343029635534,90.0,90.0,0.0,643.5743029635534,178.7391304347828
2033,181.2010031187786,90.0,90.0,0.0,576.3245026688236,164.61304347826106
2034,196.60331449077597,90.0,90.0,0.0,503.36581494073096,150.48695652173933
2035,203.25963526399659,90.0,90.0,0.0,442.9376352639965,136.3608695652176
2036,202.56659842720796,90.0,90.0,0.0,398.560597977253,122.23478260869587
2037,218.02342515138452,90.0,90.0,0.0,365.86292560133955,108.10869565217413
2038,235.4998526617959,90.0,90.0,0.0,352.5588522118409,93.9826086956524
2039,294.1715381540822,90.0,90.0,0.0,352.42503860403724,79.85652173913067
2040,394.9580330937025,90.0,0.0,0.0,380.4915330937025,163.5565217391307
2041,451.38060184248354,90.0,0.0,0.0,418.2146018424835,247.25652173913068
2042,441.5760011487536,90.0,10.080000000000211,0.0,480.2960006987987,320.0
2043,374.6519996175383,90.0,77.00399999999999,0.0,552.6460000674933,320.0
2044,374.65200000000004,90.0,77.00399999999999,0.0,630.296,320.0
2045,374.6520003824619,90.0,77.00399999999999,0.0,707.9459999325068,320.0
2046,374.6520003824618,90.0,77.00399999999999,0.0,780.2959999325068,320.0
2047,361.6560003824618,90.0,90.0,0.0,842.4259999325068,305.8739130434783
2048,361.65600000000006,90.0,90.0,0.0,890.106,291.7478260869566
2049,357.530199621032,90.0,90.0,0.0,915.950200070987,277.6217391304349
2050,353.6856010811962,90.0,90.0,0.0,922.3256015311512,263.4956521739132
2051,327.73839263522837,90.0,90.0,0.0,913.4823921852733,249.36956521739145
2052,326.14742666426946,90.0,90.0,0.0,880.9359266642693,235.24347826086972
2053,279.0096275455435,90.0,90.0,0.0,841.6881779954984,221.117391304348
2054,256.92051722653025,90.0,90.0,0.0,783.8467172265301,206.99130434782626
2055,226.10664834263292,90.0,90.0,0.0,718.7406983426329,192.86521739130453
2056,189.88637525737596,90.0,90.0,0.0,650.2263757073309,178.7391304347828
2057,144.08834438091185,90.0,90.0,0.0,583.9913443809119,164.61304347826106
2058,194.3939048482453,90.0,90.0,0.0,503.80240484824526,150.48695652173933
2059,146.99999331840877,90.0,90.0,0.0,453.47599376836376,136.3608695652176
2060,194.92424771335908,90.0,90.0,0.0,399.90924816331415,122.23478260869587
2061,230.6574005557427,90.0,90.0,0.0,363.6334005557427,108.10869565217413
2062,243.23400233349304,90.0,90.0,0.0,351.194002333493,93.9826086956524
2063,257.210562234199,90.0,90.0,0.0,358.94756223419904,79.85652173913067
2064,327.0588835466056,90.0,90.0,0.0,376.5913835466056,65.73043478260894
2065,340.3928263743521,90.0,90.0,0.0,421.9183268243071,51.604347826087206
2066,356.0217753742711,90.0,90.0,0.0,481.2902758242261,37.478260869565474
2067,369.6119996175381,90.0,82.04400000000024,0.0,552.6460000674933,32.0
2068,441.57600038246164,90.0,10.080000000000133,0.0,630.2959999325068,104.74347826086942
2069,451.6559996175383,90.0,0.0,0.0,707.9460000674933,188.44347826086943
2070,451.6560003824618,90.0,0.0,0.0,780.2959999325068,272.1434782608694
2071,361.65600000000006,90.0,90.0,0.0,842.426,258.0173913043477
2072,361.6559996175382,90.0,90.0,0.0,890.1060000674931,243.89130434782598
2073,357.53020000000004,90.0,90.0,0.0,915.9502,229.76521739130425
2074,353.68560183262105,90.0,90.0,0.0,922.325601382666,215.63913043478252
2075,350.3841632591757,90.0,90.0,0.0,908.8041632591757,201.51304347826078
2076,322.69890656494226,90.0,90.0,0.0,881.6724061149872,187.38695652173905
2077,290.5179374442058,90.0,90.0,0.0,839.1794374442059,173.26086956521732
2078,267.20454726288915,90.0,90.0,0.0,781.5892472628891,159.1347826086956
2079,223.7934593010545,90.0,90.0,0.0,719.2449593010545,145.00869565217386
2080,206.33804302035156,90.0,90.0,0.0,646.7128934703065,130.88260869565212
2081,183.95340369785998,90.0,90.0,0.0,575.7559036978599,116.75652173913039
2082,156.66484741242823,90.0,90.0,0.0,511.2578469624732,102.63043478260866
2083,142.9863208046895,90.0,90.0,0.0,454.2278208046895,88.50434782608693
2084,184.1492235502933,90.0,90.0,0.0,401.8107231003383,74.3782608695652
2085,216.1071001480633,90.0,90.0,0.0,366.2011005980183,60.252173913043464
2086,238.56367730078875,90.0,90.0,0.0,352.01817730078875,46.12608695652173
2087,261.1579619908266,90.0,90.0,0.0,358.25096244078156,32.0
2088,359.48205856225644,90.0,77.004,0.0,373.1630590122115,32.0
2089,339.87127631917497,90.0,77.004,0.0,424.30377676912997,32.0
2090,374.6520003838302,90.0,77.004,0.0,480.29600083378523,32.0
2091,374.6520003824618,90.0,77.004,0.0,552.6459999325068,32.0
2092,441.5759999999999,90.0,10.080000000000133,0.0,630.296,104.74347826086942
2093,451.65600000000006,90.0,0.0,0.0,707.946,188.44347826086943
2094,451.6560003824618,90.0,0.0,0.0,780.2959999325067,272.1434782608694
2095,361.6560003824618,90.0,90.0,0.0,842.4259999325068,258.0173913043477
2096,361.6559996175382,90.0,90.0,0.0,890.1060000674931,243.89130434782598
2097,357.530199621032,90.0,90.0,0.0,915.950200070987,229.76521739130425
2098,353.68560145690867,90.0,90.0,0.0,922.3256014569087,215.63913043478252
2099,318.76511739102455,90.0,90.0,0.0,915.3361173910245,201.51304347826078
2100,295.3087546246935,90.0,90.0,0.0,887.5219541747384,187.38695652173905
2101,283.9419192797777,90.0,90.0,0.0,840.6129688298226,173.26086956521732
2102,267.1137732625682,90.0,90.0,0.0,781.6091732625682,159.1347826086956
2103,222.3049046034858,90.0,90.0,0.0,719.5694550534407,145.00869565217386
2104,186.63030442484973,90.0,90.0,0.0,650.9217548748047,130.88260869565212
2105,168.22220188171434,90.0,90.0,0.0,579.0057014317593,116.75652173913039
2106,162.1094649573845,90.0,90.0,0.0,510.1819645074295,102.63043478260866
2107,170.9910692492025,90.0,90.0,0.0,448.9820696991575,88.50434782608693
2108,209.01554800164718,90.0,90.0,0.0,397.4225480016472,74.3782608695652
2109,206.86972551451538,90.0,90.0,0.0,367.83122551451544,60.252173913043464
2110,244.78312772680266,90.0,90.0,0.0,350.9206272768476,46.12608695652173
2111,264.82996250267377,90.0,90.0,0.0,357.60296250267373,32.0
2112,299.9727073427572,90.0,77.004,0.0,383.6647077927123,32.0
2113,340.12372708512896,90.0,77.004,0.0,424.25922663517395,32.0
2114,374.6520007662921,90.0,77.004,0.0,480.2960007662921,32.0
2115,374.6519996175383,90.0,77.004,0.0,552.6460000674933,32.0
2116,441.57599961753806,90.0,10.080000000000133,0.0,630.2960000674932,104.74347826086942
2117,451.6560003824619,90.0,0.0,0.0,707.9459999325068,188.44347826086943
2118,451.6559996175382,90.0,0.0,0.0,780.2960000674932,272.1434782608694
2119,361.6560003824618,90.0,90.0,0.0,842.4259999325068,258.0173913043477
2120,361.6559996175382,90.0,90.0,0.0,890.1060000674931,243.89130434782598
2121,357.53020000000004,90.0,90.0,0.0,915.9502,229.76521739130425
2122,353.68560183262105,90.0,90.0,0.0,922.325601382666,215.63913043478252
2123,340.84026903707024,90.0,90.0,0.0,910.7757685871152,201.51304347826078
2124,297.60257695028827,90.0,90.0,0.0,887.0320765003331,187.38695652173905
2125,274.59162560852053,90.0,90.0,0.0,842.6512751585655,173.26086956521732
2126,257.31903722793913,90.0,90.0,0.0,783.7592372279391,159.1347826086956
2127,236.64401728813988,90.0,90.0,0.0,716.4436168381849,145.00869565217386
2128,191.35477754604506,90.0,90.0,0.0,649.912777996,130.88260869565212
2129,167.90892047254385,90.0,90.0,0.0,579.0704200225889,116.75652173913039
2130,147.10576658207384,90.0,90.0,0.0,513.1467670320288,102.63043478260866
2131,166.7954738848233,90.0,90.0,0.0,449.7679738848233,88.50434782608693
2132,209.50897299834963,90.0,90.0,0.0,397.3354729983496,74.3782608695652
2133,181.6476754708022,90.0,90.0,0.0,372.2821754708022,60.252173913043464
2134,249.9009777626407,90.0,90.0,0.0,350.0174773126857,46.12608695652173
2135,260.2858627250211,90.0,90.0,0.0,358.4048622750661,32.0
2136,319.43430812403705,90.0,77.004,0.0,380.23030812403715,32.0
2137,408.6000018436077,90.0,43.05599999999998,0.0,418.16600184360766,68.90000000000002
2138,451.6560007662921,90.0,0.0,0.0,480.2960007662921,152.60000000000002
2139,451.65600000000006,90.0,0.0,0.0,552.6460000000001,236.3
2140,451.6560003824618,90.0,0.0,0.0,630.2959999325067,320.0
2141,374.6520003824618,90.0,77.00399999999999,0.0,707.9459999325068,320.0
2142,374.6520003824618,90.0,77.00399999999999,0.0,780.2959999325068,320.0
2143,361.6560003824619,90.0,90.0,0.0,842.4259999325068,305.8739130434783
2144,361.6560003824618,90.0,90.0,0.0,890.1059999325067,291.7478260869566
2145,357.530199621032,90.0,90.0,0.0,915.950200070987,277.6217391304349
2146,353.68560145690867,90.0,90.0,0.0,922.3256014569087,263.4956521739132
2147,350.3841632591757,90.0,90.0,0.0,908.8041632591757,249.36956521739145
2148,285.6662460491426,90.0,90.0,0.0,889.5812460491426,235.24347826086972
2149,276.0535788271535,90.0,90.0,0.0,842.3325783771985,221.117391304348
2150,240.4948515374207,90.0,90.0,0.0,787.4523510874657,206.99130434782626
2151,225.63780397578967,90.0,90.0,0.0,718.8429035258347,192.86521739130453
2152,212.45749905732578,90.0,90.0,0.0,645.4059986073707,178.7391304347828
2153,195.5895703241934,90.0,90.0,0.0,573.3520703241934,164.61304347826106
2154,157.72446242117746,90.0,90.0,0.0,511.0484619712224,150.48695652173933
2155,186.8069878363965,90.0,90.0,0.0,446.0194873864415,136.3608695652176
2156,200.28307344246906,90.0,90.0,0.0,398.96357299251406,122.23478260869587
2157,222.45277515906116,90.0,90.0,0.0,365.0812756090162,108.10869565217413
2158,236.00475266533147,90.0,90.0,0.0,352.46975221537645,93.9826086956524
2159,263.051337057541,90.0,90.0,0.0,357.9168375074959,79.85652173913067
2160,390.3909833825736,90.0,0.0,0.0,381.2974829326187,163.5565217391307
2161,451.65600184360767,90.0,0.0,0.0,418.16600184360766,247.25652173913068
2162,441.5760007662919,90.0,10.080000000000211,0.0,480.2960007662921,320.0
2163,374.65200000000004,90.0,77.00399999999999,0.0,552.6460000000001,320.0
2164,374.65200000000004,90.0,77.00399999999999,0.0,630.296,320.0
2165,374.6519996175383,90.0,77.00399999999999,0.0,707.9460000674933,320.0
2166,374.65200000000004,90.0,77.00399999999999,0.0,780.296,320.0
2167,361.6559996175383,90.0,90.0,0.0,842.4260000674933,305.8739130434783
2168,361.65600000000006,90.0,90.0,0.0,890.106,291.7478260869566
2169,357.5302003789682,90.0,90.0,0.0,915.950199929013,277.6217391304349
2170,353.68560183262105,90.0,90.0,0.0,922.325601382666,263.4956521739132
2171,336.93543957427914,90.0,90.0,0.0,911.5824395742791,249.36956521739145
2172,291.3618673253676,90.0,90.0,0.0,888.3648668754125,235.24347826086972
2173,263.5399679000079,90.0,90.0,0.0,845.0604683499629,221.117391304348
2174,249.49808256925144,90.0,90.0,0.0,785.4760321192964,206.99130434782626
2175,227.46441383182014,90.0,90.0,0.0,718.4447138318201,192.86521739130453
2176,194.15809100623164,90.0,90.0,0.0,649.3140914561866,178.7391304347828
2177,156.9776362710105,90.0,90.0,0.0,581.3286367209655,164.61304347826106
2178,162.59418246138682,90.0,90.0,0.0,510.0861820114318,150.48695652173933
2179,189.62679126369113,90.0,90.0,0.0,445.4912917136461,136.3608695652176
2180,197.3454730796396,90.0,90.0,0.0,399.4819730796396,122.23478260869587
2181,218.16112553408493,90.0,90.0,0.0,365.83862553408494,108.10869565217413
2182,226.3198522150505,90.0,90.0,0.0,354.17885221505054,93.9826086956524
2183,268.4216380116906,90.0,90.0,0.0,356.96913756173564,79.85652173913067
2184,393.82200768796065,90.0,0.0,0.0,380.6920081379157,163.5565217391307
2185,445.4480264358057,90.0,0.0,0.0,419.26152688576065,247.25652173913068
2186,435.4368757558761,90.0,10.080000000000211,0.0,481.37937575587625,320.0
2187,374.6519996175383,90.0,77.00399999999999,0.0,552.6460000674933,320.0
2188,374.65200000000004,90.0,77.00399999999999,0.0,630.296,320.0
2189,374.65200000000004,90.0,77.00399999999999,0.0,707.946,320.0
2190,374.65200000000004,90.0,77.00399999999999,0.0,780.296,320.0
2191,361.65600000000006,90.0,90.0,0.0,842.426,305.8739130434783
2192,361.65600000000006,90.0,90.0,0.0,890.106,291.7478260869566
2193,357.53020037896806,90.0,90.0,0.0,915.950199929013,277.6217391304349
2194,353.68560183262116,90.0,90.0,0.0,922.325601382666,263.4956521739132
2195,341.10879596588677,90.0,90.0,0.0,910.7202955159318,249.36956521739145
2196,298.24778400598416,90.0,90.0,0.0,886.894283556029,235.24347826086972
2197,286.0766587883586,90.0,90.0,0.0,840.1476087883586,221.117391304348
2198,245.87487081851543,90.0,90.0,0.0,786.2713712684704,206.99130434782626
2199,234.20003866875686,90.0,90.0,0.0,716.9763891187118,192.86521739130453
2200,206.55051712336126,90.0,90.0,0.0,646.6675166734062,178.7391304347828
2201,213.815834791947,90.0,90.0,0.0,569.586835241902,164.61304347826106
2202,147.72575446290563,90.0,90.0,0.0,513.0242544629056,150.48695652173933
2203,171.57094871464955,90.0,90.0,0.0,448.8734487146495,136.3608695652176
2204,208.32704762378677,90.0,90.0,0.0,397.5440480737418,122.23478260869587
2205,224.61007516280006,90.0,90.0,0.0,364.7005756127551,108.10869565217413
2206,293.33385268432056,90.0,90.0,0.0,342.3528526843205,93.9826086956524
2207,273.26408818231766,90.0,90.0,0.0,356.1145877323626,79.85652173913067
2208,423.8979836867562,90.0,0.0,0.0,375.3844836867563,163.5565217391307
2209,431.68950176210683,90.0,0.0,0.0,421.6895017621067,247.25652173913068
2210,430.8468757480885,90.0,10.080000000000211,0.0,482.18937574808865,320.0
2211,374.6520003824618,90.0,77.00399999999999,0.0,552.6459999325068,320.0
2212,374.6520003824618,90.0,77.00399999999999,0.0,630.2959999325068,320.0
2213,374.6519996175383,90.0,77.00399999999999,0.0,707.9460000674933,320.0
2214,374.6520003824618,90.0,77.00399999999999,0.0,780.2959999325067,320.0
2215,361.65600000000006,90.0,90.0,0.0,842.426,305.8739130434783
2216,361.65600000000006,90.0,90.0,0.0,890.106,291.7478260869566
2217,357.530199621032,90.0,90.0,0.0,915.950200070987,277.6217391304349
2218,353.6856010811962,90.0,90.0,0.0,922.3256015311512,263.4956521739132
2219,336.07391567765933,90.0,90.0,0.0,911.7604156776592,249.36956521739145
2220,307.7034042790317,90.0,90.0,0.0,884.8749042790316,235.24347826086972
2221,286.18417127883504,90.0,90.0,0.0,840.12417172879,221.117391304348
2222,254.0124278472856,90.0,90.0,0.0,784.4850782972405,206.99130434782626
2223,214.31681037652328,90.0,90.0,0.0,721.3108103765232,192.86521739130453
2224,195.807819470575,90.0,90.0,0.0,648.96176902062,178.7391304347828
2225,169.92287201572333,90.0,90.0,0.0,578.6543720157233,164.61304347826106
2226,161.91783170437742,90.0,90.0,0.0,510.2198321543324,150.48695652173933
2227,190.0020075221455,90.0,90.0,0.0,445.4210075221455,136.3608695652176
2228,158.35342295776582,90.0,90.0,0.0,406.36292340772087,122.23478260869587
2229,227.5247255503133,90.0,90.0,0.0,364.18622555031334,108.10869565217413
2230,235.10970189414036,90.0,90.0,0.0,352.62770234409527,93.9826086956524
2231,301.8024138054231,90.0,90.0,0.0,351.0784138054231,79.85652173913067
2232,331.3620082523259,90.0,90.0,0.0,375.83200870228086,65.73043478260894
2233,315.6756766559213,90.0,90.0,0.0,426.2801766559212,51.604347826087206
2234,361.65600114875383,90.0,90.0,0.0,480.2960006987988,37.478260869565474
2235,369.6120003824617,90.0,82.04400000000024,0.0,552.6459999325068,32.0
2236,441.5759999999999,90.0,10.080000000000133,0.0,630.296,104.74347826086942
2237,451.65600000000006,90.0,0.0,0.0,707.946,188.44347826086943
2238,451.65600000000006,90.0,0.0,0.0,780.296,272.1434782608694
2239,361.65600000000006,90.0,90.0,0.0,842.426,258.0173913043477
2240,361.65600000000006,90.0,90.0,0.0,890.106,243.89130434782598
2241,357.53020037896806,90.0,90.0,0.0,915.950199929013,229.76521739130425
2242,353.6856010811962,90.0,90.0,0.0,922.3256015311512,215.63913043478252
2243,328.1635598996045,90.0,90.0,0.0,913.3945598996045,201.51304347826078
2244,305.40068254577227,90.0,90.0,0.0,885.3666825457722,187.38695652173905
2245,277.2628210365999,90.0,90.0,0.0,842.0689710365998,173.26086956521732
2246,255.05079385095678,90.0,90.0,0.0,784.2571443009117,159.1347826086956
2247,211.83403919629524,90.0,90.0,0.0,721.8520391962952,145.00869565217386
2248,199.1528840104308,90.0,90.0,0.0,648.2473840104308,130.88260869565212
2249,174.8906200754272,90.0,90.0,0.0,577.6281200754272,116.75652173913039
2250,162.96617458874601,90.0,90.0,0.0,510.012674588746,102.63043478260866
2251,186.7387660094629,90.0,90.0,0.0,446.0322664594179,88.50434782608693
2252,175.62329784234942,90.0,90.0,0.0,403.3152982923045,74.3782608695652
2253,218.97585053549705,90.0,90.0,0.0,365.694850535497,60.252173913043464
2254,256.21222742437385,90.0,90.0,0.0,348.90372742437387,46.12608695652173
2255,266.12663716590123,90.0,90.0,0.0,357.3741376158562,32.0
2256,300.248107348401,90.0,77.004,0.0,383.616107798356,32.0
2257,374.65200184360765,90.0,77.004,0.0,418.16600184360766,32.0
2258,374.6520011487538,90.0,77.004,0.0,480.2960006987988,32.0
2259,374.65200000000004,90.0,77.004,0.0,552.6460000000001,32.0
2260,441.57600038246164,90.0,10.080000000000133,0.0,630.2959999325068,104.74347826086942
2261,451.65600000000006,90.0,0.0,0.0,707.946,188.44347826086943
2262,451.6559996175382,90.0,0.0,0.0,780.2960000674932,272.1434782608694
2263,361.6560003824619,90.0,90.0,0.0,842.4259999325068,258.0173913043477
2264,361.6559996175382,90.0,90.0,0.0,890.1060000674931,243.89130434782598
2265,357.530199621032,90.0,90.0,0.0,915.950200070987,229.76521739130425
2266,347.30536643595815,90.0,90.0,0.0,923.5863664359581,215.63913043478252
2267,349.6680914489982,90.0,90.0,0.0,908.9520914489982,201.51304347826078
2268,276.388613558619,90.0,90.0,0.0,891.562613558619,187.38695652173905
2269,299.45148023585284,90.0,90.0,0.0,837.2319802358528,173.26086956521732
2270,272.83807065176944,90.0,90.0,0.0,780.3526202018145,159.1347826086956
2271,228.76676069087176,90.0,90.0,0.0,718.1608102409167,145.00869565217386
2272,197.41749911668654,90.0,90.0,0.0,648.6179995666415,130.88260869565212
2273,165.49217742739495,90.0,90.0,0.0,579.5696778773499,116.75652173913039
2274,157.74700704565117,90.0,90.0,0.0,511.04400704565114,102.63043478260866
2275,222.0317994164801,90.0,90.0,0.0,439.4212994164801,88.50434782608693
2276,196.00289847107388,90.0,90.0,0.0,399.7188980211189,74.3782608695652
2277,212.91705090745796,90.0,90.0,0.0,366.764050457503,60.252173913043464
2278,248.48955198783358,90.0,90.0,0.0,350.26655243778856,46.12608695652173
2279,281.7211630978466,90.0,90.0,0.0,354.6221630978466,32.0
2280,317.9081330927619,90.0,77.004,0.0,380.4996330927619,32.0
2281,325.28655125964184,90.0,77.004,0.0,426.8775517095968,32.0
2282,374.6520011487538,90.0,77.004,0.0,480.2960006987987,32.0
2283,374.6519996175383,90.0,77.004,0.0,552.6460000674933,32.0
2284,441.57600038246164,90.0,10.080000000000133,0.0,630.2959999325068,104.74347826086942
2285,451.6559996175383,90.0,0.0,0.0,707.9460000674933,188.44347826086943
2286,451.6560003824618,90.0,0.0,0.0,780.2959999325068,272.1434782608694
2287,361.6559996175383,90.0,90.0,0.0,842.4260000674933,258.0173913043477
2288,361.65600000000006,90.0,90.0,0.0,890.106,243.89130434782598
2289,357.53020000000004,90.0,90.0,0.0,915.9502,229.76521739130425
2290,353.68560145690867,90.0,90.0,0.0,922.3256014569087,215.63913043478252
2291,350.3841636320925,90.0,90.0,0.0,908.8041631821375,201.51304347826078
2292,297.6915710269359,90.0,90.0,0.0,887.0130705769809,187.38695652173905
2293,289.34083825472953,90.0,90.0,0.0,839.4360378047745,173.26086956521732
2294,266.896800892838,90.0,90.0,0.0,781.656801342793,159.1347826086956
2295,219.6902365737311,90.0,90.0,0.0,720.1394365737311,145.00869565217386
2296,174.66838864362074,90.0,90.0,0.0,653.4763881936657,130.88260869565212
2297,179.5003326118529,90.0,90.0,0.0,576.6758321618979,116.75652173913039
2298,187.40495479053737,90.0,90.0,0.0,505.1834547905373,102.63043478260866
2299,168.6374427477562,90.0,90.0,0.0,449.4229427477562,88.50434782608693
2300,199.7781726809198,90.0,90.0,0.0,399.05267313087484,74.3782608695652
2301,221.53477592239375,90.0,90.0,0.0,365.2432754724387,60.252173913043464
2302,250.94520238749118,90.0,90.0,0.0,349.83320238749116,46.12608695652173
2303,267.1364372014822,90.0,90.0,0.0,357.1959376514372,32.0
2304,377.13555822834036,90.0,43.05599999999998,0.0,376.0385586782954,68.90000000000002
2305,427.8683263640474,90.0,0.0,0.0,422.3638268140023,152.60000000000002
2306,451.65600114875383,90.0,0.0,0.0,480.2960006987988,236.3
2307,451.65600000000006,90.0,0.0,0.0,552.6460000000001,320.0
2308,374.65200000000004,90.0,77.00399999999999,0.0,630.296,320.0
2309,374.6519996175383,90.0,77.00399999999999,0.0,707.9460000674933,320.0
2310,374.65200000000004,90.0,77.00399999999999,0.0,780.296,320.0
2311,361.6560003824618,90.0,90.0,0.0,842.4259999325068,305.8739130434783
2312,361.65600000000006,90.0,90.0,0.0,890.106,291.7478260869566
2313,357.53020000000004,90.0,90.0,0.0,915.9502,277.6217391304349
2314,343.6981667998259,90.0,90.0,0.0,924.2991663498708,263.4956521739132
2315,325.42234712835193,90.0,90.0,0.0,913.9608475783068,249.36956521739145
2316,282.50695632814893,90.0,90.0,0.0,890.255956328149,235.24347826086972
2317,283.37110284146536,90.0,90.0,0.0,840.7374032914203,221.117391304348
2318,256.4865728560329,90.0,90.0,0.0,783.9419733059879,206.99130434782626
2319,208.5820519327699,90.0,90.0,0.0,722.5609523827248,192.86521739130453
2320,196.00249327487813,90.0,90.0,0.0,648.9201937248331,178.7391304347828
2321,185.65407457770243,90.0,90.0,0.0,575.4045741277474,164.61304347826106
2322,183.7075743842957,90.0,90.0,0.0,505.91407483425064,150.48695652173933
2323,164.30540524538185,90.0,90.0,0.0,450.2344047954268,136.3608695652176
2324,192.1472981143795,90.0,90.0,0.0,400.3992981143796,122.23478260869587
2325,222.47572554156272,90.0,90.0,0.0,365.0772255415627,108.10869565217413
2326,223.19865219319416,90.0,90.0,0.0,354.72965219319417,93.9826086956524
2327,268.81178802543786,90.0,90.0,0.0,356.9002875754828,79.85652173913067
2328,410.4492837936197,90.0,0.0,0.0,377.7577833436647,163.5565217391307
2329,430.6223271402124,90.0,0.0,0.0,421.8778266902574,247.25652173913068
2330,441.57600038383003,90.0,10.080000000000211,0.0,480.29600083378523,320.0
2331,374.6519996175383,90.0,77.00399999999999,0.0,552.6460000674933,320.0
2332,374.6520003824618,90.0,77.00399999999999,0.0,630.2959999325068,320.0
2333,374.6519996175383,90.0,77.00399999999999,0.0,707.9460000674933,320.0
2334,374.6519996175382,90.0,77.00399999999999,0.0,780.2960000674932,320.0
2335,361.6559996175383,90.0,90.0,0.0,842.4260000674933,305.8739130434783
2336,361.6559996175382,90.0,90.0,0.0,890.1060000674931,291.7478260869566
2337,357.530199621032,90.0,90.0,0.0,915.950200070987,277.6217391304349
2338,353.68560145690867,90.0,90.0,0.0,922.3256014569087,263.4956521739132
2339,350.384162886259,90.0,90.0,0.0,908.804163336214,249.36956521739145
2340,292.1472400517837,90.0,90.0,0.0,888.1971396018286,235.24347826086972
2341,291.0998365742388,90.0,90.0,0.0,839.0525870241937,221.117391304348
2342,250.77445320480092,90.0,90.0,0.0,785.1958532048009,206.99130434782626
2343,206.83524506668084,90.0,90.0,0.0,722.9417455166358,192.86521739130453
2344,206.1945408109566,90.0,90.0,0.0,646.7435403610016,178.7391304347828
2345,184.0429122989919,90.0,90.0,0.0,575.7374127489469,164.61304347826106
2346,178.10514183803622,90.0,90.0,0.0,507.0211422879912,150.48695652173933
2347,183.31634238142078,90.0,90.0,0.0,446.67334283137575,136.3608695652176
2348,167.56784827864658,90.0,90.0,0.0,404.7368482786466,122.23478260869587
2349,217.9201505336673,90.0,90.0,0.0,365.8811505336673,108.10869565217413
2350,231.94260225442423,90.0,90.0,0.0,353.1866022544242,93.9826086956524
2351,277.20001332100264,90.0,90.0,0.0,355.4200128710476,79.85652173913067
2352,391.36635763763815,90.0,0.0,0.0,381.1253580875931,163.5565217391307
2353,451.65600184360767,90.0,0.0,0.0,418.16600184360766,247.25652173913068
2354,441.5760011487536,90.0,10.080000000000211,0.0,480.2960006987988,320.0
2355,374.65200000000004,90.0,77.00399999999999,0.0,552.6460000000001,320.0
2356,374.6519996175382,90.0,77.00399999999999,0.0,630.2960000674932,320.0
2357,374.6519996175383,90.0,77.00399999999999,0.0,707.9460000674933,320.0
2358,374.65200000000004,90.0,77.00399999999999,0.0,780.296,320.0
2359,361.6560003824618,90.0,90.0,0.0,842.4259999325068,305.8739130434783
2360,361.6560003824618,90.0,90.0,0.0,890.1059999325067,291.7478260869566
2361,357.530199621032,90.0,90.0,0.0,915.950200070987,277.6217391304349
2362,353.6856010811962,90.0,90.0,0.0,922.3256015311512,263.4956521739132
2363,342.7759006489564,90.0,90.0,0.0,910.3759001990013,249.36956521739145
2364,297.7471919540692,90.0,90.0,0.0,887.0011919540691,235.24347826086972
2365,272.5588563209982,90.0,90.0,0.0,843.0944063209981,221.117391304348
2366,252.3021128412388,90.0,90.0,0.0,784.8605132911938,206.99130434782626
2367,232.26148243361797,90.0,90.0,0.0,717.3989824336179,192.86521739130453
2368,175.11335829258343,90.0,90.0,0.0,653.3813587425384,178.7391304347828
2369,162.70621135596207,90.0,90.0,0.0,580.145210906007,164.61304347826106
2370,150.41988236086343,90.0,90.0,0.0,512.4918819109084,150.48695652173933
2371,157.6993309728528,90.0,90.0,0.0,451.4718314228078,136.3608695652176
2372,209.4171729989631,90.0,90.0,0.0,397.3516729989631,122.23478260869587
2373,210.44992590318213,90.0,90.0,0.0,367.19942545322715,108.10869565217413
2374,266.82660249870173,90.0,90.0,0.0,347.03060249870174,93.9826086956524
2375,268.5363872508104,90.0,90.0,0.0,356.9488877007654,79.85652173913067
2376,405.58388369391514,90.0,0.0,0.0,378.6163832439602,163.5565217391307
2377,434.122201389575,90.0,0.0,0.0,421.26020183952994,247.25652173913068
2378,441.5760011487536,90.0,10.080000000000211,0.0,480.2960006987988,320.0
2379,369.61199999999985,90.0,82.04400000000022,0.0,552.6460000000001,314.5217391304345
2380,361.6560003824618,90.0,90.0,0.0,630.2959999325068,300.3956521739128
2381,361.6560003824618,90.0,90.0,0.0,707.9459999325068,286.2695652173911
2382,361.65600000000006,90.0,90.0,0.0,780.296,272.1434782608694
2383,361.6560003824618,90.0,90.0,0.0,842.4259999325068,258.0173913043477
2384,361.65600000000006,90.0,90.0,0.0,890.106,243.89130434782598
2385,357.53020000000004,90.0,90.0,0.0,915.9502,229.76521739130425
2386,353.6856010811962,90.0,90.0,0.0,922.3256015311512,215.63913043478252
2387,350.3841636320925,90.0,90.0,0.0,908.8041631821375,201.51304347826078
2388,292.2629323514258,90.0,90.0,0.0,888.1724319014706,187.38695652173905
2389,288.291202395711,90.0,90.0,0.0,839.664851945756,173.26086956521732
2390,247.96710082591244,90.0,90.0,0.0,785.8121012758675,159.1347826086956
2391,232.6361152400575,90.0,90.0,0.0,717.3173147901025,145.00869565217386
2392,200.81484841897003,90.0,90.0,0.0,647.8924484189699,130.88260869565212
2393,134.30948859317255,90.0,90.0,0.0,586.0114890431275,116.75652173913039
2394,163.5861620938652,90.0,90.0,0.0,509.89016209386523,102.63043478260866
2395,169.84268125441105,90.0,90.0,0.0,449.197181704366,88.50434782608693
2396,168.3481486558935,90.0,90.0,0.0,404.59914820593855,74.3782608695652
2397,209.31390090121323,90.0,90.0,0.0,367.39990045125825,60.252173913043464
2398,246.58470235695654,90.0,90.0,0.0,350.6027023569565,46.12608695652173
2399,259.94161194796766,90.0,90.0,0.0,358.46561239792265,32.0
2400,385.13925865749064,90.0,0.0,0.0,382.2242577574907,115.7
2401,444.07102681264666,90.0,0.0,0.0,419.50452681264665,199.4
2402,342.8219607105645,90.0,75.98800000000004,0.0,486.09236071056455,200.50434782608693
2403,330.308595,90.0,90.0,0.0,558.177895,186.3782608695652
2404,328.28823076500004,90.0,90.0,0.0,636.184429865,172.25217391304346
2405,341.63594961750005,90.0,90.0,0.0,711.4789500675,158.12608695652173
2406,345.9295125,90.0,90.0,0.0,783.0712625,144.0
