Hour,G,Pc,Pd,S,Q,SOC
0,281.9562199344809,260.0,0.0,118.80541993448094,0.0,649.4
1,297.35265008857755,260.0,0.0,159.86585008857753,0.0,893.8
2,115.24712211691133,260.0,221.52599999999995,180.0,20.565121690287242,900.0
3,107.47919320902378,260.0,227.2920000000001,180.0,93.20439363564788,900.0
4,146.79900876493417,260.0,227.2920000000001,180.0,145.87980833831023,900.0
5,144.7218318531323,260.0,227.2920000000001,180.0,220.30063227975643,900.0
6,117.85031917326452,260.0,249.23768082673556,180.0,289.7472,876.402493734693
7,115.23711759365165,260.0,260.0,180.0,339.9559180202756,841.2326012615747
8,93.99129414485924,260.0,260.0,180.0,393.4876945714832,806.0627087884563
9,70.22929369013582,260.0,260.0,180.0,431.67009411675986,770.892816315338
10,62.392893704994776,260.0,260.0,180.0,440.5560941316187,735.7229238422196
11,27.757538722462186,260.0,260.0,180.0,448.80793872246215,700.5530313691013
12,4.070134750681518,260.0,260.0,180.0,431.7201347506814,665.3831388959829
13,3.5182146580266362,260.0,260.0,180.0,382.1058146580266,630.2132464228647
14,0.0,260.0,226.27609896725505,180.0,346.144899393879,631.305613124741
15,0.0,260.0,225.81516472723212,180.0,274.8136451538561,632.8936080416956
16,0.0,260.0,195.52030000119038,180.0,220.73630000119033,667.0567263199856
17,0.0,260.0,181.74199642825994,180.0,155.41999685488395,716.0352247842222
18,0.0,260.0,156.44025456324488,180.0,103.51545456324482,792.2198972968622
19,0.0,260.0,176.51183082462143,180.0,31.28743039799747,846.8222297435058
20,0.0,251.33444542795291,170.26124585457683,180.0,0.0,900.0
21,0.0,212.68474868490233,189.95914868490235,180.0,0.0,895.6665146402573
22,0.0,188.81599984001605,218.64000026664002,180.0,0.0,838.0567800096144
23,0.4678580370480745,178.04145761042406,260.0,180.0,0.0,725.8458576902947
24,226.68115617265238,260.0,65.32864765197404,113.05100382462649,0.0,900.0
25,78.97566792872897,260.0,227.2920000000001,154.8288679287291,0.0,900.0
26,114.6420815990893,260.0,227.2920000000001,180.0,17.662082025713403,900.0
27,114.9874377086972,260.0,227.2920000000001,180.0,88.96223813532129,900.0
28,147.62934497936368,260.0,227.2920000000001,180.0,145.40454497936378,900.0
29,111.41814276876386,260.0,257.2426845597659,180.0,222.2596277551537,867.7949628389615
30,111.55200000000013,260.0,260.0,180.0,287.0688,832.6250703658432
31,99.0111610709206,260.0,260.0,180.0,349.9955606442966,797.4551778927248
32,76.3295984846743,260.0,260.0,180.0,404.77959848467424,762.2852854196065
33,88.68371442146179,260.0,260.0,180.0,419.48131484808573,727.1153929464881
34,49.354301787545864,260.0,260.0,180.0,449.43110221416987,691.9455004733697
35,39.1903653486728,260.0,260.0,180.0,440.8231653486728,656.7756080002514
36,0.0,260.0,254.79086321303168,180.0,438.3295036396556,627.2069378787119
37,0.0,260.0,256.2179727726301,180.0,387.370052346006,596.1037413490021
38,0.0,260.0,225.31840344853288,180.0,346.8384030219089,598.2258881785366
39,0.0,260.0,203.57530837752392,180.0,290.8509079508999,623.7277071274356
40,0.0,260.0,186.9683890962753,180.0,226.8275895228993,667.0864285292901
41,0.0,260.0,190.25820883983943,180.0,149.47220883983948,706.907709346667
42,0.0,260.0,169.92819069321217,180.0,94.33459026658818,768.5892247303099
43,0.0,260.0,170.69953603332175,180.0,35.12633603332176,829.441336522437
44,0.0,243.37719741848434,182.70719741848427,180.0,0.0,861.756550032926
45,0.0,200.63424208407667,209.43504165745264,180.0,0.0,825.1537680678155
46,0.0,181.77439984001603,230.37600026664,180.0,0.0,748.3055745984627
47,0.0,180.2270358139615,256.7270358139615,180.0,0.0,641.6684121195419
48,22.420231227316776,260.0,260.0,118.53983165394084,0.0,606.4985196464236
49,49.21207776321722,260.0,260.0,153.16527733659325,0.0,571.3286271733052
50,88.08627363277333,260.0,260.0,180.0,14.201474059397356,536.1587347001869
51,94.12250800938,260.0,260.0,180.0,82.27090758275597,500.98884222706863
52,98.8763134752312,260.0,260.0,180.0,154.5883134752312,465.81894975395033
53,119.44699877937364,260.0,260.0,180.0,215.95779877937366,430.64905728083204
54,116.06399973335999,260.0,260.0,180.0,284.36160015998405,395.47916480771374
55,115.8380789658678,260.0,260.0,180.0,339.58407939249173,360.30927233459545
56,103.7747181007802,260.0,260.0,180.0,387.23271852740424,325.13937986147715
57,59.22139360478354,260.0,260.0,180.0,438.9405940314075,289.96948738835886
58,39.148862106000706,260.0,260.0,180.0,456.3776621060008,254.7995949152406
59,33.12350638160399,260.0,260.0,180.0,445.06030595498,219.6297024421223
60,0.0,260.0,256.5543214548038,180.0,437.0734410281798,188.16484066276334
61,0.0,260.0,242.86543103526424,180.0,396.9986310352642,171.41921589366203
62,0.0,260.0,245.58221124153636,180.0,332.1646116681603,151.7523220855584
63,0.0,260.0,221.80137083444583,180.0,277.7080104078218,157.65622441411125
64,0.0,260.0,184.90516639442308,180.0,228.29716596779906,203.23346485021546
65,0.0,260.0,192.50407743067245,180.0,147.9036770040484,240.6398332043311
66,0.0,260.0,183.08863831850465,180.0,85.37663831850466,288.1703296360465
67,0.0,260.0,178.64711623386995,180.0,29.877116660493925,340.47665626629384
68,0.0,226.9984452229039,208.32524479627983,180.0,0.0,329.8495552099312
69,0.0,193.84329438144766,220.4104948080717,180.0,0.0,275.06171987680204
70,0.0,183.94400000000002,226.76,180.0,0.0,204.14112288755476
71,3.9824531772234195,175.98805275059948,260.0,180.0,0.0,90.0
72,60.48471587088093,260.0,227.292,115.473915870881,0.0,90.0
73,91.51394504048577,260.0,227.292,147.74474546710974,0.0,90.0
74,104.90179381879958,260.0,227.292,180.0,23.14099381879953,90.0
75,113.52341236562327,260.0,227.292,180.0,89.78941193899925,90.0
76,142.05306536743493,260.0,227.292,180.0,148.59626579405892,90.0
77,138.20973149932584,260.0,227.292,180.0,224.1053319259497,90.0
78,364.6641281757893,260.0,0.9838720908506776,180.0,290.61119984001596,333.34207302059065
79,106.43619697238125,260.0,260.0,180.0,345.4013965457573,298.17218054747235
80,109.40428633565705,260.0,260.0,180.0,383.6334863356569,263.00228807435406
81,65.81996676519088,260.0,260.0,180.0,434.5823671918149,227.83239560123576
82,61.996862215184706,260.0,260.0,180.0,440.82566178856064,192.66250312811746
83,48.01557323288421,260.0,260.0,180.0,434.65957280626026,157.49261065499917
84,2.8740636180940555,260.0,260.0,180.0,432.57206319146997,122.32271818188087
85,0.0,260.0,257.3521279091492,180.0,386.5522079091493,90.0
86,0.0,260.0,225.9568672101616,180.0,346.37606721016164,91.43562665574021
87,0.0,260.0,213.68230567277925,180.0,283.5627056727792,106.06970657748295
88,0.0,260.0,191.89470875730257,180.0,223.31870833067853,144.13131006425436
89,0.0,260.0,168.18388546127386,180.0,164.8890854612739,207.68842247148677
90,0.0,260.0,158.95353479400399,180.0,101.80473436737998,281.1706431230954
91,0.0,260.0,174.0065311994298,180.0,32.94213119942975,338.4668461344612
92,0.0,231.42634932075873,201.39954889413474,180.0,0.0,339.4489597710983
93,0.0,207.50347127470218,198.33307084807814,180.0,0.0,321.24085626600856
94,0.0,181.4672,230.88800000000003,180.0,0.0,243.55335759934187
95,0.0,181.411874020435,254.69907402043498,180.0,0.0,140.21054711356695
96,11.023455967232621,260.0,260.0,125.0630563938567,0.0,105.04065464044865
97,67.1307346883248,260.0,241.27980881561726,153.61814393056602,0.0,90.0
98,119.8276179005201,260.0,227.292,180.0,14.745217900520174,90.0
99,128.06552371629837,260.0,227.292,180.0,81.57312414292244,90.0
100,141.711162108595,260.0,227.292,180.0,148.791962535219,90.0
101,141.15068031549688,260.0,227.292,180.0,222.38708031549686,90.0
102,336.9786027785524,260.0,11.501397221447638,180.0,300.91200000000003,322.03290621349714
103,107.18739816054506,260.0,260.0,180.0,344.9365985871691,286.86301374037885
104,86.59711843841421,260.0,260.0,180.0,398.21511843841415,251.69312126726055
105,93.02366408178864,260.0,260.0,180.0,416.6148640817886,216.52322879414226
106,39.13363035993848,260.0,260.0,180.0,456.38802993331444,181.35333632102396
107,22.037356922627055,260.0,260.0,180.0,452.80295734925096,146.18344384790566
108,0.7286103279340068,260.0,260.0,180.0,434.10021032793395,111.01355137478737
109,0.0,260.0,246.83460277855227,180.0,394.1364432051762,90.0
110,0.0,260.0,226.56489306624178,180.0,345.93577263961777,90.78183541264323
111,0.0,260.0,204.55700350312623,180.0,290.1430030765023,115.22806820498062
112,0.0,260.0,190.33234046442362,180.0,224.43154003779966,154.9696375980735
113,0.0,260.0,182.05852820767262,180.0,155.19892863429664,203.60777931025345
114,0.0,260.0,184.0101743100413,180.0,84.74937431004128,250.14737682633807
115,0.0,260.0,171.80957636879856,180.0,34.39317636879855,309.805896859888
116,0.0,238.60484531301728,190.17164531301722,180.0,0.0,329.60881133260034
117,0.0,198.2368615260948,213.30966109947076,180.0,0.0,286.58623417845126
118,0.0,176.44160015998398,239.26399973336004,180.0,0.0,195.16822033597595
119,0.0,187.37382882033955,244.49462882033953,180.0,0.0,108.40216908264401
120,41.60419845870899,260.0,244.40601724685894,116.48501570556795,0.0,90.0
121,324.6702274179065,260.0,0.0,144.4314278445305,0.0,334.4
122,314.2942737207976,260.0,0.0,180.0,33.20947372079763,578.8
123,342.66384728602213,260.0,0.0,180.0,88.74504685939814,823.1999999999999
124,222.4398156239605,260.0,155.86799999999994,180.0,143.4662151973364,900.0
125,137.1795406018621,260.0,239.50425953737064,180.0,217.57219971260872,886.8685381318596
126,105.18399999999997,260.0,260.0,180.0,290.8896,851.6986456587413
127,94.03741445007745,260.0,260.0,180.0,353.07301487670145,816.5287531856229
128,100.47193437590147,260.0,260.0,180.0,389.34433437590144,781.3588607125046
129,72.78855363077344,260.0,260.0,180.0,429.9797536307733,746.1889682393862
130,46.84102205729948,260.0,260.0,180.0,451.14182205729946,711.0190757662679
131,29.58136447228867,260.0,260.0,180.0,447.53416489891265,675.8491832931496
132,0.0,260.0,256.2388573787123,180.0,437.2981373787122,644.72353019776
133,0.0,260.0,255.92718252127702,180.0,387.579742521277,613.9330113576772
134,0.0,260.0,227.9717410862288,180.0,344.91702065960476,613.2021069638828
135,0.0,260.0,216.50765399259996,180.0,281.52533399259994,624.7981779395817
136,0.0,260.0,182.93912399716396,180.0,229.69752357053994,672.4894424587602
137,0.0,260.0,154.67099331991807,180.0,174.3265928932941,750.5765464158376
138,0.0,260.0,162.82246250463027,180.0,99.17126250463025,819.8986297441921
139,0.0,260.0,189.42375808105203,180.0,22.759358081052028,860.6171694419857
140,0.0,246.07287764444112,178.49087721781706,180.0,0.0,900.0
141,0.0,193.74054950039135,220.57654992701532,180.0,0.0,844.9370305873407
142,0.0,189.238400159984,217.93599973336,180.0,0.0,788.4813420781987
143,15.6573723965613,169.1669723965614,260.0,180.0,0.0,667.9284036578481
144,252.80138148960484,260.0,11.465415401798706,128.93039646477956,0.0,900.0
145,94.5401437568674,260.0,227.2920000000001,146.0349441834914,0.0,900.0
146,101.60860952772953,260.0,227.2920000000001,180.0,24.99340995435358,900.0
147,113.3434759503262,260.0,227.2920000000001,180.0,89.89107595032624,900.0
148,152.3345850653041,260.0,227.2920000000001,180.0,142.71138506530417,900.0
149,157.9803394396004,260.0,227.2920000000001,180.0,212.55433901297647,900.0
150,148.7153281841215,260.0,228.7406720825185,180.0,283.526399840016,898.4422880833135
151,133.37666269791532,260.0,260.0,180.0,328.73226227129135,863.2723956101952
152,91.18822267796975,260.0,260.0,180.0,395.27982225134565,828.1025031370768
153,84.98358019591853,260.0,260.0,180.0,421.92518019591853,792.9326106639585
154,50.52716603396141,260.0,260.0,180.0,448.6327660339614,757.7627181908401
155,24.976580643274474,260.0,260.0,180.0,450.7501810698984,722.5928257177218
156,12.77902949900556,260.0,260.0,180.0,425.5170294990054,687.4229332446034
157,0.0,260.0,242.8817926211375,180.0,396.9868326211374,670.6597153724125
158,0.0,260.0,232.4833059503244,180.0,341.6500255237004,665.0776659634615
159,0.0,260.0,212.8768696926062,180.0,284.1435092659822,680.5778060789387
160,0.0,260.0,188.7198864316594,180.0,225.5800464316594,722.0531970126383
161,0.0,260.0,181.57619406761518,180.0,155.5357944942392,771.2099775850951
162,0.0,260.0,160.28633427408096,180.0,100.89753470070491,843.2590805161908
163,0.0,260.0,184.2975303998407,180.0,26.145129973216683,889.4896929894803
164,0.0,235.06052506830588,195.7153254949298,180.0,0.0,900.0
165,0.0,193.36871088323494,221.17751130985891,180.0,0.0,843.9413072518979
166,0.0,168.12800000000004,253.12,180.0,0.0,729.8095842411452
167,5.493324841755339,175.1053248417553,260.0,180.0,0.0,614.838697119277
168,276.50204891715487,260.0,0.0,121.92724891715488,0.0,859.2386971192769
169,103.28214321498314,260.0,189.38398832092753,162.51373153591067,0.0,900.0
170,127.07753821325355,260.0,227.2920000000001,180.0,10.667137786629667,900.0
171,109.83472144040235,260.0,227.2920000000001,180.0,91.87352101377837,900.0
172,109.24663416901166,260.0,227.2920000000001,180.0,167.37383374238777,900.0
173,147.29920159614022,260.0,227.2920000000001,180.0,218.79480202276432,900.0
174,163.9321870434909,260.0,229.77981322314906,180.0,273.772799840016,897.3249320181194
175,67.27091149058015,260.0,260.0,180.0,369.63451149058017,862.155039545001
176,101.7680623700619,260.0,260.0,180.0,388.5156623700618,826.9851470718827
177,76.89724462901756,260.0,260.0,180.0,427.26604462901753,791.8152545987643
178,77.50303786316931,260.0,260.0,180.0,430.2710378631692,756.645362125646
179,15.073657646016159,260.0,260.0,180.0,457.6664580726401,721.4754696525276
180,5.162297431136494,260.0,260.0,180.0,430.94221743113644,686.3055771794093
181,0.0,260.0,252.48753094564586,180.0,390.0600909456459,659.2136084206503
182,0.0,260.0,231.4506275356532,180.0,342.3978271090292,654.7419659091952
183,0.0,260.0,203.31501017967548,180.0,291.0386101796755,680.523675393415
184,0.0,260.0,187.31225962963623,180.0,226.58266005626024,723.5126435335911
185,0.0,260.0,175.9389143080752,180.0,159.47291388145118,778.7310152453382
186,0.0,260.0,176.79782263012112,180.0,89.65862220349709,833.025829621552
187,0.0,260.0,165.8585267924924,180.0,38.32372679249238,899.0833276941408
188,0.0,231.40138915382374,201.43858915382373,180.0,0.0,900.0
189,0.0,205.3262581559132,201.8518581559132,180.0,0.0,875.9616738967593
190,0.0,189.036800159984,218.27199973336002,180.0,0.0,818.9551910650367
191,12.0619822350979,171.2675818084739,260.0,180.0,0.0,700.3768254918839
192,267.6497517437163,260.0,41.642447707452,103.15899945116837,0.0,900.0
193,87.98065356622374,260.0,227.2920000000001,149.7410539928478,0.0,900.0
194,98.13520150871221,260.0,227.2920000000001,180.0,26.947201935336295,900.0
195,127.46028423620459,260.0,227.2920000000001,180.0,81.91508423620462,900.0
196,129.1584284482238,260.0,227.2920000000001,180.0,155.97682844822384,900.0
197,142.58883647303725,260.0,227.2920000000001,180.0,221.54683647303727,900.0
198,132.10799973335992,260.0,227.2920000000001,180.0,294.360000159984,900.0
199,94.72535760064193,260.0,260.0,180.0,352.6473571740179,864.8301075268816
200,95.77151839707903,260.0,260.0,180.0,392.349518397079,829.6602150537633
201,81.60720748066342,260.0,260.0,180.0,424.1552074806634,794.4903225806449
202,40.80153384169603,260.0,260.0,180.0,455.25273426831995,759.3204301075266
203,45.37027188430159,260.0,260.0,180.0,436.5070714576775,724.1505376344082
204,15.39543564657049,260.0,260.0,180.0,423.65343564657053,688.9806451612899
205,0.0,260.0,249.1862093893668,180.0,392.4406889627428,665.4384845275622
206,0.0,260.0,239.93848660879803,180.0,336.251446608798,651.8401118299299
207,0.0,260.0,217.15096178324092,180.0,281.06144178324087,662.7444539984881
208,0.0,260.0,196.15571319242702,180.0,220.283712765803,696.2243322862009
209,0.0,260.0,190.86866298584965,180.0,149.04586298584968,735.3892107960401
210,0.0,260.0,198.11500618050184,180.0,75.14860618050182,766.7623224299091
211,0.0,260.0,180.17342169515058,180.0,28.869022121774606,817.4274603921127
212,0.0,248.1445573574577,175.25055778408165,180.0,0.0,862.2418843252394
213,0.0,184.57179201945667,235.39499244608066,180.0,0.0,782.6264737202162
214,0.0,170.60479984001597,248.99200026664005,180.0,0.0,675.2616519497881
215,0.0,179.89660284801266,257.2926028480126,180.0,0.0,567.7057458871215
216,28.330273797695384,260.0,260.0,115.15707337107142,0.0,532.5358534140032
217,63.2961698949635,260.0,260.0,145.20776989496346,0.0,497.3659609408849
218,74.17625810269317,260.0,260.0,180.0,22.02585767606911,462.1960684677666
219,104.05171151984143,260.0,260.0,180.0,76.66091109321735,427.0261759946483
220,100.03227211226158,260.0,260.0,180.0,153.9266721122616,391.85628352153003
221,127.84970918260842,260.0,260.0,180.0,211.04850875598436,356.68639104841174
222,139.137024491128,260.0,248.33497577551208,180.0,277.516799840016,334.0595353758181
223,111.67088629273701,260.0,260.0,180.0,342.162486719361,298.8896429026998
224,100.0346863778716,260.0,260.0,180.0,389.6238863778715,263.7197504295815
225,59.08263881861899,260.0,260.0,180.0,439.0322388186189,228.5498579564632
226,39.36972585076114,260.0,260.0,180.0,456.22732627738515,193.3799654833449
227,27.32795987098291,260.0,260.0,180.0,449.1079598709829,158.2100730102266
228,6.611786436887542,260.0,260.0,180.0,429.90978643688754,123.04018053710831
229,0.0,260.0,249.40262854796322,180.0,392.2846281213392,99.26531113069626
230,0.0,260.0,235.90873935154752,180.0,339.16953935154754,90.0
231,0.0,260.0,224.68175333009657,180.0,275.63095333009653,92.80671684935851
232,0.0,260.0,184.88273955697753,180.0,228.31313998360156,138.40807216443642
233,0.0,260.0,192.14986279418656,180.0,148.15106322081056,176.19531647176268
234,0.0,260.0,192.92851048197616,180.0,78.67891005535216,213.14530520082056
235,0.0,260.0,191.89822273862427,180.0,21.125023165248308,251.2031302130525
236,0.0,244.21086127052456,181.40326169714854,180.0,0.0,285.7040691652504
237,0.0,200.61467146747134,209.46667146747131,180.0,0.0,249.04888027212368
238,0.0,189.2624,217.89600000000002,180.0,0.0,192.65876207857528
239,0.0,186.6704784926295,245.6984789192535,180.0,0.0,103.93709904524539
240,31.038592400466797,260.0,240.25350211207822,124.9092945125451,0.0,90.0
241,91.52212422853867,260.0,227.292,147.74012422853866,0.0,90.0
242,101.83798607506421,260.0,227.292,180.0,24.86438564844019,90.0
243,117.07306172603526,260.0,227.292,180.0,87.78386129941134,90.0
244,158.6272328673912,260.0,227.292,180.0,139.1096332940151,90.0
245,151.35856015877135,260.0,225.06669451468161,180.0,217.72325510007704,92.39280159711655
246,377.40000026663995,260.0,0.0,180.0,283.55999984001596,336.7928015971165
247,97.01059176525246,260.0,260.0,180.0,351.2333921918764,301.6229091239982
248,89.0332141671978,260.0,260.0,180.0,396.6576145938217,266.45301665087993
249,72.77313666069108,260.0,260.0,180.0,429.98993623406705,231.28312417776166
250,34.87628638689296,260.0,260.0,180.0,459.28588596026896,196.11323170464337
251,21.592705128990588,260.0,260.0,180.0,453.11350555561455,160.94333923152507
252,0.0,260.0,257.36465956677887,180.0,436.4962595667788,128.60714614896713
253,0.0,260.0,251.5073232101471,180.0,390.76692321014707,102.56916420257241
254,0.0,260.0,236.0312351058459,180.0,339.0808355324699,93.17213720703919
255,0.0,260.0,213.3104514585359,180.0,283.8308514585359,108.20606036990378
256,0.0,260.0,188.9194808499363,180.0,225.43788084993628,149.46683364954217
257,0.0,260.0,184.85455917700858,180.0,153.24615917700862,195.09849044845765
258,0.0,260.0,188.13043027220067,180.0,81.94483027220065,237.20770520953218
259,0.0,260.0,180.99053523373271,180.0,28.32933480710875,286.994226463583
260,0.0,239.77297350521576,188.34457307859174,180.0,0.0,309.8597752374194
261,0.0,205.45835871727138,201.6383587172714,180.0,0.0,286.17519295071753
262,0.0,179.47999984001598,234.20000026664002,180.0,0.0,203.05843552437554
263,2.0110478178113453,177.13984781781141,260.0,180.0,0.0,90.0
264,81.49548538954636,260.0,227.292,103.44788496292244,0.0,90.0
265,74.91892586568761,260.0,227.292,157.12092586568758,0.0,90.0
266,99.6589140631335,260.0,227.292,180.0,26.0901136365095,90.0
267,143.6300003319066,260.0,227.292,180.0,72.77920033190662,90.0
268,155.01282698822595,260.0,227.292,180.0,141.17842741484992,90.0
269,148.73735802297145,260.0,227.292,180.0,217.95455802297136,90.0
270,355.40737833280673,260.0,6.720621933833284,180.0,292.72319984001604,327.1735248023298
271,92.85130674215134,260.0,260.0,180.0,353.80690674215134,292.0036323292115
272,94.71743866206884,260.0,260.0,180.0,393.0234382354448,256.8337398560932
273,68.80320019168335,260.0,260.0,180.0,432.6120006183073,221.66384738297492
274,68.27244617545205,260.0,260.0,180.0,436.554045748828,186.49395490985663
275,20.288895883586406,260.0,260.0,180.0,454.02409588358626,151.32406243673833
276,3.0459983809064397,260.0,260.0,180.0,432.4495988075305,116.15416996362003
277,0.0,260.0,250.64164657576123,180.0,391.3911665757612,91.04702310796281
278,0.0,260.0,228.26573149040541,180.0,344.70413106378146,90.0
279,0.0,260.0,203.31724130496104,180.0,291.037001304961,115.77931042477306
280,0.0,260.0,194.6381970794992,180.0,221.36459750612323,150.89092646832228
281,0.0,260.0,163.74490382736724,180.0,167.98930425399124,219.22113740663707
282,0.0,260.0,164.74169423316272,180.0,97.86489465978673,286.4795307043115
283,0.0,260.0,199.08265046546023,180.0,16.379850892084278,316.81216461241877
284,0.0,233.1785411930981,198.6589411930981,180.0,0.0,322.38822861016956
285,0.0,206.2167136286642,200.41271405528818,180.0,0.0,300.7343974261804
286,0.0,184.764799840016,225.39200026664003,180.0,0.0,232.0563197417739
287,11.585289751392565,171.54608975139263,260.0,180.0,0.0,113.7397516349647
288,44.593567434513346,260.0,249.36996902051717,111.93273688165459,0.0,90.0
289,143.7583888561919,260.0,155.86799999999994,158.58118842956787,0.0,166.80000000000007
290,326.40205006012843,260.0,0.0,180.0,26.39884963350437,411.20000000000005
291,374.0054515044304,260.0,0.0,180.0,71.03705150443045,655.6
292,366.6261206756037,260.0,0.0,180.0,150.15252067560368,900.0
293,143.66410210191367,260.0,232.34909713239853,180.0,217.9639988076882,894.5622611479587
294,84.09600026664009,260.0,260.0,180.0,303.54239984001606,859.3923686748403
295,120.23458584681794,260.0,260.0,180.0,336.863786273442,824.222476201722
296,108.72499033871759,260.0,260.0,180.0,384.0677903387175,789.0525837286036
297,65.3343246282227,260.0,260.0,180.0,434.90312420159864,753.8826912554853
298,70.81618990550567,260.0,260.0,180.0,434.82258990550565,718.7127987823669
299,11.00396351477184,260.0,260.0,180.0,460.5087635147718,683.5429063092486
300,0.0,260.0,253.73159249557466,180.0,439.0839929221986,655.1132369591683
301,0.0,260.0,241.1102793440093,180.0,398.26427891738535,640.2548720731368
302,0.0,260.0,233.70678092026435,180.0,340.76406092026434,633.3572581803794
303,0.0,260.0,205.36764544229868,180.0,289.55844544229865,656.9318329736066
304,0.0,260.0,182.1213096651619,180.0,230.28003009178587,705.5024677422497
305,0.0,260.0,170.6784570906928,180.0,163.1468575173168,766.3772450640854
306,0.0,260.0,168.77055845000268,180.0,95.12255845000266,829.3035263006416
307,0.0,260.0,166.4135472171589,180.0,37.957146790534864,894.764228217675
308,0.0,233.04874935661314,198.86194892998907,180.0,0.0,900.0
309,0.0,198.81908235567676,212.36868235567675,180.0,0.0,858.5365155265117
310,0.0,192.608,212.32,180.0,0.0,811.2869602576945
311,0.0,184.51322342941148,249.3908234294114,180.0,0.0,716.5672145507915
312,232.81928511401097,260.0,56.69950953223608,114.47679421962312,0.0,900.0
313,70.78857383620226,260.0,227.2920000000001,159.4545734095783,0.0,900.0
314,96.14454577085252,260.0,227.2920000000001,180.0,28.066945770852556,900.0
315,125.4482710042659,260.0,227.2920000000001,180.0,83.05187100426599,900.0
316,130.19227877852558,260.0,227.2920000000001,180.0,155.38507877852567,900.0
317,147.46887197390487,260.0,227.2920000000001,180.0,218.69567197390484,900.0
318,151.40399973335997,260.0,227.2920000000001,180.0,282.78240015998404,900.0
319,82.8563704993719,260.0,260.0,180.0,359.9911700727479,864.8301075268816
320,94.76428640161726,260.0,260.0,180.0,392.99348640161713,829.6602150537633
321,60.94812302993694,260.0,260.0,180.0,437.80012345656087,794.4903225806449
322,41.34226983827239,260.0,260.0,180.0,454.8846702648964,759.3204301075266
323,19.94975468505004,260.0,260.0,180.0,454.2609546850499,724.1505376344082
324,10.431739412332718,260.0,260.0,180.0,427.18893941233273,688.9806451612899
325,0.0,260.0,255.17678069645285,180.0,388.12086069645284,658.9970100038137
326,0.0,260.0,236.74987831605563,180.0,338.5604387426796,648.8272483736463
327,0.0,260.0,209.78527325963125,180.0,286.3728736862553,667.6516857288815
328,0.0,260.0,192.4553669864518,180.0,222.9193669864518,705.1104309047398
329,0.0,260.0,186.12822276559774,180.0,152.35662276559776,749.3725569632369
330,0.0,260.0,190.7579505019106,180.0,80.15635007528658,788.6564811547308
331,0.0,260.0,194.8660394271928,180.0,19.164839000568804,823.5231054265665
332,0.0,232.80913318493435,199.23673318493434,180.0,0.0,828.1306441849915
333,0.0,204.71957393327148,202.83237435989548,180.0,0.0,802.4677164135619
334,0.0,187.971200159984,220.04799973336003,180.0,0.0,742.5498921624844
335,0.0,180.65659882702823,255.9917984004042,180.0,0.0,637.1070967798864
336,284.7402890481196,260.0,0.0,117.21188947474366,0.0,881.5070967798864
337,104.23029964136978,260.0,210.09360000529435,150.27709964666417,0.0,900.0
338,81.66928169159871,260.0,227.2920000000001,180.0,36.20928169159885,900.0
339,129.82399083795354,260.0,227.2920000000001,180.0,80.57959083795367,900.0
340,164.21979331555912,260.0,227.2920000000001,180.0,135.90859374218314,900.0
341,169.40335077629535,260.0,235.162903586186,180.0,201.28185436248134,891.5366628105528
342,142.05599973335995,260.0,260.0,180.0,268.76640015998396,856.3667703374344
343,115.39526585028852,260.0,260.0,180.0,339.8580654236646,821.1968778643161
344,93.7102064063663,260.0,260.0,180.0,393.66740640636624,786.0269853911977
345,65.84309286263442,260.0,260.0,180.0,434.56709286263435,750.8570929180794
346,47.98342179622523,260.0,260.0,180.0,450.3642222228493,715.687200444961
347,31.79708696939224,260.0,260.0,180.0,445.9866873960161,680.5173079718427
348,0.0,260.0,255.98917722861665,180.0,437.4759776552405,649.6601281561259
349,0.0,260.0,248.47373669543072,180.0,392.95445626880667,626.8840671932971
350,0.0,260.0,224.33917733973726,180.0,347.5474977663612,630.0591453226119
351,0.0,260.0,213.12973031041366,180.0,283.96117031041365,645.2873923006617
352,0.0,260.0,175.54590752990424,180.0,234.96350710328022,700.928351945926
353,0.0,260.0,178.4636318212477,180.0,157.70963182124774,753.4319736435091
354,0.0,260.0,167.76524645923553,180.0,95.80684645923554,817.4392355152988
355,0.0,260.0,182.54767463492038,180.0,27.30087506154439,865.5514133272123
356,0.0,244.1908934364667,181.43449343646665,180.0,0.0,900.0
357,0.0,195.2572596493186,218.12526007594266,180.0,0.0,848.9985336661201
358,0.0,184.20800000000003,226.32,180.0,0.0,778.7992149564427
359,8.426193889763681,173.39179388976368,260.0,180.0,0.0,662.2176087397023
360,268.45092403512814,260.0,6.154376127923131,123.0128997364273,0.0,900.0
361,72.93962832686486,260.0,227.2920000000001,158.23922832686497,0.0,900.0
362,102.67356953356023,260.0,227.2920000000001,180.0,24.394369960184406,900.0
363,123.65708849290587,260.0,227.2920000000001,180.0,84.06388849290602,900.0
364,114.71330364490547,260.0,255.07949272318348,180.0,148.33999594146496,870.1209755664695
365,110.33329009563442,260.0,260.0,180.0,221.28249009563433,834.9510830933511
366,116.54399973336001,260.0,260.0,180.0,284.07360015998404,799.7811906202328
367,102.2373747533444,260.0,260.0,180.0,347.9993743267204,764.6112981471144
368,103.78252662122634,260.0,260.0,180.0,387.22772619460227,729.4414056739961
369,95.60604934908531,260.0,260.0,180.0,414.9092497757092,694.2715132008777
370,72.65926214767785,260.0,260.0,180.0,433.5680617210538,659.1016207277594
371,25.58703530302091,260.0,260.0,180.0,450.32383487639686,623.931728254641
372,6.55198311695699,260.0,260.0,180.0,429.952382690333,588.7618357815227
373,0.0,260.0,236.0106702628118,180.0,401.9416302628118,579.3869215204347
374,0.0,260.0,242.95931200427287,180.0,334.06395243089685,562.5403494728295
375,0.0,260.0,213.23682407623772,180.0,283.8839445028617,577.6534418639717
376,0.0,260.0,186.5497645974536,180.0,227.1257641708296,621.4622971355269
377,0.0,260.0,168.4627348859945,180.0,164.69433488599452,684.7195714516619
378,0.0,260.0,179.10547035508637,180.0,88.08787035508635,736.5330441881281
379,0.0,260.0,169.70512464252903,180.0,35.783125069153016,798.4544155402474
380,0.0,237.56151712357678,191.80351755020075,180.0,0.0,815.5219001845808
381,0.0,208.5896314458695,196.57763101924547,180.0,0.0,800.2223569488104
382,0.0,187.217600159984,221.30399973336006,180.0,0.0,738.2456110633244
383,0.0,182.01609414369375,253.66489457031776,180.0,0.0,636.5827884075172
384,37.21161767547915,260.0,260.0,110.07361767547917,0.0,601.4128959343989
385,63.148949144266,260.0,260.0,145.29094957089,0.0,566.2430034612805
386,63.10886549601912,260.0,260.0,180.0,28.251265922643142,531.0731109881622
387,87.70205900884241,260.0,260.0,180.0,85.89845900884245,495.90321851504393
388,123.39566173765036,260.0,260.0,180.0,140.55406131102632,460.73332604192564
389,107.82055685371688,260.0,260.0,180.0,222.75055642709276,425.56343356880734
390,125.12,260.0,260.0,180.0,278.928,390.39354109568905
391,115.75109771462598,260.0,260.0,180.0,339.63789814124993,355.22364862257075
392,105.76575861229094,260.0,260.0,180.0,385.95975818566683,320.05375614945245
393,72.00998340982528,260.0,260.0,180.0,430.49398383644916,284.88386367633416
394,57.038846246575304,260.0,260.0,180.0,444.20044581995126,249.7139712032159
395,18.758992254633995,260.0,260.0,180.0,455.0925922546339,214.5440787300976
396,10.132721566896635,260.0,260.0,180.0,427.4019215668966,179.3741862569793
397,1.5399499363801397,260.0,260.0,180.0,383.5323503630042,144.204293783861
398,0.0,260.0,230.64066887670424,180.0,342.9843488767042,140.60357456159838
399,0.0,260.0,206.92199630571372,180.0,288.4375958790897,162.50680434040083
400,0.0,260.0,189.42781145275688,180.0,225.0758110261329,203.22098557399556
401,0.0,260.0,182.5559355407974,180.0,154.85153554079739,251.3242806914177
402,0.0,260.0,184.04825430969152,180.0,84.72345430969153,297.8229319713193
403,0.0,260.0,185.9780078730094,180.0,25.035207873009426,342.2465794196963
404,0.0,236.5830852683372,193.33388526833716,180.0,0.0,356.7487814339363
405,0.0,189.7041436219621,227.10014362196205,180.0,0.0,290.87697361926666
406,0.0,177.9296,236.78400000000005,180.0,0.0,203.5243460063634
407,2.8593983688882076,176.64419836888817,260.0,180.0,0.0,90.0
408,61.648815329485586,260.0,227.292,114.8076149028617,0.0,90.0
409,80.9222500783562,260.0,227.292,153.72904965173223,0.0,90.0
410,121.47420990953546,260.0,227.292,180.0,13.819009909535396,90.0
411,116.77862022005732,260.0,227.292,180.0,87.95022064668126,90.0
412,151.29259390989583,260.0,227.292,180.0,143.3077943365198,90.0
413,171.93018447074994,260.0,223.4496454472176,180.0,206.64902991796748,94.13156403524988
414,370.83199973336013,260.0,0.0,180.0,287.500800159984,338.53156403524986
415,100.94056310764051,260.0,260.0,180.0,348.80176310764045,303.36167156213156
416,82.9898227149074,260.0,260.0,180.0,400.52142228828336,268.19177908901327
417,66.36727883791264,260.0,260.0,180.0,434.2208784112886,233.02188661589497
418,38.87468610773669,260.0,260.0,180.0,456.5642861077366,197.85199414277668
419,18.40477811394055,260.0,260.0,180.0,455.33997811394045,162.68210166965838
420,13.466770294351704,260.0,260.0,180.0,425.0271707209756,127.51220919654008
421,0.0,260.0,249.86000899608814,180.0,391.9548089960881,103.24553285666036
422,0.0,260.0,239.61034555669414,180.0,336.48906598331814,90.0
423,0.0,260.0,210.01210457819764,180.0,286.2093045781977,108.58053271161543
424,0.0,260.0,190.49679978641342,180.0,224.3144002130374,148.14526412407412
425,0.0,260.0,149.2937208029905,180.0,178.08212122961447,232.01438154021335
426,0.0,260.0,182.28895807200774,180.0,85.92095849863176,280.40474920472116
427,0.0,260.0,179.379434510747,180.0,29.393434937371012,331.9236368275739
428,0.0,247.23601333737923,176.6716137640032,180.0,0.0,374.3560121991155
429,0.0,196.13303777113117,216.7098373445072,180.0,0.0,325.6997372260141
430,0.0,186.65119984001603,222.24800026664002,180.0,0.0,262.175520702898
431,0.0,193.84559432466034,233.4175947512843,180.0,0.0,193.40371834519237
432,19.115166673217004,260.0,260.0,120.43156667321705,0.0,158.23382587207408
433,27.382552428020404,260.0,260.0,165.49895200139645,0.0,123.06393339895578
434,70.72808001206175,260.0,258.0414580610289,180.0,25.067137646466676,90.0
435,119.1259692632556,260.0,227.292,180.0,86.62396926325562,90.0
436,135.3533898762527,260.0,227.292,180.0,152.43098987625274,90.0
437,145.08541065700493,260.0,227.292,180.0,220.08821108362895,90.0
438,381.16161282755115,260.0,0.43038743908882116,180.0,281.044799840016,333.93721780743135
439,96.01426106920974,260.0,260.0,180.0,351.8498614958337,298.76732533431306
440,96.08383839567193,260.0,260.0,180.0,392.14983839567185,263.59743286119476
441,84.55189783963021,260.0,260.0,180.0,422.21029783963013,228.42754038807644
442,38.90514985370248,260.0,260.0,180.0,456.5435502803265,193.25764791495814
443,26.122124749600175,260.0,260.0,180.0,449.9501243229762,158.08775544183985
444,0.0,260.0,258.20190928484305,180.0,435.899909711467,124.85129384523438
445,0.0,260.0,256.0573317476925,180.0,387.4858913210684,93.92082960040372
446,0.0,260.0,230.93837152837546,180.0,342.76877110175155,90.0
447,0.0,260.0,205.82130758367555,180.0,289.2313075836755,113.08676603905855
448,0.0,260.0,187.22629199629608,180.0,226.6438924229201,156.16817249465416
449,0.0,260.0,161.52918162266906,180.0,169.53678162266908,226.88088042726807
450,0.0,260.0,174.2312303998516,180.0,91.40563039985159,283.93547139516954
451,0.0,260.0,176.51953943806222,180.0,31.28233901143824,338.5295150101564
452,0.0,232.11524500321633,200.32204542984033,180.0,0.0,341.31779646388907
453,0.0,205.6247077353858,201.3695073087618,180.0,0.0,318.0786697902466
454,0.0,184.1024,226.49599999999998,180.0,0.0,247.59083976874123
455,0.0,188.21879296164673,243.0483933882707,180.0,0.0,163.17414667067766
456,7.78351611451518,260.0,260.0,126.91751568789124,0.0,128.00425419755936
457,56.92479475966252,260.0,260.0,148.8075947596625,0.0,92.83436172444107
458,110.78551773475496,260.0,229.92795640373018,180.0,18.348673711861125,90.0
459,353.89349782801776,260.0,0.0,180.0,82.40029825464183,334.4
460,359.77177411991613,260.0,0.0,180.0,154.07577454654006,578.8
461,378.75215901823753,260.0,0.0,180.0,216.36375944486156,823.1999999999999
462,219.99599973336012,260.0,155.86799999999994,180.0,284.48160015998405,900.0
463,103.05974294690338,260.0,260.0,180.0,347.4905425202794,864.8301075268816
464,111.55929432594769,260.0,260.0,180.0,382.2556943259476,829.6602150537633
465,64.42470823461508,260.0,260.0,180.0,435.503907807991,794.4903225806449
466,45.942334316830625,260.0,260.0,180.0,451.75353389020665,759.3204301075266
467,10.710041142707155,260.0,260.0,180.0,460.71404114270706,724.1505376344082
468,0.0,260.0,256.7666238759068,180.0,436.92222387590675,692.4573936818202
469,0.0,260.0,255.67952735995357,180.0,387.7583277865775,661.9331707141282
470,0.0,260.0,234.9302558902043,180.0,339.8780963168283,653.7199923375645
471,0.0,260.0,217.41944027804652,180.0,280.86784070467047,664.3356479525683
472,0.0,260.0,191.13221297765006,180.0,223.86181297765006,703.21713937445
473,0.0,260.0,166.74743410041532,180.0,165.89231410041532,768.3188231374443
474,0.0,260.0,160.41580627289187,180.0,100.80940669951588,840.2287088655175
475,0.0,260.0,190.75734820631237,180.0,21.87854820631236,879.513280686687
476,0.0,232.84407701932327,199.1820774459472,180.0,0.0,884.2124362612518
477,0.0,214.26017035750408,187.41296993088008,180.0,0.0,884.097673890983
478,0.0,166.068800159984,256.55199973336005,180.0,0.0,764.3399807366798
479,8.232284923083967,173.505085349708,260.0,180.0,0.0,647.864868492287
480,282.49349621113157,260.0,0.0,118.49789663775562,0.0,892.264868492287
481,90.9294692952194,260.0,220.09832769782685,152.13939656642225,0.0,900.0
482,110.35766584867105,260.0,227.2920000000001,180.0,20.07206584867106,900.0
483,136.40801787742765,260.0,227.2920000000001,180.0,76.8596178774277,900.0
484,160.8414634960689,260.0,227.2920000000001,180.0,137.84226392269306,900.0
485,157.3582151699482,260.0,227.2920000000001,180.0,212.91781559657227,900.0
486,147.3239999999999,260.0,227.2920000000001,180.0,285.23040000000003,900.0
487,112.24812576907686,260.0,260.0,180.0,341.80532576907683,864.8301075268816
488,96.36492613416488,260.0,260.0,180.0,391.9701265607889,829.6602150537633
489,74.17610431862818,260.0,260.0,180.0,429.0633038920041,794.4903225806449
490,38.81375810812244,260.0,260.0,180.0,456.60575810812236,759.3204301075266
491,5.2536358306222155,260.0,260.0,180.0,464.5248362572463,724.1505376344082
492,0.0,260.0,254.18310944218308,180.0,438.76238986880696,695.2353661912007
493,0.0,260.0,253.4603018445348,180.0,389.35862141791085,667.0974072185826
494,0.0,260.0,226.54187841847283,180.0,345.95243841847287,667.9039895643107
495,0.0,260.0,210.09614338273866,180.0,286.1487038093626,686.3941579699681
496,0.0,260.0,185.03972418005986,180.0,228.20132418005983,731.8267126150649
497,0.0,260.0,182.42027906390632,180.0,154.94627906390633,780.0758749119399
498,0.0,260.0,184.61183805067424,180.0,84.33983847729826,825.9685221692794
499,0.0,260.0,184.69837804183481,180.0,25.880378041834774,871.7681156726828
500,0.0,235.6945092487,194.72370924869995,180.0,0.0,883.940621840977
501,0.0,196.12814515774755,216.71774473112356,180.0,0.0,835.2712452450407
502,0.0,173.945600159984,243.42399973335995,180.0,0.0,737.0338731229956
503,0.0,186.53358499264118,245.93278499264113,180.0,0.0,647.9315881852814
504,293.9716772801124,260.0,0.0,111.9280772801124,0.0,892.3315881852814
505,91.28454439606494,260.0,220.16037701231167,151.90372140837667,0.0,900.0
506,102.01001780296662,260.0,227.2920000000001,180.0,24.767617802966697,900.0
507,130.2901890258418,260.0,227.2920000000001,180.0,80.31618902584194,900.0
508,139.87139695388458,260.0,227.2920000000001,180.0,149.84499738050874,900.0
509,173.91317003961302,260.0,227.2920000000001,180.0,203.24557046623704,900.0
510,138.25199973335992,260.0,227.2920000000001,180.0,290.67360015998395,900.0
511,113.06258683971248,260.0,260.0,180.0,341.3013864130885,864.8301075268816
512,95.86521439665705,260.0,260.0,180.0,392.28961439665693,829.6602150537633
513,78.6162651837376,260.0,260.0,180.0,426.1306656103616,794.4903225806449
514,69.6737901665798,260.0,260.0,180.0,435.6001897399558,759.3204301075266
515,15.510773219764474,260.0,260.0,180.0,457.3611732197645,724.1505376344082
516,9.474882556094144,260.0,260.0,180.0,427.87048212947,688.9806451612899
517,0.0,260.0,259.49698332332355,180.0,385.0055428966996,654.3516308351356
518,0.0,260.0,228.4609821982956,180.0,344.56274262491957,653.0946607294413
519,0.0,260.0,219.60222476353283,180.0,279.2938247635328,661.3632362525243
520,0.0,260.0,178.49123315344764,180.0,232.86563315344767,713.8371790982795
521,0.0,260.0,172.40430893558568,180.0,161.94150936220967,772.8562017481875
522,0.0,260.0,181.26079833529172,180.0,86.62079833529174,822.352117516691
523,0.0,260.0,209.19635155673257,180.0,9.699951556732572,841.809804014828
524,0.0,236.2236610940107,193.89606152063465,180.0,0.0,855.3696567113329
525,0.0,183.48073956104736,237.15833913442333,180.0,0.0,772.8325850875096
526,0.0,176.00959999999998,239.98400000000004,180.0,0.0,680.2342972595526
527,5.299415875075624,175.21861630169963,260.0,180.0,0.0,565.3699041100319
528,283.29941157574405,260.0,0.0,118.03661114912006,0.0,809.7699041100319
529,171.6247385340547,260.0,143.37801082232966,149.89354978300838,0.0,900.0
530,115.48585787674841,260.0,227.2920000000001,180.0,17.187457876748454,900.0
531,155.4485330680485,260.0,227.2920000000001,180.0,66.1017334946726,900.0
532,158.1761261927955,260.0,233.26240268137582,180.0,135.9505284475473,893.5802121705638
533,119.18845385217548,260.0,260.0,180.0,216.10885385217534,858.4103196974454
534,106.16000000000008,260.0,260.0,180.0,290.304,823.240427224327
535,118.69264548389481,260.0,260.0,180.0,337.8178459105188,788.0705347512087
536,120.82739002394976,260.0,260.0,180.0,376.3301904505737,752.9006422780903
537,81.35282297806543,260.0,260.0,180.0,424.3232234046893,717.730749804972
538,48.204285794827,260.0,260.0,180.0,450.21388622145093,682.5608573318536
539,9.534351905638687,260.0,260.0,180.0,461.53515147901464,647.3909648587353
540,26.51889924763384,260.0,260.0,180.0,415.73049967425777,612.221072385617
541,0.0,260.0,239.1468885434606,180.0,399.6800889700846,599.4738804034014
542,0.0,260.0,235.15223398824173,180.0,339.71735356161776,591.0220158999156
543,0.0,260.0,220.736379869097,180.0,278.475980295721,598.0710698041123
544,0.0,260.0,179.83681325222506,180.0,231.90721367884908,649.0981523286015
545,0.0,260.0,167.05341507170482,180.0,165.67861464508087,713.8708242945103
546,0.0,260.0,191.61855798632422,180.0,79.57055841294823,752.2293640941616
547,0.0,260.0,152.815553107568,180.0,46.938352680944035,832.3115650537659
548,0.0,244.66014144683686,180.70054144683684,180.0,0.0,867.9904405440756
549,0.0,204.04928606278406,203.91568606278406,180.0,0.0,840.5325908809592
550,0.0,177.9488,236.752,180.0,0.0,753.2324198702065
551,6.6002200533934,174.45862048001743,260.0,180.0,0.0,637.6536306483047
552,12.594583113697468,260.0,260.0,124.16378311369749,0.0,602.4837381751863
553,70.21553236539296,260.0,260.0,141.29833236539298,0.0,567.313845702068
554,98.6048022364422,260.0,260.0,180.0,8.284801809818191,532.1439532289496
555,99.78231704344807,260.0,260.0,180.0,79.07311747007202,496.9740607558314
556,103.85833238975647,260.0,260.0,180.0,151.7367323897564,461.8041682827131
557,97.70498657708413,260.0,260.0,180.0,228.66058615046006,426.6342758095948
558,111.63999973336001,260.0,260.0,180.0,287.01600015998395,391.4643833364765
559,125.16088762169545,260.0,260.0,180.0,333.81568804831943,356.2944908633582
560,94.85798214095439,260.0,260.0,180.0,392.93358256757836,321.1245983902399
561,90.70337167366688,260.0,260.0,180.0,418.1473712470429,285.9547059171216
562,41.36511809196895,260.0,260.0,180.0,454.86911809196897,250.78481344400333
563,12.86547161999124,260.0,260.0,180.0,459.2086720466152,215.61492097088504
564,0.0,260.0,252.96909748802602,180.0,439.62709706140197,188.0051387256958
565,0.0,260.0,253.3918804193686,180.0,389.4079604193686,159.9407511779876
566,0.0,260.0,234.7773217354735,180.0,339.98884173547356,151.89201812909138
567,0.0,260.0,205.822051292104,180.0,289.230771292104,174.97798448166773
568,0.0,260.0,198.79903103147956,180.0,218.40095060485555,205.61558552308756
569,0.0,260.0,159.45665236580038,180.0,170.98425193917637,278.55681953835597
570,0.0,260.0,182.79923006732133,180.0,85.5736304939453,326.3985076380104
571,0.0,260.0,168.3252828366239,180.0,36.69448326324789,389.80357985669434
572,0.0,221.18276476161293,217.4215651882369,180.0,0.0,363.92874949794714
573,0.0,189.69435855826566,227.11595813164166,180.0,0.0,298.030738874285
574,0.0,175.904,240.16000000000008,180.0,0.0,205.14393973449998
575,5.808426744303063,174.92122631767904,260.0,180.0,0.0,90.0
576,60.851040789955135,260.0,227.292,115.26424078995512,0.0,90.0
577,81.04493381010141,260.0,227.292,153.65973338347737,0.0,90.0
578,117.52566588791669,260.0,227.292,180.0,16.040065887916683,90.0
579,122.96188039625898,260.0,227.292,180.0,84.45668082288296,90.0
580,146.6117757566257,260.0,227.292,180.0,145.98697575662572,90.0
581,140.74670359745883,260.0,227.292,180.0,222.62310402408286,90.0
582,356.42971561224306,260.0,16.56228412111691,180.0,286.20480015998396,316.591092342885
583,106.96599160275548,260.0,260.0,180.0,345.0735916027554,281.4211998697667
584,102.72063810552936,260.0,260.0,180.0,387.90663853215335,246.25130739664846
585,79.81880940439703,260.0,260.0,180.0,425.336408977773,211.08141492353016
586,39.689598356418514,260.0,260.0,180.0,456.0095979297945,175.91152245041187
587,37.55495112462029,260.0,260.0,180.0,441.96535112462027,140.74162997729357
588,0.0,260.0,250.93577588990445,180.0,441.0753758899044,115.31821504191245
589,0.0,260.0,249.714986096453,180.0,392.059385669829,91.20747730379091
590,0.0,260.0,228.41495389252555,180.0,344.59607346590155,90.0
591,0.0,260.0,206.5032882125978,180.0,288.73952821259775,112.35345353484107
592,0.0,260.0,185.2340855367159,180.0,228.0628859633399,157.57701747385622
593,0.0,260.0,170.75382205126732,180.0,163.09422205126737,218.37075720367628
594,0.0,260.0,166.03641422127197,180.0,96.98361464789593,284.2369784711258
595,0.0,260.0,190.27941417298206,180.0,22.194214172982072,324.03545785501603
596,0.0,240.99102119936742,186.43942162599137,180.0,0.0,350.09452141038764
597,0.0,200.5559601068677,209.56156010686766,180.0,0.0,313.28211304324367
598,0.0,188.8304,218.61599999999999,180.0,0.0,255.71172130130822
599,1.4131626675286952,177.48916266752872,260.0,180.0,0.0,142.98164173566693
600,29.990946764164846,260.0,260.0,114.20654633754089,0.0,107.81174926254863
601,74.14748478485012,260.0,243.8569268141702,148.19761159902032,0.0,90.0
602,100.1340500657349,260.0,227.292,180.0,25.822849639110927,90.0
603,113.17171899581277,260.0,227.292,180.0,89.98811856918883,90.0
604,142.6880285624234,260.0,227.292,180.0,148.23282898904745,90.0
605,189.17173066769203,260.0,200.74633793250257,180.0,209.84006817357056,118.54372265322303
606,377.96000000000004,260.0,0.0,180.0,283.22399999999993,362.943722653223
607,121.72117450440533,260.0,260.0,180.0,335.9439749310293,327.7738301801047
608,89.77497416385586,260.0,260.0,180.0,396.18337459047973,292.6039377069864
609,63.34550234389428,260.0,260.0,180.0,436.21670191727037,257.4340452338681
610,36.30809387014517,260.0,260.0,180.0,458.31129429676923,222.26415276074982
611,39.40138653887311,260.0,260.0,180.0,440.6757865388731,187.09426028763153
612,13.990051773021378,260.0,260.0,180.0,424.65445177302126,151.92436781451323
613,0.0,260.0,252.2889607898203,180.0,390.20328078982027,125.04591535234084
614,0.0,260.0,222.56558396198182,180.0,348.83182396198174,130.1280831351561
615,0.0,260.0,212.830759274284,180.0,284.17675970090795,145.6778043456034
616,0.0,260.0,194.1074406358597,180.0,221.74264063585963,181.36012624252845
617,0.0,260.0,182.97044119121875,180.0,154.56204161784274,229.0177163594975
618,0.0,260.0,171.30668617286943,180.0,93.39628659949346,289.2169785392078
619,0.0,260.0,190.32566585362696,180.0,22.163665853626924,328.9657249331573
620,0.0,225.88023703180852,210.07423703180848,180.0,0.0,315.40687136476856
621,0.0,211.1876089895096,192.3788089895096,180.0,0.0,307.0642894175854
622,0.0,172.222399840016,246.29600026664008,180.0,0.0,204.11893637834018
623,3.942054993352656,176.0116554199767,260.0,180.0,0.0,90.0
624,57.52969485701627,260.0,227.292,117.1652948570163,0.0,90.0
625,74.60812735120297,260.0,227.292,157.29652692457898,0.0,90.0
626,104.41846608919255,260.0,227.292,180.0,23.412865662568606,90.0
627,204.08607481577133,260.0,155.86799999999994,180.0,78.97607438914724,166.80000000000007
628,369.16597318423305,260.0,0.0,180.0,148.69877361085707,411.20000000000005
629,388.407196412589,260.0,0.0,180.0,210.72279641258888,655.6
630,368.61600026664007,260.0,0.0,180.0,288.83039984001607,900.0
631,104.83890464056924,260.0,260.0,180.0,346.3897046405692,864.8301075268816
632,79.52307047028614,260.0,260.0,180.0,402.737870470286,829.6602150537633
633,82.08514177491077,260.0,260.0,180.0,423.83954134828673,794.4903225806449
634,42.66745408372344,260.0,260.0,180.0,453.98265408372345,759.3204301075266
635,37.374075818734354,260.0,260.0,180.0,442.0916758187343,724.1505376344082
636,7.875137083011509,260.0,260.0,180.0,429.00993665638737,688.9806451612899
637,0.0,260.0,244.05387688854466,180.0,396.14163731516874,670.9571216252203
638,0.0,260.0,243.5175973070883,180.0,333.6596768804643,653.5102428003943
639,0.0,260.0,224.22957860557665,180.0,275.95701860557665,656.803169030957
640,0.0,260.0,180.77871999409206,180.0,231.23631956746806,706.8174486072021
641,0.0,260.0,184.49280882315605,180.0,153.49880839653213,752.8380842812278
642,0.0,260.0,187.84102227485857,180.0,82.14182227485855,795.2584904372939
643,0.0,260.0,196.87027866487557,180.0,17.841078664875567,827.970018754632
644,0.0,229.34468510837144,204.6554851083714,180.0,0.0,823.4943613496501
645,0.0,205.25286879208784,201.9704692187118,180.0,0.0,799.2595104672108
646,0.0,180.848,231.92000000000002,180.0,0.0,719.8802863811893
647,17.8226861840717,167.9018861840717,260.0,180.0,0.0,598.1381669210984
648,295.3392905826471,260.0,0.0,111.14529015602318,0.0,842.5381669210984
649,136.43919882074695,260.0,173.85249523662154,152.5552944839925,0.0,900.0
650,101.78064152867148,260.0,227.2920000000001,180.0,24.89664195529548,900.0
651,120.30373310634155,260.0,227.2920000000001,180.0,85.95853310634163,900.0
652,123.64652839862106,260.0,245.92647301735656,180.0,148.4658009893535,879.9629322394017
653,95.8062967293904,260.0,260.0,180.0,229.76989715601428,844.7930397662833
654,116.39999999999998,260.0,260.0,180.0,284.15999999999997,809.623147293165
655,92.34523427120666,260.0,260.0,180.0,354.1200338445826,774.4532548200466
656,74.29171049385593,260.0,260.0,180.0,406.0825104938559,739.2833623469282
657,80.65904827645818,260.0,260.0,180.0,424.7814478498342,704.1134698738099
658,62.09587021455786,260.0,260.0,180.0,440.75826978793384,668.9435774006915
659,25.08962770945311,260.0,260.0,180.0,450.67122813607716,633.7736849275732
660,0.0,260.0,239.30398145328695,180.0,449.36038187991085,620.8575758380173
661,0.0,260.0,243.9847122506858,180.0,396.1915122506857,602.9084228802906
662,0.0,260.0,238.7914788399445,180.0,337.08203841332045,590.5433918695976
663,0.0,260.0,210.50964551685524,180.0,285.8505255168552,608.588934324592
664,0.0,260.0,192.19372661239908,180.0,223.10572618577498,646.3290132359908
665,0.0,260.0,157.3238305878528,180.0,172.4738310144768,721.5636040017405
666,0.0,260.0,170.99443068341975,180.0,93.60883025679573,782.0986247722568
667,0.0,260.0,161.25648431140002,180.0,41.36328473802405,853.1045556202138
668,0.0,248.93828537499877,174.0090858016227,180.0,0.0,900.0
669,0.0,208.33032293653673,196.99672250991267,180.0,0.0,884.0060707539869
670,0.0,178.66880000000003,235.55200000000002,180.0,0.0,798.6730223238794
671,11.924629971823322,171.34782997182333,260.0,180.0,0.0,680.170090024275
672,269.76202108008374,260.0,22.850183722575782,112.7062048026595,0.0,900.0
673,104.86193559957042,260.0,227.2920000000001,140.20313517294647,0.0,900.0
674,114.37174559760916,260.0,227.2920000000001,180.0,17.814146024233196,900.0
675,138.8616922779202,260.0,227.2920000000001,180.0,75.47329270454429,900.0
676,143.70559832781072,260.0,227.2920000000001,180.0,147.6503979011868,900.0
677,176.23199485542256,260.0,227.2920000000001,180.0,201.8907952820466,900.0
678,142.67599999999987,260.0,227.2920000000001,180.0,288.01919999999996,900.0
679,100.91684094821085,260.0,260.0,180.0,348.8164409482108,864.8301075268816
680,91.07891041822165,260.0,260.0,180.0,395.34971041822155,829.6602150537633
681,75.47115087363704,260.0,260.0,180.0,428.207951300261,794.4903225806449
682,51.707645772646174,260.0,260.0,180.0,447.8292461992702,759.3204301075266
683,0.0,260.0,258.5386406019859,180.0,469.21464017536186,725.7218918258213
684,0.0,260.0,249.7397047573171,180.0,441.927304330693,701.5845748824696
685,0.0,260.0,257.54326122836505,180.0,386.414380801741,669.0563370025072
686,0.0,260.0,231.63474273826898,180.0,342.26450231164495,664.3867211549061
687,0.0,260.0,217.1591425759542,180.0,281.0555425759542,675.2822667721597
688,0.0,260.0,194.5783940067932,180.0,221.40719358016918,710.4581871949626
689,0.0,260.0,191.36607031897444,180.0,148.69846989235043,749.0882191100438
690,0.0,260.0,173.9875184020899,180.0,91.57151840208985,806.404865989517
691,0.0,260.0,184.3437815666294,180.0,26.11458199325341,852.5857460253994
692,0.0,234.12202921394885,197.18322921394883,180.0,0.0,860.635475837104
693,0.0,208.67280571032052,196.4432057103205,180.0,0.0,845.5586597528477
694,0.0,182.4656,229.224,180.0,0.0,770.598904398009
695,0.0,179.721945423154,257.591545423154,180.0,0.0,662.5573767267911
696,292.8496604713544,260.0,6.470360355915667,108.8668212538941,0.0,900.0
697,83.79304940119391,260.0,227.2920000000001,152.10704897457003,0.0,900.0
698,107.3757778323448,260.0,227.2920000000001,180.0,21.749377832344862,900.0
699,88.97236766073559,260.0,245.61888940559447,180.0,93.3060574929541,880.2936673058125
700,109.73581222029111,260.0,260.0,180.0,148.372612220291,845.1237748326942
701,104.9927217124856,260.0,260.0,180.0,224.4027212858615,809.9538823595758
702,108.63999973336001,260.0,260.0,180.0,288.816000159984,774.7839898864574
703,113.59238120653356,260.0,260.0,180.0,340.97358163315755,739.6140974133391
704,88.47884616969543,260.0,260.0,180.0,397.01204659631935,704.4442049402207
705,63.2298728843889,260.0,260.0,180.0,436.29307288438895,669.2743124671024
706,41.99724608796669,260.0,260.0,180.0,454.4388460879668,634.104419993984
707,32.27188489853347,260.0,260.0,180.0,445.65508489853346,598.9345275208657
708,22.130812615016907,260.0,260.0,180.0,418.85601261501677,563.7646350477473
709,0.0,260.0,254.38770628016982,180.0,388.6898658535458,534.6294670045539
710,0.0,260.0,234.40240973014716,180.0,340.2603297301471,526.9838651441806
711,0.0,260.0,218.64507226394858,180.0,279.98403183732455,536.2816369033757
712,0.0,260.0,202.2855792219042,180.0,215.91757879528018,563.1702613959518
713,0.0,260.0,174.9742457767698,180.0,160.1466457767698,619.4259110983498
714,0.0,260.0,180.33926234375514,180.0,87.24806234375512,669.9127257824841
715,0.0,260.0,195.25146984230526,180.0,18.91026984230524,704.3649087477472
716,0.0,245.44887763065094,179.4668772040269,180.0,0.0,742.1117169420356
717,0.0,194.56740148836752,219.24020106174345,180.0,0.0,689.2629226618071
718,0.0,197.07199984001602,204.88000026664002,180.0,0.0,654.2095269558953
719,0.0,188.54922608492876,242.48282608492877,180.0,0.0,570.7115778790308
720,17.967348864776056,260.0,260.0,121.08854843815209,0.0,535.5416854059124
721,47.093738661750024,260.0,260.0,154.36213823512605,0.0,500.37179293279405
722,80.33664186338251,260.0,260.0,180.0,18.560641863382557,465.20190045967576
723,92.00416832973406,260.0,260.0,180.0,83.46776875635805,430.03200798655746
724,118.60087501745966,260.0,260.0,180.0,143.29847544408358,394.86211551343916
725,112.0542294980072,260.0,260.0,180.0,220.27702992463117,359.69222304032087
726,136.72000026664,260.0,260.0,180.0,271.967999840016,324.5223305672026
727,107.70928566799603,260.0,260.0,180.0,344.61368609462,289.3524380940843
728,103.55609410176521,260.0,260.0,180.0,387.3724945283892,254.18254562096598
729,89.81688060671877,260.0,260.0,180.0,418.73288103334266,219.0126531478477
730,52.17983802349784,260.0,260.0,180.0,447.5078380234978,183.8427606747294
731,19.91207232965712,260.0,260.0,180.0,454.28727232965707,148.6728682016111
732,6.1632599178902865,260.0,260.0,180.0,430.22925949126625,113.5029757284928
733,0.0,260.0,249.14976742749832,180.0,392.4669674274983,90.0
734,0.0,260.0,224.38520638783302,180.0,347.51416638783303,93.1255845292118
735,0.0,260.0,201.16569257347123,180.0,292.58849300009524,121.21838821365134
736,0.0,260.0,179.52284450437372,180.0,232.13084493099768,172.58307154228174
737,0.0,260.0,179.23235185696427,180.0,157.17275185696428,224.26011255629865
738,0.0,260.0,168.9914227018155,180.0,94.97222227519148,286.9489053500454
739,0.0,260.0,175.6176311516312,180.0,31.878031578255218,342.5127428214097
740,0.0,222.4756929565695,215.39929295656947,180.0,0.0,320.02775123653186
741,0.0,193.28553678185477,221.31193635523073,180.0,0.0,263.74633177359283
742,0.0,184.6544,225.57600000000008,180.0,0.0,194.76662906391533
743,0.0,184.56514876710816,249.3019483404841,180.0,0.0,100.1912577861969
744,45.21891240834657,260.0,236.76986974116312,118.78678214950969,0.0,90.0
745,74.6163057214462,260.0,227.292,157.2919061480702,0.0,90.0
746,106.08963382530308,260.0,227.292,180.0,22.472833825303155,90.0
747,127.81197787861825,260.0,227.292,180.0,81.71637745199428,90.0
748,143.59163030353946,260.0,227.292,180.0,147.71563030353946,90.0
749,140.43968203499233,260.0,227.292,180.0,222.80248160836834,90.0
750,364.70151670180996,260.0,8.506483298189993,180.0,286.0752,325.2532437653871
751,104.81518221758643,260.0,260.0,180.0,346.4043826442104,290.0833512922688
752,100.5422063755849,260.0,260.0,180.0,389.2994063755848,254.9134588191505
753,68.77236599459081,260.0,260.0,180.0,432.6323659945908,219.7435663460322
754,37.68659036910003,260.0,260.0,180.0,457.3729899424761,184.5736738729139
755,31.442872828698796,260.0,260.0,180.0,446.23407325532276,149.4037813997956
756,6.880902248623443,260.0,260.0,180.0,429.71810267524734,114.23388892667731
757,0.0,260.0,249.8295167018099,180.0,391.9767971284339,90.0
758,0.0,260.0,224.04147543039164,180.0,347.76307500376765,93.4951877092563
759,0.0,260.0,208.48750254767822,180.0,287.3087021210541,113.71507744293564
760,0.0,260.0,194.271900207006,180.0,221.62550063363005,149.22056109131626
761,0.0,260.0,168.4325887510504,180.0,164.7153891776744,212.51025060631582
762,0.0,260.0,160.23302252841182,180.0,100.93382252841184,284.6166779951203
763,0.0,260.0,204.93348858089212,180.0,12.515488154268155,308.6580881231933
764,0.0,240.84126152882453,186.67366110220047,180.0,0.0,334.3245071837287
765,0.0,204.96420476552407,202.43700476552402,180.0,0.0,309.31666099071487
766,0.0,188.74880000000002,218.752,180.0,0.0,251.5233286896396
767,0.0,192.89205935168422,235.04965935168423,180.0,0.0,180.1002952848634
768,26.791708594934732,260.0,260.0,116.03770902155873,0.0,144.9304028117451
769,54.487477955657766,260.0,260.0,150.18467795565778,0.0,109.7605103386268
770,75.95683941905676,260.0,245.6692746149229,180.0,29.0853136073556,90.0
771,115.86258194803796,260.0,227.292,180.0,88.46778194803801,90.0
772,139.2771370704551,260.0,227.292,180.0,150.18513664383113,90.0
773,153.93249515386177,260.0,227.292,180.0,214.91929515386175,90.0
774,372.27213228070167,260.0,6.735867985938323,180.0,282.595199840016,327.15713119791576
775,102.62483616358793,260.0,260.0,180.0,347.7596365902119,291.98723872479746
776,97.13791813068212,260.0,260.0,180.0,391.47591855730616,256.81734625167917
777,108.1402554223132,260.0,260.0,180.0,406.63065499568916,221.64745377856084
778,56.140157744582666,260.0,260.0,180.0,444.81215817120665,186.47756130544255
779,26.446192503598127,260.0,260.0,180.0,449.7237929302221,151.30766883232425
780,0.16795161858487972,260.0,260.0,180.0,434.4995520452088,116.13777635920596
781,0.0,260.0,248.30565833812727,180.0,393.07565833812725,93.54244481283254
782,0.0,260.0,230.58647367593426,180.0,343.0235936759343,90.0
783,0.0,260.0,223.02700232459182,180.0,276.8242018979678,94.58601900581525
784,0.0,260.0,190.39214378628628,180.0,224.3889437862863,134.26328375174396
785,0.0,260.0,177.55925555983066,180.0,158.3412551332067,187.7393530422486
786,0.0,260.0,184.71846255737756,180.0,84.26726213075358,233.51735029238026
787,0.0,260.0,184.65212636118997,180.0,25.910926361189922,279.3666767857244
788,0.0,257.2649417253979,160.98534172539786,180.0,0.0,348.0932040232996
789,0.0,210.34607948752415,193.73887948752412,180.0,0.0,337.4971429485356
790,0.0,186.656000159984,222.23999973335998,180.0,0.0,273.9860414501464
791,0.0,183.55024751455113,251.03904708792714,180.0,0.0,176.5888148794942
792,8.62199288018246,260.0,260.0,126.43759288018248,0.0,141.4189224063759
793,72.33387173946346,260.0,260.0,140.1014713128394,0.0,106.24902993325762
794,93.7305480024439,260.0,242.40359783792954,180.0,20.924545840373412,90.0
795,198.70434782090774,260.0,155.86799999999994,180.0,82.01674824753172,166.80000000000007
796,381.1488683511956,260.0,0.0,180.0,141.8400687778195,411.20000000000005
797,371.9411166309393,260.0,0.0,180.0,220.34311620431527,655.6
798,366.648,260.0,0.0,180.0,290.01120000000003,900.0
799,107.00552879869133,260.0,260.0,180.0,345.04912837206734,864.8301075268816
800,103.79814236091534,260.0,260.0,180.0,387.2177423609153,829.6602150537633
801,85.33817641715541,260.0,260.0,180.0,421.6909764171554,794.4903225806449
802,70.12313365605235,260.0,260.0,180.0,435.2943340826763,759.3204301075266
803,40.82577982391592,260.0,260.0,180.0,439.68097939729194,724.1505376344082
804,0.0,260.0,254.84543421898047,180.0,438.29063421898036,694.5231890118486
805,0.0,260.0,245.68557372093528,180.0,394.96501329431135,674.7451527527784
806,0.0,260.0,237.72093802473535,180.0,337.85725759811135,663.5312408982243
807,0.0,260.0,207.57571551859746,180.0,287.96619594522144,684.7315467922054
808,0.0,260.0,195.4455455374163,180.0,220.7895455374163,718.9750462143385
809,0.0,260.0,176.2554455851067,180.0,159.25184601173078,773.8530617142237
810,0.0,260.0,173.00505466495417,180.0,92.24025423833018,832.226121214273
811,0.0,260.0,193.70974715414303,180.0,19.92854715414302,868.3360705108934
812,0.0,237.26199744972422,192.27199702310014,180.0,0.0,884.6182652930963
813,0.0,190.12980114940927,226.41220072278526,180.0,0.0,819.8862991017289
814,0.0,186.396799840016,222.67200026664,180.0,0.0,755.6670326001182
815,0.0,180.31672476186185,256.57352476186185,180.0,0.0,649.2792433796427
816,300.9399915676027,260.0,0.0,107.93959114097879,0.0,893.6792433796427
817,110.45397667055741,260.0,221.4136963430677,140.3648734402492,0.0,900.0
818,89.28784146027186,260.0,227.2920000000001,180.0,31.923841886895957,900.0
819,108.5751678963399,260.0,227.2920000000001,180.0,92.58516832296402,900.0
820,128.4339191616345,260.0,227.2920000000001,180.0,156.3915191616345,900.0
821,126.9791867627319,260.0,227.2920000000001,180.0,230.66678633610798,900.0
822,121.14134684934794,260.0,252.43465315065208,180.0,285.85439999999994,872.9648890853205
823,87.82220867952572,260.0,260.0,180.0,356.9186091061497,837.7949966122021
824,121.63161428056696,260.0,260.0,180.0,375.81601428056695,802.6251041390838
825,92.86178294125239,260.0,260.0,180.0,416.72178336787636,767.4552116659654
826,49.94073429151547,260.0,260.0,180.0,449.03193386489147,732.285319192847
827,37.90916501412312,260.0,260.0,180.0,441.7179654407471,697.1154267197287
828,3.5020008443531196,260.0,260.0,180.0,432.124800844353,661.9455342466104
829,0.0,260.0,235.55477723158458,180.0,402.2703768049606,653.0608275459817
830,0.0,260.0,235.1366430931364,180.0,339.72864351976045,644.6257274458351
831,0.0,260.0,204.56592800426813,180.0,290.1365675776441,669.0623640003854
832,0.0,260.0,171.94274187767883,180.0,237.52994230430284,728.5776953147092
833,0.0,260.0,188.46452850531034,180.0,150.7249289319343,770.3276646638378
834,0.0,260.0,170.34707018168257,180.0,94.04947060830659,831.5587719953619
835,0.0,260.0,182.362668169269,180.0,27.423068169269015,879.8698814907715
836,0.0,238.7296451493919,189.97644557601586,180.0,0.0,900.0
837,0.0,204.8859227883151,202.56352321493904,180.0,0.0,874.7825274049526
838,0.0,181.27520000000004,231.20800000000003,180.0,0.0,796.5704627167805
839,4.685371666677156,175.57737209330116,260.0,180.0,0.0,682.0433000113653
840,256.4522091744291,260.0,24.592269010569726,119.3272777583748,0.0,900.0
841,78.39496493180167,260.0,227.2920000000001,155.15696493180172,0.0,900.0
842,105.92579409744525,260.0,227.2920000000001,180.0,22.564993670821423,900.0
843,140.02309883505887,260.0,227.2920000000001,180.0,74.81709840843496,900.0
844,139.63532143685876,260.0,227.2920000000001,180.0,149.98012101023483,900.0
845,139.12271854278532,260.0,227.2920000000001,180.0,223.5719185427854,900.0
846,125.40347599843258,260.0,239.2845240015674,180.0,291.1872000000001,887.1048129015405
847,103.12300203871564,260.0,260.0,180.0,347.4514016120917,851.9349204284222
848,101.65875037055434,260.0,260.0,180.0,388.5855503705543,816.7650279553038
849,81.20635932146763,260.0,260.0,180.0,424.4199597480915,781.5951354821855
850,63.73331020419073,260.0,260.0,180.0,439.64370977756676,746.4252430090671
851,14.726979976401367,260.0,260.0,180.0,457.9085804030253,711.2553505359488
852,0.0,260.0,258.27666424451525,180.0,435.8466638178912,677.9385072622765
853,0.0,260.0,237.48841919842596,180.0,400.8760187718019,666.9746156510658
854,0.0,260.0,237.33043512430356,180.0,338.14003555092756,656.1805993883738
855,0.0,260.0,206.69516473926933,180.0,288.60116516589324,678.3277340773316
856,0.0,260.0,183.46090990515063,180.0,229.32586990515063,725.4579384803955
857,0.0,260.0,175.92384136619842,180.0,159.4834409395744,780.6925176565262
858,0.0,260.0,150.77395061528443,180.0,107.3723506152844,862.9699901132096
859,0.0,260.0,192.8540908052849,180.0,20.493691231908883,900.0
860,0.0,229.58929311377722,204.27289311377717,180.0,0.0,896.1656633615987
861,0.0,196.95010420619843,215.38930377957445,180.0,0.0,849.6973594019044
862,0.0,180.56960015998402,232.38399973336004,180.0,0.0,769.5575150217946
863,0.0,182.07274010966586,253.56793968304186,180.0,0.0,668.0521921409645
864,160.34549075569484,260.0,145.8451577139791,104.934248469674,0.0,755.6294419108795
865,57.39917212834723,260.0,260.0,148.53957170172322,0.0,720.4595494377611
866,70.59635381005342,260.0,260.0,180.0,24.03955381005335,685.2896569646427
867,104.28072061079035,260.0,260.0,180.0,76.53152103741445,650.1197644915244
868,140.18148363593605,260.0,260.0,180.0,130.946283209312,614.949872018406
869,128.31832186315535,260.0,260.0,180.0,210.7747214365313,579.7799795452877
870,116.60800000000006,260.0,260.0,180.0,284.03520000000003,544.6100870721693
871,114.79430421451923,260.0,260.0,180.0,340.22990421451914,509.44019459905104
872,89.08787068743266,260.0,260.0,180.0,396.6226702608087,474.27030212593274
873,93.1392930274377,260.0,260.0,180.0,416.5384934540617,439.10040965281445
874,17.618429988474873,260.0,260.0,180.0,471.03283041509894,403.93051717969615
875,3.927216920791693,260.0,260.0,180.0,465.45121734741565,368.76062470657786
876,13.392015832992683,260.0,260.0,180.0,425.08041625961664,333.59073223345956
877,8.21398980365575,260.0,260.0,180.0,378.71966980365573,298.42083976034127
878,0.0,260.0,233.37047371548647,180.0,341.00759371548645,291.8848465178827
879,0.0,260.0,207.35409090266455,180.0,288.1260104760405,313.32345845050145
880,0.0,260.0,200.12517472051906,180.0,217.45637514714304,342.53509853596483
881,0.0,260.0,191.938841859102,180.0,148.298441859102,380.5492470745648
882,0.0,260.0,176.80543812236868,180.0,89.65343854899265,434.83587274943716
883,0.0,260.0,163.8003267468677,180.0,39.683127173491755,503.1064891506546
884,0.0,254.26474965909483,165.6779496590948,180.0,0.0,563.9670208634352
885,0.0,196.53423174244773,216.06143216907174,180.0,0.0,516.385078089431
886,0.0,173.916800159984,243.47199973336,180.0,0.0,418.06902106416
887,8.474671064110964,173.36347106411097,260.0,180.0,0.0,301.46079139130603
888,32.17261462844584,260.0,260.0,112.95781505506989,0.0,266.29089891818774
889,52.876231884673984,260.0,260.0,151.09503145805002,0.0,231.12100644506944
890,96.05708967641442,260.0,260.0,180.0,9.717890103038485,195.95111397195114
891,97.37771640902054,260.0,260.0,180.0,80.43171598239655,160.78122149883285
892,126.53791549746518,260.0,260.0,180.0,138.75551507084117,125.61132902571455
893,116.69187939891697,260.0,260.0,180.0,217.56747939891693,90.44143655259626
894,380.9440000000001,260.0,0.0,180.0,281.43360000000007,334.84143655259624
895,100.98009977646984,260.0,260.0,180.0,348.7773002030939,299.67154407947794
896,101.09657411284661,260.0,260.0,180.0,388.94497453947054,264.50165160635964
897,79.11732506157239,260.0,260.0,180.0,425.7997254881964,229.33175913324135
898,42.58367808425385,260.0,260.0,180.0,454.039678084254,194.16186666012305
899,37.55495137581079,260.0,260.0,180.0,441.9653509491868,158.99197418700476
900,16.210259026227163,260.0,260.0,180.0,423.0730594528511,123.82208171388646
901,0.0,260.0,244.22269920217502,180.0,396.01989877555104,105.61702880832189
902,0.0,260.0,239.38094395343512,180.0,336.65518438005915,92.61816434226262
903,0.0,260.0,197.59589261249153,180.0,295.1626921858674,124.54946260840075
904,0.0,260.0,193.45558196090604,180.0,222.206941534282,160.93270781172757
905,0.0,260.0,169.23899164384,180.0,164.152191217216,223.35529744200713
906,0.0,260.0,186.91948653716332,180.0,82.76908611053932,266.76660224075624
907,0.0,260.0,181.63035014932007,180.0,27.906749722696077,315.8651504672938
908,0.0,245.98801364256565,178.62361321594165,180.0,0.0,355.0254819838414
909,0.0,199.4991554529314,211.2695558795554,180.0,0.0,315.3831226477094
910,0.0,170.79679999999996,248.67200000000003,180.0,0.0,208.5428673358814
911,11.997345464053524,171.30534589067753,260.0,180.0,0.0,90.0
912,70.03358515675532,260.0,227.292,110.00838558337938,0.0,90.0
913,87.52263430104168,260.0,227.292,149.99983472766576,0.0,90.0
914,106.0486738250788,260.0,227.292,180.0,22.49587382507883,90.0
915,122.70833455857885,260.0,227.292,180.0,84.5999341319548,90.0
916,148.37013564484167,260.0,227.292,180.0,144.9805352182177,90.0
917,150.1755139112212,260.0,227.292,180.0,217.11431433784514,90.0
918,390.21329872865056,260.0,10.050701271349425,180.0,269.84159999999997,323.5927943318823
919,112.54069880515522,260.0,260.0,180.0,341.6242992317792,288.422901858764
920,93.13241414872891,260.0,260.0,180.0,394.0368145753529,253.25300938564573
921,70.98473781364055,260.0,260.0,180.0,431.17113824026444,218.08311691252743
922,66.55122993250836,260.0,260.0,180.0,437.72562993250835,182.91322443940913
923,40.51678450969405,260.0,260.0,180.0,439.89678408307,147.74333196629084
924,0.0,260.0,243.64945879039897,180.0,446.2652183637749,130.15466660027045
925,0.0,260.0,252.05023037776027,180.0,390.37543037776027,103.53291350590456
926,0.0,260.0,239.87760956049124,180.0,336.2955299871152,90.0
927,0.0,260.0,212.784649847474,180.0,284.21000942084993,105.59930123927526
928,0.0,260.0,182.38594096523553,180.0,230.09154053861153,153.88538622289295
929,0.0,260.0,163.60171113072823,180.0,168.08931113072822,222.36956780275506
930,0.0,260.0,161.5277422626798,180.0,100.05254268930378,293.0838234342822
931,0.0,260.0,190.67255345846343,180.0,21.934553458463427,332.45957240367636
932,0.0,248.02474952119337,175.43794952119333,180.0,0.0,376.9598804791967
933,0.0,188.86261411997668,228.46021411997663,180.0,0.0,308.83459353694616
934,0.0,179.92639984001602,233.45600026664,180.0,0.0,226.93745211060426
935,0.0,182.5211846918345,252.80038469183444,180.0,0.0,126.67899508454755
936,20.262984752982618,260.0,260.0,119.77458475298272,0.0,91.50910261142926
937,91.93437830234174,260.0,228.6954654286292,146.71424330434695,0.0,90.0
938,100.57641806815693,260.0,227.292,180.0,25.574017641532976,90.0
939,119.06053766603648,260.0,227.292,180.0,86.66093809266044,90.0
940,152.83929939978228,260.0,227.292,180.0,142.42249939978228,90.0
941,163.24689875131142,260.0,210.7302589120237,180.0,219.15355766333505,107.80832375051216
942,392.17600000000004,260.0,0.0,180.0,274.6944,352.20832375051214
943,72.27628739377622,260.0,260.0,180.0,366.5374869671522,317.03843127739384
944,101.51039863146343,260.0,260.0,180.0,388.6803982048393,281.86853880427554
945,73.5208721706905,260.0,260.0,180.0,429.4960717440665,246.69864633115728
946,48.26521404828247,260.0,260.0,180.0,450.17241404828246,211.52875385803898
947,23.913938221194144,260.0,260.0,180.0,451.4923386478181,176.3588613849207
948,0.0,260.0,248.96225835918347,180.0,442.48105793255934,153.05750831052987
949,0.0,260.0,256.60916316881287,180.0,387.08796316881296,121.53367694621497
950,0.0,260.0,239.00083539547688,180.0,336.9304353954768,108.94353135968069
951,0.0,260.0,222.9883289905544,180.0,276.8520894171784,113.57113459564368
952,0.0,260.0,186.04143424378958,180.0,227.48783381716555,157.9265816453323
953,0.0,260.0,169.32189257297188,180.0,164.09429257297188,220.26003049159908
954,0.0,260.0,180.8571500851575,180.0,86.8955505117815,270.189976636591
955,0.0,260.0,169.14239637520598,180.0,36.15479594858198,332.7164321471222
956,0.0,245.3939654630541,179.55276546305402,180.0,0.0,370.31926993717366
957,0.0,197.0577415375676,215.2153415375676,180.0,0.0,324.13920124316724
958,0.0,165.872,256.88,180.0,0.0,203.84382747972643
959,3.4411244610551535,176.30432446105516,260.0,180.0,0.0,90.0
960,64.58755496451121,260.0,227.292,113.12555496451125,0.0,90.0
961,88.0869797396729,260.0,227.292,149.68097973967292,0.0,90.0
962,110.87376185149677,260.0,227.292,180.0,19.781761851496753,90.0
963,217.92479969942883,260.0,155.86799999999994,180.0,71.15719969942882,166.80000000000007
964,359.4949958339806,260.0,0.0,180.0,154.23419540735665,411.20000000000005
965,408.8888026333683,260.0,0.0,180.0,198.75640220674427,655.6
966,358.83999973336006,260.0,0.0,180.0,294.696000159984,900.0
967,84.920198369746,260.0,260.0,180.0,358.71419794312203,864.8301075268816
968,95.9589106564755,260.0,260.0,180.0,392.22971022985143,829.6602150537633
969,48.614341678627056,260.0,260.0,180.0,445.94634167862705,794.4903225806449
970,42.758845829303596,260.0,260.0,180.0,453.9204462559276,759.3204301075266
971,14.689298123389676,260.0,260.0,180.0,457.9348976967656,724.1505376344082
972,9.0712084647555,260.0,260.0,180.0,428.15800803813147,688.9806451612899
973,0.0,260.0,251.32139634582882,180.0,390.9009959192049,663.1425845743772
974,0.0,260.0,232.78175075456454,180.0,341.43391032794045,657.2396267737702
975,0.0,260.0,207.86650600989185,180.0,287.75650558326777,678.127254720123
976,0.0,260.0,181.79762333533324,180.0,230.51058290870924,727.0459393057862
977,0.0,260.0,171.43210418453253,180.0,162.62050461115655,787.1103434084393
978,0.0,260.0,182.4336620706788,180.0,85.82246249730281,835.3451153754514
979,0.0,260.0,195.57523160681927,180.0,18.69643160681926,869.4491674111296
980,0.0,240.70148535935215,186.89228535935212,180.0,0.0,894.7491170259614
981,0.0,194.03899924293478,220.09419881631078,180.0,0.0,840.4853474795773
982,0.0,167.84000000000003,253.60000000000002,180.0,0.0,725.5667754365666
983,10.163292906497418,172.3768924798734,260.0,180.0,0.0,608.0311618945293
984,301.5423922743111,260.0,0.0,107.5947922743112,0.0,852.4311618945293
985,128.1302155520747,260.0,183.05298056191222,152.05159611398693,0.0,900.0
986,113.33955386499719,260.0,227.2920000000001,180.0,18.394753864997256,900.0
987,122.80648100029606,260.0,227.2920000000001,180.0,84.54448142692013,900.0
988,130.68885255922174,260.0,227.2920000000001,180.0,155.10085255922183,900.0
989,155.8958209640644,260.0,227.2920000000001,180.0,213.7722205374405,900.0
990,131.75599999999991,260.0,227.2920000000001,180.0,294.5712,900.0
991,120.0527164849641,260.0,260.0,180.0,336.9763160583401,864.8301075268816
992,118.5708785545977,260.0,260.0,180.0,377.7728781279736,829.6602150537633
993,80.37382906291157,260.0,260.0,180.0,424.9698294895355,794.4903225806449
994,55.73650974713826,260.0,260.0,180.0,445.08691017376225,759.3204301075266
995,17.161260134783788,260.0,260.0,180.0,456.2084605614077,724.1505376344082
996,7.688250680457259,260.0,260.0,180.0,429.14305068045724,688.9806451612899
997,0.0,260.0,248.5890115049923,180.0,392.87133107836837,666.0806327903304
998,0.0,260.0,230.57904992327076,180.0,343.0289694966467,662.5461705072435
999,0.0,260.0,212.94603432857753,180.0,284.0936343285774,677.9719400464074
1000,0.0,260.0,188.56065942382054,180.0,225.6934594238205,719.6185428164929
1001,0.0,260.0,189.71558268108424,180.0,149.85118310770827,760.0232926217786
1002,0.0,260.0,187.42975802479435,180.0,82.42175845141833,802.8859184015696
1003,0.0,260.0,191.18132194555693,180.0,21.598521945556968,841.7146044816159
1004,0.0,251.22961359201952,170.42521359201947,180.0,0.0,894.6175234172331
1005,0.0,190.99090110492926,225.02050067830527,180.0,0.0,832.1914428447857
1006,0.0,199.452800159984,200.91199973336,180.0,0.0,803.6426666797298
1007,0.0,181.15696858956022,255.1353685895602,180.0,0.0,699.5911111436367
1008,239.49778135703016,260.0,40.911733363582094,119.69071472061233,0.0,900.0
1009,104.28941097288629,260.0,227.2920000000001,140.52661139951033,0.0,900.0
1010,111.69296158294253,260.0,227.2920000000001,180.0,19.320962009566585,900.0
1011,132.17951852412563,260.0,227.2920000000001,180.0,79.2487185241257,900.0
1012,159.08310442182704,260.0,227.2920000000001,180.0,138.8487039952031,900.0
1013,132.76079653074527,260.0,247.43759817400763,180.0,215.51879513137692,878.3380664795618
1014,144.28000026664006,260.0,260.0,180.0,267.43199984001603,843.1681740064435
1015,101.34383955439023,260.0,260.0,180.0,348.55223998101417,807.9982815333251
1016,118.84415855336647,260.0,260.0,180.0,377.5981581267424,772.8283890602067
1017,85.1223349820832,260.0,260.0,180.0,421.8335354087071,737.6584965870884
1018,29.415614421466103,260.0,260.0,180.0,463.0028139948421,702.48860411397
1019,24.871070550555487,260.0,260.0,180.0,450.82387012393133,667.3187116408517
1020,23.767935069622354,260.0,260.0,180.0,417.68993549624633,632.1488191677333
1021,0.0,260.0,251.84422288956875,180.0,390.5239833161927,605.7485795015303
1022,0.0,260.0,229.9903264674648,180.0,343.4552864674648,602.8471531924284
1023,0.0,260.0,200.80425052510475,180.0,292.84913052510467,631.3286042407029
1024,0.0,260.0,185.08457685832434,180.0,228.1693768583243,676.7129301994939
1025,0.0,260.0,165.1391509509707,180.0,167.01555137759476,743.5439506823211
1026,0.0,260.0,181.75583858458646,180.0,86.28383815796246,792.5075651074969
1027,0.0,260.0,182.52454930845414,180.0,27.316148881830145,840.6446088618474
1028,0.0,253.69066964640785,166.5758696464078,180.0,0.0,900.0
1029,0.0,186.52883769905287,232.23203727242884,180.0,0.0,825.6252394022401
1030,0.0,196.8272,205.288,180.0,0.0,789.9030224560036
1031,0.0,184.75396760479316,248.97876717816916,180.0,0.0,695.8526475118541
1032,73.40467914161002,260.0,212.0764005697397,116.78787971134977,0.0,712.2135071142845
1033,44.82000016673891,260.0,260.0,155.6467997401149,0.0,677.0436146411662
1034,92.78848193155784,260.0,260.0,180.0,11.556481931557869,641.8737221680478
1035,103.9862796500189,260.0,260.0,180.0,76.69788007664295,606.7038296949295
1036,119.76497475092128,260.0,260.0,180.0,142.63217432429724,571.5339372218111
1037,115.27796155901069,260.0,260.0,180.0,218.39356198563462,536.3640447486928
1038,120.8080000000001,260.0,260.0,180.0,281.51520000000005,501.1941522755744
1039,121.13602843224851,260.0,260.0,180.0,336.3060280056245,466.02425980245613
1040,94.9516781405323,260.0,260.0,180.0,392.8736785671563,430.85436732933783
1041,57.23257183431144,260.0,260.0,180.0,440.2541714076874,395.68447485621954
1042,60.9991657138188,260.0,260.0,180.0,441.5047661404428,360.51458238310124
1043,25.87342070162572,260.0,260.0,180.0,450.1238211282498,325.34468990998295
1044,20.247000188769903,260.0,260.0,180.0,420.19780018876986,290.17479743686465
1045,0.0,260.0,251.45377595395667,180.0,390.80553638058063,264.19439318529834
1046,0.0,260.0,230.01779502041313,180.0,343.4353954470371,261.26343079775734
1047,0.0,260.0,215.46720614902523,180.0,282.2756057224012,273.9782628955797
1048,0.0,260.0,202.21829970619416,180.0,215.9655001328182,300.9392309534354
1049,0.0,260.0,184.32700621132085,180.0,153.61460621132085,347.1381490057786
1050,0.0,260.0,165.48806248014927,180.0,97.35686248014929,413.593995801317
1051,0.0,260.0,168.9882238494617,180.0,36.256623849461675,476.28622822125067
1052,0.0,236.46826943218315,193.5134690055591,180.0,0.0,490.4874025567941
1053,0.0,192.81095328364205,222.078952857018,180.0,0.0,432.9351256788822
1054,0.0,176.624000159984,238.95999973336006,180.0,0.0,342.015449556837
1055,0.0,178.53710721668057,259.6195072166805,180.0,0.0,230.67956989247318
1056,27.052206586489888,260.0,260.0,115.88860658648991,0.0,195.5096774193549
1057,34.81718602657338,260.0,260.0,161.29838645319734,0.0,160.3397849462366
1058,69.12179407501935,260.0,260.0,180.0,24.868993648395303,125.1698924731183
1059,88.11100506029493,260.0,260.0,180.0,85.66740463367103,90.0
1060,171.77422749649068,260.0,227.292,180.0,131.5846274964906,90.0
1061,153.16161609515214,260.0,224.49172698249274,180.0,217.00574350426882,93.01104625538414
1062,372.3840002666401,260.0,0.0,180.0,286.56959984001605,337.4110462553841
1063,114.52545307431717,260.0,260.0,180.0,340.3962530743172,302.2411537822658
1064,96.02137439595344,260.0,260.0,180.0,392.18977439595335,267.07126130914753
1065,79.78797443652024,260.0,260.0,180.0,425.3567748631442,231.9013688360292
1066,34.00806213854867,260.0,260.0,180.0,459.87686213854863,196.7314763629109
1067,24.03452226083266,260.0,260.0,180.0,451.4081218342086,161.56158388979262
1068,0.0,260.0,252.90929391893883,180.0,439.66969349231476,134.0161065576003
1069,1.0193542701086926,260.0,260.0,180.0,383.9077542701086,98.846214084482
1070,0.0,260.0,235.51897909856825,180.0,339.45177952519225,90.0
1071,0.0,260.0,217.70279318929994,180.0,280.6635136159239,100.31097506526888
1072,0.0,260.0,196.41735381563643,180.0,220.09735338901237,133.50951934953076
1073,0.0,260.0,174.5145210495275,180.0,160.46772104952754,190.2594967156302
1074,0.0,260.0,176.18854212803421,180.0,90.07334255465821,245.20945141666868
1075,0.0,260.0,161.07147810267674,180.0,41.48547767605271,316.414313671855
1076,0.0,242.30890939487557,184.37810939487554,180.0,0.0,345.92865689564496
1077,0.0,196.3140643032549,216.41726430325485,180.0,0.0,297.7571415307531
1078,0.0,177.84799984001597,236.92000026664,180.0,0.0,210.1815729216154
1079,0.0,183.3519877349819,251.37838730835784,180.0,0.0,112.23310020071577
1080,14.767589327059113,260.0,247.96878318666563,129.8063725137248,0.0,90.0
1081,92.0619323756143,260.0,227.292,147.4351328022383,0.0,90.0
1082,112.40566558684478,260.0,227.292,180.0,18.920066013468727,90.0
1083,117.7355536151679,260.0,227.292,180.0,87.40955361516785,90.0
1084,149.3470018273455,260.0,227.292,180.0,144.42140182734545,90.0
1085,143.3107022597574,260.0,219.8722046930495,180.0,225.46010695280688,97.97827452360269
1086,378.2639997333599,260.0,0.0,180.0,283.041600159984,342.37827452360267
1087,87.24496973029227,260.0,260.0,180.0,357.27576973029227,307.2083820504844
1088,105.32070235405547,260.0,260.0,180.0,386.24430235405543,272.0384895773661
1089,80.04235893911823,260.0,260.0,180.0,425.1887589391182,236.86859710424778
1090,59.255101724861106,260.0,260.0,180.0,442.691902151485,201.6987046311295
1091,28.435821119534694,260.0,260.0,180.0,448.3342211195346,166.5288121580112
1092,4.832630256543325,260.0,260.0,180.0,431.1770302565433,131.3589196848929
1093,0.0,260.0,241.7201200241352,180.0,397.82452002413515,115.8448121320593
1094,0.0,260.0,231.74164809234583,180.0,342.1870880923458,111.06024429082723
1095,0.0,260.0,217.46555069636872,180.0,280.8345902697447,121.62631881086085
1096,0.0,260.0,184.34675030087385,180.0,228.69491030087386,167.8040066593836
1097,0.0,260.0,199.73155306059545,180.0,142.85595263397147,197.43889584153902
1098,0.0,260.0,178.66374210530188,180.0,88.38854253192585,249.72734519067677
1099,0.0,260.0,194.95083391811363,180.0,19.108833918113646,284.5027925905546
1100,0.0,243.82148542830288,182.01228542830285,180.0,0.0,317.98285402401643
1101,0.0,197.80141877188038,214.0134187718803,180.0,0.0,273.7942320008955
1102,0.0,183.76640015998402,227.05599973336,180.0,0.0,202.3884118788503
1103,0.7910389300722613,177.85263893007232,260.0,180.0,0.0,90.0
1104,59.51598970244916,260.0,227.292,116.02839012907316,0.0,90.0
1105,86.2876186133465,260.0,227.292,150.69761818672248,0.0,90.0
1106,87.7641297249688,260.0,227.292,180.0,32.780929724968814,90.0
1107,133.56993389961022,260.0,227.292,180.0,78.46313432623424,90.0
1108,136.46864547304895,260.0,227.292,180.0,151.79264589967295,90.0
1109,156.98040107588722,260.0,217.70775513724314,180.0,218.7381562131303,100.30563963737296
1110,391.06399973336,260.0,0.0,180.0,275.36160015998394,344.70563963737294
1111,98.30740367450949,260.0,260.0,180.0,350.4310032478854,309.53574716425464
1112,92.83571067054697,260.0,260.0,180.0,394.2265102439229,274.36585469113635
1113,89.26956930478116,260.0,260.0,180.0,419.09436930478114,239.19596221801805
1114,33.80243013985057,260.0,260.0,180.0,460.0168301398505,204.02606974489976
1115,30.44805914870699,260.0,260.0,180.0,446.92885872208296,168.85617727178146
1116,12.360404266238447,260.0,260.0,180.0,425.8152046928624,133.68628479866317
1117,0.0,260.0,255.44154065634234,180.0,387.92994108296625,103.41796151227356
1118,0.0,260.0,239.7707042064144,180.0,336.37294420641433,90.0
1119,0.0,260.0,202.91117650300737,180.0,291.32981650300735,116.2159392440781
1120,0.0,260.0,206.1952376772902,180.0,213.13283725066617,138.90062991365852
1121,0.0,260.0,164.4910144502686,180.0,167.4682148768926,206.4285713649826
1122,0.0,260.0,174.6577266497759,180.0,91.1153262231519,263.02456421468594
1123,0.0,260.0,204.38617651273836,180.0,12.87697693936235,287.65448194292424
1124,0.0,238.22545347101624,190.76505304439218,180.0,0.0,306.4626952547202
1125,0.0,207.28330350936778,198.68890350936772,180.0,0.0,287.66501828538856
1126,0.0,180.910399840016,231.81600026664,180.0,0.0,208.45627771926166
1127,8.191887547085344,173.52868754708538,260.0,180.0,0.0,92.00335154040363
1128,40.08555830447915,260.0,229.15511693257537,126.08347481043057,0.0,90.0
1129,78.12506099456553,260.0,227.292,155.30946056794153,0.0,90.0
1130,123.73520192191464,260.0,227.292,180.0,12.54720192191462,90.0
1131,215.72467140921958,260.0,155.86799999999994,180.0,72.4002714092195,166.80000000000007
1132,382.8176821478105,260.0,0.0,180.0,140.88488214781046,411.20000000000005
1133,348.0903468276074,260.0,0.0,180.0,234.27794682760737,655.6
1134,356.45599973336004,260.0,0.0,180.0,296.1264001599841,900.0
1135,110.02615016917218,260.0,260.0,180.0,343.1801501691722,864.8301075268816
1136,113.07404605888235,260.0,260.0,180.0,381.2872464855062,829.6602150537633
1137,96.22273842949721,260.0,260.0,180.0,414.5019388561212,794.4903225806449
1138,46.0184940625071,260.0,260.0,180.0,451.70169406250704,759.3204301075266
1139,3.6559039619627356,260.0,260.0,180.0,465.64070438858664,724.1505376344082
1140,3.972954200071399,260.0,260.0,180.0,431.7893537734474,688.9806451612899
1141,0.0,260.0,259.3973263911864,180.0,385.07740596456233,654.4587888266808
1142,0.0,260.0,233.12548171200592,180.0,341.18500171200594,648.1862278460293
1143,0.0,260.0,210.60186511410961,180.0,285.78402554073364,666.1326094437609
1144,0.0,260.0,195.85669533733056,180.0,220.49669491070654,699.9340123068463
1145,0.0,260.0,191.5921641959357,180.0,148.54056419593576,738.3209325262702
1146,0.0,260.0,176.16569463592668,180.0,90.08889420930268,793.2954544231233
1147,0.0,260.0,192.76929631436406,180.0,20.54969631436404,830.4166411818716
1148,0.0,235.56471707944831,194.9267175060723,180.0,0.0,842.2488542622817
1149,0.0,218.76137450737878,180.13817450737878,180.0,0.0,854.1875844633266
1150,0.0,188.494399840016,219.17600026664002,180.0,0.0,795.6992017466621
1151,0.0,185.10328213984383,248.3808825664678,180.0,0.0,702.6200691447091
1152,236.77853706111927,260.0,43.728664304579425,119.63480136569876,0.0,900.0
1153,85.92774578835395,260.0,227.2920000000001,150.90094621497803,0.0,900.0
1154,114.33897759742973,260.0,227.2920000000001,180.0,17.832578024053873,900.0
1155,117.08124036900898,260.0,227.2920000000001,180.0,87.77924036900902,900.0
1156,138.6340327790353,260.0,227.2920000000001,180.0,150.55323320565935,900.0
1157,150.7491610070236,260.0,227.2920000000001,180.0,216.77916058039966,900.0
1158,143.41999973335993,260.0,227.2920000000001,180.0,287.572800159984,900.0
1159,101.66013527700466,260.0,260.0,180.0,348.3565352770046,864.8301075268816
1160,105.71891035226133,260.0,260.0,180.0,385.9897103522612,829.6602150537633
1161,94.5653870397465,260.0,260.0,180.0,415.59658661312244,794.4903225806449
1162,59.89484622849318,260.0,260.0,180.0,442.2564458018692,759.3204301075266
1163,11.418469424093928,260.0,260.0,180.0,460.2192694240939,724.1505376344082
1164,0.0,260.0,253.87362647046996,180.0,438.9828260438459,695.5681435801395
1165,0.0,260.0,239.6035255310146,180.0,399.3508059576386,682.3299440844248
1166,0.0,260.0,238.4551716351665,180.0,337.32557120854244,670.3265337240307
1167,0.0,260.0,218.0396933552824,180.0,280.4205733552824,680.2752505463077
1168,0.0,260.0,193.92055447642434,180.0,221.8757544764244,716.1585253028406
1169,0.0,260.0,176.39110231318847,180.0,159.1571023131885,770.8906733531755
1170,0.0,260.0,154.84089457793345,180.0,104.60409457793344,848.7950877855052
1171,0.0,260.0,189.16937358057714,180.0,22.927374007201138,889.7871592042394
1172,0.0,233.12862102561155,198.73702145223552,180.0,0.0,895.2323409766632
1173,0.0,210.2188717026204,193.94447127599636,180.0,0.0,884.2956381448722
1174,0.0,175.71200015998397,240.47999973336,180.0,0.0,790.8842734206765
1175,0.0,180.88790190319236,255.59590147656832,180.0,0.0,686.0845985467007
1176,241.21562046758632,260.0,28.350676648431634,125.89709711601802,0.0,900.0
1177,78.05962912576155,260.0,227.2920000000001,155.34642955238564,0.0,900.0
1178,106.34358609973276,260.0,227.2920000000001,180.0,22.329985673108865,900.0
1179,130.0448215585322,260.0,227.2920000000001,180.0,80.45482155853233,900.0
1180,128.77582214914963,260.0,227.2920000000001,180.0,156.19582257577372,900.0
1181,145.67521654146668,260.0,227.2920000000001,180.0,219.74361654146674,900.0
1182,142.27600026663987,260.0,227.2920000000001,180.0,288.259199840016,900.0
1183,112.27184766495327,260.0,260.0,180.0,341.7906480915773,864.8301075268816
1184,107.49913434424059,260.0,260.0,180.0,384.85153434424046,829.6602150537633
1185,75.90283348685341,260.0,260.0,180.0,427.9228334868534,794.4903225806449
1186,39.08031785259345,260.0,260.0,180.0,456.42431827921746,759.3204301075266
1187,46.25203874930526,260.0,260.0,180.0,435.8912387493052,724.1505376344082
1188,7.7032015727290855,260.0,260.0,180.0,429.132401572729,688.9806451612899
1189,0.0,260.0,246.94839041909438,180.0,394.0543904190944,667.8447414848442
1190,0.0,260.0,224.40525118811797,180.0,347.4996511881179,670.9487724653625
1191,0.0,260.0,214.09506385058933,180.0,283.2650638505893,685.13902638946
1192,0.0,260.0,195.2646394859263,180.0,220.91839991255029,719.5770484476038
1193,0.0,260.0,165.65916769691069,180.0,166.6523676969107,785.8489111390977
1194,0.0,260.0,169.74540644104962,180.0,94.45900644104961,847.726968729367
1195,0.0,260.0,183.83501307953588,180.0,26.45061350615987,894.4549116545971
1196,0.0,227.482669233605,207.56786880698098,180.0,0.0,885.0973639524859
1197,0.0,203.24200469141329,205.22040511803726,180.0,0.0,855.477746084955
1198,0.0,179.66719999999998,233.88799999999998,180.0,0.0,772.8724409666754
1199,0.0,185.36290804166072,247.93650846828473,180.0,0.0,680.5151783233798
1200,39.37216793632564,260.0,256.67535055187346,110.73991848819912,0.0,648.9201777299675
1201,56.687606211621755,260.0,260.0,148.94160621162177,0.0,613.7502852568491
1202,58.02163401424468,260.0,260.0,180.0,31.112833587620685,578.5803927837308
1203,108.98359706755764,260.0,260.0,180.0,73.87439749418161,543.4105003106125
1204,120.95349533175443,260.0,260.0,180.0,141.95189533175449,508.2406078374942
1205,135.6706929610657,260.0,260.0,180.0,206.4790929610656,473.0707153643759
1206,121.86399973335995,260.0,260.0,180.0,280.8816001599839,437.90082289125763
1207,122.40911739141654,260.0,260.0,180.0,335.51831739141653,402.73093041813934
1208,114.50291031268523,260.0,260.0,180.0,380.37371031268515,367.56103794502104
1209,72.51104328765996,260.0,260.0,180.0,430.16304371428396,332.39114547190275
1210,62.674685703210685,260.0,260.0,180.0,440.36428612983457,297.22125299878445
1211,16.151373261444064,260.0,260.0,180.0,456.913773261444,262.05136052566615
1212,0.0,260.0,254.9949431416984,180.0,438.1841431416983,232.2632496206141
1213,0.0,260.0,248.25136762136594,180.0,393.1148076213659,209.72629518903778
1214,0.0,260.0,246.246659498418,180.0,331.68345949841796,189.34494088966358
1215,0.0,260.0,216.04060509951034,180.0,281.8621250995103,201.44321497621158
1216,0.0,260.0,192.9935991256254,180.0,222.53599912562538,238.3232159163993
1217,0.0,260.0,166.42035101049828,180.0,166.1207514371223,303.7766019266162
1218,0.0,260.0,171.38284642601127,180.0,93.34444642601125,363.89397136101263
1219,0.0,260.0,203.27613617726155,180.0,13.610136603885508,389.71748084782814
1220,0.0,231.0269893119331,202.02418888530906,180.0,0.0,389.6525401716807
1221,0.0,212.02913849149508,191.01873849149507,180.0,0.0,383.5634373520785
1222,0.0,176.336000159984,239.43999973335997,180.0,0.0,291.8569121977753
1223,0.0,183.92788487525456,250.39268530187854,180.0,0.0,195.5096774193549
1224,3.6806764782355685,260.0,260.0,129.26587690485962,0.0,160.3397849462366
1225,53.18703067176182,260.0,260.0,150.91943024513785,0.0,125.1698924731183
1226,105.16659399932945,260.0,260.0,180.0,4.593793999329421,90.0
1227,133.77440678903488,260.0,227.292,180.0,78.34760721565885,90.0
1228,153.43355955453652,260.0,227.292,180.0,142.0823599811605,90.0
1229,143.7280497892141,260.0,227.292,180.0,220.881250215838,90.0
1230,351.9285164240515,260.0,20.639483309308496,180.0,286.459200159984,312.2070071942919
1231,119.77595743117922,260.0,260.0,180.0,337.14755785780324,277.0371147211736
1232,90.06387068303547,260.0,260.0,180.0,395.9986702564113,241.86722224805533
1233,71.88664610759906,260.0,260.0,180.0,430.575445680975,206.69732977493703
1234,39.35449435854002,260.0,260.0,180.0,456.23769393191606,171.52743730181874
1235,17.010530713212006,260.0,260.0,180.0,456.313731139836,136.35754482870044
1236,0.0,260.0,255.585503137278,180.0,437.76350356390185,105.93442317571333
1237,0.0,260.0,240.00141004687066,180.0,399.06388962024675,92.26839086725028
1238,0.0,260.0,229.40160350654276,180.0,343.8816030799187,90.0
1239,0.0,260.0,206.14853929220965,180.0,288.9953392922097,112.73490398687133
1240,0.0,260.0,183.02135340900224,180.0,229.63895383562624,160.3377497836431
1241,0.0,260.0,172.53242944391963,180.0,161.85202901729565,219.2190084460951
1242,0.0,260.0,177.2852463718034,180.0,89.32684637180341,272.9897112721129
1243,0.0,260.0,184.65212661811802,180.0,25.910926191494013,318.83903748919033
1244,0.0,237.66135712578318,191.64735755240713,180.0,0.0,336.16828571171993
1245,0.0,206.90657227882775,199.29777227882772,180.0,0.0,316.3617837841108
1246,0.0,179.92159984001603,233.46400026663997,180.0,0.0,234.4515282072313
1247,0.0,186.19371108480811,246.51451108480813,180.0,0.0,144.40424986909272
1248,23.486644312159683,260.0,260.0,117.9294438855357,0.0,109.23435739597443
1249,60.024456542014406,260.0,245.17995237825622,155.4296089202706,0.0,90.0
1250,89.25507373313198,260.0,227.292,180.0,31.942273733131913,90.0
1251,132.67843264692524,260.0,227.292,180.0,78.96683222030117,90.0
1252,131.72270288952362,260.0,227.292,180.0,154.50910288952366,90.0
1253,161.72991323620727,260.0,200.05523547322468,180.0,226.27674828280794,119.28684357717776
1254,374.38399973335993,260.0,0.0,180.0,285.369600159984,363.68684357717774
1255,106.9976208851084,260.0,260.0,180.0,345.0540213117324,328.51695110405944
1256,85.64454244270598,260.0,260.0,180.0,398.8241424427059,293.34705863094115
1257,88.2211981250091,260.0,260.0,180.0,419.78679769838504,258.17716615782285
1258,59.14086172558427,260.0,260.0,180.0,442.7696621522083,223.0072736847046
1259,42.951064416885856,260.0,260.0,180.0,438.1966644168858,187.8373812115863
1260,18.669681303251537,260.0,260.0,180.0,421.3212808766275,152.667488738468
1261,0.0,260.0,242.14403408782061,180.0,397.5188336611966,136.69755961177916
1262,0.0,260.0,232.697117153362,180.0,341.4951967267381,130.8856056834329
1263,0.0,260.0,206.57989018073192,180.0,288.68429018073186,153.15669151060288
1264,0.0,260.0,187.2898337888173,180.0,226.59863336219325,196.16977345811114
1265,0.0,260.0,186.30156159718086,180.0,152.2355615971809,240.24551367619623
1266,0.0,260.0,176.62265412404736,180.0,89.77785455067135,294.72868128474744
1267,0.0,260.0,192.22969363043535,180.0,20.906093203811338,332.43008598320404
1268,0.0,223.59390114766484,213.65030072104076,180.0,0.0,312.87684691035224
1269,0.0,197.43447293117845,214.60647250455446,180.0,0.0,267.7056036113004
1270,0.0,188.38400000000001,219.36,180.0,0.0,208.9155958693649
1271,12.676026174205731,170.90882617420573,260.0,180.0,0.0,90.0
1272,67.72166816103433,260.0,227.292,111.33166816103443,0.0,90.0
1273,81.06947028384721,260.0,227.292,153.64587028384722,0.0,90.0
1274,99.7736017907221,260.0,227.292,180.0,26.025601790722078,90.0
1275,108.19893805240181,260.0,227.292,180.0,92.79773805240188,90.0
1276,144.6987453465538,260.0,227.292,180.0,147.08194577317772,90.0
1277,158.19692711695828,260.0,223.15684076979332,180.0,214.84376746012754,94.44640777441577
1278,383.52799973335993,260.0,0.0,180.0,279.88320015998397,338.84640777441575
1279,127.25634503797562,260.0,260.0,180.0,332.51914546459966,303.67651530129746
1280,94.60031866259658,260.0,260.0,180.0,393.09831823597256,268.50662282817916
1281,54.83519277728203,260.0,260.0,180.0,441.837592777282,233.3367303550609
1282,41.54028634470126,260.0,260.0,180.0,454.7498859180772,198.1668378819426
1283,32.18144724559045,260.0,260.0,180.0,445.7182472455904,162.9969454088243
1284,0.0,260.0,259.50263716164636,180.0,434.9734371616463,128.3618516866239
1285,0.0,260.0,255.91156489173056,180.0,387.5910044651065,97.58812599659106
1286,0.0,260.0,234.34895717682969,180.0,340.2990367502057,90.0
1287,0.0,260.0,223.69336482863787,180.0,276.34368482863783,93.86950018426035
1288,0.0,260.0,201.65016603066766,180.0,216.37016603066763,121.44136466741338
1289,0.0,260.0,177.8004221274781,180.0,158.17282255410214,174.65811506797456
1290,0.0,260.0,185.99033454569673,180.0,83.40153411907272,219.068508029591
1291,0.0,260.0,180.84407157835727,180.0,28.42607115173331,269.01251708512075
1292,0.0,237.1272134467456,192.4828130201215,180.0,0.0,284.9413310367589
1293,0.0,201.19689246012405,208.525692460124,180.0,0.0,249.84523526097016
1294,0.0,194.5616,209.06399999999996,180.0,0.0,207.9331392609702
1295,0.0,190.1541860479182,239.73578647454218,180.0,0.0,128.89765858198945
1296,24.09718557262522,260.0,260.0,117.57998557262528,0.0,93.72776610887115
1297,89.29849716824319,260.0,230.75882248125018,147.03771922286933,0.0,90.0
1298,110.92291385176591,260.0,227.292,180.0,19.75411385176585,90.0
1299,162.2477152950429,260.0,184.59555730561272,180.0,86.38367302727966,135.91015343482502
1300,378.42178310558245,260.0,0.0,180.0,143.40098310558244,380.310153434825
1301,372.8702619244767,260.0,0.0,180.0,219.80026235110074,624.710153434825
1302,377.42399973336,260.0,0.0,180.0,283.545600159984,869.110153434825
1303,109.23541125796623,260.0,260.0,180.0,343.66941168459016,833.9402609617066
1304,130.1345259820166,260.0,260.0,180.0,370.37972640864064,798.7703684885882
1305,63.90823061591402,260.0,260.0,180.0,435.84503104253804,763.6004760154699
1306,67.62508617955064,260.0,260.0,180.0,436.99468575292667,728.4305835423515
1307,9.300721302202646,260.0,260.0,180.0,461.6983208755786,693.2606910692332
1308,11.867025070425598,260.0,260.0,180.0,426.16662507042554,658.0907985961148
1309,0.0,260.0,251.1503429068523,180.0,391.0243433334763,632.4366664382092
1310,0.0,260.0,236.33710440507514,180.0,338.8593439784512,622.7107477230746
1311,0.0,260.0,216.10158919064628,180.0,281.8181491906463,634.7434475180786
1312,0.0,260.0,191.80500315161703,180.0,223.382603151617,672.9015086453721
1313,0.0,260.0,169.26913702521244,180.0,164.13113745183648,735.2916838870792
1314,0.0,260.0,177.64319811467465,180.0,89.08319854129866,788.6774923659237
1315,0.0,260.0,177.47540724779475,180.0,30.651007247794723,842.2437211317358
1316,0.0,250.26116540423385,171.93996583085783,180.0,0.0,892.6075329226212
1317,0.0,217.06363766325694,182.88203766325694,180.0,0.0,900.0
1318,0.0,183.795200159984,227.00799973335995,180.0,0.0,828.6728647811807
1319,4.871201373589656,175.46880094696564,260.0,180.0,0.0,714.0436451982101
1320,225.81270780223613,260.0,54.3525900343354,119.83049826319558,0.0,900.0
1321,84.84812922159944,260.0,227.2920000000001,151.51092922159955,0.0,900.0
1322,94.86659349081623,260.0,227.2920000000001,180.0,28.785793917440287,900.0
1323,152.54501803821836,260.0,227.2920000000001,180.0,67.74221846484244,900.0
1324,108.01741000529483,260.0,227.2920000000001,180.0,168.0774104319189,900.0
1325,175.0200657784713,260.0,227.2920000000001,180.0,202.59886577847135,900.0
1326,138.19599999999997,260.0,227.2920000000001,180.0,290.70720000000006,900.0
1327,118.86660798637843,260.0,260.0,180.0,337.7102084130024,864.8301075268816
1328,106.01561409068393,260.0,260.0,180.0,385.8000145173079,829.6602150537633
1329,88.32911871408123,260.0,260.0,180.0,419.71551828745714,794.4903225806449
1330,63.20780569983526,260.0,260.0,180.0,440.0014061264592,759.3204301075266
1331,23.00956219414536,260.0,260.0,180.0,452.12396176752134,724.1505376344082
1332,0.0,260.0,254.32215298946744,180.0,438.6633529894673,695.0858570005723
1333,0.0,260.0,253.65217837644332,180.0,389.2202583764433,666.7415791764397
1334,0.0,260.0,226.95168347173683,180.0,345.6556830451128,667.1075109272604
1335,0.0,260.0,214.13299298044217,180.0,283.2377129804421,681.2569808407634
1336,0.0,260.0,204.80480465109173,180.0,214.1232042244677,705.436760785826
1337,0.0,260.0,185.4122582776406,180.0,152.85665785101662,750.4687411324489
1338,0.0,260.0,188.21420601758996,180.0,81.887806444214,792.4878744468683
1339,0.0,260.0,191.46654038593886,180.0,21.410140812562872,831.0098740318803
1340,0.0,240.43191751977815,187.31391709315415,180.0,0.0,855.6030624218114
1341,0.0,205.10609039057874,202.20769081720272,180.0,0.0,830.9751628543288
1342,0.0,176.13919999999996,239.76800000000003,180.0,0.0,738.7309570908878
1343,6.850685454187499,174.3122858808115,260.0,180.0,0.0,623.0146133457324
1344,282.63188616765336,260.0,0.0,118.41868574102938,0.0,867.4146133457324
1345,119.6427633919429,260.0,196.9875904115311,148.973953803474,0.0,900.0
1346,102.11651380354976,260.0,227.2920000000001,180.0,24.70771380354978,900.0
1347,128.98156253352414,260.0,227.2920000000001,180.0,81.05556253352415,900.0
1348,132.97634844326143,260.0,227.2920000000001,180.0,153.79154801663753,900.0
1349,142.58883620374655,260.0,227.2920000000001,180.0,221.54683663037065,900.0
1350,119.71692107896001,260.0,240.03507892103994,180.0,294.14879999999994,886.2977646010324
1351,95.74541019256094,260.0,260.0,180.0,352.01621019256095,851.1278721279141
1352,101.04972611305755,260.0,260.0,180.0,388.9749265396815,815.9579796547957
1353,82.44744609579652,260.0,260.0,180.0,423.60024652242055,780.7880871816774
1354,41.38035034571385,260.0,260.0,180.0,454.85874991908986,745.618194708559
1355,22.150404239996305,260.0,260.0,180.0,452.72400423999625,710.4483022354407
1356,1.8798287837059888,260.0,260.0,180.0,433.28022921032994,675.2784097623223
1357,0.0,260.0,239.01302127055737,180.0,399.77662127055737,662.6751610843036
1358,0.0,260.0,227.360002982654,180.0,345.36000340927797,662.6020395975788
1359,0.0,260.0,215.894838247527,180.0,281.967238247527,674.8570522346465
1360,0.0,260.0,183.30691595893262,180.0,229.43555553230863,722.1528415261168
1361,0.0,260.0,190.52952179362183,180.0,149.28272179362182,761.682387984588
1362,0.0,260.0,163.11187050197236,180.0,98.97427050197234,830.693279917951
1363,0.0,260.0,162.83675032369445,180.0,40.31955032369444,900.0
1364,0.0,226.83370888649654,208.58290931312052,180.0,0.0,888.9409881671556
1365,0.0,209.00550342040776,195.90550342040774,180.0,0.0,874.755082435664
1366,0.0,184.078399840016,226.53600026663997,180.0,0.0,804.2016812243759
1367,0.0,186.41085274814589,246.14285274814586,180.0,0.0,714.7581486698417
1368,80.09678852757602,260.0,223.26908778834857,106.5510763159246,0.0,719.0838607253809
1369,61.186009436342715,260.0,260.0,146.40000986296673,0.0,683.9139682522625
1370,76.88780984449983,260.0,260.0,180.0,20.50060984449982,648.7440757791442
1371,95.69285925495478,260.0,260.0,180.0,81.38365968157882,613.5741833060258
1372,124.21785766962262,260.0,260.0,180.0,140.08345724299852,578.4042908329075
1373,129.92614812916963,260.0,260.0,180.0,209.8353477025455,543.2343983597891
1374,115.10399999999993,260.0,260.0,180.0,284.9376,508.0645058866709
1375,95.357948255211,260.0,260.0,180.0,352.255948255211,472.8946134135526
1376,94.49881466305396,260.0,260.0,180.0,393.1632142364299,437.7247209404343
1377,85.5694350792379,260.0,260.0,180.0,421.53823465261394,402.554828467316
1378,57.00838224676818,260.0,260.0,180.0,444.22118182014424,367.3849359941977
1379,24.11742294031592,260.0,260.0,180.0,451.3502233669399,332.2150435210794
1380,0.0,260.0,245.71791448704596,180.0,444.7919144870459,312.4022322446859
1381,0.0,260.0,257.8734675317477,180.0,386.1762675317476,279.5189338234518
1382,0.0,260.0,232.9799713099385,180.0,341.29037130993856,273.40283564072223
1383,0.0,260.0,210.57881040070458,180.0,285.8006504007045,291.37400725286784
1384,0.0,260.0,191.58074000945123,180.0,223.54233958282725,329.7732115437805
1385,0.0,260.0,165.84757921918003,180.0,166.52077964580405,395.8424812005762
1386,0.0,260.0,191.0625904991128,180.0,79.94899007248875,434.7988355026054
1387,0.0,260.0,181.39909148916763,180.0,28.059491489167613,484.1460489551133
1388,0.0,230.43294129880485,202.95334087218077,180.0,0.0,482.52361498869874
1389,0.0,197.0283860203366,215.26278559371258,180.0,0.0,436.26493699436077
1390,0.0,174.8768,241.87199999999996,180.0,0.0,340.5717096395221
1391,0.0,179.05635902031435,258.73075902031434,180.0,0.0,230.67956989247318
1392,25.78227992904158,260.0,260.0,116.61548035566557,0.0,195.5096774193549
1393,46.21041552058125,260.0,260.0,154.86121552058125,0.0,160.3397849462366
1394,59.897601751476486,260.0,260.0,180.0,30.057601751476454,125.1698924731183
1395,97.99931372026822,260.0,260.0,180.0,80.08051372026819,90.0
1396,162.24977957166303,260.0,227.292,180.0,137.03617957166307,90.0
1397,146.55588493044516,260.0,227.292,180.0,219.22908535706915,90.0
1398,379.2482936327721,260.0,3.839706100587881,180.0,280.147200159984,330.2712837628087
1399,92.44012238181858,260.0,260.0,180.0,354.0613228084426,295.1013912896904
1400,96.95833465197256,260.0,260.0,180.0,391.59073422534857,259.9314988165721
1401,67.52357034982867,260.0,260.0,180.0,433.4571707764527,224.76160634345382
1402,63.55052595150664,260.0,260.0,180.0,439.7681259515066,189.59171387033552
1403,17.515474275477118,260.0,260.0,180.0,455.9610747021011,154.42182139721723
1404,7.9648424366421295,260.0,260.0,180.0,428.9460420100181,119.25192892409893
1405,0.0,260.0,251.29313542477507,180.0,390.921374998151,93.44425642434078
1406,0.0,260.0,230.49515847463692,180.0,343.0897184746369,90.0
1407,0.0,260.0,210.22629235772388,180.0,286.0548527843479,108.35022327126464
1408,0.0,260.0,192.79325691355416,180.0,222.67869734017813,145.44564594486232
1409,0.0,260.0,178.697262420338,180.0,157.546462420338,197.69805194449887
1410,0.0,260.0,164.91686273923648,180.0,97.74566231261247,264.768092009836
1411,0.0,260.0,179.7879912800381,180.0,29.123591280038113,315.8476712786122
1412,0.0,241.50020537700357,185.64300537700353,180.0,0.0,343.24172951901323
1413,0.0,193.4518856368984,221.0430852102744,180.0,0.0,287.4057652324565
1414,0.0,173.60000000000002,244.00000000000006,180.0,0.0,188.22417383460697
1415,0.0,193.00063018335317,234.86383018335312,180.0,0.0,117.10301332163303
1416,31.892442847441117,260.0,252.49780238911873,117.41224566318391,0.0,90.0
1417,88.3241685603169,260.0,227.292,149.54696813369287,0.0,90.0
1418,96.13635349776834,260.0,227.292,180.0,28.071553924392333,90.0
1419,127.41121074274272,260.0,227.292,180.0,81.94281074274272,90.0
1420,163.21850547170962,260.0,227.292,180.0,136.48170547170957,90.0
1421,213.54240914315622,260.0,167.9406312071945,180.0,214.7682399237267,153.81867612129622
1422,360.78399973336,260.0,0.0,180.0,293.52960015998406,398.2186761212962
1423,113.44214112703264,260.0,260.0,180.0,341.0665411270327,363.0487836481779
1424,84.68415870727358,260.0,260.0,180.0,399.43815828064953,327.8788911750596
1425,77.59872871491416,260.0,260.0,180.0,426.80272828829015,292.7089987019413
1426,57.549117735662094,260.0,260.0,180.0,443.853118162286,257.539106228823
1427,17.997808675697115,260.0,260.0,180.0,455.624208675697,222.3692137557047
1428,11.216661256602265,260.0,260.0,180.0,426.6298612566022,187.1993212825864
1429,0.0,260.0,246.11543670857702,180.0,394.65503713520104,166.95906675723475
1430,0.0,260.0,237.6904996243029,180.0,337.87929919767885,155.7778843655112
1431,0.0,260.0,206.29653751735657,180.0,288.8886170907325,178.35365047588047
1432,0.0,260.0,194.58586895485735,180.0,221.40186938148133,213.5215333201199
1433,0.0,260.0,194.29775751401104,180.0,146.65095708738704,248.99921341258113
1434,0.0,260.0,166.10495872832502,180.0,96.936958301701,314.7917309090058
1435,0.0,260.0,179.92674657890075,180.0,29.03194615227676,365.7221109316932
1436,0.0,221.3225409310853,217.20294093108527,180.0,0.0,340.21375001864965
1437,0.0,188.402708298844,229.20350872546794,180.0,0.0,270.8569100932534
1438,0.0,185.494399840016,224.17600026664002,180.0,0.0,204.17218329056738
1439,4.039009342047166,175.95500976867118,260.0,180.0,0.0,90.0
1440,69.39862250634283,260.0,227.292,110.37182207971887,0.0,90.0
1441,78.32953360820434,260.0,227.292,155.1939336082043,0.0,90.0
1442,109.43196957056338,260.0,227.292,180.0,20.592769997187418,90.0
1443,118.22628827718384,260.0,227.292,180.0,87.13228870380783,90.0
1444,136.55819183597455,260.0,227.292,180.0,151.74139183597447,90.0
1445,146.27310195490352,260.0,227.292,180.0,219.39430152827947,90.0
1446,379.6571831172194,260.0,13.574816882780592,180.0,274.0608,319.8034227066875
1447,101.24895144377831,260.0,260.0,180.0,348.6109510171543,284.6335302335692
1448,92.1564141531262,260.0,260.0,180.0,394.6608145797502,249.46363776045092
1449,85.17629579047536,260.0,260.0,180.0,421.79789536385135,214.29374528733263
1450,38.42534236442282,260.0,260.0,180.0,456.87014193779885,179.12385281421433
1451,31.420263666653568,260.0,260.0,180.0,446.2498636666536,143.95396034109604
1452,5.692306811328422,260.0,260.0,180.0,430.56470638470444,108.78406786797774
1453,0.0,260.0,231.44950634641282,180.0,405.2307063464127,104.31363093635105
1454,0.0,260.0,240.6036767708065,180.0,335.7697571974304,90.0
1455,0.0,260.0,209.51010114109124,180.0,286.5713015677152,109.12032135366533
1456,0.0,260.0,180.873657664772,180.0,231.16869809139598,159.03251741305027
1457,0.0,260.0,155.46081547426206,180.0,173.77497504763812,236.27035023642438
1458,0.0,260.0,178.48095836082183,180.0,88.51295836082181,288.75534124629337
1459,0.0,260.0,177.23643997420152,180.0,30.808840400825545,342.57852406973257
1460,0.0,239.0541251565628,189.46892558318672,180.0,0.0,363.5593742080987
1461,0.0,194.5184750283895,219.31927545501355,180.0,0.0,310.5795628261681
1462,0.0,179.57119999999998,234.048,180.0,0.0,227.71197469713584
1463,0.0,187.14252574417537,244.8905257441753,180.0,0.0,140.30280293518186
1464,30.544504148329963,260.0,260.0,113.88970414833,0.0,105.13291046206356
1465,89.81503765873614,260.0,241.36560672971913,140.7530443884553,0.0,90.0
1466,117.84515361662662,260.0,227.292,180.0,15.860354043250595,90.0
1467,223.8545132201407,260.0,155.86799999999994,180.0,67.80691364676466,166.80000000000007
1468,375.55630817435224,260.0,0.0,180.0,145.0411081743522,411.20000000000005
1469,383.55139949864633,260.0,0.0,180.0,213.55979949864627,655.6
1470,366.976,260.0,0.0,180.0,289.8144,900.0
1471,103.06765033338002,260.0,260.0,180.0,347.48564990675595,864.8301075268816
1472,86.57369417827908,260.0,260.0,180.0,398.230094604903,829.6602150537633
1473,79.34858372365488,260.0,260.0,180.0,425.6469837236549,794.4903225806449
1474,62.56044570393385,260.0,260.0,180.0,440.44204613055786,759.3204301075266
1475,25.42123243691094,260.0,260.0,180.0,450.4396328635348,724.1505376344082
1476,1.2204949328329349,260.0,260.0,180.0,433.74985450620886,688.9806451612899
1477,0.0,260.0,253.79794523240525,180.0,389.1151452324052,660.4796287823594
1478,0.0,260.0,235.02899533904906,180.0,339.80659533904895,652.1602789554249
1479,0.0,260.0,207.00157261180584,180.0,288.3802130384297,673.9779428136982
1480,0.0,260.0,187.15527575402393,180.0,226.6944753273999,717.135710820124
1481,0.0,260.0,177.92100616487375,180.0,158.08860573824973,770.222800965421
1482,0.0,260.0,194.04044621792275,180.0,77.9220462179228,805.9771598708804
1483,0.0,260.0,197.14008013530395,180.0,17.662880135303908,838.398579080231
1484,0.0,239.11402915788665,189.37522958451058,180.0,0.0,859.5364873655149
1485,0.0,200.79569816266587,209.1740981626658,180.0,0.0,823.3660585172747
1486,0.0,168.72319984001604,252.12800026664002,180.0,0.0,710.8604897360941
1487,9.242226593899773,172.91502616727576,260.0,180.0,0.0,593.830721860215
1488,282.005063257024,260.0,0.0,118.77746325702412,0.0,838.230721860215
1489,151.16768115450273,260.0,169.84657132999993,146.49705248450266,0.0,900.0
1490,135.1630422575227,260.0,227.2920000000001,180.0,6.119041830898709,900.0
1491,128.62986889111045,260.0,227.2920000000001,180.0,81.2542693177345,900.0
1492,163.21036491792762,260.0,227.2920000000001,180.0,136.48636491792774,900.0
1493,149.1009368268439,260.0,227.2920000000001,180.0,217.742136826844,900.0
1494,107.02430067566286,260.0,252.33569959097724,180.0,294.38399984001603,873.0712907623902
1495,112.9439760425646,260.0,260.0,180.0,341.3747756159406,837.9013982892718
1496,94.86579014091922,260.0,260.0,180.0,392.9285905675432,802.7315058161535
1497,71.46267185095974,260.0,260.0,180.0,430.85547227758366,767.5616133430351
1498,68.91980591751224,260.0,260.0,180.0,436.1134059175122,732.3917208699168
1499,45.279833980168064,260.0,260.0,180.0,436.57023398016804,697.2218283967984
1500,0.0,260.0,253.70542893241225,180.0,439.1026285057882,668.8202919103336
1501,0.0,260.0,255.46013336756187,180.0,387.91653379418585,638.5319764613423
1502,0.0,260.0,219.66725432080534,180.0,350.93061432080526,646.7306277292936
1503,0.0,260.0,231.33050668076703,180.0,270.836506680767,642.3881474273935
1504,0.0,260.0,190.25011005595883,180.0,224.49011048258285,682.2181366145345
1505,0.0,260.0,153.2239908997458,180.0,175.33719047312184,761.8611571524423
1506,0.0,260.0,185.09926255388035,180.0,84.00806212725638,807.229692040743
1507,0.0,260.0,189.80148039657985,180.0,22.509879969955875,847.5420787110872
1508,0.0,251.059885754652,170.69068532802794,180.0,0.0,900.0
1509,0.0,195.71227269399685,217.3898731206208,180.0,0.0,850.216984589754
1510,0.0,179.93120015998397,233.44799973336,180.0,0.0,768.332958188139
1511,0.7991184591302272,177.8479184591302,260.0,180.0,0.0,655.9401090666031
1512,301.7226648928842,260.0,0.31630143194086147,107.31056589820116,0.0,900.0
1513,109.73656893497667,260.0,227.2920000000001,137.44896893497673,0.0,900.0
1514,130.45264223173268,260.0,227.2920000000001,180.0,8.7686418051087,900.0
1515,117.31842864813831,260.0,227.2920000000001,180.0,87.64522907476237,900.0
1516,146.69318102311996,260.0,227.2920000000001,180.0,145.9403814497441,900.0
1517,176.35318805933747,260.0,227.2920000000001,180.0,201.81998805933745,900.0
1518,145.688361225734,260.0,228.487639040906,180.0,285.49439984001606,898.7143666226818
1519,108.26280298490633,260.0,260.0,180.0,344.27120298490627,863.5444741495635
1520,81.92793445945108,260.0,260.0,180.0,401.200334459451,828.3745816764451
1521,74.90842234468926,260.0,260.0,180.0,428.57962234468926,793.2046892033268
1522,47.66355005209175,260.0,260.0,180.0,450.58195005209177,758.0347967302084
1523,14.83249107388258,260.0,260.0,180.0,457.8348906472586,722.8649042570901
1524,11.07462778002025,260.0,260.0,180.0,426.7310277800201,687.6950117839718
1525,0.0,260.0,252.23467032093697,180.0,390.242429894313,660.8749361700611
1526,0.0,260.0,234.2190371749839,180.0,340.39311674835994,653.426509100186
1527,0.0,260.0,209.85071984921615,180.0,286.32567984921616,672.1805737784482
1528,0.0,260.0,186.25822193957788,180.0,227.33342193957787,716.302915778902
1529,0.0,260.0,173.02229955253426,180.0,161.50989997915826,774.6574323890802
1530,0.0,260.0,179.16639860836807,180.0,88.04639818174405,826.405390874706
1531,0.0,260.0,165.89706960276834,180.0,38.29827002939237,892.4214450652776
1532,0.0,233.9423170435939,197.46431747021785,180.0,0.0,900.0
1533,0.0,209.6317579335132,194.8933579335132,180.0,0.0,887.4911019913593
1534,0.0,186.59840000000003,222.33599999999996,180.0,0.0,823.8226302494239
1535,0.0,189.9559262683489,240.07512669497288,180.0,0.0,744.2359034201957
1536,220.62514482104427,260.0,82.43139018078195,106.72813542845023,0.0,900.0
1537,42.268178546438605,260.0,260.0,157.08857811981466,0.0,864.8301075268816
1538,88.46310618091525,260.0,260.0,180.0,13.989505754291258,829.6602150537633
1539,104.89413955166765,260.0,260.0,180.0,76.18493955166764,794.4903225806449
1540,119.69985032066586,260.0,260.0,180.0,142.66944989404192,759.3204301075266
1541,118.51785321654552,260.0,260.0,180.0,216.50065278992156,724.1505376344082
1542,123.83200026664008,260.0,260.0,180.0,279.700799840016,688.9806451612899
1543,83.08568418008485,260.0,260.0,180.0,359.8492846067088,653.8107526881715
1544,88.9082861677606,260.0,260.0,180.0,396.73748659438456,618.6408602150532
1545,69.45843259654919,260.0,260.0,180.0,432.1792325965491,583.4709677419348
1546,69.99366191071329,260.0,260.0,180.0,435.38246191071323,548.3010752688165
1547,35.60300536645775,260.0,260.0,180.0,443.3286049398338,513.1311827956981
1548,9.086159107870685,260.0,260.0,180.0,428.14735910787056,477.9612903225798
1549,0.0,260.0,255.10017847835002,180.0,388.17609890497397,448.06002314155836
1550,0.0,260.0,228.99625260590017,180.0,344.1751330325242,446.2274934577947
1551,0.0,260.0,209.1389906352764,180.0,286.8389110619004,465.7468583660997
1552,0.0,260.0,188.23921547874852,180.0,225.9224150521245,507.7390997868002
1553,0.0,260.0,175.77311169623988,180.0,159.5887116962399,563.1357538768648
1554,0.0,260.0,165.16819048308707,180.0,97.57459048308704,629.9355490563411
1555,0.0,260.0,182.5322576649669,180.0,27.31105766496688,678.0643042553014
1556,0.0,230.7973569740916,202.38335740071557,180.0,0.0,677.3973064768447
1557,0.0,203.44749461659677,204.8882946165968,180.0,0.0,648.3279572050512
1558,0.0,172.91840000000002,245.13599999999997,180.0,0.0,547.2841564308578
1559,2.0756843195650845,177.1020838929411,260.0,180.0,0.0,434.1902228171042
1560,25.668312447765402,260.0,260.0,116.68071244776542,0.0,399.0203303439859
1561,39.61003048008604,260.0,260.0,158.59043090671003,0.0,363.8504378708676
1562,63.38739404362286,260.0,260.0,180.0,28.09459361699885,328.6805453977493
1563,106.12097716081894,260.0,260.0,180.0,75.4917767341949,293.510652924631
1564,109.6544064111473,260.0,260.0,180.0,148.4192068377713,258.3407604515127
1565,138.1753469432989,260.0,260.0,180.0,205.01574694329884,223.17086797839443
1566,270.66657239582304,260.0,106.78142760417694,180.0,283.5312,352.75212861906437
1567,128.02336152619887,260.0,260.0,180.0,332.04456195282296,317.58223614594607
1568,82.32614245765706,260.0,260.0,180.0,400.94574245765693,282.4123436728278
1569,90.64941112220276,260.0,260.0,180.0,418.18301112220274,247.24245119970948
1570,49.4609257868708,260.0,260.0,180.0,449.35852621349477,212.07255872659118
1571,38.20308763737842,260.0,260.0,180.0,441.51268763737835,176.9026662534729
1572,0.0,260.0,254.86038511125219,180.0,438.27998511125213,147.2592414026641
1573,0.0,260.0,247.89290039692958,180.0,393.37329997030554,125.107735599514
1574,0.0,260.0,232.0089120961428,180.0,341.9935520961428,120.03578710903787
1575,0.0,260.0,223.5475982245324,180.0,276.44879779790836,124.06202557728258
1576,0.0,260.0,192.02179084740527,180.0,223.2281912740293,161.98698165534142
1577,0.0,260.0,187.98973133857248,180.0,151.05653091194847,204.24748559236025
1578,0.0,260.0,178.53427010649102,180.0,88.476670533115,256.67515214452044
1579,0.0,260.0,207.58525160453115,180.0,10.764051177907163,277.865204182659
1580,0.0,239.6082373351918,188.60223733519172,180.0,0.0,300.29884261624284
1581,0.0,204.4211245168696,203.31472494349362,180.0,0.0,273.8367158518921
1582,0.0,180.43040000000002,232.61599999999999,180.0,0.0,193.31656066909642
1583,0.0,181.42131496231923,254.68291496231916,180.0,0.0,90.0
1584,75.74011388320392,260.0,227.292,106.74211345657994,0.0,90.0
1585,95.9142015524138,260.0,227.292,145.25860197903773,0.0,90.0
1586,108.14582583656104,260.0,227.292,180.0,21.31622583656099,90.0
1587,117.30207081698441,260.0,227.292,180.0,87.65447124360844,90.0
1588,158.53768677579026,260.0,227.292,180.0,139.1608872024142,90.0
1589,158.07729378729985,260.0,227.292,180.0,212.49769336067584,90.0
1590,348.6916491638396,260.0,20.372351102800362,180.0,288.561599840016,312.4942461260211
1591,89.85440700399374,260.0,260.0,180.0,355.66120743061765,277.3243536529028
1592,107.05407860648643,260.0,260.0,180.0,385.13607817986235,242.15446117978448
1593,75.58678007621427,260.0,260.0,180.0,428.13158050283823,206.98456870666618
1594,63.3296619529051,260.0,260.0,180.0,439.9184619529051,171.81467623354789
1595,31.39765425341784,260.0,260.0,180.0,446.2656542534178,136.6447837604296
1596,3.1581303221016697,260.0,260.0,180.0,432.36973032210165,101.4748912873113
1597,0.0,260.0,237.9636488971995,180.0,400.5333284705755,90.0
1598,0.0,260.0,226.62576937222275,180.0,345.89168979884676,90.71637701911533
1599,0.0,260.0,212.45593022632687,180.0,284.4470506529508,106.6691402166133
1600,0.0,260.0,189.24840073969898,180.0,225.20360031307496,147.5762361954316
1601,0.0,260.0,165.0034949764608,180.0,167.1102945498368,214.55312331751676
1602,0.0,260.0,180.62867008725595,180.0,87.05107051387995,264.7287468796071
1603,0.0,260.0,168.66446234187572,180.0,36.47046191525175,327.769109952859
1604,0.0,240.42193335317415,187.3295333531741,180.0,0.0,352.3361215487415
1605,0.0,211.99489003473883,191.0740904613628,180.0,0.0,346.1553069326188
1606,0.0,195.85280015998399,206.91199973335995,180.0,0.0,307.7709178643372
1607,9.799713560311659,172.58931398693562,260.0,180.0,0.0,190.43498053893842
1608,29.97466511400114,260.0,260.0,114.21586554062515,0.0,155.26508806582012
1609,48.950352468827475,260.0,260.0,153.31315204220346,0.0,120.09519559270183
1610,81.35332566885731,260.0,255.2805319012127,180.0,20.643457996694053,90.0
1611,126.20073096474553,260.0,227.292,180.0,82.6267313913695,90.0
1612,128.71883827267644,260.0,227.292,180.0,156.22843869930045,90.0
1613,160.85012794520418,260.0,203.23768598350608,180.0,224.93141435533414,115.86485378117624
1614,360.9200000000001,260.0,0.0,180.0,293.448,360.2648537811762
1615,104.85471941352228,260.0,260.0,180.0,346.3799194135222,325.0949613080579
1616,82.77900645561658,260.0,260.0,180.0,400.6562064556165,289.9250688349396
1617,85.61568624641268,260.0,260.0,180.0,421.5076866730367,254.75517636182133
1618,74.14438163059265,260.0,260.0,180.0,432.55718205721655,219.58528388870303
1619,48.84458454914727,260.0,260.0,180.0,434.0805849757712,184.41539141558474
1620,11.956730673212974,260.0,260.0,180.0,426.102730246589,149.24549894246644
1621,0.0,260.0,244.6823105277682,180.0,395.6884709543922,130.54624031045762
1622,0.0,260.0,240.31339886156638,180.0,335.9799584349423,116.54473615823571
1623,0.0,260.0,216.5998740856104,180.0,281.45883365898635,128.04164574360087
1624,0.0,260.0,197.44896516656252,180.0,219.3625651665625,160.13093051073793
1625,0.0,260.0,175.2304857886753,180.0,159.96768578867534,216.11105331861393
1626,0.0,260.0,179.68428660361172,180.0,87.69388617698769,267.3021429921497
1627,0.0,260.0,189.97877799186233,180.0,22.39277841848633,307.42388708692135
1628,0.0,241.28055737214942,185.98655737214938,180.0,0.0,334.2420654552909
1629,0.0,198.44235128820753,212.97755086158355,180.0,0.0,291.7697564602022
1630,0.0,178.05920015998402,236.56799973336007,180.0,0.0,204.7712113489097
1631,5.129746303441607,175.31774587681764,260.0,180.0,0.0,90.0
1632,41.15904152260586,260.0,227.292,126.53544109598192,0.0,90.0
1633,98.76046412890244,260.0,227.292,143.65046455552647,0.0,90.0
1634,112.97910558998436,260.0,227.292,180.0,18.59750601660835,90.0
1635,181.16154707865292,260.0,172.35572063282348,180.0,82.61286813810045,149.07126813674893
1636,360.8626083266911,260.0,0.0,180.0,153.45140875331515,393.4712681367489
1637,379.3177263157745,260.0,0.0,180.0,216.0333263157745,637.8712681367489
1638,388.6160000000001,260.0,0.0,180.0,276.83040000000005,882.2712681367489
1639,107.04506546752077,260.0,260.0,180.0,345.0246654675208,847.1013756636305
1640,116.32998230445344,260.0,260.0,180.0,379.2055823044534,811.9314831905122
1641,64.7793041989238,260.0,260.0,180.0,435.2697041989238,776.7615907173938
1642,49.689406039265464,260.0,260.0,180.0,449.20300603926546,741.5916982442754
1643,29.008592670316375,260.0,260.0,180.0,447.93419309694036,706.4218057711571
1644,6.649163916723751,260.0,260.0,180.0,429.8831634900997,671.2519132980387
1645,0.0,260.0,249.53649606874467,180.0,392.18809564212063,647.333100320894
1646,0.0,260.0,223.5886114239578,180.0,348.0910109973338,651.3152385747028
1647,0.0,260.0,203.82073166316854,180.0,290.6739320897925,676.5531615175323
1648,0.0,260.0,187.15677059414276,180.0,226.69341059414273,719.7093221689918
1649,0.0,260.0,165.80236064474025,180.0,166.55236064474025,785.827213948841
1650,0.0,260.0,170.12620618371102,180.0,94.19980661033503,847.2958094502269
1651,0.0,260.0,178.27710278871103,180.0,30.121503215334997,900.0
1652,0.0,222.6304447936061,215.15724522023004,180.0,0.0,877.9207415250972
1653,0.0,200.58531578716952,209.5141157871695,180.0,0.0,841.1869428949619
1654,0.0,176.13919999999996,239.76800000000003,180.0,0.0,748.942737131521
1655,0.0,189.58300906392094,240.7134094905449,180.0,0.0,668.3191425434939
1656,279.0576051120078,260.0,11.828802565449264,113.69400725083312,0.0,900.0
1657,67.68876488077336,260.0,227.2920000000001,161.20596445414947,0.0,900.0
1658,76.95068966576389,260.0,227.2920000000001,180.0,38.86348966576401,900.0
1659,134.73134045674868,260.0,227.2920000000001,180.0,77.80694003012479,900.0
1660,140.61218734803793,260.0,227.2920000000001,180.0,149.42098777466197,900.0
1661,146.65283981672593,260.0,227.2920000000001,180.0,219.172439390102,900.0
1662,170.92399999999992,260.0,227.2920000000001,180.0,271.07039999999995,900.0
1663,120.424363649361,260.0,260.0,180.0,336.74636322273693,864.8301075268816
1664,109.49017433527001,260.0,260.0,180.0,383.5785743352699,829.6602150537633
1665,83.8581223672387,260.0,260.0,180.0,422.66852279386273,794.4903225806449
1666,65.75916593752311,260.0,260.0,180.0,438.26476593752307,759.3204301075266
1667,23.348703141491114,260.0,260.0,180.0,451.887103141491,724.1505376344082
1668,0.04834472956713398,260.0,260.0,180.0,434.5847447295671,688.9806451612899
1669,0.0,260.0,245.1106868421465,180.0,395.37956684214646,669.8207668364012
1670,0.0,260.0,236.16115510769157,180.0,338.98675553431565,660.2840409141521
1671,0.0,260.0,222.81207034088118,180.0,276.97919034088113,665.1011695798713
1672,0.0,260.0,174.5516729125519,180.0,235.6716729125519,721.8111987061595
1673,0.0,260.0,183.04580590060266,180.0,154.50940632722666,769.3877515012105
1674,0.0,260.0,171.1772146817412,180.0,93.48441425511714,829.7262303380479
1675,0.0,260.0,192.36073980200104,180.0,20.81953980200103,867.2867251746059
1676,0.0,240.73642919374106,186.83762962036502,180.0,0.0,892.6782916055772
1677,0.0,197.52743258546752,214.45623215884353,180.0,0.0,847.755979140386
1678,0.0,180.83360000000005,231.94400000000002,180.0,0.0,768.3374126027516
1679,10.906609310531167,171.94260931053117,260.0,180.0,0.0,650.3935728815326
1680,289.3559830284537,260.0,0.0,114.5699834550777,0.0,894.7935728815326
1681,82.4926608460556,260.0,222.45002277982528,155.5774836258808,0.0,900.0
1682,117.49289788773723,260.0,227.2920000000001,180.0,16.058497887737303,900.0
1683,135.03396006049383,260.0,227.2920000000001,180.0,77.63596006049397,900.0
1684,148.4352598037721,260.0,227.2920000000001,180.0,144.9432598037722,900.0
1685,139.8417966215555,260.0,227.2920000000001,180.0,223.1517966215556,900.0
1686,145.1559999999999,260.0,227.2920000000001,180.0,286.5312,900.0
1687,112.34301440679519,260.0,260.0,180.0,341.7466144067952,864.8301075268816
1688,99.39443012051561,260.0,260.0,180.0,390.0332305471395,829.6602150537633
1689,77.52935119336792,260.0,260.0,180.0,426.84855076674387,794.4903225806449
1690,64.85286168941991,260.0,260.0,180.0,438.8816621160439,759.3204301075266
1691,26.061832729780917,260.0,260.0,180.0,449.9922327297809,724.1505376344082
1692,12.263223964785084,260.0,260.0,180.0,425.88442353816095,688.9806451612899
1693,0.0,260.0,245.28992057830374,180.0,395.2503205783037,669.6280423889202
1694,0.0,260.0,234.2346270803215,180.0,340.38182750694557,662.1628519799724
1695,0.0,260.0,206.84762521498703,180.0,288.491225214987,684.1460506735348
1696,0.0,260.0,184.02306322357526,180.0,228.92546365019928,730.6717891428086
1697,0.0,260.0,190.60488650300573,180.0,149.23008650300574,770.1202982793616
1698,0.0,260.0,162.17510276441692,180.0,99.61190233779291,840.138467349881
1699,0.0,260.0,201.98879824650226,180.0,14.460397819878267,867.3462111708463
1700,0.0,238.73463714950225,189.96863757612618,180.0,0.0,887.4894178589848
1701,0.0,201.4708786465369,208.08287907316088,180.0,0.0,853.1270125252661
1702,0.0,183.83839999999998,226.93599999999998,180.0,0.0,781.9179042241908
1703,0.0,192.78820899095751,235.22740899095749,180.0,0.0,710.2061228359516
1704,211.07349847051185,260.0,50.783694237435014,130.30959270794688,0.0,900.0
1705,94.67100667666551,260.0,227.2920000000001,145.96100667666553,0.0,900.0
1706,120.02422590159648,260.0,227.2920000000001,180.0,14.634625901596564,900.0
1707,131.03447007074436,260.0,227.2920000000001,180.0,79.89567049736843,900.0
1708,139.62718034042751,260.0,227.2920000000001,180.0,149.98478076705157,900.0
1709,110.51103946379249,260.0,260.0,180.0,221.17863989041643,864.8301075268816
1710,118.85600026664008,260.0,260.0,180.0,282.68639984001607,829.6602150537633
1711,117.87818494036549,260.0,260.0,180.0,338.32178494036543,794.4903225806449
1712,89.87647816339847,260.0,260.0,180.0,396.1184785900224,759.3204301075266
1713,69.25030028883816,260.0,260.0,180.0,432.31669986221414,724.1505376344082
1714,75.51526162191317,260.0,260.0,180.0,431.6240620485371,688.9806451612899
1715,27.116938429591983,260.0,260.0,180.0,449.255338856216,653.8107526881715
1716,6.163259668733531,260.0,260.0,180.0,430.22925966873356,618.6408602150532
1717,4.641214663570054,260.0,260.0,180.0,381.2960142369461,583.4709677419348
1718,0.0,260.0,227.53595178515366,180.0,345.2325922117777,583.2086539944578
1719,0.0,260.0,218.29329817727438,180.0,280.23769775065034,592.8846774597541
1720,0.0,260.0,194.50363929386248,180.0,221.46043929386246,628.1409792943106
1721,0.0,260.0,184.5531005906633,180.0,153.45670016403926,674.0967851108016
1722,0.0,260.0,194.04806247169404,180.0,77.91686204507005,709.8429544960768
1723,0.0,260.0,172.53418577530675,180.0,33.914586201930774,768.7223246301555
1724,0.0,230.78238114014397,202.40678114014395,180.0,0.0,768.0160627511984
1725,0.0,193.8286165412968,220.4342169679208,180.0,0.0,713.188922549565
1726,0.0,177.00800015998402,238.31999973336002,180.0,0.0,623.3183784705305
1727,4.32179285907273,175.78979328569676,260.0,180.0,0.0,508.9908916859672
1728,15.191419762245175,260.0,260.0,122.67741976224528,0.0,473.8209992128489
1729,64.8338057269001,260.0,260.0,144.3390061535241,0.0,438.6511067397306
1730,82.63859360294668,260.0,260.0,180.0,17.265794029570657,403.4812142666123
1731,99.46333960854884,260.0,260.0,180.0,79.2533396085488,368.311321793494
1732,111.89305897249551,260.0,260.0,180.0,147.13785897249556,333.1414293203757
1733,141.45563543783646,260.0,260.0,180.0,203.0992358644604,297.9715368472574
1734,162.9364317212192,260.0,200.62356827878085,180.0,291.86400000000003,326.6472698808264
1735,94.94676389487825,260.0,260.0,180.0,352.51036432150227,291.4773774077081
1736,108.89676607770298,260.0,260.0,180.0,383.9579665043269,256.3074849345898
1737,69.62802235059053,260.0,260.0,180.0,432.0672219239665,221.1375924614715
1738,62.697533703065915,260.0,260.0,180.0,440.3487341296899,185.96769998835322
1739,22.165477182153495,260.0,260.0,180.0,452.7134771821535,150.79780751523492
1740,0.0,260.0,257.5739718094276,180.0,436.3471722360514,118.23654750509775
1741,0.0,260.0,240.75999216887556,180.0,398.51687259549954,103.75483549555412
1742,0.0,260.0,240.08399701086535,180.0,336.14607701086527,90.0
1743,0.0,260.0,207.17783175723514,180.0,288.25311175723516,111.62813789544609
1744,0.0,260.0,184.55456795932253,180.0,228.54688753269852,157.58236589617454
1745,0.0,260.0,165.72699593535634,180.0,166.60499593535633,223.7812949979419
1746,0.0,260.0,150.88057486814643,180.0,107.29977444152246,305.94411772036506
1747,0.0,260.0,166.76814317850807,180.0,37.7229431785081,371.02353365745313
1748,0.0,237.23204511629558,192.31884554291952,180.0,0.0,387.22719849373925
1749,0.0,192.37061791604395,222.7906179160439,180.0,0.0,328.49577512402067
1750,0.0,176.67679999999996,238.872,180.0,0.0,237.7203542207948
1751,0.0,191.94796532059246,236.66556489396845,180.0,0.0,163.6723395856265
1752,28.623333732954734,260.0,260.0,114.98933330633076,0.0,128.5024471125082
1753,66.64952495672912,260.0,260.0,143.31312538335317,0.0,93.33255463938991
1754,99.46779771834477,260.0,230.39127581463262,180.0,24.454273959601323,90.0
1755,143.1883391633526,260.0,227.292,180.0,73.02873873672866,90.0
1756,152.94512659894693,260.0,227.292,180.0,142.36192659894698,90.0
1757,149.91696925331362,260.0,227.292,180.0,217.26536925331357,90.0
1758,364.8786995791255,260.0,9.121300420874476,180.0,285.6,324.5921500850812
1759,107.22693562003417,260.0,260.0,180.0,344.9121351934101,289.4222576119629
1760,86.72985417757548,260.0,260.0,180.0,398.1302546041994,254.25236513884462
1761,51.93675409934622,260.0,260.0,180.0,443.7519540993462,219.08247266572633
1762,47.27513380070968,260.0,260.0,180.0,450.8463342273336,183.91258019260803
1763,10.890916197402476,260.0,260.0,180.0,460.58771662402637,148.74268771948974
1764,0.0,260.0,257.7533830150023,180.0,436.21938258837827,115.98851243454098
1765,0.0,260.0,247.89141248427586,180.0,393.37437291089987,93.83860653747016
1766,0.0,260.0,230.86190407984725,180.0,342.8241440798473,90.0
1767,0.0,260.0,214.79935548448816,180.0,282.75719591111215,103.43295109194821
1768,0.0,260.0,181.12782284160397,180.0,230.98766326822795,153.0718512622665
1769,0.0,260.0,170.44482649160238,180.0,163.3100269182264,214.1978442820489
1770,0.0,260.0,194.93913395582786,180.0,77.31033438245186,248.98587228653506
1771,0.0,260.0,164.84869843174613,180.0,38.990698431746125,316.12920730616287
1772,0.0,231.466285155258,201.33708515525797,180.0,0.0,317.2160259378495
1773,0.0,202.86527378701487,205.82927336039086,180.0,0.0,286.5875839853952
1774,0.0,188.84959984001603,218.58400026664003,180.0,0.0,229.06964840851563
1775,5.20246206496256,175.27526163833852,260.0,180.0,0.0,114.25850187543557
1776,37.509140885108536,260.0,249.85240674415508,115.71154762926363,0.0,90.0
1777,67.07534622204744,260.0,227.292,161.55254579542344,0.0,90.0
1778,120.46659363097919,260.0,227.292,180.0,14.385794057603277,90.0
1779,104.94372992536447,260.0,227.292,180.0,94.63692949874053,90.0
1780,145.81400148599917,260.0,227.292,180.0,146.44360148599912,90.0
1781,192.08270042107657,260.0,181.36928758959627,180.0,219.46038843729684,139.3792606563481
1782,378.6320002666399,260.0,0.0,180.0,282.820799840016,383.7792606563481
1783,101.13034064663032,260.0,260.0,180.0,348.68434022000633,348.6093681832298
1784,100.3079666368809,260.0,260.0,180.0,389.44916621025686,313.4394757101115
1785,63.02174031975005,260.0,260.0,180.0,436.43054031975,278.2695832369932
1786,39.027005852930984,260.0,260.0,180.0,456.460606279555,243.0996907638749
1787,35.45227544250497,260.0,260.0,180.0,443.433875869129,207.9297982907566
1788,6.4622775141697275,260.0,260.0,180.0,430.0162775141696,172.7599058176383
1789,0.0,260.0,247.87058889558784,180.0,393.3893888955879,150.63239087614596
1790,0.0,260.0,241.55988823183327,180.0,335.07732823183323,135.29057557309943
1791,0.0,260.0,217.2126895828053,180.0,281.01692958280523,146.12854376363137
1792,0.0,260.0,202.21082450897347,180.0,215.97082450897346,173.09754966796095
1793,0.0,260.0,148.51821819461986,180.0,178.62373819461993,257.8005408565417
1794,0.0,260.0,184.88601404815626,180.0,84.15321447478027,303.39837521336295
1795,0.0,260.0,197.64884862239745,180.0,17.326848622397506,335.2727315333657
1796,0.0,234.3017413843038,196.9021409576797,180.0,0.0,343.79363622205244
1797,0.0,186.03468374730556,233.0306833206816,180.0,0.0,268.0956117179803
1798,0.0,177.96800000000002,236.71999999999997,180.0,0.0,180.84789730937817
1799,0.0,185.90576251467178,247.00736208804778,180.0,0.0,90.0
1800,28.484199051316153,260.0,227.292,133.79019905131622,0.0,90.0
1801,76.68557133021531,260.0,227.292,156.12277175683926,0.0,90.0
1802,98.79875351234537,260.0,227.292,180.0,26.57395393896934,90.0
1803,182.27789731407995,260.0,191.9565638265061,180.0,70.90766114058601,127.99509265967083
1804,377.39607332906246,260.0,0.0,180.0,143.98807332906244,372.3950926596708
1805,388.4637531154136,260.0,0.0,180.0,210.68975311541362,616.7950926596708
1806,377.37599973336,260.0,0.0,180.0,283.57440015998395,861.1950926596708
1807,106.270141592821,260.0,260.0,180.0,345.50414159282104,826.0252001865524
1808,82.56038271684224,260.0,260.0,180.0,400.79598229021815,790.8553077134341
1809,86.54072012395864,260.0,260.0,180.0,420.89672012395863,755.6854152403157
1810,50.572862033672095,260.0,260.0,180.0,448.601662033672,720.5155227671974
1811,32.18144699439995,260.0,260.0,180.0,445.7182474210239,685.345630294079
1812,22.175665291832274,260.0,260.0,180.0,418.8240652918322,650.1757378209608
1813,0.0,260.0,249.3014839510504,180.0,392.35756395105045,626.5096260456378
1814,0.0,260.0,239.82415725461556,180.0,336.3342368279916,613.0341881374491
1815,0.0,260.0,215.19054636575015,180.0,282.4751063657501,626.0465038732016
1816,0.0,260.0,192.42546545009884,180.0,222.94066502347482,663.5374012386867
1817,0.0,260.0,188.0952414293289,180.0,150.98284185595287,705.6844534652148
1818,0.0,260.0,180.5220463420764,180.0,87.12364634207643,755.9747262156702
1819,0.0,260.0,166.63709700694244,180.0,37.80949658031841,821.1950520146568
1820,0.0,260.0,154.6764775542967,180.0,1.2984779809207225,899.2762589455205
1821,0.0,214.573297450986,186.90689745098598,180.0,0.0,900.0
1822,0.0,186.39680015998397,222.67199973336,180.0,0.0,835.7807343725785
1823,0.0,178.82977641509228,259.1185764150923,180.0,0.0,725.2585990252467
1824,208.42262728068363,260.0,64.78249709347938,123.81432480078706,0.0,900.0
1825,114.54577094678541,260.0,227.2920000000001,134.73177137340946,0.0,900.0
1826,88.93558573138256,260.0,227.2920000000001,180.0,32.121985731382665,900.0
1827,118.31625662113385,260.0,227.2920000000001,180.0,87.08145662113395,900.0
1828,129.76896998186663,260.0,227.2920000000001,180.0,155.62736998186665,900.0
1829,132.8530040582271,260.0,227.2920000000001,180.0,227.2350040582271,900.0
1830,174.94,260.0,227.2920000000001,180.0,268.6608,900.0
1831,102.70391055545963,260.0,260.0,180.0,347.71071012883556,864.8301075268816
1832,78.65638273443165,260.0,260.0,180.0,403.29198230780764,829.6602150537633
1833,88.29057564655545,260.0,260.0,180.0,419.74097521993144,794.4903225806449
1834,46.703933804326084,260.0,260.0,180.0,451.23513423095005,759.3204301075266
1835,24.207860593258943,260.0,260.0,180.0,451.2870610198829,724.1505376344082
1836,11.11200501069959,260.0,260.0,180.0,426.7044050106996,688.9806451612899
1837,0.0,260.0,253.86636665757158,180.0,389.0658062309475,660.4060573574495
1838,0.0,260.0,230.2627875187776,180.0,343.2579870921536,657.2116621759683
1839,0.0,260.0,197.74760913190266,180.0,295.05328870527865,688.9798243997288
1840,0.0,260.0,205.4476930395491,180.0,213.6652926129251,712.4683265077406
1841,0.0,260.0,191.63738277037567,180.0,148.50898319699968,750.8066246041108
1842,0.0,260.0,179.6309746041013,180.0,87.73017417747735,802.0550390083029
1843,0.0,260.0,208.35611294861224,180.0,10.254912521988274,822.4162078807628
1844,0.0,237.94590113207153,191.20230155869547,180.0,0.0,840.4914823011516
1845,0.0,201.87207327013664,207.43447284351265,180.0,0.0,807.2034109132385
1846,0.0,179.667199840016,233.88800026663995,180.0,0.0,724.5981053578644
1847,0.0,187.35494693657103,244.526946936571,180.0,0.0,637.7795544711755
1848,297.80587837107964,260.0,0.0,109.73347794445567,0.0,882.1795544711755
1849,89.2754543932343,260.0,210.7189856581932,158.3732396248035,0.0,900.0
1850,110.25936212117205,260.0,227.2920000000001,180.0,20.1273616945482,900.0
1851,132.3921700565241,260.0,227.2920000000001,180.0,79.12857048314822,900.0
1852,153.44984093342492,260.0,227.2920000000001,180.0,142.07304093342498,900.0
1853,149.81193564592985,260.0,227.2920000000001,180.0,217.32673521930587,900.0
1854,163.59599973335997,260.0,227.2920000000001,180.0,275.46720015998403,900.0
1855,104.13514724415825,260.0,260.0,180.0,346.8251472441582,864.8301075268816
1856,108.42047834008952,260.0,260.0,180.0,384.2624783400895,829.6602150537633
1857,57.87238624138263,260.0,260.0,180.0,439.8315866680066,794.4903225806449
1858,61.022014221356585,260.0,260.0,180.0,441.4892137947327,759.3204301075266
1859,26.13719744056675,260.0,260.0,180.0,449.9395974405668,724.1505376344082
1860,0.0,260.0,253.53723139435442,180.0,439.22243096773036,695.9298587157475
1861,0.0,260.0,241.01359724566714,180.0,398.33399681904325,681.1754530752453
1862,0.0,260.0,228.43796779796867,180.0,344.5794082245926,679.9432296365693
1863,0.0,260.0,216.71440493571924,180.0,281.3762449357192,691.3169877702045
1864,0.0,260.0,191.71529804424472,180.0,223.4464976176207,729.5715060021994
1865,0.0,260.0,182.9930506040339,180.0,154.5462510306579,777.204784922593
1866,0.0,260.0,186.75193428486085,180.0,82.88313428486083,820.7962534334954
1867,0.0,260.0,189.77835404240125,180.0,22.525154469025267,861.1335071513436
1868,0.0,241.09086136795725,186.28326136795715,180.0,0.0,887.4543347211404
1869,0.0,196.18685635528038,216.62285635528036,180.0,0.0,838.9421771625445
1870,0.0,181.56320015998404,230.72799973336004,180.0,0.0,761.5169619437252
1871,13.314308969777699,170.53590896977778,260.0,180.0,0.0,642.250823902198
1872,289.4129669047541,260.0,0.0,114.53736733137816,0.0,886.650823902198
1873,83.19512869170845,260.0,214.87726622904412,159.4591944941286,0.0,900.0
1874,111.3570895811036,260.0,227.2920000000001,180.0,19.509890007727677,900.0
1875,112.94501244615134,260.0,234.32356376450758,180.0,86.14337663728293,892.4391787478414
1876,123.07817959750673,260.0,260.0,180.0,140.7357800241307,857.2692862747231
1877,141.77073760644066,260.0,260.0,180.0,202.9151371798166,822.0993938016047
1878,108.87200026663993,260.0,260.0,180.0,288.676799840016,786.9295013284864
1879,91.11168198086818,260.0,260.0,180.0,354.88328155424415,751.759608855368
1880,84.27033470913807,260.0,260.0,180.0,399.70273428251403,716.5897163822497
1881,80.55112717352995,260.0,260.0,180.0,424.852727600154,681.4198239091313
1882,61.37996571140775,260.0,260.0,180.0,441.2455661380318,646.249931436013
1883,22.97941605864048,260.0,260.0,180.0,452.1450160586404,611.0800389628946
1884,9.048781877191118,260.0,260.0,180.0,428.17398187719107,575.9101464897763
1885,0.0,260.0,247.17894003821777,180.0,393.8881400382178,554.526339997069
1886,0.0,260.0,247.64979551835233,180.0,330.66739551835235,532.6362372891633
1887,0.0,260.0,215.67321288796,180.0,282.1270533145839,545.1295567644751
1888,0.0,260.0,188.57561031657536,180.0,225.68281031657534,586.7600833057919
1889,0.0,260.0,181.90779929128587,180.0,155.30419886466188,635.5602991216135
1890,0.0,260.0,165.9069427301435,180.0,97.0717423035195,701.5657370461904
1891,0.0,260.0,187.7741150616465,180.0,23.84891463502254,744.0580864422694
1892,0.0,234.8209092293938,196.09010922939376,180.0,0.0,753.9401613013472
1893,0.0,201.9846033779603,207.25260295133626,180.0,0.0,720.9534272386339
1894,0.0,189.59359999999998,217.344,180.0,0.0,665.4681854321823
1895,0.0,187.17556904077026,244.83396904077023,180.0,0.0,578.1508880286028
1896,33.91469367513662,260.0,260.0,111.9606932485126,0.0,542.9809955554845
1897,44.99175739118215,260.0,260.0,155.54975696455813,0.0,507.8111030823661
1898,72.8737295494829,260.0,260.0,180.0,22.7585299761069,472.6412106092478
1899,99.63509710826884,260.0,260.0,180.0,79.15629668164479,437.4713181361295
1900,95.16422067935844,260.0,260.0,180.0,156.71302110598242,402.30142566301123
1901,111.90879797645812,260.0,260.0,180.0,220.3619984030821,367.13153318989293
1902,125.04000026664005,260.0,260.0,180.0,278.975999840016,331.96164071677464
1903,94.25882127142029,260.0,260.0,180.0,352.9360216980443,296.79174824365634
1904,94.48319840288366,260.0,260.0,180.0,393.1731984028836,261.62185577053805
1905,88.89184724302902,260.0,260.0,180.0,419.3438472430289,226.45196329741975
1906,72.22515015042643,260.0,260.0,180.0,433.8635497238024,191.28207082430146
1907,32.482905837543285,260.0,260.0,180.0,445.50770626416715,156.11217835118316
1908,6.081029512082182,260.0,260.0,180.0,430.28782993870607,120.94228587806487
1909,0.0,260.0,248.1293994357652,180.0,393.2027594357651,98.53648003315601
1910,0.0,260.0,227.59682858601866,180.0,345.1885090126426,98.20870736001766
1911,0.0,260.0,213.96491462772616,180.0,283.3589150543502,112.53890668504329
1912,0.0,260.0,208.70698741094384,180.0,211.34378741094383,132.52279118940473
1913,0.0,260.0,162.75008991468934,180.0,168.68408991468937,201.92269450694306
1914,0.0,260.0,174.88620664767757,180.0,90.95980622105355,258.2730099395478
1915,0.0,260.0,175.03948540049845,180.0,32.25988540049843,314.4585095089043
1916,0.0,237.61143729106334,191.72543729106332,180.0,0.0,331.6568763785648
1917,0.0,192.35104746250943,222.82224746250938,180.0,0.0,272.87304651750713
1918,0.0,177.9536,236.74400000000003,180.0,0.0,185.58598965729203
1919,0.0,184.20167234723118,249.92407234723112,180.0,0.0,90.0
1920,53.42685576338599,260.0,227.292,119.51365576338605,0.0,90.0
1921,89.07662823648101,260.0,227.292,149.12182866310496,0.0,90.0
1922,106.46646582736625,260.0,227.292,180.0,22.26086582736633,90.0
1923,127.1822008339839,260.0,227.292,180.0,82.07220126060793,90.0
1924,133.48920306019673,260.0,227.292,180.0,153.49800306019677,90.0
1925,155.65343455623466,260.0,227.292,180.0,213.9138349828586,90.0
1926,370.15517729853025,260.0,6.508822701469836,180.0,284.00160000000005,327.401265912398
1927,112.29557035148923,260.0,260.0,180.0,341.7759699248652,292.2313734392797
1928,99.48031812012857,260.0,260.0,180.0,389.97831854675246,257.0614809661614
1929,75.5944889466474,260.0,260.0,180.0,428.12648894664744,221.89158849304314
1930,29.7431024193927,260.0,260.0,180.0,462.7799019927687,186.72169601992485
1931,15.857450638188766,260.0,260.0,180.0,457.11905106481277,151.55180354680655
1932,0.0,260.0,250.12842745807075,180.0,441.65042788469464,126.996505204795
1933,0.0,260.0,255.33742147351245,180.0,388.0050219001364,96.84013802897513
1934,0.0,260.0,233.65332836694688,180.0,340.80276794032284,90.0
1935,0.0,260.0,208.69425349079745,180.0,287.1596130641734,109.99757689161564
1936,0.0,260.0,196.56686249402793,180.0,219.99086249402797,143.03535915610172
1937,0.0,260.0,181.1466152241266,180.0,155.83581565075065,192.65405246349246
1938,0.0,260.0,167.34636646308252,180.0,96.09196646308249,257.11172293329616
1939,0.0,260.0,211.52435281585753,180.0,8.16235281585756,274.0661822710838
1940,0.0,246.806701494275,177.34310149427495,180.0,0.0,315.3729746926109
1941,0.0,199.97373895114413,210.50253937776813,180.0,0.0,277.00147277145186
1942,0.0,178.606400159984,235.65599973336003,180.0,0.0,191.4979408214497
1943,0.0,195.32310188687893,230.8887018868789,180.0,0.0,126.83423521137516
1944,27.906964730996208,260.0,260.0,115.39936473099624,0.0,91.66434273825686
1945,84.07728717013705,260.0,228.83983874657886,151.0719263433399,0.0,90.0
1946,96.67702550072866,260.0,227.292,180.0,27.767425927352633,90.0
1947,121.44060209893954,260.0,227.292,180.0,85.31620252556354,90.0
1948,129.6468619464628,260.0,227.292,180.0,155.69726151983878,90.0
1949,162.9734880768266,260.0,227.292,180.0,209.63708807682656,90.0
1950,378.5066118569361,260.0,4.373388143063895,180.0,280.27199999999993,329.69743210423235
1951,106.2464191698383,260.0,260.0,180.0,345.5188195964622,294.52753963111405
1952,107.2336626056773,260.0,260.0,180.0,385.0212621790532,259.35764715799576
1953,87.6584690822051,260.0,260.0,180.0,420.1584690822051,224.1877546848775
1954,44.11449382072067,260.0,260.0,180.0,452.9976942473446,189.0178622117592
1955,26.981281950177618,260.0,260.0,180.0,449.35008237680154,153.8479697386409
1956,1.5748310796745955,260.0,260.0,180.0,433.4974706530505,118.6780772655226
1957,0.0,260.0,247.97619549531555,180.0,393.31323549531544,96.43700684045209
1958,0.0,260.0,233.27841636162043,180.0,341.0742559349965,90.0
1959,0.0,260.0,215.06039739076505,180.0,282.56895739076504,103.15226087014511
1960,0.0,260.0,187.23003021779795,180.0,226.64122979117394,146.22964773272795
1961,0.0,260.0,152.131202111297,180.0,176.100402537921,227.04770997864514
1962,0.0,260.0,201.89254189196748,180.0,72.57734231859149,254.35895525609945
1963,0.0,260.0,188.69914816068768,180.0,23.237948587311678,295.85664540589767
1964,0.0,249.2977097157086,173.44690928908454,180.0,0.0,343.6944395396481
1965,0.0,206.0307946462276,200.71319421960362,180.0,0.0,321.54274756129166
1966,0.0,183.61760015998402,227.30399973336,180.0,0.0,249.73038877257986
1967,4.095566314742996,175.92196631474303,260.0,180.0,0.0,135.52714463532
1968,41.54239227431111,260.0,260.0,107.5947922743112,0.0,100.35725216220172
1969,59.136136664077185,260.0,236.9242445108476,160.59598160154877,0.0,90.0
1970,118.23836989181885,260.0,227.292,180.0,15.639169891818824,90.0
1971,384.3517797093182,260.0,0.0,180.0,65.1913797093182,334.4
1972,390.6407546035448,260.0,0.0,180.0,136.4071541769207,578.8
1973,378.21891064447254,260.0,0.0,180.0,216.6753102178485,823.1999999999999
1974,218.11599973336,260.0,155.86799999999994,180.0,285.609600159984,900.0
1975,96.19613095816987,260.0,260.0,180.0,351.73733138479383,864.8301075268816
1976,107.68652660363693,260.0,260.0,180.0,384.7317261770129,829.6602150537633
1977,90.68795418972854,260.0,260.0,180.0,418.15755418972856,794.4903225806449
1978,47.69401430574021,260.0,260.0,180.0,450.56121387911617,759.3204301075266
1979,24.034521758451433,260.0,260.0,180.0,451.4081221850755,724.1505376344082
1980,8.428319598754797,260.0,260.0,180.0,428.6159200253787,688.9806451612899
1981,0.0,260.0,251.24702550095037,180.0,390.9546250743264,663.2225532247842
1982,0.0,260.0,226.49584937037707,180.0,345.985769797001,664.0786291706153
1983,0.0,260.0,211.90409857238967,180.0,284.8449789990136,680.6247597379382
1984,0.0,260.0,209.89558313579556,180.0,210.49718356241954,699.3305843231043
1985,0.0,260.0,178.98364856718774,180.0,157.34644814056378,751.2750482293541
1986,0.0,260.0,186.26451054317863,180.0,83.21491011655462,795.3906282904522
1987,0.0,260.0,187.3963930030468,180.0,24.098392576422782,838.2891304377138
1988,0.0,231.06692498004895,201.96172540667288,180.0,0.0,838.3288943203868
1989,0.0,198.99521643748767,212.0840164374876,180.0,0.0,797.3370682689504
1990,0.0,174.8768,241.87200000000007,180.0,0.0,701.6438409141116
1991,0.0,180.91150425790295,255.55550383127894,180.0,0.0,596.9097905818318
1992,273.27024880422067,260.0,0.0,123.77704923084468,0.0,841.3097905818317
1993,125.69762466787955,260.0,172.71010524110352,159.26973033560705,0.0,900.0
1994,112.790689861992,260.0,227.2920000000001,180.0,18.703489861992125,900.0
1995,132.91562092605437,260.0,227.2920000000001,180.0,78.83282092605452,900.0
1996,142.27286059087095,260.0,227.2920000000001,180.0,148.47046059087097,900.0
1997,135.4707714461096,260.0,227.2920000000001,180.0,225.70557144610962,900.0
1998,135.77279889811743,260.0,231.89120136852253,180.0,289.40159984001605,895.0546221843845
1999,121.87141484745939,260.0,260.0,180.0,335.85101527408335,859.8847297112661
2000,96.41177413395383,260.0,260.0,180.0,391.9401745605777,824.7148372381478
2001,88.86101278900833,260.0,260.0,180.0,419.3642127890083,789.5449447650294
2002,51.700030026535615,260.0,260.0,180.0,447.83443002653564,754.3750522919111
2003,15.352507075923654,260.0,260.0,180.0,457.4717075025477,719.2051598187927
2004,13.64618149992657,260.0,260.0,180.0,424.8993810733025,684.0352673456744
2005,0.0,260.0,247.99925070510574,180.0,393.2966102784818,661.7694063724424
2006,0.0,260.0,232.01707824881692,180.0,341.98763867544085,656.6886770726393
2007,0.0,260.0,206.60294538989308,180.0,288.667664963269,678.9349723523242
2008,0.0,260.0,189.4876150237762,180.0,225.0332145971522,719.5848486708444
2009,0.0,260.0,171.70341713831476,180.0,162.43101756493877,779.3575184145919
2010,0.0,260.0,177.4527986241058,180.0,89.21279819748179,832.9480575284566
2011,0.0,260.0,187.72015425370472,180.0,23.884554680328677,875.4984292986666
2012,0.0,240.39697335262258,187.36857335262255,180.0,0.0,900.0
2013,0.0,189.06810371901855,228.12810414564257,180.0,0.0,832.4249807801327
2014,0.0,183.01279999999997,228.31199999999995,180.0,0.0,758.9602385865844
2015,4.160202277915289,175.8842027045393,260.0,180.0,0.0,644.7214966557331
2016,307.7536350623816,260.0,0.0,104.0396346357577,0.0,889.121496655733
2017,98.92373240941308,260.0,217.17499188983172,149.27432429924477,0.0,900.0
2018,107.11363383090946,260.0,227.2920000000001,180.0,21.8968338309096,900.0
2019,113.55612802793115,260.0,227.2920000000001,180.0,89.77092760130722,900.0
2020,133.4810627777394,260.0,227.2920000000001,180.0,153.50266235111553,900.0
2021,150.35326354866987,260.0,227.2920000000001,180.0,217.01046397529387,900.0
2022,159.73999973335987,260.0,227.2920000000001,180.0,277.780800159984,900.0
2023,128.4424535365613,260.0,260.0,180.0,331.78525310993734,864.8301075268816
2024,92.60147067160233,260.0,260.0,180.0,394.3762702449783,829.6602150537633
2025,83.14893043862128,260.0,260.0,180.0,423.13693001199726,794.4903225806449
2026,65.36313394003048,260.0,260.0,180.0,438.5343339400305,759.3204301075266
2027,45.97318906820715,260.0,260.0,180.0,436.0859894948311,724.1505376344082
2028,20.68057631380873,260.0,260.0,180.0,419.88897588718476,688.9806451612899
2029,0.9672949265716397,260.0,260.0,180.0,383.94529449994764,653.8107526881715
2030,0.0,260.0,221.74745939780064,180.0,349.42425897117664,659.7726243034397
2031,0.0,260.0,220.2537135947651,180.0,278.8240331681411,667.3406742015418
2032,0.0,260.0,186.40249780550533,180.0,227.23065823212937,711.3078808622887
2033,0.0,260.0,172.0802411876158,180.0,162.1678407609918,770.6753634562501
2034,0.0,260.0,183.18764657143674,180.0,85.30924614481273,818.0993994009418
2035,0.0,260.0,204.15491836644213,180.0,13.029718366442069,842.9779818026169
2036,0.0,241.69489354768945,185.33849312106537,180.0,0.0,870.8824794567296
2037,0.0,200.3798260250568,209.84622602505675,180.0,0.0,833.5984126675337
2038,0.0,188.60479984001597,218.99200026664,180.0,0.0,775.4116554132347
2039,4.483383709520979,175.69538370952097,260.0,180.0,0.0,660.9954236270662
2040,295.7919984629913,260.0,5.017743973171547,108.0141424361629,0.0,900.0
2041,56.998922115438006,260.0,227.2920000000001,167.24572211543807,0.0,900.0
2042,94.92393776416952,260.0,227.2920000000001,180.0,28.753537764169607,900.0
2043,137.65545366622646,260.0,240.34130836717,180.0,68.78196246002057,885.968485626699
2044,115.67027619862358,260.0,260.0,180.0,144.97587577199954,850.7985931535807
2045,124.39974977172494,260.0,260.0,180.0,213.0641501983489,815.6287006804623
2046,115.01600026663994,260.0,260.0,180.0,284.9903998400159,780.458808207344
2047,100.78241564166308,260.0,260.0,180.0,348.89961521503903,745.2889157342256
2048,96.69286265316862,260.0,260.0,180.0,391.76046222654463,710.1190232611073
2049,68.02463074151956,260.0,260.0,180.0,433.12623031489557,674.9491307879889
2050,63.28396620703563,260.0,260.0,180.0,439.9495657804116,639.7792383148706
2051,24.14003260474226,260.0,260.0,180.0,451.33443260474223,604.6093458417522
2052,13.160277002779821,260.0,260.0,180.0,425.24547742940376,569.4394533686338
2053,0.0,260.0,256.1569884319516,180.0,387.4140284319516,538.4018313987933
2054,0.0,260.0,233.29177906692655,180.0,341.0645794935506,531.950456058012
2055,0.0,260.0,200.6674081742632,180.0,292.9478081742632,560.5790494190194
2056,0.0,260.0,194.1560312864695,180.0,221.7080308598455,596.2091233045361
2057,0.0,260.0,180.84515663778126,180.0,156.0463566377813,646.1519656295025
2058,0.0,260.0,186.32543854261905,180.0,83.17343811599505,690.2020317127078
2059,0.0,260.0,174.13757762792352,180.0,32.85557762792354,747.3573245859084
2060,0.0,248.3092933610983,174.99289378772227,180.0,0.0,792.6036584230587
2061,0.0,197.71824450742935,214.14784408080538,180.0,0.0,748.1923092484236
2062,0.0,179.686399840016,233.85600026664002,180.0,0.0,665.6394602951999
2063,0.0,192.04237458210162,236.50397458210165,180.0,0.0,591.8539433893629
2064,36.519670334792295,260.0,260.0,110.4696707614163,0.0,556.6840509162446
2065,77.24939992472127,260.0,260.0,137.3241994980973,0.0,521.5141584431262
2066,55.48211400034046,260.0,260.0,180.0,32.54131357371648,486.34426597000794
2067,86.45886384114056,260.0,260.0,180.0,86.6008638411405,451.17437349688964
2068,98.59953437532192,260.0,260.0,180.0,154.74673480194588,416.00448102377135
2069,122.16172078424631,260.0,260.0,180.0,214.37172035762228,380.83458855065305
2070,98.06399999999996,260.0,260.0,180.0,295.1616,345.66469607753476
2071,103.14672393459205,260.0,260.0,180.0,347.436723934592,310.49480360441646
2072,61.91603028937368,260.0,260.0,180.0,413.99483071599764,275.32491113129817
2073,73.9756803674943,260.0,260.0,180.0,429.19567994087026,240.15501865817987
2074,42.941630335828904,260.0,260.0,180.0,453.7960299092049,204.98512618506157
2075,31.947816893345134,260.0,260.0,180.0,445.881416466721,169.81523371194328
2076,0.0,260.0,256.8040013557429,180.0,436.8956009291189,138.08189892082186
2077,0.0,260.0,243.7318516259769,180.0,396.3738511993529,120.40463910794347
2078,0.0,260.0,228.1016605931908,180.0,344.8229410198147,119.53403631956627
2079,0.0,260.0,214.84546565493235,180.0,282.7239456549323,132.91740658307987
2080,0.0,260.0,192.61608933272277,180.0,222.80488890609877,170.20333203176506
2081,0.0,260.0,167.15138894271342,180.0,165.61018894271342,234.8706557492775
2082,0.0,260.0,197.43718193288566,180.0,75.60998235950967,266.9726106601531
2083,0.0,260.0,166.9223154473243,180.0,37.621115447324314,331.8862499641055
2084,0.0,235.39498940846408,195.19218898184005,180.0,0.0,343.27346583404017
2085,0.0,194.57718671513476,219.22438628851074,180.0,0.0,290.4508747994811
2086,0.0,180.19040015998405,233.01599973336,180.0,0.0,209.27501252689837
2087,13.330468027893517,170.52646802789354,260.0,180.0,0.0,90.0
2088,52.482551256225776,260.0,227.292,120.05415168284986,0.0,90.0
2089,86.41848126054137,260.0,227.292,150.62368083391743,0.0,90.0
2090,103.37808181045708,260.0,227.292,180.0,23.99808181045705,90.0
2091,146.88520845894388,260.0,227.292,180.0,70.94000888556792,90.0
2092,142.14261145903586,260.0,227.292,180.0,148.54501188565985,90.0
2093,146.15998801067283,260.0,227.292,180.0,219.46038843729684,90.0
2094,370.7451309857593,260.0,21.558869280880746,180.0,274.61759984001606,311.2184201280852
2095,108.74515329642134,260.0,260.0,180.0,343.97275372304534,276.0485276549669
2096,96.6850541327226,260.0,260.0,180.0,391.7654545593465,240.8786351818486
2097,70.92306916252733,260.0,260.0,180.0,431.21186916252736,205.7087427087303
2098,66.28466968035468,260.0,260.0,180.0,437.9070701069787,170.53885023561202
2099,26.97374573028958,260.0,260.0,180.0,449.3553457302895,135.36895776249372
2100,0.0,260.0,254.6660235117189,180.0,438.41842351171874,105.934523878925
2101,0.0,260.0,235.41347213055928,180.0,402.37227255718335,97.20175814714082
2102,0.0,260.0,233.98963507684095,180.0,340.55923550346495,90.0
2103,0.0,260.0,205.12222166089805,180.0,289.73542166089806,113.83847133236767
2104,0.0,260.0,181.64587177387176,180.0,230.61867134724775,162.92032964003243
2105,0.0,260.0,179.27757043140406,180.0,157.1411708580281,214.5487485309958
2106,0.0,260.0,182.13663807340663,180.0,86.02463850003062,263.102901140236
2107,0.0,260.0,165.65039422959052,180.0,38.46119422959049,329.384197667558
2108,0.0,251.20964559157824,170.4564455915782,180.0,0.0,382.23476388753596
2109,0.0,196.80332580468934,215.62652537806537,180.0,0.0,335.3734112427984
2110,0.7439999999999714,163.55359999999996,260.0,180.0,0.0,209.54390276968007
2111,0.4355396515258576,178.06033965152585,260.0,180.0,0.0,97.35072956899609
2112,57.07571050349705,260.0,234.12817849916635,113.51228900266341,0.0,90.0
2113,84.75816142425631,260.0,227.292,151.5617609976323,0.0,90.0
2114,112.52854586055687,260.0,227.292,180.0,18.850945860556862,90.0
2115,122.59382974050109,260.0,227.292,180.0,84.66462931387707,90.0
2116,116.72780309458133,260.0,227.292,180.0,163.09180266795738,90.0
2117,139.3166275074748,260.0,227.292,180.0,223.45862708085076,90.0
2118,352.3944999007054,260.0,29.03749983265466,180.0,281.140800159984,303.1768819003713
2119,83.46523873095828,260.0,260.0,180.0,359.6144391575823,268.006989427253
2120,83.1303664540336,260.0,260.0,180.0,400.4315664540335,232.83709695413472
2121,91.48964999426403,260.0,260.0,180.0,417.6280499942641,197.66720448101643
2122,25.72946993712162,260.0,260.0,180.0,465.51187036374563,162.49731200789813
2123,38.715567670722066,260.0,260.0,180.0,441.1547676707221,127.32741953477984
2124,0.0,260.0,247.39988986762364,180.0,443.5938898676236,105.70603258034578
2125,0.0,260.0,241.89861029972155,180.0,397.6958098730976,90.0
2126,0.0,260.0,222.2151711570034,180.0,349.0855711570034,95.45895574515762
2127,0.0,260.0,212.1108495155089,180.0,284.6958899421329,111.78277347041686
2128,0.0,260.0,192.68486343939492,180.0,222.7559030127709,148.9947482667664
2129,0.0,260.0,160.19522651776327,180.0,170.46842609113924,221.141816527236
2130,0.0,260.0,181.56543833249378,180.0,86.4134383324938,270.3101624062749
2131,0.0,260.0,181.1601242155744,180.0,28.217324642198378,319.91432991641
2132,0.0,239.62820533563314,188.57100533563306,180.0,0.0,342.400321065633
2133,0.0,190.33039813506758,226.0879981350675,180.0,0.0,278.20552097381426
2134,0.0,184.16479984001597,226.39200026664003,180.0,0.0,207.88817447220345
2135,0.0,179.87772080691087,257.3249212335349,180.0,0.0,100.27976833872668
2136,49.39410748083566,260.0,236.8521845550158,116.34989160922748,0.0,90.0
2137,304.05936102991865,260.0,0.0,156.07656060329464,0.0,334.4
2138,169.05129750593153,260.0,155.86799999999994,180.0,27.23289793255549,411.20000000000005
2139,342.05042834514495,260.0,0.0,180.0,89.09162834514495,655.6
2140,369.65440695379664,260.0,0.0,180.0,148.4192065271726,900.0
2141,161.79387684648435,260.0,227.2920000000001,180.0,210.32627684648446,900.0
2142,139.5844734325327,260.0,234.06352630082736,180.0,285.81120015998397,892.7187889238417
2143,106.15153079567312,260.0,260.0,180.0,345.57753079567306,857.5488964507233
2144,86.59711843841421,260.0,260.0,180.0,398.21511843841415,822.379003977605
2145,89.89396725562631,260.0,260.0,180.0,418.68196682900225,787.2091115044866
2146,69.9860459107615,260.0,260.0,180.0,435.38764591076153,752.0392190313682
2147,34.864430949565985,260.0,260.0,180.0,443.844430949566,716.86932655825
2148,0.0,260.0,256.4391995843109,180.0,437.15543915768694,685.5282517364103
2149,0.0,260.0,240.75999241675356,180.0,398.5168724167536,671.0465394603311
2150,0.0,260.0,231.70304329179737,180.0,342.2150432917973,666.3034821573232
2151,0.0,260.0,210.93802157166363,180.0,285.54162157166354,683.8884051985451
2152,0.0,260.0,181.84023337968455,180.0,230.48023295306052,732.7612725322176
2153,0.0,260.0,173.06751862935522,180.0,161.47831862935527,791.0671664791474
2154,0.0,260.0,174.28454239936195,180.0,91.36934239936193,848.0644327163926
2155,0.0,260.0,188.4987242112266,180.0,23.370324637850615,889.7776324892673
2156,0.0,234.9507012322622,195.88710123226213,180.0,0.0,900.0
2157,0.0,200.02755802450577,210.41555759788173,180.0,0.0,861.7726168033778
2158,0.0,195.627200159984,207.28799973335998,180.0,0.0,822.7718626598273
2159,0.0,182.26155863268428,253.2447590593083,180.0,0.0,721.7915352376599
2160,233.76488143278436,260.0,61.55812777102369,111.15460920380815,0.0,900.0
2161,90.15624534844198,260.0,227.2920000000001,148.51184534844208,0.0,900.0
2162,98.2335057822898,260.0,227.2920000000001,180.0,26.891905782289882,900.0
2163,155.98016258055264,260.0,227.2920000000001,180.0,65.80136300717675,900.0
2164,129.84223469457908,260.0,227.2920000000001,180.0,155.5854351212031,900.0
2165,155.48149969240555,260.0,238.58944653162078,180.0,207.41374622402623,887.8522080305154
2166,98.72799999999995,260.0,260.0,180.0,294.7632,852.682315557397
2167,123.7296511965501,260.0,260.0,180.0,334.7012507699261,817.5124230842787
2168,84.44211044812357,260.0,260.0,180.0,399.59291044812346,782.3425306111603
2169,80.31216066872662,260.0,260.0,180.0,425.01056024210254,747.172638138042
2170,33.49017414182754,260.0,260.0,180.0,460.2293741418275,712.0027456649236
2171,22.70056637754226,260.0,260.0,180.0,452.3397668041663,676.8328531918054
2172,0.0,260.0,252.50561982760019,180.0,439.9572194009761,649.7214340223428
2173,0.0,260.0,245.35611063024555,180.0,395.2025906302455,630.297659151111
2174,0.0,260.0,225.8997021619075,180.0,346.4174625885315,631.7947536006728
2175,0.0,260.0,206.41924916017888,180.0,288.8001291601788,654.2385717080074
2176,0.0,260.0,175.65056353003132,180.0,234.88896353003133,709.7669980198017
2177,0.0,260.0,181.4028554872226,180.0,155.65685548722263,759.110164162573
2178,0.0,260.0,159.18963053799445,180.0,101.64403053799447,832.338518422794
2179,0.0,260.0,179.53360729341938,180.0,29.291606866795405,883.6916288599774
2180,0.0,237.27198144994486,192.25638102332078,180.0,0.0,900.0
2181,0.0,207.31265935274035,198.64145892611634,180.0,0.0,881.280933204354
2182,0.0,183.86719984001604,226.88800026664,180.0,0.0,810.15050936941
2183,3.012909690278491,176.5545092636545,260.0,180.0,0.0,696.5418556041269
2184,251.9475827247063,260.0,38.075925711838,114.18790886316833,0.0,900.0
2185,70.30601727946458,260.0,227.2920000000001,159.72721770608865,0.0,900.0
2186,106.72041782875664,260.0,227.2920000000001,180.0,22.118017828756706,900.0
2187,138.2728103563772,260.0,227.2920000000001,180.0,75.80601078300128,900.0
2188,149.81915421802051,260.0,227.2920000000001,180.0,144.1511537913966,900.0
2189,127.18925451608044,260.0,227.2920000000001,180.0,230.5440540894565,900.0
2190,147.36809604560787,260.0,245.4159042210322,180.0,274.32959984001604,880.5119309451268
2191,101.35174694086675,260.0,260.0,180.0,348.5473473674907,845.3420384720084
2192,103.52486210190602,260.0,260.0,180.0,387.3924625285299,810.1721459988901
2193,83.11038711416745,260.0,260.0,180.0,423.16238711416736,775.0022535257717
2194,74.9897578790816,260.0,260.0,180.0,431.98175787908156,739.8323610526534
2195,32.03071807520939,260.0,260.0,180.0,445.8235176485854,704.662468579535
2196,5.154074191230507,260.0,260.0,180.0,430.94807461785433,669.4925761064167
2197,0.0,260.0,247.312807311121,180.0,393.79160773774504,647.9648263095124
2198,0.0,260.0,227.52036163237415,180.0,345.24388163237415,647.7192761671746
2199,0.0,260.0,215.61892242055842,180.0,282.1662024205584,660.2709724891548
2200,0.0,260.0,182.46069542900966,180.0,230.03829500238567,708.4766763289293
2201,0.0,260.0,183.73916147812582,180.0,154.02516147812582,755.3076854922349
2202,0.0,260.0,160.6214387786859,180.0,100.66943835206189,826.9964609990243
2203,0.0,260.0,159.39870872909262,180.0,42.59030872909261,900.0
2204,0.0,225.92017303269114,210.0117730326911,180.0,0.0,886.5458518628898
2205,0.0,195.75141376413671,217.32661376413665,180.0,0.0,836.8676498719991
2206,0.0,165.1424,258.096,180.0,0.0,714.5789252268378
2207,0.0,186.72712414393504,245.60152457055898,180.0,0.0,626.0147610935787
2208,287.9965108223254,260.0,0.0,115.34811082232545,0.0,870.4147610935787
2209,112.03524451398087,260.0,199.7777278170282,151.69577275763305,0.0,900.0
2210,103.35350581032236,260.0,227.2920000000001,180.0,24.011905810322446,900.0
2211,126.24162608783689,260.0,227.2920000000001,180.0,82.60362566121296,900.0
2212,129.00508704724245,260.0,237.6047527921222,180.0,150.16183941274062,888.9110185030945
2213,114.69623601139597,260.0,260.0,180.0,218.73343558477188,853.7411260299762
2214,107.00800026664012,260.0,260.0,180.0,289.79519984001604,818.5712335568578
2215,109.40146637397322,260.0,260.0,180.0,343.5666668005972,783.4013410837395
2216,83.73158219108416,260.0,260.0,180.0,400.04718261770813,748.2314486106211
2217,77.63727126858373,260.0,260.0,180.0,426.7772716952077,713.0615561375027
2218,42.43135833905956,260.0,260.0,180.0,454.1433579124356,677.8916636643844
2219,43.855441197506366,260.0,260.0,180.0,437.5650407708823,642.7217711912662
2220,0.0,260.0,250.71151275498414,180.0,441.23511232836006,617.5394994117133
2221,0.0,260.0,247.17150320160795,180.0,393.893502774984,596.1636895175112
2222,0.0,260.0,221.576706900491,180.0,349.5479073271149,602.3091659685962
2223,0.0,260.0,210.18018243515758,180.0,286.08810286178164,620.7089698017601
2224,0.0,260.0,184.72575568136523,180.0,228.42495525474123,666.4791249830878
2225,0.0,260.0,184.01801115403708,180.0,153.8304107274131,713.0102957851984
2226,0.0,260.0,176.40940637984716,180.0,89.92300637984715,767.7227620434273
2227,0.0,260.0,199.32161773905352,180.0,16.222017739053513,797.7984418939075
2228,0.0,242.51857356589244,184.0501731392684,180.0,0.0,827.8624890681384
2229,0.0,204.11778248708418,203.80498291370822,180.0,0.0,800.5880616880318
2230,0.0,190.11199999999997,216.48000000000002,180.0,0.0,746.5191481396446
2231,5.13782529391807,175.3130257205421,260.0,180.0,0.0,631.7434998438359
2232,23.616892900950234,260.0,260.0,117.85489290095029,0.0,596.5736073707176
2233,59.58294200820535,260.0,260.0,147.30574243482937,0.0,561.4037148975992
2234,78.35417757948903,260.0,260.0,180.0,19.675778006112978,526.2338224244809
2235,100.00314776402661,260.0,260.0,180.0,78.94834819065056,491.0639299513625
2236,117.71355519788142,260.0,260.0,180.0,143.80635477125747,455.89403747824423
2237,117.18473066638865,260.0,260.0,180.0,217.2795306663886,420.72414500512593
2238,123.84000000000003,260.0,260.0,180.0,279.696,385.55425253200764
2239,99.35908581233468,260.0,260.0,180.0,349.7802858123347,350.38436005888934
2240,75.19743822953455,260.0,260.0,180.0,405.50343865615844,315.21446758577105
2241,88.95351589414213,260.0,260.0,180.0,419.303116320766,280.04457511265275
2242,38.790910108266985,260.0,260.0,180.0,456.62131010826704,244.87468263953446
2243,26.107051305061987,260.0,260.0,180.0,449.96065173168586,209.70479016641616
2244,20.157295084295697,260.0,260.0,180.0,420.2616946576717,174.53489769329786
2245,0.0,260.0,257.30081177830505,180.0,386.589212204929,142.26735814673327
2246,0.0,260.0,227.76089923579138,180.0,345.0696992357914,141.76316542007586
2247,0.0,260.0,204.6730220179703,180.0,290.0593415913462,166.08464712118305
2248,0.0,260.0,193.1550685182208,180.0,222.4209889448448,202.79102505858003
2249,0.0,260.0,170.25641522052365,180.0,163.4416147938997,264.1196108429632
2250,0.0,260.0,176.76735837655968,180.0,89.67935837655966,318.4471824810711
2251,0.0,260.0,193.5555746283987,180.0,20.03037505502266,354.722908687094
2252,0.0,227.40279706545653,207.6927970654565,180.0,0.0,345.1559496861968
2253,0.0,186.80771633577854,231.78131676240253,180.0,0.0,271.5279807166646
2254,0.0,175.131199840016,241.44800026664,180.0,0.0,176.52980290322586
2255,0.0,187.4587972972978,244.3491972972978,180.0,0.0,90.0
2256,57.56225734336968,260.0,227.292,117.14665691674577,0.0,90.0
2257,84.10384791567859,260.0,227.292,151.93144791567863,0.0,90.0
2258,122.66205018907837,260.0,227.292,180.0,13.150849762454357,90.0
2259,131.69696250508358,260.0,227.292,180.0,79.52136250508352,90.0
2260,122.5320176697542,260.0,227.292,180.0,159.7696176697542,90.0
2261,143.35639172565723,260.0,227.292,180.0,221.09839172565717,90.0
2262,364.4841299221721,260.0,15.155870077827927,180.0,282.216,318.1033655077119
2263,85.68721485796925,260.0,260.0,180.0,358.2396144313452,282.9334730345936
2264,105.75795061232611,260.0,260.0,180.0,385.9647501857021,247.76358056147527
2265,78.63168266767605,260.0,260.0,180.0,426.120482667676,212.59368808835697
2266,61.84454221614908,260.0,260.0,180.0,440.9293417895251,177.42379561523867
2267,12.428356297433425,260.0,260.0,180.0,459.5139567240574,142.25390314212038
2268,0.0,260.0,237.988303182525,180.0,450.2975031825249,130.75250187058813
2269,0.0,260.0,258.76145517171904,180.0,385.53593559834303,96.91437803003001
2270,0.0,260.0,233.7223715679279,180.0,340.7527711413038,90.0
2271,0.0,260.0,215.197983697913,180.0,282.46974327128896,103.00431860439463
2272,0.0,260.0,177.517182490471,180.0,233.55942249047098,156.5256277544258
2273,0.0,260.0,175.48672605177143,180.0,159.78872562514744,212.23022339768232
2274,0.0,260.0,159.4942707890379,180.0,101.4366703624139,285.131007495491
2275,0.0,260.0,187.35784967891465,180.0,24.12384967891461,328.0709540773032
2276,0.0,235.0505412344686,195.73094123446856,180.0,0.0,338.5550851662321
2277,0.0,199.2055986499132,211.7439990765372,180.0,0.0,298.12662846001376
2278,0.0,171.132799840016,248.11200026664,180.0,0.0,192.2043632487256
2279,0.0,184.92862471498523,248.67982514160917,180.0,0.0,98.63960903822121
2280,20.34353571825156,260.0,235.32683640554572,133.8507716971733,0.0,90.0
2281,68.17132061970139,260.0,227.292,160.93332061970136,0.0,90.0
2282,108.16221010969005,260.0,227.292,180.0,21.3070096830661,90.0
2283,137.51217175292405,260.0,227.292,180.0,76.2357713263001,90.0
2284,146.790867668503,260.0,227.292,180.0,145.88446809512698,90.0
2285,140.02762551868867,260.0,227.292,180.0,223.04322594531266,90.0
2286,372.85377853798826,260.0,2.530221728651724,180.0,284.769599840016,331.679331474568
2287,129.37552514079175,260.0,260.0,180.0,331.2079247141678,296.5094390014497
2288,105.46124635342221,260.0,260.0,180.0,386.15444635342214,261.3395465283314
2289,62.882985019729176,260.0,260.0,180.0,436.5221854463532,226.1696540552131
2290,50.52716603396141,260.0,260.0,180.0,448.6327660339614,190.9997615820948
2291,30.485741001718793,260.0,260.0,180.0,446.9025414283427,155.8298691089765
2292,0.0,260.0,259.96611507122884,180.0,434.64331464460474,120.69641204313902
2293,0.0,260.0,249.8146425328341,180.0,391.98752295945815,96.47851684654322
2294,0.0,260.0,233.3170206672852,180.0,341.04630109390916,90.0
2295,0.0,260.0,211.82749685213366,180.0,284.90021685213355,106.62849800845842
2296,0.0,260.0,199.0606714055324,180.0,218.21459140553236,136.98476531433755
2297,0.0,260.0,187.14564634228134,180.0,151.64604634228135,180.15288752693826
2298,0.0,260.0,169.07519844720485,180.0,94.91519844720483,242.7515988740298
2299,0.0,260.0,171.54748376873903,180.0,34.56628334211507,302.69193890764376
2300,0.0,243.38718158508834,182.69158115846432,180.0,0.0,335.0333292121813
2301,0.0,201.38281160563145,208.22521203225546,180.0,0.0,300.4350946674367
2302,0.0,184.5872,225.68800000000005,180.0,0.0,231.27179385023237
2303,0.0,181.74230714371708,254.13350671709304,180.0,0.0,128.84772738565653
2304,91.43327342454944,260.0,191.9963864686605,117.962060319834,0.0,166.80000000000007
2305,310.1199371055285,260.0,0.0,152.6523371055285,0.0,411.20000000000005
2306,331.53024181516656,260.0,0.0,180.0,23.514241815166486,655.6
2307,335.1637814293224,260.0,0.0,180.0,92.98258142932241,900.0
2308,136.90823591992097,260.0,227.2920000000001,180.0,151.54103549329704,900.0
2309,145.88528402552464,260.0,227.2920000000001,180.0,219.62088445214863,900.0
2310,108.12601696978723,260.0,248.05798276357288,180.0,296.28960015998405,877.6709862757282
2311,105.74825408537004,260.0,260.0,180.0,345.82705408537004,842.5010938026098
2312,79.77292672940109,260.0,260.0,180.0,402.57812630277704,807.3312013294915
2313,82.99475791159023,260.0,260.0,180.0,423.23875791159026,772.1613088563731
2314,66.35321367992083,260.0,260.0,180.0,437.8604141065448,736.9914163832548
2315,35.24879097457392,260.0,260.0,180.0,443.57599097457387,701.8215239101364
2316,17.30167441122512,260.0,260.0,180.0,422.29567441122504,666.6516314370181
2317,0.0,260.0,241.91348446869722,180.0,397.6850840420732,650.929605126591
2318,0.0,260.0,225.9531552101089,180.0,346.3787552101089,652.3692231802373
2319,0.0,260.0,202.43594706508236,180.0,291.67250663845834,679.0961618199337
2320,0.0,260.0,189.98099398637203,180.0,224.68179441299606,719.2155231249101
2321,0.0,260.0,169.07318903200473,180.0,164.26798903200472,781.8163951335071
2322,0.0,260.0,180.40780634312563,180.0,87.20140634312565,832.2295065925117
2323,0.0,260.0,178.30022888596153,180.0,30.106228885961514,884.9088303710477
2324,0.0,236.80772510691827,192.98252553354223,180.0,0.0,900.0
2325,0.0,190.68266629868936,225.5186662986893,180.0,0.0,836.7485167522848
2326,0.0,183.04160000000002,228.264,180.0,0.0,763.3624594619622
2327,0.0,190.06921757095995,239.88121799758392,180.0,0.0,684.0907304328754
2328,249.9405451845232,260.0,26.49637930257408,121.96452448709732,0.0,900.0
2329,92.96161362028556,260.0,227.2920000000001,146.9268131936617,0.0,900.0
2330,107.63792183378013,260.0,227.2920000000001,180.0,21.601921833780125,900.0
2331,119.01146417257445,260.0,227.2920000000001,180.0,86.68866459919855,900.0
2332,141.84955152288734,260.0,227.2920000000001,180.0,148.71275194951136,900.0
2333,152.87407685814384,260.0,227.2920000000001,180.0,215.53767685814387,900.0
2334,126.73248704859199,260.0,239.29951268476808,180.0,290.380800159984,887.0886960378839
2335,102.01596740489526,260.0,260.0,180.0,348.13636783151924,851.9188035647655
2336,73.79980675631293,260.0,260.0,180.0,406.3970063296888,816.7489110916472
2337,80.29674344171622,260.0,260.0,180.0,425.0207430150922,781.5790186185288
2338,66.03334168194601,260.0,260.0,180.0,438.07814210857,746.4091261454105
2339,22.195623066467874,260.0,260.0,180.0,452.69242306646777,711.2392336722921
2340,11.650237132484563,260.0,260.0,180.0,426.32103713248443,676.0693411991738
2341,0.0,260.0,246.46721105273036,180.0,394.4013710527304,655.4508346908615
2342,0.0,260.0,237.0713375206227,180.0,338.3276579472466,644.9354180020198
2343,0.0,260.0,204.38148806612548,180.0,290.26956806612543,669.5703770707021
2344,0.0,260.0,187.70322597348814,180.0,226.30418554686412,712.1389512927578
2345,0.0,260.0,187.92943931987475,180.0,151.0986393198748,754.4642853574087
2346,0.0,260.0,164.6274544880531,180.0,97.94265448805311,821.8455170906849
2347,0.0,260.0,164.83328146179258,180.0,39.00088103516856,889.0054294973595
2348,0.0,235.24522940515448,195.42642897853045,180.0,0.0,900.0
2349,0.0,197.997123144155,213.697123570779,180.0,0.0,856.3354424535928
2350,0.0,181.01120000000003,231.64800000000002,180.0,0.0,777.4020994858508
2351,0.0,178.85337861246967,259.07817903909364,180.0,0.0,666.945588242762
2352,268.3928182498718,260.0,10.551397065768665,120.5294148890165,0.0,900.0
2353,70.85400488719637,260.0,227.2920000000001,159.4176048871965,0.0,900.0
2354,107.69526583409402,260.0,227.2920000000001,180.0,21.56966583409411,900.0
2355,125.9717218737963,260.0,227.2920000000001,180.0,82.7561214471724,900.0
2356,131.16914550367875,260.0,227.2920000000001,180.0,154.82594507705483,900.0
2357,151.81565883171658,260.0,227.2920000000001,180.0,216.1560584050926,900.0
2358,152.52400026664003,260.0,227.2920000000001,180.0,282.11039984001604,900.0
2359,99.79399233209699,260.0,260.0,180.0,349.51119190547297,864.8301075268816
2360,112.9959665797154,260.0,260.0,180.0,381.3371661530913,829.6602150537633
2361,73.71358699446307,260.0,260.0,180.0,429.36878742108706,794.4903225806449
2362,37.65612586161046,260.0,260.0,180.0,457.39372628823435,759.3204301075266
2363,24.75048651091697,260.0,260.0,180.0,450.90808693754093,724.1505376344082
2364,6.372571911382238,260.0,260.0,180.0,430.08017233800615,688.9806451612899
2365,0.0,260.0,246.71189138025875,180.0,394.2249309536347,668.0990415266031
2366,0.0,260.0,238.11144018284108,180.0,337.57448018284117,656.4652348783868
2367,0.0,260.0,212.42469496808633,180.0,284.4695745414623,672.4515843750681
2368,0.0,260.0,199.53012968719042,180.0,217.8802092605664,702.3030578297021
2369,0.0,260.0,187.07028163289743,180.0,151.69868163289743,745.552217364221
2370,0.0,260.0,171.10105442859924,180.0,93.53625442859925,805.9725889463723
2371,0.0,260.0,198.897644256737,180.0,16.502043830112996,836.5041542617089
2372,0.0,241.40036554118046,185.79916511455644,180.0,0.0,863.6364493601427
2373,0.0,200.79569816266587,209.1740981626658,180.0,0.0,827.4660205119026
2374,0.0,188.4656,219.224,180.0,0.0,768.8989533291069
2375,0.0,182.08218073688352,253.55178116350754,180.0,0.0,667.4198793900489
2376,33.51580654103361,260.0,260.0,112.18900611440972,0.0,632.2499869169305
2377,47.396358533388195,260.0,260.0,154.1911581067642,0.0,597.0800944438122
2378,75.6262415645532,260.0,260.0,180.0,21.210241991177213,561.9102019706938
2379,112.05069068153068,260.0,260.0,180.0,72.14149068153074,526.7403094975755
2380,117.55074412224337,260.0,260.0,180.0,143.8995436956194,491.5704170244572
2381,122.74344660115173,260.0,260.0,180.0,214.03184660115164,456.4005245513389
2382,95.03200000000004,260.0,260.0,180.0,296.98080000000004,421.2306320782206
2383,106.15153079567312,260.0,260.0,180.0,345.57753079567306,386.0607396051023
2384,95.90425465672172,260.0,260.0,180.0,392.2646542300977,350.890847131984
2385,68.87257822708591,260.0,260.0,180.0,432.5661778004619,315.7209546588657
2386,44.205886073983265,260.0,260.0,180.0,452.93548607398327,280.5510621857474
2387,4.869275805614507,260.0,260.0,180.0,464.79327623223844,245.38116971262912
2388,0.0,260.0,255.70511052460893,180.0,437.67831052460895,214.82943796573778
2389,0.0,260.0,248.20600115811203,180.0,393.14752158473607,192.34126467744528
2390,0.0,260.0,240.16788845949907,180.0,336.08532803287505,178.49622332314522
2391,0.0,260.0,205.02479610464445,180.0,289.8056756780204,202.43945331815118
2392,0.0,260.0,195.22128239525057,180.0,220.94928196862656,236.92409590390324
2393,0.0,260.0,189.49702502387072,180.0,150.0038254504948,277.5638539427519
2394,0.0,260.0,190.50662250421885,180.0,80.32742207759486,317.1180232930542
2395,0.0,260.0,184.85255005372295,180.0,25.77855048034695,362.75184043958865
2396,0.0,232.9239493538551,199.05714892723108,180.0,0.0,367.66040774916826
2397,0.0,205.09141287656945,202.23141244994542,180.0,0.0,342.99320418653554
2398,0.0,180.55039984001598,232.41600026663997,180.0,0.0,262.8009023300861
2399,0.0,182.7288852559547,252.44488568257873,180.0,0.0,163.11994083350214
2400,285.925553946493,260.0,0.0,116.53347394649302,0.0,407.5199408335021
2401,208.9278480442485,260.0,66.09554497515683,172.48187301940527,0.0,580.8494623655915
2402,14.419167915276773,260.0,260.0,180.0,55.639220395276766,545.6795698924732
2403,10.455745308326073,260.0,260.0,180.0,129.54259906832613,510.5096774193549
2404,31.967202750566173,260.0,260.0,180.0,192.88538899056618,475.3397849462366
2405,30.670211403877033,260.0,260.0,180.0,267.82570516387705,440.1698924731183
2406,41.087999999999965,260.0,260.0,180.0,329.34719999999993,405.0
