Hour,G,Pc,Pd,S,Q,SOC
0,281.9562199344809,0.0,0.0,180.0,198.80541993448094,405.0
1,297.35265008857755,0.0,0.0,180.0,239.86585008857753,405.0
2,336.7731221169113,6.595744680851112,0.0,180.0,273.96937700943613,411.20000000000005
3,334.77119320902386,260.0,0.0,180.0,93.20439363564788,655.6
4,374.09100876493426,260.0,0.0,180.0,145.87980833831023,900.0
5,372.0138318531324,0.0,0.0,180.0,480.3006322797564,900.0
6,367.0880000000001,0.0,0.0,180.0,549.7472,900.0
7,375.23711759365165,0.0,0.0,180.0,599.9559180202756,900.0
8,353.99129414485924,0.0,0.0,180.0,653.4876945714832,900.0
9,330.2292936901358,0.0,0.0,180.0,691.6700941167599,900.0
10,322.3928937049948,0.0,0.0,180.0,700.5560941316187,900.0
11,287.7575387224622,0.0,0.0,180.0,708.8079387224622,900.0
12,264.0701347506815,0.0,0.0,180.0,691.7201347506814,900.0
13,263.51821465802664,0.0,0.0,180.0,642.1058146580266,900.0
14,226.27609896725505,0.0,0.0,180.0,606.144899393879,900.0
15,225.81516472723212,0.0,0.0,180.0,534.8136451538561,900.0
16,195.52030000119038,0.0,0.0,180.0,480.73630000119033,900.0
17,121.61447635560546,0.0,60.12752007265448,180.0,415.41999685488395,835.346752610049
18,0.0,0.0,156.44025456324488,180.0,363.5154545632448,667.1314251226888
19,0.0,0.0,176.51183082462143,180.0,291.28743039799747,477.3337575693324
20,0.0,0.0,170.26124585457683,180.0,251.33444542795291,294.2571491235509
21,0.0,0.0,189.95914868490235,180.0,212.68474868490233,90.0
22,218.64000026664002,0.0,0.0,180.0,188.81599984001605,90.0
23,260.4678580370481,81.70212765957454,0.0,180.0,96.33932995084952,166.80000000000007
24,292.00980382462643,0.0,0.0,180.0,193.0510038246265,166.80000000000007
25,306.26766792872905,0.0,0.0,180.0,234.8288679287291,166.80000000000007
26,341.9340815990894,260.0,0.0,180.0,17.662082025713403,411.20000000000005
27,342.2794377086973,260.0,0.0,180.0,88.96223813532129,655.6
28,374.92134497936377,260.0,0.0,180.0,145.40454497936378,900.0
29,368.66082732852976,0.0,0.0,180.0,482.2596277551537,900.0
30,371.55200000000013,0.0,0.0,180.0,547.0688,900.0
31,359.0111610709206,0.0,0.0,180.0,609.9955606442966,900.0
32,336.3295984846743,0.0,0.0,180.0,664.7795984846742,900.0
33,348.6837144214618,0.0,0.0,180.0,679.4813148480857,900.0
34,309.35430178754586,0.0,0.0,180.0,709.4311022141699,900.0
35,299.1903653486728,0.0,0.0,180.0,700.8231653486728,900.0
36,254.79086321303168,0.0,0.0,180.0,698.3295036396556,900.0
37,256.2179727726301,0.0,0.0,180.0,647.370052346006,900.0
38,225.31840344853288,0.0,0.0,180.0,606.8384030219089,900.0
39,203.57530837752392,0.0,0.0,180.0,550.8509079508999,900.0
40,186.9683890962753,0.0,0.0,180.0,486.8275895228993,900.0
41,169.7281746423102,0.0,20.53003419752924,180.0,409.4722088398395,877.9246944112589
42,0.0,0.0,169.92819069321217,180.0,354.3345902665882,695.2062097949017
43,0.0,0.0,170.69953603332175,180.0,295.12633603332176,511.6583215870289
44,0.0,0.0,182.70719741848427,180.0,243.37719741848434,315.1989695241426
45,0.0,0.0,209.43504165745264,180.0,200.63424208407667,90.0
46,230.37600026664,0.0,0.0,180.0,181.77439984001603,90.0
47,256.7270358139615,81.70212765957454,0.0,180.0,98.52490815438695,166.80000000000007
48,282.4202312273168,0.0,0.0,180.0,198.53983165394084,166.80000000000007
49,309.2120777632172,0.0,0.0,180.0,233.16527733659325,166.80000000000007
50,348.0862736327733,260.0,0.0,180.0,14.201474059397356,411.20000000000005
51,354.12250800938,260.0,0.0,180.0,82.27090758275597,655.6
52,358.8763134752312,260.0,0.0,180.0,154.5883134752312,900.0
53,379.44699877937364,0.0,0.0,180.0,475.95779877937366,900.0
54,376.06399973336,0.0,0.0,180.0,544.361600159984,900.0
55,375.8380789658678,0.0,0.0,180.0,599.5840793924917,900.0
56,363.7747181007802,0.0,0.0,180.0,647.2327185274042,900.0
57,319.22139360478354,0.0,0.0,180.0,698.9405940314075,900.0
58,299.1488621060007,0.0,0.0,180.0,716.3776621060008,900.0
59,293.123506381604,0.0,0.0,180.0,705.06030595498,900.0
60,256.5543214548038,0.0,0.0,180.0,697.0734410281798,900.0
61,242.86543103526424,0.0,0.0,180.0,656.9986310352642,900.0
62,245.58221124153636,0.0,0.0,180.0,592.1646116681603,900.0
63,221.80137083444583,0.0,0.0,180.0,537.7080104078218,900.0
64,184.90516639442308,0.0,0.0,180.0,488.29716596779906,900.0
65,0.0,0.0,192.50407743067245,180.0,407.9036770040484,693.0063683541157
66,0.0,0.0,183.08863831850465,180.0,345.37663831850466,496.1368647858311
67,0.0,0.0,178.64711623386995,180.0,289.8771166604939,304.04319141607846
68,9.265076779326847,0.0,199.06016801695299,180.0,226.9984452229039,90.0
69,220.4104948080717,0.0,0.0,180.0,193.84329438144766,90.0
70,226.76,81.70212765957454,0.0,180.0,102.24187234042547,166.80000000000007
71,263.9824531772234,0.0,0.0,180.0,175.98805275059948,166.80000000000007
72,287.77671587088093,0.0,0.0,180.0,195.473915870881,166.80000000000007
73,318.80594504048577,0.0,0.0,180.0,227.74474546710974,166.80000000000007
74,332.1937938187996,260.0,0.0,180.0,23.14099381879953,411.20000000000005
75,340.8154123656233,260.0,0.0,180.0,89.78941193899925,655.6
76,369.3450653674349,260.0,0.0,180.0,148.59626579405892,900.0
77,365.50173149932584,0.0,0.0,180.0,484.1053319259497,900.0
78,365.64800026664,0.0,0.0,180.0,550.611199840016,900.0
79,366.43619697238125,0.0,0.0,180.0,605.4013965457573,900.0
80,369.40428633565705,0.0,0.0,180.0,643.6334863356569,900.0
81,325.8199667651909,0.0,0.0,180.0,694.5823671918149,900.0
82,321.9968622151847,0.0,0.0,180.0,700.8256617885606,900.0
83,308.0155732328842,0.0,0.0,180.0,694.6595728062603,900.0
84,262.87406361809406,0.0,0.0,180.0,692.57206319147,900.0
85,257.3521279091492,0.0,0.0,180.0,646.5522079091493,900.0
86,225.9568672101616,0.0,0.0,180.0,606.3760672101616,900.0
87,213.68230567277925,0.0,0.0,180.0,543.5627056727792,900.0
88,191.89470875730257,0.0,0.0,180.0,483.31870833067853,900.0
89,0.0,0.0,168.18388546127386,180.0,424.8890854612739,719.1571124072325
90,0.0,0.0,158.95353479400399,180.0,361.80473436738,548.2393330588411
91,0.0,0.0,174.0065311994298,180.0,292.94213119942975,361.13553607020697
92,0.0,0.0,201.39954889413474,180.0,231.42634932075873,144.57688134533092
93,147.57657119692038,0.0,50.75649965115775,180.0,207.50347127470218,90.0
94,230.88800000000003,81.70212765957454,0.0,180.0,99.76507234042545,166.80000000000007
95,254.69907402043498,0.0,0.0,180.0,181.411874020435,166.80000000000007
96,271.0234559672326,0.0,0.0,180.0,205.0630563938567,166.80000000000007
97,308.41054350394205,0.0,0.0,180.0,233.61814393056602,166.80000000000007
98,347.1196179005201,260.0,0.0,180.0,14.745217900520174,411.20000000000005
99,355.3575237162984,260.0,0.0,180.0,81.57312414292244,655.6
100,369.003162108595,260.0,0.0,180.0,148.791962535219,900.0
101,368.4426803154969,0.0,0.0,180.0,482.38708031549686,900.0
102,348.48,0.0,0.0,180.0,560.912,900.0
103,367.18739816054506,0.0,0.0,180.0,604.9365985871691,900.0
104,346.5971184384142,0.0,0.0,180.0,658.2151184384142,900.0
105,353.02366408178864,0.0,0.0,180.0,676.6148640817886,900.0
106,299.1336303599385,0.0,0.0,180.0,716.3880299333144,900.0
107,282.03735692262705,0.0,0.0,180.0,712.802957349251,900.0
108,260.728610327934,0.0,0.0,180.0,694.100210327934,900.0
109,246.83460277855227,0.0,0.0,180.0,654.1364432051762,900.0
110,226.56489306624178,0.0,0.0,180.0,605.9357726396178,900.0
111,204.55700350312623,0.0,0.0,180.0,550.1430030765023,900.0
112,190.33234046442362,0.0,0.0,180.0,484.43154003779966,900.0
113,0.0,0.0,182.05852820767262,180.0,415.19892863429664,704.23814171218
114,0.0,0.0,184.0101743100413,180.0,344.7493743100413,506.37773922826466
115,0.0,0.0,171.80957636879856,180.0,294.39317636879855,321.63625926181464
116,0.0,0.0,190.17164531301722,180.0,238.60484531301728,117.15061914029076
117,188.05958529900036,0.0,25.250075800470405,180.0,198.2368615260948,90.0
118,239.26399973336004,0.0,0.0,180.0,176.44160015998398,90.0
119,244.49462882033953,0.0,0.0,180.0,187.37382882033955,90.0
120,286.01021570556793,0.0,0.0,180.0,196.48501570556795,90.0
121,324.6702274179065,81.70212765957454,0.0,180.0,142.72930018495595,166.80000000000007
122,314.2942737207976,260.0,0.0,180.0,33.20947372079763,411.20000000000005
123,342.66384728602213,260.0,0.0,180.0,88.74504685939814,655.6
124,378.30781562396044,260.0,0.0,180.0,143.4662151973364,900.0
125,376.68380013923274,0.0,0.0,180.0,477.5721997126087,900.0
126,365.18399999999997,0.0,0.0,180.0,550.8896,900.0
127,354.03741445007745,0.0,0.0,180.0,613.0730148767014,900.0
128,360.47193437590147,0.0,0.0,180.0,649.3443343759014,900.0
129,332.78855363077344,0.0,0.0,180.0,689.9797536307733,900.0
130,306.8410220572995,0.0,0.0,180.0,711.1418220572995,900.0
131,289.58136447228867,0.0,0.0,180.0,707.5341648989126,900.0
132,256.2388573787123,0.0,0.0,180.0,697.2981373787122,900.0
133,255.92718252127702,0.0,0.0,180.0,647.579742521277,900.0
134,227.9717410862288,0.0,0.0,180.0,604.9170206596048,900.0
135,216.50765399259996,0.0,0.0,180.0,541.5253339925999,900.0
136,182.93912399716396,0.0,0.0,180.0,489.69752357053994,900.0
137,152.6846410504327,0.0,1.9863522694853555,180.0,434.3265928932941,897.8641373446394
138,0.0,0.0,162.82246250463027,180.0,359.17126250463025,722.786220672994
139,0.0,0.0,189.42375808105203,180.0,282.759358081052,519.1047603707875
140,0.0,0.0,178.49087721781706,180.0,246.07287764444112,327.1790859430272
141,0.0,0.0,220.57654992701532,180.0,193.74054950039135,90.0
142,217.93599973336,0.0,0.0,180.0,189.238400159984,90.0
143,275.6573723965613,0.0,0.0,180.0,169.1669723965614,90.0
144,264.26679689140354,0.0,0.0,180.0,208.93039646477956,90.0
145,321.8321437568675,81.70212765957454,0.0,180.0,144.33281652391685,166.80000000000007
146,328.9006095277296,260.0,0.0,180.0,24.99340995435358,411.20000000000005
147,340.6354759503263,260.0,0.0,180.0,89.89107595032624,655.6
148,379.6265850653042,260.0,0.0,180.0,142.71138506530417,900.0
149,385.2723394396005,0.0,0.0,180.0,472.55433901297647,900.0
150,377.45600026664,0.0,0.0,180.0,543.526399840016,900.0
151,393.3766626979153,0.0,0.0,180.0,588.7322622712913,900.0
152,351.18822267796975,0.0,0.0,180.0,655.2798222513456,900.0
153,344.98358019591853,0.0,0.0,180.0,681.9251801959185,900.0
154,310.5271660339614,0.0,0.0,180.0,708.6327660339614,900.0
155,284.9765806432745,0.0,0.0,180.0,710.7501810698984,900.0
156,272.77902949900556,0.0,0.0,180.0,685.5170294990054,900.0
157,242.8817926211375,0.0,0.0,180.0,656.9868326211374,900.0
158,232.4833059503244,0.0,0.0,180.0,601.6500255237004,900.0
159,212.8768696926062,0.0,0.0,180.0,544.1435092659822,900.0
160,188.7198864316594,0.0,0.0,180.0,485.5800464316594,900.0
161,181.57619406761518,0.0,0.0,180.0,415.5357944942392,900.0
162,8.176701478710328,0.0,152.10963279537063,180.0,360.8975347007049,736.4412550587413
163,0.0,0.0,184.2975303998407,180.0,286.1451299732167,538.2718675320309
164,0.0,0.0,195.7153254949298,180.0,235.06052506830588,327.8252809783429
165,0.0,0.0,221.17751130985891,180.0,193.36871088323494,90.0
166,253.12,0.0,0.0,180.0,168.12800000000004,90.0
167,265.49332484175534,0.0,0.0,180.0,175.1053248417553,90.0
168,276.50204891715487,81.70212765957454,0.0,180.0,120.22512125758034,166.80000000000007
169,292.66613153591067,0.0,0.0,180.0,242.51373153591067,166.80000000000007
170,354.36953821325363,260.0,0.0,180.0,10.667137786629667,411.20000000000005
171,337.12672144040243,260.0,0.0,180.0,91.87352101377837,655.6
172,336.53863416901174,260.0,0.0,180.0,167.37383374238777,900.0
173,374.5912015961403,0.0,0.0,180.0,478.7948020227643,900.0
174,393.71200026663996,0.0,0.0,180.0,533.772799840016,900.0
175,327.27091149058015,0.0,0.0,180.0,629.6345114905802,900.0
176,361.7680623700619,0.0,0.0,180.0,648.5156623700618,900.0
177,336.89724462901756,0.0,0.0,180.0,687.2660446290175,900.0
178,337.5030378631693,0.0,0.0,180.0,690.2710378631692,900.0
179,275.07365764601616,0.0,0.0,180.0,717.6664580726401,900.0
180,265.1622974311365,0.0,0.0,180.0,690.9422174311364,900.0
181,252.48753094564586,0.0,0.0,180.0,650.0600909456459,900.0
182,231.4506275356532,0.0,0.0,180.0,602.3978271090292,900.0
183,203.31501017967548,0.0,0.0,180.0,551.0386101796755,900.0
184,187.31225962963623,0.0,0.0,180.0,486.58266005626024,900.0
185,168.58571104042556,0.0,7.353203267649619,180.0,419.4729138814512,892.0933298197316
186,0.0,0.0,176.79782263012112,180.0,349.6586222034971,701.9881441959454
187,0.0,0.0,165.8585267924924,180.0,298.3237267924924,523.6456422685343
188,0.0,0.0,201.43858915382373,180.0,231.40138915382374,307.0450087697991
189,0.0,0.0,201.8518581559132,180.0,205.3262581559132,90.0
190,218.27199973336002,0.0,0.0,180.0,189.036800159984,90.0
191,272.0619822350979,81.70212765957454,0.0,180.0,89.56545414889935,166.80000000000007
192,309.2921994511683,0.0,0.0,180.0,183.15899945116837,166.80000000000007
193,315.2726535662238,0.0,0.0,180.0,229.7410539928478,166.80000000000007
194,325.4272015087123,260.0,0.0,180.0,26.947201935336295,411.20000000000005
195,354.7522842362047,260.0,0.0,180.0,81.91508423620462,655.6
196,356.4504284482239,260.0,0.0,180.0,155.97682844822384,900.0
197,369.88083647303733,0.0,0.0,180.0,481.5468364730373,900.0
198,359.39999973336,0.0,0.0,180.0,554.360000159984,900.0
199,354.7253576006419,0.0,0.0,180.0,612.6473571740179,900.0
200,355.77151839707903,0.0,0.0,180.0,652.349518397079,900.0
201,341.6072074806634,0.0,0.0,180.0,684.1552074806634,900.0
202,300.801533841696,0.0,0.0,180.0,715.25273426832,900.0
203,305.3702718843016,0.0,0.0,180.0,696.5070714576775,900.0
204,275.3954356465705,0.0,0.0,180.0,683.6534356465705,900.0
205,249.1862093893668,0.0,0.0,180.0,652.4406889627428,900.0
206,239.93848660879803,0.0,0.0,180.0,596.251446608798,900.0
207,217.15096178324092,0.0,0.0,180.0,541.0614417832409,900.0
208,196.15571319242702,0.0,0.0,180.0,480.283712765803,900.0
209,190.86866298584965,0.0,0.0,180.0,409.0458629858497,900.0
210,35.63397810581469,0.0,162.48102807468715,180.0,335.1486061805018,725.2892171239923
211,0.0,0.0,180.17342169515058,180.0,288.8690221217746,531.554355086196
212,0.0,0.0,175.25055778408165,180.0,248.1445573574577,343.11289510331255
213,0.0,0.0,235.39499244608066,180.0,184.57179201945667,90.0
214,248.99200026664005,0.0,0.0,180.0,170.60479984001597,90.0
215,257.2926028480126,0.0,0.0,180.0,179.89660284801266,90.0
216,288.3302737976954,0.0,0.0,180.0,195.15707337107142,90.0
217,323.2961698949635,81.70212765957454,0.0,180.0,143.5056422353889,166.80000000000007
218,334.17625810269317,260.0,0.0,180.0,22.02585767606911,411.20000000000005
219,364.05171151984143,260.0,0.0,180.0,76.66091109321735,655.6
220,360.0322721122616,260.0,0.0,180.0,153.9266721122616,900.0
221,387.8497091826084,0.0,0.0,180.0,471.04850875598436,900.0
222,387.47200026664007,0.0,0.0,180.0,537.516799840016,900.0
223,371.670886292737,0.0,0.0,180.0,602.162486719361,900.0
224,360.0346863778716,0.0,0.0,180.0,649.6238863778715,900.0
225,319.082638818619,0.0,0.0,180.0,699.0322388186189,900.0
226,299.36972585076114,0.0,0.0,180.0,716.2273262773851,900.0
227,287.3279598709829,0.0,0.0,180.0,709.1079598709829,900.0
228,266.61178643688754,0.0,0.0,180.0,689.9097864368875,900.0
229,249.40262854796322,0.0,0.0,180.0,652.2846281213392,900.0
230,235.90873935154752,0.0,0.0,180.0,599.1695393515475,900.0
231,224.68175333009657,0.0,0.0,180.0,535.6309533300965,900.0
232,184.88273955697753,0.0,0.0,180.0,488.31313998360156,900.0
233,0.0,0.0,192.14986279418656,180.0,408.15106322081056,693.3872443073262
234,0.0,0.0,192.92851048197616,180.0,338.67891005535216,485.9372330363841
235,0.0,0.0,191.89822273862427,180.0,281.1250231652483,279.59505804861607
236,5.079857711935574,0.0,176.32340398521296,180.0,244.21086127052456,90.0
237,209.46667146747131,0.0,0.0,180.0,200.61467146747134,90.0
238,217.89600000000002,0.0,0.0,180.0,189.2624,90.0
239,245.6984789192535,81.70212765957454,0.0,180.0,104.96835083305497,166.80000000000007
240,271.292094512545,0.0,0.0,180.0,204.9092945125451,166.80000000000007
241,318.8141242285387,0.0,0.0,180.0,227.74012422853866,166.80000000000007
242,329.1299860750642,260.0,0.0,180.0,24.86438564844019,411.20000000000005
243,344.36506172603526,260.0,0.0,180.0,87.78386129941134,655.6
244,385.9192328673912,260.0,0.0,180.0,139.1096332940151,900.0
245,376.42525467345297,0.0,0.0,180.0,477.72325510007704,900.0
246,377.40000026663995,0.0,0.0,180.0,543.559999840016,900.0
247,357.01059176525246,0.0,0.0,180.0,611.2333921918764,900.0
248,349.0332141671978,0.0,0.0,180.0,656.6576145938217,900.0
249,332.7731366606911,0.0,0.0,180.0,689.989936234067,900.0
250,294.87628638689296,0.0,0.0,180.0,719.285885960269,900.0
251,281.5927051289906,0.0,0.0,180.0,713.1135055556146,900.0
252,257.36465956677887,0.0,0.0,180.0,696.4962595667788,900.0
253,251.5073232101471,0.0,0.0,180.0,650.7669232101471,900.0
254,236.0312351058459,0.0,0.0,180.0,599.0808355324699,900.0
255,213.3104514585359,0.0,0.0,180.0,543.8308514585359,900.0
256,188.9194808499363,0.0,0.0,180.0,485.4378808499363,900.0
257,0.0,0.0,184.85455917700858,180.0,413.2461591770086,701.2316567989155
258,0.0,0.0,188.13043027220067,180.0,341.94483027220065,498.9408715599901
259,0.0,0.0,180.99053523373271,180.0,288.32933480710875,304.327392814041
260,0.0,0.0,188.34457307859174,180.0,239.77297350521576,101.80634649297463
261,190.658456478805,0.0,10.979902238466403,180.0,205.45835871727138,90.0
262,234.20000026664002,0.0,0.0,180.0,179.47999984001598,90.0
263,262.01104781781135,81.70212765957454,0.0,180.0,95.43772015823687,166.80000000000007
264,308.78748538954636,0.0,0.0,180.0,183.44788496292244,166.80000000000007
265,302.2109258656876,0.0,0.0,180.0,237.12092586568758,166.80000000000007
266,326.9509140631335,260.0,0.0,180.0,26.0901136365095,411.20000000000005
267,370.9220003319066,260.0,0.0,180.0,72.77920033190662,655.6
268,382.30482698822595,260.0,0.0,180.0,141.17842741484992,900.0
269,376.02935802297145,0.0,0.0,180.0,477.95455802297136,900.0
270,362.12800026664,0.0,0.0,180.0,552.723199840016,900.0
271,352.85130674215134,0.0,0.0,180.0,613.8069067421513,900.0
272,354.71743866206884,0.0,0.0,180.0,653.0234382354448,900.0
273,328.80320019168335,0.0,0.0,180.0,692.6120006183073,900.0
274,328.27244617545205,0.0,0.0,180.0,696.554045748828,900.0
275,280.2888958835864,0.0,0.0,180.0,714.0240958835863,900.0
276,263.04599838090644,0.0,0.0,180.0,692.4495988075305,900.0
277,250.64164657576123,0.0,0.0,180.0,651.3911665757612,900.0
278,228.26573149040541,0.0,0.0,180.0,604.7041310637815,900.0
279,203.31724130496104,0.0,0.0,180.0,551.037001304961,900.0
280,194.6381970794992,0.0,0.0,180.0,481.36459750612323,900.0
281,0.0,0.0,163.74490382736724,180.0,427.98930425399124,723.9302109383148
282,0.0,0.0,164.74169423316272,180.0,357.8648946597867,546.7886042359893
283,0.0,0.0,199.08265046546023,180.0,276.3798508920843,332.72123814409656
284,0.0,0.0,198.6589411930981,180.0,233.1785411930981,119.10947342033518
285,173.34090377437647,0.0,27.071810280911716,180.0,206.2167136286642,90.0
286,225.39200026664003,0.0,0.0,180.0,184.764799840016,90.0
287,271.58528975139257,0.0,0.0,180.0,171.54608975139263,90.0
288,293.9635364550305,81.70212765957454,0.0,180.0,110.23060922208005,166.80000000000007
289,299.62638885619185,0.0,0.0,180.0,238.58118842956787,166.80000000000007
290,326.40205006012843,260.0,0.0,180.0,26.39884963350437,411.20000000000005
291,374.0054515044304,260.0,0.0,180.0,71.03705150443045,655.6
292,366.6261206756037,260.0,0.0,180.0,150.15252067560368,900.0
293,376.0131992343122,0.0,0.0,180.0,477.9639988076882,900.0
294,344.0960002666401,0.0,0.0,180.0,563.5423998400161,900.0
295,380.23458584681794,0.0,0.0,180.0,596.863786273442,900.0
296,368.7249903387176,0.0,0.0,180.0,644.0677903387175,900.0
297,325.3343246282227,0.0,0.0,180.0,694.9031242015986,900.0
298,330.81618990550567,0.0,0.0,180.0,694.8225899055057,900.0
299,271.00396351477184,0.0,0.0,180.0,720.5087635147718,900.0
300,253.73159249557466,0.0,0.0,180.0,699.0839929221986,900.0
301,241.1102793440093,0.0,0.0,180.0,658.2642789173854,900.0
302,233.70678092026435,0.0,0.0,180.0,600.7640609202643,900.0
303,205.36764544229868,0.0,0.0,180.0,549.5584454422986,900.0
304,182.1213096651619,0.0,0.0,180.0,490.2800300917859,900.0
305,163.79319404352015,0.0,6.885263047172657,180.0,423.1468575173168,892.5964913471262
306,0.0,0.0,168.77055845000268,180.0,355.12255845000266,711.1227725836825
307,0.0,0.0,166.4135472171589,180.0,297.95714679053486,532.1834745007159
308,0.0,0.0,198.86194892998907,180.0,233.04874935661314,318.3534218878244
309,0.0,0.0,212.36868235567675,180.0,198.81908235567676,90.0
310,212.32,0.0,0.0,180.0,192.608,90.0
311,249.3908234294114,81.70212765957454,0.0,180.0,102.81109576983694,166.80000000000007
312,289.51879464624704,0.0,0.0,180.0,194.47679421962312,166.80000000000007
313,298.08057383620235,0.0,0.0,180.0,239.4545734095783,166.80000000000007
314,323.4365457708526,260.0,0.0,180.0,28.066945770852556,411.20000000000005
315,352.740271004266,260.0,0.0,180.0,83.05187100426599,655.6
316,357.48427877852566,260.0,0.0,180.0,155.38507877852567,900.0
317,374.76087197390495,0.0,0.0,180.0,478.69567197390484,900.0
318,378.69599973336005,0.0,0.0,180.0,542.782400159984,900.0
319,342.8563704993719,0.0,0.0,180.0,619.9911700727479,900.0
320,354.76428640161726,0.0,0.0,180.0,652.9934864016171,900.0
321,320.94812302993694,0.0,0.0,180.0,697.8001234565609,900.0
322,301.3422698382724,0.0,0.0,180.0,714.8846702648964,900.0
323,279.94975468505004,0.0,0.0,180.0,714.2609546850499,900.0
324,270.4317394123327,0.0,0.0,180.0,687.1889394123327,900.0
325,255.17678069645285,0.0,0.0,180.0,648.1208606964528,900.0
326,236.74987831605563,0.0,0.0,180.0,598.5604387426796,900.0
327,209.78527325963125,0.0,0.0,180.0,546.3728736862553,900.0
328,192.4553669864518,0.0,0.0,180.0,482.9193669864518,900.0
329,186.12822276559774,0.0,0.0,180.0,412.35662276559776,900.0
330,34.39309747393315,0.0,156.36485302797746,180.0,340.1563500752866,731.8657494322823
331,0.0,0.0,194.8660394271928,180.0,279.1648390005688,522.332373704118
332,0.0,0.0,199.23673318493434,180.0,232.80913318493435,308.09932726870477
333,0.0,0.0,202.83237435989548,180.0,204.71957393327148,90.0
334,220.04799973336003,0.0,0.0,180.0,187.971200159984,90.0
335,255.9917984004042,0.0,0.0,180.0,180.65659882702823,90.0
336,284.7402890481196,0.0,0.0,180.0,197.21188947474366,90.0
337,314.32389964666413,81.70212765957454,0.0,180.0,148.5749719870896,166.80000000000007
338,308.9612816915988,260.0,0.0,180.0,36.20928169159885,411.20000000000005
339,357.11599083795363,260.0,0.0,180.0,80.57959083795367,655.6
340,391.5117933155592,260.0,0.0,180.0,135.90859374218314,900.0
341,404.56625436248135,0.0,0.0,180.0,461.28185436248134,900.0
342,402.05599973335995,0.0,0.0,180.0,528.766400159984,900.0
343,375.3952658502885,0.0,0.0,180.0,599.8580654236646,900.0
344,353.7102064063663,0.0,0.0,180.0,653.6674064063662,900.0
345,325.8430928626344,0.0,0.0,180.0,694.5670928626344,900.0
346,307.98342179622523,0.0,0.0,180.0,710.3642222228493,900.0
347,291.79708696939224,0.0,0.0,180.0,705.9866873960161,900.0
348,255.98917722861665,0.0,0.0,180.0,697.4759776552405,900.0
349,248.47373669543072,0.0,0.0,180.0,652.9544562688067,900.0
350,224.33917733973726,0.0,0.0,180.0,607.5474977663612,900.0
351,213.12973031041366,0.0,0.0,180.0,543.9611703104136,900.0
352,175.54590752990424,0.0,0.0,180.0,494.9635071032802,900.0
353,175.0363064278128,0.0,3.4273253934349,180.0,417.70963182124774,896.314703878027
354,0.0,0.0,167.76524645923553,180.0,355.80684645923554,715.9219657498168
355,0.0,0.0,182.54767463492038,180.0,287.3008750615444,519.6341435617304
356,0.0,0.0,181.43449343646665,180.0,244.1908934364667,324.54329040423943
357,0.0,0.0,218.12526007594266,180.0,195.2572596493186,90.0
358,226.32,0.0,0.0,180.0,184.20800000000003,90.0
359,268.4261938897637,0.0,0.0,180.0,173.39179388976368,90.0
360,274.60530016305125,0.0,0.0,180.0,203.0128997364273,90.0
361,300.23162832686495,81.70212765957454,0.0,180.0,156.53710066729042,166.80000000000007
362,329.9655695335603,260.0,0.0,180.0,24.394369960184406,411.20000000000005
363,350.94908849290596,260.0,0.0,180.0,84.06388849290602,655.6
364,369.79279636808894,260.0,0.0,180.0,148.33999594146496,900.0
365,370.3332900956344,0.0,0.0,180.0,481.28249009563433,900.0
366,376.54399973336,0.0,0.0,180.0,544.073600159984,900.0
367,362.2373747533444,0.0,0.0,180.0,607.9993743267204,900.0
368,363.78252662122634,0.0,0.0,180.0,647.2277261946023,900.0
369,355.6060493490853,0.0,0.0,180.0,674.9092497757092,900.0
370,332.65926214767785,0.0,0.0,180.0,693.5680617210538,900.0
371,285.5870353030209,0.0,0.0,180.0,710.3238348763969,900.0
372,266.551983116957,0.0,0.0,180.0,689.952382690333,900.0
373,236.0106702628118,0.0,0.0,180.0,661.9416302628118,900.0
374,242.95931200427287,0.0,0.0,180.0,594.0639524308968,900.0
375,213.23682407623772,0.0,0.0,180.0,543.8839445028617,900.0
376,186.5497645974536,0.0,0.0,180.0,487.1257641708296,900.0
377,152.35447845305615,0.0,16.108256432938354,180.0,424.6943348859945,882.6792941581308
378,0.0,0.0,179.10547035508637,180.0,348.08787035508635,690.092766894597
379,0.0,0.0,169.70512464252903,180.0,295.783125069153,507.6141382467164
380,0.0,0.0,191.80351755020075,180.0,237.56151712357678,301.3737967948876
381,0.0,0.0,196.57763101924547,180.0,208.5896314458695,90.0
382,221.30399973336006,0.0,0.0,180.0,187.217600159984,90.0
383,253.66489457031776,81.70212765957454,0.0,180.0,100.3139664841192,166.80000000000007
384,297.21161767547915,0.0,0.0,180.0,190.07361767547917,166.80000000000007
385,323.148949144266,0.0,0.0,180.0,225.29094957089,166.80000000000007
386,323.1088654960191,260.0,0.0,180.0,28.251265922643142,411.20000000000005
387,347.7020590088424,260.0,0.0,180.0,85.89845900884245,655.6
388,383.39566173765036,260.0,0.0,180.0,140.55406131102632,900.0
389,367.8205568537169,0.0,0.0,180.0,482.75055642709276,900.0
390,385.12,0.0,0.0,180.0,538.928,900.0
391,375.751097714626,0.0,0.0,180.0,599.6378981412499,900.0
392,365.76575861229094,0.0,0.0,180.0,645.9597581856668,900.0
393,332.0099834098253,0.0,0.0,180.0,690.4939838364492,900.0
394,317.0388462465753,0.0,0.0,180.0,704.2004458199513,900.0
395,278.758992254634,0.0,0.0,180.0,715.0925922546339,900.0
396,270.13272156689663,0.0,0.0,180.0,687.4019215668966,900.0
397,261.53994993638014,0.0,0.0,180.0,643.5323503630042,900.0
398,230.64066887670424,0.0,0.0,180.0,602.9843488767042,900.0
399,206.92199630571372,0.0,0.0,180.0,548.4375958790897,900.0
400,189.42781145275688,0.0,0.0,180.0,485.0758110261329,900.0
401,0.0,0.0,182.5559355407974,180.0,414.8515355407974,703.7032951174222
402,0.0,0.0,184.04825430969152,180.0,344.72345430969153,505.8019463973238
403,0.0,0.0,185.9780078730094,180.0,285.0352078730094,305.8255938457008
404,0.0,0.0,193.33388526833716,180.0,236.5830852683372,97.93969570770386
405,219.71622661379746,0.0,7.383917008164592,180.0,189.7041436219621,90.0
406,236.78400000000005,81.70212765957454,0.0,180.0,96.22747234042545,166.80000000000007
407,262.8593983688882,0.0,0.0,180.0,176.64419836888817,166.80000000000007
408,288.9408153294856,0.0,0.0,180.0,194.8076149028617,166.80000000000007
409,308.2142500783562,0.0,0.0,180.0,233.72904965173223,166.80000000000007
410,348.76620990953546,260.0,0.0,180.0,13.819009909535396,411.20000000000005
411,344.0706202200573,260.0,0.0,180.0,87.95022064668126,655.6
412,378.58459390989583,260.0,0.0,180.0,143.3077943365198,900.0
413,395.3798299179675,0.0,0.0,180.0,466.6490299179675,900.0
414,370.83199973336013,0.0,0.0,180.0,547.500800159984,900.0
415,360.9405631076405,0.0,0.0,180.0,608.8017631076405,900.0
416,342.9898227149074,0.0,0.0,180.0,660.5214222882834,900.0
417,326.36727883791264,0.0,0.0,180.0,694.2208784112886,900.0
418,298.8746861077367,0.0,0.0,180.0,716.5642861077366,900.0
419,278.40477811394055,0.0,0.0,180.0,715.3399781139404,900.0
420,273.4667702943517,0.0,0.0,180.0,685.0271707209756,900.0
421,249.86000899608814,0.0,0.0,180.0,651.9548089960881,900.0
422,239.61034555669414,0.0,0.0,180.0,596.4890659833181,900.0
423,210.01210457819764,0.0,0.0,180.0,546.2093045781977,900.0
424,190.49679978641342,0.0,0.0,180.0,484.3144002130374,900.0
425,0.0,0.0,149.2937208029905,180.0,438.0821212296145,739.4691174161393
426,0.0,0.0,182.28895807200774,180.0,345.92095849863176,543.459485080647
427,0.0,0.0,179.379434510747,180.0,289.393434937371,350.5783727034998
428,0.0,0.0,176.6716137640032,180.0,247.23601333737923,160.60889553790494
429,151.0435644942556,0.0,65.6662728502516,180.0,196.13303777113117,90.0
430,222.24800026664002,0.0,0.0,180.0,186.65119984001603,90.0
431,233.4175947512843,0.0,0.0,180.0,193.84559432466034,90.0
432,279.115166673217,0.0,0.0,180.0,200.43156667321705,90.0
433,287.3825524280204,81.70212765957454,0.0,180.0,163.7968243418219,166.80000000000007
434,328.76953807309064,260.0,0.0,180.0,25.067137646466676,411.20000000000005
435,346.4179692632556,260.0,0.0,180.0,86.62396926325562,655.6
436,362.6453898762527,260.0,0.0,180.0,152.43098987625274,900.0
437,372.37741065700493,0.0,0.0,180.0,480.08821108362895,900.0
438,381.59200026663996,0.0,0.0,180.0,541.044799840016,900.0
439,356.01426106920974,0.0,0.0,180.0,611.8498614958337,900.0
440,356.08383839567193,0.0,0.0,180.0,652.1498383956718,900.0
441,344.5518978396302,0.0,0.0,180.0,682.2102978396301,900.0
442,298.9051498537025,0.0,0.0,180.0,716.5435502803265,900.0
443,286.1221247496002,0.0,0.0,180.0,709.9501243229762,900.0
444,258.20190928484305,0.0,0.0,180.0,695.899909711467,900.0
445,256.0573317476925,0.0,0.0,180.0,647.4858913210684,900.0
446,230.93837152837546,0.0,0.0,180.0,602.7687711017516,900.0
447,205.82130758367555,0.0,0.0,180.0,549.2313075836755,900.0
448,187.22629199629608,0.0,0.0,180.0,486.6438924229201,900.0
449,0.0,0.0,161.52918162266906,180.0,429.5367816226691,726.3127079326139
450,0.0,0.0,174.2312303998516,180.0,351.4056303998516,538.9672989005154
451,0.0,0.0,176.51953943806222,180.0,291.28233901143824,349.16134251550227
452,0.0,0.0,200.32204542984033,180.0,232.11524500321633,133.7612936662116
453,160.671504199185,0.0,40.69800310957679,180.0,205.6247077353858,90.0
454,226.49599999999998,81.70212765957454,0.0,180.0,102.40027234042545,166.80000000000007
455,243.0483933882707,0.0,0.0,180.0,188.21879296164673,166.80000000000007
456,267.7835161145152,0.0,0.0,180.0,206.91751568789124,166.80000000000007
457,316.9247947596625,0.0,0.0,180.0,228.8075947596625,166.80000000000007
458,340.71347413848514,260.0,0.0,180.0,18.348673711861125,411.20000000000005
459,353.89349782801776,260.0,0.0,180.0,82.40029825464183,655.6
460,359.77177411991613,260.0,0.0,180.0,154.07577454654006,900.0
461,378.75215901823753,0.0,0.0,180.0,476.36375944486156,900.0
462,375.86399973336006,0.0,0.0,180.0,544.481600159984,900.0
463,363.0597429469034,0.0,0.0,180.0,607.4905425202794,900.0
464,371.5592943259477,0.0,0.0,180.0,642.2556943259476,900.0
465,324.4247082346151,0.0,0.0,180.0,695.503907807991,900.0
466,305.9423343168306,0.0,0.0,180.0,711.7535338902067,900.0
467,270.71004114270715,0.0,0.0,180.0,720.7140411427071,900.0
468,256.7666238759068,0.0,0.0,180.0,696.9222238759068,900.0
469,255.67952735995357,0.0,0.0,180.0,647.7583277865775,900.0
470,234.9302558902043,0.0,0.0,180.0,599.8780963168283,900.0
471,217.41944027804652,0.0,0.0,180.0,540.8678407046705,900.0
472,191.13221297765006,0.0,0.0,180.0,483.86181297765006,900.0
473,151.21563595644673,0.0,15.531798143968576,180.0,425.8923141004153,883.299141780679
474,0.0,0.0,160.41580627289187,180.0,360.8094066995159,710.8090275087523
475,0.0,0.0,190.75734820631237,180.0,281.87854820631236,505.69359932992177
476,0.0,0.0,199.1820774459472,180.0,232.84407701932327,291.5193225063226
477,0.0,0.0,187.41296993088008,180.0,214.26017035750408,90.0
478,256.55199973336005,0.0,0.0,180.0,166.068800159984,90.0
479,268.23228492308397,81.70212765957454,0.0,180.0,91.80295769013345,166.80000000000007
480,282.49349621113157,0.0,0.0,180.0,198.49789663775562,166.80000000000007
481,311.02779699304625,0.0,0.0,180.0,232.13939656642225,166.80000000000007
482,337.64966584867113,260.0,0.0,180.0,20.07206584867106,411.20000000000005
483,363.70001787742774,260.0,0.0,180.0,76.8596178774277,655.6
484,388.133463496069,260.0,0.0,180.0,137.84226392269306,900.0
485,384.6502151699483,0.0,0.0,180.0,472.91781559657227,900.0
486,374.616,0.0,0.0,180.0,545.2304,900.0
487,372.24812576907686,0.0,0.0,180.0,601.8053257690768,900.0
488,356.3649261341649,0.0,0.0,180.0,651.9701265607889,900.0
489,334.1761043186282,0.0,0.0,180.0,689.0633038920041,900.0
490,298.81375810812244,0.0,0.0,180.0,716.6057581081224,900.0
491,265.2536358306222,0.0,0.0,180.0,724.5248362572463,900.0
492,254.18310944218308,0.0,0.0,180.0,698.762389868807,900.0
493,253.4603018445348,0.0,0.0,180.0,649.3586214179109,900.0
494,226.54187841847283,0.0,0.0,180.0,605.9524384184729,900.0
495,210.09614338273866,0.0,0.0,180.0,546.1487038093626,900.0
496,185.03972418005986,0.0,0.0,180.0,488.2013241800598,900.0
497,182.42027906390632,0.0,0.0,180.0,414.94627906390633,900.0
498,27.451670072332632,0.0,157.1601679783416,180.0,344.33983847729826,731.0105720662993
499,0.0,0.0,184.69837804183481,180.0,285.8803780418348,532.4101655697027
500,0.0,0.0,194.72370924869995,180.0,235.6945092487,323.0298330442189
501,0.0,0.0,216.71774473112356,180.0,196.12814515774755,90.0
502,243.42399973335995,0.0,0.0,180.0,173.945600159984,90.0
503,245.93278499264113,81.70212765957454,0.0,180.0,104.83145733306664,166.80000000000007
504,293.9716772801124,0.0,0.0,180.0,191.9280772801124,166.80000000000007
505,311.4449214083766,0.0,0.0,180.0,231.90372140837667,166.80000000000007
506,329.3020178029667,260.0,0.0,180.0,24.767617802966697,411.20000000000005
507,357.5821890258419,260.0,0.0,180.0,80.31618902584194,655.6
508,367.16339695388467,260.0,0.0,180.0,149.84499738050874,900.0
509,401.2051700396131,0.0,0.0,180.0,463.24557046623704,900.0
510,365.54399973336,0.0,0.0,180.0,550.673600159984,900.0
511,373.0625868397125,0.0,0.0,180.0,601.3013864130885,900.0
512,355.86521439665705,0.0,0.0,180.0,652.2896143966569,900.0
513,338.6162651837376,0.0,0.0,180.0,686.1306656103616,900.0
514,329.6737901665798,0.0,0.0,180.0,695.6001897399558,900.0
515,275.5107732197645,0.0,0.0,180.0,717.3611732197645,900.0
516,269.47488255609414,0.0,0.0,180.0,687.87048212947,900.0
517,259.49698332332355,0.0,0.0,180.0,645.0055428966996,900.0
518,228.4609821982956,0.0,0.0,180.0,604.5627426249196,900.0
519,219.60222476353283,0.0,0.0,180.0,539.2938247635328,900.0
520,178.49123315344764,0.0,0.0,180.0,492.8656331534477,900.0
521,172.40430893558568,0.0,0.0,180.0,421.9415093622097,900.0
522,68.21155054708221,0.0,113.04924778820951,180.0,346.62079833529174,778.441669044936
523,0.0,0.0,209.19635155673257,180.0,269.6999515567326,553.4993555430731
524,0.0,0.0,193.89606152063465,180.0,236.2236610940107,345.00896681120787
525,0.0,0.0,237.15833913442333,180.0,183.48073956104736,90.0
526,239.98400000000004,0.0,0.0,180.0,176.00959999999998,90.0
527,265.2994158750756,0.0,0.0,180.0,175.21861630169963,90.0
528,283.29941157574405,0.0,0.0,180.0,198.03661114912006,90.0
529,315.00274935638436,81.70212765957454,0.0,180.0,148.19142212343382,166.80000000000007
530,342.7778578767485,260.0,0.0,180.0,17.187457876748454,411.20000000000005
531,382.7405330680486,260.0,0.0,180.0,66.1017334946726,655.6
532,391.4385288741713,260.0,0.0,180.0,135.9505284475473,900.0
533,379.1884538521755,0.0,0.0,180.0,476.10885385217534,900.0
534,366.1600000000001,0.0,0.0,180.0,550.304,900.0
535,378.6926454838948,0.0,0.0,180.0,597.8178459105188,900.0
536,380.82739002394976,0.0,0.0,180.0,636.3301904505737,900.0
537,341.35282297806543,0.0,0.0,180.0,684.3232234046893,900.0
538,308.204285794827,0.0,0.0,180.0,710.2138862214509,900.0
539,269.5343519056387,0.0,0.0,180.0,721.5351514790146,900.0
540,286.51889924763384,0.0,0.0,180.0,675.7304996742578,900.0
541,239.1468885434606,0.0,0.0,180.0,659.6800889700846,900.0
542,235.15223398824173,0.0,0.0,180.0,599.7173535616178,900.0
543,220.736379869097,0.0,0.0,180.0,538.475980295721,900.0
544,179.83681325222506,0.0,0.0,180.0,491.9072136788491,900.0
545,0.0,0.0,167.05341507170482,180.0,425.67861464508087,720.3726719659088
546,0.0,0.0,191.61855798632422,180.0,339.57055841294823,514.3312117655602
547,0.0,0.0,152.815553107568,180.0,306.93835268094404,350.01341272516447
548,0.0,0.0,180.70054144683684,180.0,244.66014144683686,155.71175525544746
549,142.80375367521793,0.0,61.11193238756614,180.0,204.04928606278406,90.0
550,236.752,0.0,0.0,180.0,177.9488,90.0
551,266.6002200533934,81.70212765957454,0.0,180.0,92.75649282044289,166.80000000000007
552,272.59458311369747,0.0,0.0,180.0,204.1637831136975,166.80000000000007
553,330.21553236539296,0.0,0.0,180.0,221.29833236539298,166.80000000000007
554,358.6048022364422,260.0,0.0,180.0,8.284801809818191,411.20000000000005
555,359.7823170434481,260.0,0.0,180.0,79.07311747007202,655.6
556,363.85833238975647,260.0,0.0,180.0,151.7367323897564,900.0
557,357.7049865770841,0.0,0.0,180.0,488.66058615046006,900.0
558,371.63999973336,0.0,0.0,180.0,547.016000159984,900.0
559,385.16088762169545,0.0,0.0,180.0,593.8156880483194,900.0
560,354.8579821409544,0.0,0.0,180.0,652.9335825675784,900.0
561,350.7033716736669,0.0,0.0,180.0,678.1473712470429,900.0
562,301.36511809196895,0.0,0.0,180.0,714.869118091969,900.0
563,272.86547161999124,0.0,0.0,180.0,719.2086720466152,900.0
564,252.96909748802602,0.0,0.0,180.0,699.627097061402,900.0
565,253.3918804193686,0.0,0.0,180.0,649.4079604193686,900.0
566,234.7773217354735,0.0,0.0,180.0,599.9888417354736,900.0
567,205.822051292104,0.0,0.0,180.0,549.230771292104,900.0
568,198.79903103147956,0.0,0.0,180.0,478.40095060485555,900.0
569,0.0,0.0,159.45665236580038,180.0,430.9842519391764,728.5412340152684
570,0.0,0.0,182.79923006732133,180.0,345.5736304939453,531.9829221149229
571,0.0,0.0,168.3252828366239,180.0,296.6944832632479,350.9879943336068
572,0.0,0.0,217.4215651882369,180.0,221.18276476161293,117.20136509894348
573,201.81868858962423,0.0,25.297269542017442,180.0,189.69435855826566,90.0
574,240.16000000000008,81.70212765957454,0.0,180.0,94.20187234042545,166.80000000000007
575,265.80842674430306,0.0,0.0,180.0,174.92122631767904,166.80000000000007
576,288.14304078995514,0.0,0.0,180.0,195.26424078995512,166.80000000000007
577,308.3369338101014,0.0,0.0,180.0,233.65973338347737,166.80000000000007
578,344.8176658879167,260.0,0.0,180.0,16.040065887916683,411.20000000000005
579,350.253880396259,260.0,0.0,180.0,84.45668082288296,655.6
580,373.9037757566257,260.0,0.0,180.0,145.98697575662572,900.0
581,368.03870359745883,0.0,0.0,180.0,482.62310402408286,900.0
582,372.99199973336,0.0,0.0,180.0,546.204800159984,900.0
583,366.9659916027555,0.0,0.0,180.0,605.0735916027554,900.0
584,362.72063810552936,0.0,0.0,180.0,647.9066385321534,900.0
585,339.81880940439703,0.0,0.0,180.0,685.336408977773,900.0
586,299.6895983564185,0.0,0.0,180.0,716.0095979297945,900.0
587,297.5549511246203,0.0,0.0,180.0,701.9653511246203,900.0
588,250.93577588990445,0.0,0.0,180.0,701.0753758899044,900.0
589,249.714986096453,0.0,0.0,180.0,652.059385669829,900.0
590,228.41495389252555,0.0,0.0,180.0,604.5960734659016,900.0
591,206.5032882125978,0.0,0.0,180.0,548.7395282125977,900.0
592,185.2340855367159,0.0,0.0,180.0,488.0628859633399,900.0
593,0.0,0.0,170.75382205126732,180.0,423.09422205126737,716.39373972982
594,0.0,0.0,166.03641422127197,180.0,356.98361464789593,537.8599609972696
595,0.0,0.0,190.27941417298206,180.0,282.1942141729821,333.25844038115986
596,0.0,0.0,186.43942162599137,180.0,240.99102119936742,132.78594400912613
597,169.77063217838037,0.0,39.7909279284873,180.0,200.5559601068677,90.0
598,218.61599999999999,0.0,0.0,180.0,188.8304,90.0
599,261.4131626675287,0.0,0.0,180.0,177.48916266752872,90.0
600,289.99094676416485,81.70212765957454,0.0,180.0,112.50441867796634,166.80000000000007
601,318.00441159902033,0.0,0.0,180.0,228.19761159902032,166.80000000000007
602,327.4260500657349,260.0,0.0,180.0,25.822849639110927,411.20000000000005
603,340.46371899581277,260.0,0.0,180.0,89.98811856918883,655.6
604,369.9800285624234,260.0,0.0,180.0,148.23282898904745,900.0
605,389.9180686001946,0.0,0.0,180.0,469.84006817357056,900.0
606,377.96000000000004,0.0,0.0,180.0,543.2239999999999,900.0
607,381.7211745044053,0.0,0.0,180.0,595.9439749310293,900.0
608,349.77497416385586,0.0,0.0,180.0,656.1833745904797,900.0
609,323.3455023438943,0.0,0.0,180.0,696.2167019172704,900.0
610,296.30809387014517,0.0,0.0,180.0,718.3112942967692,900.0
611,299.4013865388731,0.0,0.0,180.0,700.6757865388731,900.0
612,273.9900517730214,0.0,0.0,180.0,684.6544517730213,900.0
613,252.2889607898203,0.0,0.0,180.0,650.2032807898203,900.0
614,222.56558396198182,0.0,0.0,180.0,608.8318239619817,900.0
615,212.830759274284,0.0,0.0,180.0,544.176759700908,900.0
616,194.1074406358597,0.0,0.0,180.0,481.74264063585963,900.0
617,0.0,0.0,182.97044119121875,180.0,414.56204161784274,703.2575901169691
618,0.0,0.0,171.30668617286943,180.0,353.39628659949346,519.0568522966794
619,0.0,0.0,190.32566585362696,180.0,282.1636658536269,314.4055986906289
620,1.3770302495235853,0.0,208.6972067822849,180.0,225.88023703180852,90.0
621,192.3788089895096,0.0,0.0,180.0,211.1876089895096,90.0
622,246.29600026664008,0.0,0.0,180.0,172.222399840016,90.0
623,263.94205499335266,0.0,0.0,180.0,176.0116554199767,90.0
624,284.82169485701627,81.70212765957454,0.0,180.0,115.46316719744176,166.80000000000007
625,301.90012735120297,0.0,0.0,180.0,237.29652692457898,166.80000000000007
626,331.71046608919255,260.0,0.0,180.0,23.412865662568606,411.20000000000005
627,359.95407481577126,260.0,0.0,180.0,78.97607438914724,655.6
628,369.16597318423305,260.0,0.0,180.0,148.69877361085707,900.0
629,388.407196412589,0.0,0.0,180.0,470.7227964125889,900.0
630,368.61600026664007,0.0,0.0,180.0,548.8303998400161,900.0
631,364.83890464056924,0.0,0.0,180.0,606.3897046405692,900.0
632,339.52307047028614,0.0,0.0,180.0,662.737870470286,900.0
633,342.08514177491077,0.0,0.0,180.0,683.8395413482867,900.0
634,302.66745408372344,0.0,0.0,180.0,713.9826540837234,900.0
635,297.37407581873435,0.0,0.0,180.0,702.0916758187343,900.0
636,267.8751370830115,0.0,0.0,180.0,689.0099366563874,900.0
637,244.05387688854466,0.0,0.0,180.0,656.1416373151687,900.0
638,243.5175973070883,0.0,0.0,180.0,593.6596768804643,900.0
639,224.22957860557665,0.0,0.0,180.0,535.9570186055766,900.0
640,180.77871999409206,0.0,0.0,180.0,491.23631956746806,900.0
641,184.49280882315605,0.0,0.0,180.0,413.4988083965321,900.0
642,38.03725526681734,0.0,149.80376700804123,180.0,342.14182227485855,738.9206806365148
643,0.0,0.0,196.87027866487557,180.0,277.84107866487557,527.2322089538529
644,0.0,0.0,204.6554851083714,180.0,229.34468510837144,307.17254754700195
645,0.0,0.0,201.9704692187118,180.0,205.25286879208784,90.0
646,231.92000000000002,0.0,0.0,180.0,180.848,90.0
647,277.8226861840717,0.0,0.0,180.0,167.9018861840717,90.0
648,295.3392905826471,0.0,0.0,180.0,191.14529015602318,90.0
649,310.2916940573685,81.70212765957454,0.0,180.0,150.85316682441794,166.80000000000007
650,329.07264152867157,260.0,0.0,180.0,24.89664195529548,411.20000000000005
651,347.59573310634164,260.0,0.0,180.0,85.95853310634163,655.6
652,369.5730014159776,260.0,0.0,180.0,148.4658009893535,900.0
653,355.8062967293904,0.0,0.0,180.0,489.7698971560143,900.0
654,376.4,0.0,0.0,180.0,544.16,900.0
655,352.34523427120666,0.0,0.0,180.0,614.1200338445826,900.0
656,334.29171049385593,0.0,0.0,180.0,666.0825104938559,900.0
657,340.6590482764582,0.0,0.0,180.0,684.7814478498342,900.0
658,322.09587021455786,0.0,0.0,180.0,700.7582697879338,900.0
659,285.0896277094531,0.0,0.0,180.0,710.6712281360772,900.0
660,239.30398145328695,0.0,0.0,180.0,709.3603818799108,900.0
661,243.9847122506858,0.0,0.0,180.0,656.1915122506857,900.0
662,238.7914788399445,0.0,0.0,180.0,597.0820384133204,900.0
663,210.50964551685524,0.0,0.0,180.0,545.8505255168552,900.0
664,192.19372661239908,0.0,0.0,180.0,483.105726185775,900.0
665,107.2805538942078,0.0,50.043276693645,180.0,432.4738310144768,846.1900250605968
666,0.0,0.0,170.99443068341975,180.0,353.6088302567957,662.3250458311132
667,0.0,0.0,161.25648431140002,180.0,301.36328473802405,488.9309766790702
668,0.0,0.0,174.0090858016227,180.0,248.93828537499877,301.82443280635766
669,0.0,0.0,196.99672250991267,180.0,208.33032293653673,90.0
670,235.55200000000002,0.0,0.0,180.0,178.66880000000003,90.0
671,271.9246299718233,0.0,0.0,180.0,171.34782997182333,90.0
672,292.6122048026595,0.0,0.0,180.0,192.7062048026595,90.0
673,332.1539355995705,81.70212765957454,0.0,180.0,138.50100751337192,166.80000000000007
674,341.66374559760925,260.0,0.0,180.0,17.814146024233196,411.20000000000005
675,366.1536922779203,260.0,0.0,180.0,75.47329270454429,655.6
676,370.9975983278108,260.0,0.0,180.0,147.6503979011868,900.0
677,403.52399485542264,0.0,0.0,180.0,461.8907952820466,900.0
678,369.96799999999996,0.0,0.0,180.0,548.0192,900.0
679,360.91684094821085,0.0,0.0,180.0,608.8164409482108,900.0
680,351.07891041822165,0.0,0.0,180.0,655.3497104182215,900.0
681,335.47115087363704,0.0,0.0,180.0,688.207951300261,900.0
682,311.7076457726462,0.0,0.0,180.0,707.8292461992702,900.0
683,258.5386406019859,0.0,0.0,180.0,729.2146401753619,900.0
684,249.7397047573171,0.0,0.0,180.0,701.927304330693,900.0
685,257.54326122836505,0.0,0.0,180.0,646.414380801741,900.0
686,231.63474273826898,0.0,0.0,180.0,602.264502311645,900.0
687,217.1591425759542,0.0,0.0,180.0,541.0555425759542,900.0
688,194.5783940067932,0.0,0.0,180.0,481.4071935801692,900.0
689,190.02380521196315,0.0,1.3422651070112863,180.0,408.69846989235043,898.5567041860094
690,0.0,0.0,173.9875184020899,180.0,351.57151840208985,711.4733510654826
691,0.0,0.0,184.3437815666294,180.0,286.1145819932534,513.2542311013649
692,0.0,0.0,197.18322921394883,180.0,234.12202921394885,301.22925345195756
693,0.0,0.0,196.4432057103205,180.0,208.67280571032052,90.0
694,229.224,0.0,0.0,180.0,182.4656,90.0
695,257.591545423154,0.0,0.0,180.0,179.721945423154,90.0
696,299.32002082727007,81.70212765957454,0.0,180.0,107.16469359431956,166.80000000000007
697,311.085049401194,0.0,0.0,180.0,232.10704897457003,166.80000000000007
698,334.6677778323449,260.0,0.0,180.0,21.749377832344862,411.20000000000005
699,334.59125706633006,260.0,0.0,180.0,93.3060574929541,655.6
700,369.7358122202911,260.0,0.0,180.0,148.372612220291,900.0
701,364.9927217124856,0.0,0.0,180.0,484.4027212858615,900.0
702,368.63999973336,0.0,0.0,180.0,548.816000159984,900.0
703,373.59238120653356,0.0,0.0,180.0,600.9735816331576,900.0
704,348.47884616969543,0.0,0.0,180.0,657.0120465963194,900.0
705,323.2298728843889,0.0,0.0,180.0,696.293072884389,900.0
706,301.9972460879667,0.0,0.0,180.0,714.4388460879668,900.0
707,292.2718848985335,0.0,0.0,180.0,705.6550848985335,900.0
708,282.1308126150169,0.0,0.0,180.0,678.8560126150168,900.0
709,254.38770628016982,0.0,0.0,180.0,648.6898658535458,900.0
710,234.40240973014716,0.0,0.0,180.0,600.2603297301471,900.0
711,218.64507226394858,0.0,0.0,180.0,539.9840318373246,900.0
712,202.2855792219042,0.0,0.0,180.0,475.9175787952802,900.0
713,0.0,0.0,174.9742457767698,180.0,420.1466457767698,711.8556497023981
714,0.0,0.0,180.33926234375514,180.0,347.2480623437551,517.9424643865324
715,0.0,0.0,195.25146984230526,180.0,278.91026984230524,307.99464735179555
716,0.0,0.0,179.4668772040269,180.0,245.44887763065094,115.01951057327202
717,195.97205622860048,0.0,23.268144833142976,180.0,194.56740148836752,90.0
718,204.88000026664002,0.0,0.0,180.0,197.07199984001602,90.0
719,242.48282608492877,81.70212765957454,0.0,180.0,106.84709842535422,166.80000000000007
720,277.96734886477606,0.0,0.0,180.0,201.0885484381521,166.80000000000007
721,307.09373866175,0.0,0.0,180.0,234.36213823512605,166.80000000000007
722,340.3366418633825,260.0,0.0,180.0,18.560641863382557,411.20000000000005
723,352.00416832973406,260.0,0.0,180.0,83.46776875635805,655.6
724,378.60087501745966,260.0,0.0,180.0,143.29847544408358,900.0
725,372.0542294980072,0.0,0.0,180.0,480.27702992463117,900.0
726,396.72000026664,0.0,0.0,180.0,531.967999840016,900.0
727,367.709285667996,0.0,0.0,180.0,604.61368609462,900.0
728,363.5560941017652,0.0,0.0,180.0,647.3724945283892,900.0
729,349.81688060671877,0.0,0.0,180.0,678.7328810333427,900.0
730,312.17983802349784,0.0,0.0,180.0,707.5078380234978,900.0
731,279.9120723296571,0.0,0.0,180.0,714.2872723296571,900.0
732,266.1632599178903,0.0,0.0,180.0,690.2292594912662,900.0
733,249.14976742749832,0.0,0.0,180.0,652.4669674274983,900.0
734,224.38520638783302,0.0,0.0,180.0,607.514166387833,900.0
735,201.16569257347123,0.0,0.0,180.0,552.5884930000952,900.0
736,179.52284450437372,0.0,0.0,180.0,492.1308449309977,900.0
737,0.0,0.0,179.23235185696427,180.0,417.1727518569643,707.277041014017
738,0.0,0.0,168.9914227018155,180.0,354.9722222751915,525.5658338077637
739,0.0,0.0,175.6176311516312,180.0,291.8780315782552,336.72967127912807
740,0.0,0.0,215.39929295656947,180.0,222.4756929565695,105.1175283150749
741,207.25263502221105,0.0,14.059301333019665,180.0,193.28553678185477,90.0
742,225.57600000000008,0.0,0.0,180.0,184.6544,90.0
743,249.3019483404841,0.0,0.0,180.0,184.56514876710816,90.0
744,281.9887821495097,81.70212765957454,0.0,180.0,117.08465448993515,166.80000000000007
745,301.9083057214462,0.0,0.0,180.0,237.2919061480702,166.80000000000007
746,333.3816338253031,260.0,0.0,180.0,22.472833825303155,411.20000000000005
747,355.10397787861825,260.0,0.0,180.0,81.71637745199428,655.6
748,370.88363030353946,260.0,0.0,180.0,147.71563030353946,900.0
749,367.73168203499233,0.0,0.0,180.0,482.80248160836834,900.0
750,373.20799999999997,0.0,0.0,180.0,546.0752,900.0
751,364.8151822175864,0.0,0.0,180.0,606.4043826442104,900.0
752,360.5422063755849,0.0,0.0,180.0,649.2994063755848,900.0
753,328.7723659945908,0.0,0.0,180.0,692.6323659945908,900.0
754,297.68659036910003,0.0,0.0,180.0,717.3729899424761,900.0
755,291.4428728286988,0.0,0.0,180.0,706.2340732553228,900.0
756,266.88090224862344,0.0,0.0,180.0,689.7181026752473,900.0
757,249.8295167018099,0.0,0.0,180.0,651.9767971284339,900.0
758,224.04147543039164,0.0,0.0,180.0,607.7630750037677,900.0
759,208.48750254767822,0.0,0.0,180.0,547.3087021210541,900.0
760,194.271900207006,0.0,0.0,180.0,481.62550063363005,900.0
761,0.0,0.0,168.4325887510504,180.0,424.7153891776744,718.8896895149996
762,0.0,0.0,160.23302252841182,180.0,360.93382252841184,546.5961169038042
763,0.0,0.0,204.93348858089212,180.0,272.51548815426816,326.23752703187716
764,0.0,0.0,186.67366110220047,180.0,240.84126152882453,125.51316025531753
765,169.40976572807872,0.0,33.027239037445305,180.0,204.96420476552407,90.0
766,218.752,0.0,0.0,180.0,188.74880000000002,90.0
767,235.04965935168423,81.70212765957454,0.0,180.0,111.18993169210968,166.80000000000007
768,286.79170859493473,0.0,0.0,180.0,196.03770902155873,166.80000000000007
769,314.48747795565777,0.0,0.0,180.0,230.18467795565778,166.80000000000007
770,321.62611403397966,260.0,0.0,180.0,29.0853136073556,411.20000000000005
771,343.15458194803796,260.0,0.0,180.0,88.46778194803801,655.6
772,366.5691370704551,260.0,0.0,180.0,150.18513664383113,900.0
773,381.22449515386177,0.0,0.0,180.0,474.91929515386175,900.0
774,379.00800026664,0.0,0.0,180.0,542.595199840016,900.0
775,362.62483616358793,0.0,0.0,180.0,607.7596365902119,900.0
776,357.1379181306821,0.0,0.0,180.0,651.4759185573062,900.0
777,368.1402554223132,0.0,0.0,180.0,666.6306549956892,900.0
778,316.14015774458267,0.0,0.0,180.0,704.8121581712066,900.0
779,286.4461925035981,0.0,0.0,180.0,709.7237929302221,900.0
780,260.1679516185849,0.0,0.0,180.0,694.4995520452088,900.0
781,248.30565833812727,0.0,0.0,180.0,653.0756583381273,900.0
782,230.58647367593426,0.0,0.0,180.0,603.0235936759343,900.0
783,223.02700232459182,0.0,0.0,180.0,536.8242018979678,900.0
784,190.39214378628628,0.0,0.0,180.0,484.3889437862863,900.0
785,0.0,0.0,177.55925555983066,180.0,418.3412551332067,709.0760692905046
786,0.0,0.0,184.71846255737756,180.0,344.2672621307536,510.4540665406363
787,0.0,0.0,184.65212636118997,180.0,285.9109263611899,311.9033930339804
788,0.0,0.0,160.98534172539786,180.0,257.2649417253979,138.80087504968165
789,148.3540656913202,0.0,45.384813796203936,180.0,210.34607948752415,90.0
790,222.23999973335998,0.0,0.0,180.0,186.656000159984,90.0
791,251.03904708792714,81.70212765957454,0.0,180.0,101.84811985497659,166.80000000000007
792,268.62199288018246,0.0,0.0,180.0,206.43759288018248,166.80000000000007
793,332.33387173946346,0.0,0.0,180.0,220.1014713128394,166.80000000000007
794,336.13414584037344,260.0,0.0,180.0,20.924545840373412,411.20000000000005
795,354.5723478209077,260.0,0.0,180.0,82.01674824753172,655.6
796,381.1488683511956,260.0,0.0,180.0,141.8400687778195,900.0
797,371.9411166309393,0.0,0.0,180.0,480.34311620431527,900.0
798,366.648,0.0,0.0,180.0,550.0112,900.0
799,367.00552879869133,0.0,0.0,180.0,605.0491283720673,900.0
800,363.79814236091534,0.0,0.0,180.0,647.2177423609153,900.0
801,345.3381764171554,0.0,0.0,180.0,681.6909764171554,900.0
802,330.12313365605235,0.0,0.0,180.0,695.2943340826763,900.0
803,300.8257798239159,0.0,0.0,180.0,699.6809793972919,900.0
804,254.84543421898047,0.0,0.0,180.0,698.2906342189804,900.0
805,245.68557372093528,0.0,0.0,180.0,654.9650132943113,900.0
806,237.72093802473535,0.0,0.0,180.0,597.8572575981113,900.0
807,207.57571551859746,0.0,0.0,180.0,547.9661959452214,900.0
808,195.4455455374163,0.0,0.0,180.0,480.7895455374163,900.0
809,176.2554455851067,0.0,0.0,180.0,419.2518460117308,900.0
810,32.09899956498262,0.0,140.90605509997155,180.0,352.2402542383302,748.4881127957295
811,0.0,0.0,193.70974715414303,180.0,279.928547154143,540.1980620923499
812,0.0,0.0,192.27199702310014,180.0,237.26199744972422,333.4539792718121
813,0.0,0.0,226.41220072278526,180.0,190.12980114940927,90.0
814,222.67200026664,81.70212765957454,0.0,180.0,104.69467218044146,166.80000000000007
815,256.57352476186185,0.0,0.0,180.0,180.31672476186185,166.80000000000007
816,300.9399915676027,0.0,0.0,180.0,187.9395911409788,166.80000000000007
817,331.8676730136251,0.0,0.0,180.0,220.3648734402492,166.80000000000007
818,316.57984146027195,260.0,0.0,180.0,31.923841886895957,411.20000000000005
819,335.86716789634,260.0,0.0,180.0,92.58516832296402,655.6
820,355.7259191616346,260.0,0.0,180.0,156.3915191616345,900.0
821,354.271186762732,0.0,0.0,180.0,490.666786336108,900.0
822,373.576,0.0,0.0,180.0,545.8543999999999,900.0
823,347.8222086795257,0.0,0.0,180.0,616.9186091061497,900.0
824,381.63161428056696,0.0,0.0,180.0,635.816014280567,900.0
825,352.8617829412524,0.0,0.0,180.0,676.7217833678764,900.0
826,309.94073429151547,0.0,0.0,180.0,709.0319338648915,900.0
827,297.9091650141231,0.0,0.0,180.0,701.7179654407471,900.0
828,263.5020008443531,0.0,0.0,180.0,692.124800844353,900.0
829,235.55477723158458,0.0,0.0,180.0,662.2703768049606,900.0
830,235.1366430931364,0.0,0.0,180.0,599.7286435197605,900.0
831,204.56592800426813,0.0,0.0,180.0,550.1365675776441,900.0
832,171.94274187767883,0.0,0.0,180.0,497.52994230430284,900.0
833,180.41423564721677,0.0,8.05029285809356,180.0,410.7249289319343,891.3437711203295
834,0.0,0.0,170.34707018168257,180.0,354.0494706083066,708.1748784518536
835,0.0,0.0,182.362668169269,180.0,287.423068169269,512.0859879472633
836,0.0,0.0,189.97644557601586,180.0,238.7296451493919,307.81024001606346
837,0.0,0.0,202.56352321493904,180.0,204.8859227883151,90.0
838,231.20800000000003,0.0,0.0,180.0,181.27520000000004,90.0
839,264.68537166667716,0.0,0.0,180.0,175.57737209330116,90.0
840,281.0444781849988,81.70212765957454,0.0,180.0,117.62515009880026,166.80000000000007
841,305.68696493180175,0.0,0.0,180.0,235.15696493180172,166.80000000000007
842,333.21779409744533,260.0,0.0,180.0,22.564993670821423,411.20000000000005
843,367.31509883505896,260.0,0.0,180.0,74.81709840843496,655.6
844,366.92732143685885,260.0,0.0,180.0,149.98012101023483,900.0
845,366.4147185427854,0.0,0.0,180.0,483.5719185427854,900.0
846,364.688,0.0,0.0,180.0,551.1872000000001,900.0
847,363.12300203871564,0.0,0.0,180.0,607.4514016120917,900.0
848,361.65875037055434,0.0,0.0,180.0,648.5855503705543,900.0
849,341.20635932146763,0.0,0.0,180.0,684.4199597480915,900.0
850,323.73331020419073,0.0,0.0,180.0,699.6437097775668,900.0
851,274.72697997640137,0.0,0.0,180.0,717.9085804030253,900.0
852,258.27666424451525,0.0,0.0,180.0,695.8466638178912,900.0
853,237.48841919842596,0.0,0.0,180.0,660.8760187718019,900.0
854,237.33043512430356,0.0,0.0,180.0,598.1400355509276,900.0
855,206.69516473926933,0.0,0.0,180.0,548.6011651658932,900.0
856,183.46090990515063,0.0,0.0,180.0,489.3258699051506,900.0
857,175.92384136619842,0.0,0.0,180.0,419.4834409395744,900.0
858,9.990238313920827,0.0,140.7837123013636,180.0,367.3723506152844,748.6196641920822
859,0.0,0.0,192.8540908052849,180.0,280.4936912319089,541.2496740788727
860,0.0,0.0,204.27289311377717,180.0,229.58929311377722,321.60140191352093
861,0.0,0.0,215.38930377957445,180.0,196.95010420619843,90.0
862,232.38399973336004,0.0,0.0,180.0,180.56960015998402,90.0
863,253.56793968304186,0.0,0.0,180.0,182.07274010966586,90.0
864,306.19064846967393,0.0,0.0,180.0,184.934248469674,90.0
865,317.39917212834723,81.70212765957454,0.0,180.0,146.83744404214866,166.80000000000007
866,330.5963538100534,260.0,0.0,180.0,24.03955381005335,411.20000000000005
867,364.28072061079035,260.0,0.0,180.0,76.53152103741445,655.6
868,400.18148363593605,260.0,0.0,180.0,130.946283209312,900.0
869,388.31832186315535,0.0,0.0,180.0,470.7747214365313,900.0
870,376.60800000000006,0.0,0.0,180.0,544.0352,900.0
871,374.79430421451923,0.0,0.0,180.0,600.2299042145191,900.0
872,349.08787068743266,0.0,0.0,180.0,656.6226702608087,900.0
873,353.1392930274377,0.0,0.0,180.0,676.5384934540617,900.0
874,277.6184299884749,0.0,0.0,180.0,731.0328304150989,900.0
875,263.9272169207917,0.0,0.0,180.0,725.4512173474156,900.0
876,273.3920158329927,0.0,0.0,180.0,685.0804162596166,900.0
877,268.21398980365575,0.0,0.0,180.0,638.7196698036557,900.0
878,233.37047371548647,0.0,0.0,180.0,601.0075937154865,900.0
879,207.35409090266455,0.0,0.0,180.0,548.1260104760405,900.0
880,200.12517472051906,0.0,0.0,180.0,477.45637514714304,900.0
881,0.0,0.0,191.938841859102,180.0,408.298441859102,693.6141485386
882,0.0,0.0,176.80543812236868,180.0,349.65343854899265,503.5007742134724
883,0.0,0.0,163.8003267468677,180.0,299.68312717349176,327.37139061469
884,0.0,0.0,165.6779496590948,180.0,254.26474965909483,149.2230576479214
885,160.98398855650484,0.0,55.0774436125669,180.0,196.53423174244773,90.0
886,243.47199973336,0.0,0.0,180.0,173.916800159984,90.0
887,268.47467106411096,0.0,0.0,180.0,173.36347106411097,90.0
888,292.17261462844584,81.70212765957454,0.0,180.0,111.25568739549534,166.80000000000007
889,312.876231884674,0.0,0.0,180.0,231.09503145805002,166.80000000000007
890,356.0570896764144,260.0,0.0,180.0,9.717890103038485,411.20000000000005
891,357.37771640902054,260.0,0.0,180.0,80.43171598239655,655.6
892,386.5379154974652,260.0,0.0,180.0,138.75551507084117,900.0
893,376.69187939891697,0.0,0.0,180.0,477.56747939891693,900.0
894,380.9440000000001,0.0,0.0,180.0,541.4336000000001,900.0
895,360.98009977646984,0.0,0.0,180.0,608.7773002030939,900.0
896,361.0965741128466,0.0,0.0,180.0,648.9449745394705,900.0
897,339.1173250615724,0.0,0.0,180.0,685.7997254881964,900.0
898,302.58367808425385,0.0,0.0,180.0,714.039678084254,900.0
899,297.5549513758108,0.0,0.0,180.0,701.9653509491868,900.0
900,276.21025902622716,0.0,0.0,180.0,683.0730594528511,900.0
901,244.22269920217502,0.0,0.0,180.0,656.019898775551,900.0
902,239.38094395343512,0.0,0.0,180.0,596.6551843800592,900.0
903,197.59589261249153,0.0,0.0,180.0,555.1626921858674,900.0
904,193.45558196090604,0.0,0.0,180.0,482.206941534282,900.0
905,0.0,0.0,169.23899164384,180.0,424.152191217216,718.0225896302795
906,0.0,0.0,186.91948653716332,180.0,342.7690861105393,517.0338944290287
907,0.0,0.0,181.63035014932007,180.0,287.9067497226961,321.7324426555663
908,0.0,0.0,178.62361321594165,180.0,245.98801364256565,129.66404134810216
909,174.3819974258204,0.0,36.88755845373501,180.0,199.4991554529314,90.0
910,248.67200000000003,0.0,0.0,180.0,170.79679999999996,90.0
911,271.9973454640535,0.0,0.0,180.0,171.30534589067753,90.0
912,297.3255851567553,0.0,0.0,180.0,190.00838558337938,90.0
913,314.8146343010417,81.70212765957454,0.0,180.0,148.2977070680912,166.80000000000007
914,333.3406738250788,260.0,0.0,180.0,22.49587382507883,411.20000000000005
915,350.00033455857886,260.0,0.0,180.0,84.5999341319548,655.6
916,375.66213564484167,260.0,0.0,180.0,144.9805352182177,900.0
917,377.4675139112212,0.0,0.0,180.0,477.11431433784514,900.0
918,400.264,0.0,0.0,180.0,529.8416,900.0
919,372.5406988051552,0.0,0.0,180.0,601.6242992317792,900.0
920,353.1324141487289,0.0,0.0,180.0,654.0368145753529,900.0
921,330.98473781364055,0.0,0.0,180.0,691.1711382402644,900.0
922,326.55122993250836,0.0,0.0,180.0,697.7256299325084,900.0
923,300.51678450969405,0.0,0.0,180.0,699.89678408307,900.0
924,243.64945879039897,0.0,0.0,180.0,706.2652183637749,900.0
925,252.05023037776027,0.0,0.0,180.0,650.3754303777603,900.0
926,239.87760956049124,0.0,0.0,180.0,596.2955299871152,900.0
927,212.784649847474,0.0,0.0,180.0,544.2100094208499,900.0
928,182.38594096523553,0.0,0.0,180.0,490.0915405386115,900.0
929,0.0,0.0,163.60171113072823,180.0,428.0893111307282,724.0841815798622
930,0.0,0.0,161.5277422626798,180.0,360.0525426893038,550.3984372113893
931,0.0,0.0,190.67255345846343,180.0,281.9345534584634,345.37418618078345
932,0.0,0.0,175.43794952119333,180.0,248.02474952119337,156.73122970638204
933,166.40017049304134,0.0,62.0600436269353,180.0,188.86261411997668,90.0
934,233.45600026664,0.0,0.0,180.0,179.92639984001602,90.0
935,252.80038469183444,0.0,0.0,180.0,182.5211846918345,90.0
936,280.2629847529826,81.70212765957454,0.0,180.0,118.07245709340818,166.80000000000007
937,320.62984373097095,0.0,0.0,180.0,226.71424330434695,166.80000000000007
938,327.8684180681569,260.0,0.0,180.0,25.574017641532976,411.20000000000005
939,346.3525376660365,260.0,0.0,180.0,86.66093809266044,655.6
940,380.1312993997823,260.0,0.0,180.0,142.42249939978228,900.0
941,373.9771576633351,0.0,0.0,180.0,479.15355766333505,900.0
942,392.17600000000004,0.0,0.0,180.0,534.6944,900.0
943,332.2762873937762,0.0,0.0,180.0,626.5374869671522,900.0
944,361.51039863146343,0.0,0.0,180.0,648.6803982048393,900.0
945,333.5208721706905,0.0,0.0,180.0,689.4960717440665,900.0
946,308.2652140482825,0.0,0.0,180.0,710.1724140482825,900.0
947,283.91393822119414,0.0,0.0,180.0,711.4923386478181,900.0
948,248.96225835918347,0.0,0.0,180.0,702.4810579325593,900.0
949,256.60916316881287,0.0,0.0,180.0,647.087963168813,900.0
950,239.00083539547688,0.0,0.0,180.0,596.9304353954768,900.0
951,222.9883289905544,0.0,0.0,180.0,536.8520894171784,900.0
952,186.04143424378958,0.0,0.0,180.0,487.48783381716555,900.0
953,0.0,0.0,169.32189257297188,180.0,424.0942925729719,717.9334488462669
954,0.0,0.0,180.8571500851575,180.0,346.8955505117815,523.4633949912588
955,0.0,0.0,169.14239637520598,180.0,296.154795948582,341.58985050179007
956,0.0,0.0,179.55276546305402,180.0,245.3939654630541,148.52236075657072
957,160.78954603395684,0.0,54.42579550361077,180.0,197.0577415375676,90.0
958,256.88,0.0,0.0,180.0,165.872,90.0
959,263.44112446105515,81.70212765957454,0.0,180.0,94.60219680148062,166.80000000000007
960,291.8795549645112,0.0,0.0,180.0,193.12555496451125,166.80000000000007
961,315.3789797396729,0.0,0.0,180.0,229.68097973967292,166.80000000000007
962,338.16576185149677,260.0,0.0,180.0,19.781761851496753,411.20000000000005
963,373.79279969942877,260.0,0.0,180.0,71.15719969942882,655.6
964,359.4949958339806,260.0,0.0,180.0,154.23419540735665,900.0
965,408.8888026333683,0.0,0.0,180.0,458.75640220674427,900.0
966,358.83999973336006,0.0,0.0,180.0,554.696000159984,900.0
967,344.920198369746,0.0,0.0,180.0,618.714197943122,900.0
968,355.9589106564755,0.0,0.0,180.0,652.2297102298514,900.0
969,308.61434167862706,0.0,0.0,180.0,705.946341678627,900.0
970,302.7588458293036,0.0,0.0,180.0,713.9204462559276,900.0
971,274.6892981233897,0.0,0.0,180.0,717.9348976967656,900.0
972,269.0712084647555,0.0,0.0,180.0,688.1580080381315,900.0
973,251.32139634582882,0.0,0.0,180.0,650.9009959192049,900.0
974,232.78175075456454,0.0,0.0,180.0,601.4339103279405,900.0
975,207.86650600989185,0.0,0.0,180.0,547.7565055832678,900.0
976,181.79762333533324,0.0,0.0,180.0,490.51058290870924,900.0
977,171.43210418453253,0.0,0.0,180.0,422.62050461115655,900.0
978,31.695377853160892,0.0,150.7382842175179,180.0,345.8224624973028,737.9158234220238
979,0.0,0.0,195.57523160681927,180.0,278.69643160681926,527.619875457702
980,0.0,0.0,186.89228535935212,180.0,240.70148535935215,326.6604288347428
981,0.0,0.0,220.09419881631078,180.0,194.03899924293478,90.0
982,253.60000000000002,0.0,0.0,180.0,167.84000000000003,90.0
983,270.1632929064974,0.0,0.0,180.0,172.3768924798734,90.0
984,301.5423922743111,0.0,0.0,180.0,187.5947922743112,90.0
985,311.1831961139869,81.70212765957454,0.0,180.0,150.34946845441237,166.80000000000007
986,340.6315538649973,260.0,0.0,180.0,18.394753864997256,411.20000000000005
987,350.09848100029615,260.0,0.0,180.0,84.54448142692013,655.6
988,357.98085255922183,260.0,0.0,180.0,155.10085255922183,900.0
989,383.1878209640645,0.0,0.0,180.0,473.7722205374405,900.0
990,359.048,0.0,0.0,180.0,554.5712,900.0
991,380.0527164849641,0.0,0.0,180.0,596.9763160583401,900.0
992,378.5708785545977,0.0,0.0,180.0,637.7728781279736,900.0
993,340.37382906291157,0.0,0.0,180.0,684.9698294895355,900.0
994,315.73650974713826,0.0,0.0,180.0,705.0869101737622,900.0
995,277.1612601347838,0.0,0.0,180.0,716.2084605614077,900.0
996,267.68825068045726,0.0,0.0,180.0,689.1430506804572,900.0
997,248.5890115049923,0.0,0.0,180.0,652.8713310783684,900.0
998,230.57904992327076,0.0,0.0,180.0,603.0289694966467,900.0
999,212.94603432857753,0.0,0.0,180.0,544.0936343285774,900.0
1000,188.56065942382054,0.0,0.0,180.0,485.6934594238205,900.0
1001,189.71558268108424,0.0,0.0,180.0,409.85118310770827,900.0
1002,20.7567942406759,0.0,166.67296378411845,180.0,342.4217584514183,720.7817593719157
1003,0.0,0.0,191.18132194555693,180.0,281.59852194555697,515.210445451962
1004,0.0,0.0,170.42521359201947,180.0,251.22961359201952,331.9575276110809
1005,0.0,0.0,225.02050067830527,180.0,190.99090110492926,90.0
1006,200.91199973336,0.0,0.0,180.0,199.452800159984,90.0
1007,255.1353685895602,81.70212765957454,0.0,180.0,99.45484092998568,166.80000000000007
1008,280.40951472061226,0.0,0.0,180.0,199.69071472061233,166.80000000000007
1009,331.5814109728864,0.0,0.0,180.0,220.52661139951033,166.80000000000007
1010,338.9849615829426,260.0,0.0,180.0,19.320962009566585,411.20000000000005
1011,359.4715185241257,260.0,0.0,180.0,79.2487185241257,655.6
1012,386.37510442182713,260.0,0.0,180.0,138.8487039952031,900.0
1013,380.1983947047529,0.0,0.0,180.0,475.5187951313769,900.0
1014,404.28000026664006,0.0,0.0,180.0,527.431999840016,900.0
1015,361.34383955439023,0.0,0.0,180.0,608.5522399810142,900.0
1016,378.84415855336647,0.0,0.0,180.0,637.5981581267424,900.0
1017,345.1223349820832,0.0,0.0,180.0,681.8335354087071,900.0
1018,289.4156144214661,0.0,0.0,180.0,723.0028139948421,900.0
1019,284.8710705505555,0.0,0.0,180.0,710.8238701239313,900.0
1020,283.76793506962235,0.0,0.0,180.0,677.6899354962463,900.0
1021,251.84422288956875,0.0,0.0,180.0,650.5239833161927,900.0
1022,229.9903264674648,0.0,0.0,180.0,603.4552864674648,900.0
1023,200.80425052510475,0.0,0.0,180.0,552.8491305251047,900.0
1024,185.08457685832434,0.0,0.0,180.0,488.1693768583243,900.0
1025,165.1391509509707,0.0,0.0,180.0,427.01555137759476,900.0
1026,9.788294811877165,0.0,171.9675437727093,180.0,346.28383815796246,715.08866260999
1027,0.0,0.0,182.52454930845414,180.0,287.31614888183015,518.8257063643404
1028,0.0,0.0,166.5758696464078,180.0,253.69066964640785,339.71186803486967
1029,0.0,0.0,232.23203727242884,180.0,186.52883769905287,90.0
1030,205.288,0.0,0.0,180.0,196.8272,90.0
1031,248.97876717816916,0.0,0.0,180.0,184.75396760479316,90.0
1032,285.4810797113497,0.0,0.0,180.0,196.78787971134977,90.0
1033,304.8200001667389,81.70212765957454,0.0,180.0,153.94467208054033,166.80000000000007
1034,352.78848193155784,260.0,0.0,180.0,11.556481931557869,411.20000000000005
1035,363.9862796500189,260.0,0.0,180.0,76.69788007664295,655.6
1036,379.7649747509213,260.0,0.0,180.0,142.63217432429724,900.0
1037,375.2779615590107,0.0,0.0,180.0,478.3935619856346,900.0
1038,380.8080000000001,0.0,0.0,180.0,541.5152,900.0
1039,381.1360284322485,0.0,0.0,180.0,596.3060280056245,900.0
1040,354.9516781405323,0.0,0.0,180.0,652.8736785671563,900.0
1041,317.23257183431144,0.0,0.0,180.0,700.2541714076874,900.0
1042,320.9991657138188,0.0,0.0,180.0,701.5047661404428,900.0
1043,285.8734207016257,0.0,0.0,180.0,710.1238211282498,900.0
1044,280.2470001887699,0.0,0.0,180.0,680.1978001887699,900.0
1045,251.45377595395667,0.0,0.0,180.0,650.8055363805806,900.0
1046,230.01779502041313,0.0,0.0,180.0,603.4353954470371,900.0
1047,215.46720614902523,0.0,0.0,180.0,542.2756057224012,900.0
1048,202.21829970619416,0.0,0.0,180.0,475.9655001328182,900.0
1049,0.0,0.0,184.32700621132085,180.0,413.61460621132085,701.7989180523432
1050,0.0,0.0,165.48806248014927,180.0,357.3568624801493,523.8547648478816
1051,0.0,0.0,168.9882238494617,180.0,296.2566238494617,342.14699726781527
1052,0.0,0.0,193.5134690055591,180.0,236.46826943218315,134.06799833710656
1053,181.0957144035089,0.0,40.9832384535091,180.0,192.81095328364205,90.0
1054,238.95999973336006,0.0,0.0,180.0,176.624000159984,90.0
1055,259.6195072166805,0.0,0.0,180.0,178.53710721668057,90.0
1056,287.0522065864899,0.0,0.0,180.0,195.8886065864899,90.0
1057,294.8171860265734,81.70212765957454,0.0,180.0,159.59625879362278,166.80000000000007
1058,329.12179407501935,260.0,0.0,180.0,24.868993648395303,411.20000000000005
1059,348.11100506029493,260.0,0.0,180.0,85.66740463367103,655.6
1060,399.0662274964907,260.0,0.0,180.0,131.5846274964906,900.0
1061,377.6533430776449,0.0,0.0,180.0,477.0057435042688,900.0
1062,372.3840002666401,0.0,0.0,180.0,546.569599840016,900.0
1063,374.52545307431717,0.0,0.0,180.0,600.3962530743172,900.0
1064,356.02137439595344,0.0,0.0,180.0,652.1897743959533,900.0
1065,339.78797443652024,0.0,0.0,180.0,685.3567748631442,900.0
1066,294.00806213854867,0.0,0.0,180.0,719.8768621385486,900.0
1067,284.03452226083266,0.0,0.0,180.0,711.4081218342086,900.0
1068,252.90929391893883,0.0,0.0,180.0,699.6696934923148,900.0
1069,261.0193542701087,0.0,0.0,180.0,643.9077542701086,900.0
1070,235.51897909856825,0.0,0.0,180.0,599.4517795251923,900.0
1071,217.70279318929994,0.0,0.0,180.0,540.6635136159239,900.0
1072,196.41735381563643,0.0,0.0,180.0,480.09735338901237,900.0
1073,0.0,0.0,174.5145210495275,180.0,420.46772104952754,712.3499773660994
1074,0.0,0.0,176.18854212803421,180.0,350.0733425546582,522.8999320671379
1075,0.0,0.0,161.07147810267674,180.0,301.4854776760527,349.70479432232423
1076,0.0,0.0,184.37810939487554,180.0,242.30890939487557,151.4487627149312
1077,159.26991497836883,0.0,57.14734932488602,180.0,196.3140643032549,90.0
1078,236.92000026664,81.70212765957454,0.0,180.0,96.14587218044143,166.80000000000007
1079,251.37838730835784,0.0,0.0,180.0,183.3519877349819,166.80000000000007
1080,262.73637251372475,0.0,0.0,180.0,209.8063725137248,166.80000000000007
1081,319.3539323756143,0.0,0.0,180.0,227.4351328022383,166.80000000000007
1082,339.6976655868448,260.0,0.0,180.0,18.920066013468727,411.20000000000005
1083,345.0275536151679,260.0,0.0,180.0,87.40955361516785,655.6
1084,376.6390018273455,260.0,0.0,180.0,144.42140182734545,900.0
1085,363.1829069528069,0.0,0.0,180.0,485.4601069528069,900.0
1086,378.2639997333599,0.0,0.0,180.0,543.041600159984,900.0
1087,347.24496973029227,0.0,0.0,180.0,617.2757697302923,900.0
1088,365.32070235405547,0.0,0.0,180.0,646.2443023540554,900.0
1089,340.04235893911823,0.0,0.0,180.0,685.1887589391182,900.0
1090,319.2551017248611,0.0,0.0,180.0,702.691902151485,900.0
1091,288.4358211195347,0.0,0.0,180.0,708.3342211195346,900.0
1092,264.8326302565433,0.0,0.0,180.0,691.1770302565433,900.0
1093,241.7201200241352,0.0,0.0,180.0,657.8245200241352,900.0
1094,231.74164809234583,0.0,0.0,180.0,602.1870880923458,900.0
1095,217.46555069636872,0.0,0.0,180.0,540.8345902697447,900.0
1096,184.34675030087385,0.0,0.0,180.0,488.69491030087386,900.0
1097,0.0,0.0,199.73155306059545,180.0,402.85595263397147,685.2348891821555
1098,0.0,0.0,178.66374210530188,180.0,348.38854253192585,493.12333853129326
1099,0.0,0.0,194.95083391811363,180.0,279.10883391811365,283.4987859311711
1100,2.058414512313732,0.0,179.9538709159891,180.0,243.82148542830288,90.0
1101,214.0134187718803,0.0,0.0,180.0,197.80141877188038,90.0
1102,227.05599973336,0.0,0.0,180.0,183.76640015998402,90.0
1103,260.79103893007226,0.0,0.0,180.0,177.85263893007232,90.0
1104,286.80798970244916,81.70212765957454,0.0,180.0,114.32626246949862,166.80000000000007
1105,313.5796186133465,0.0,0.0,180.0,230.69761818672248,166.80000000000007
1106,315.0561297249688,260.0,0.0,180.0,32.780929724968814,411.20000000000005
1107,360.8619338996102,260.0,0.0,180.0,78.46313432623424,655.6
1108,363.76064547304895,260.0,0.0,180.0,151.79264589967295,900.0
1109,374.68815621313036,0.0,0.0,180.0,478.7381562131303,900.0
1110,391.06399973336,0.0,0.0,180.0,535.3616001599839,900.0
1111,358.3074036745095,0.0,0.0,180.0,610.4310032478854,900.0
1112,352.835710670547,0.0,0.0,180.0,654.2265102439229,900.0
1113,349.26956930478116,0.0,0.0,180.0,679.0943693047811,900.0
1114,293.80243013985057,0.0,0.0,180.0,720.0168301398505,900.0
1115,290.448059148707,0.0,0.0,180.0,706.928858722083,900.0
1116,272.36040426623845,0.0,0.0,180.0,685.8152046928624,900.0
1117,255.44154065634234,0.0,0.0,180.0,647.9299410829663,900.0
1118,239.7707042064144,0.0,0.0,180.0,596.3729442064143,900.0
1119,202.91117650300737,0.0,0.0,180.0,551.3298165030074,900.0
1120,206.1952376772902,0.0,0.0,180.0,473.13283725066617,900.0
1121,0.0,0.0,164.4910144502686,180.0,427.4682148768926,723.1279414513241
1122,0.0,0.0,174.6577266497759,180.0,351.1153262231519,535.3239343010274
1123,0.0,0.0,204.38617651273836,180.0,272.87697693936235,315.5538520292657
1124,0.0,0.0,190.76505304439218,180.0,238.22545347101624,110.43013907830641
1125,179.68887416654275,0.0,19.000029342824963,180.0,207.28330350936778,90.0
1126,231.81600026664,0.0,0.0,180.0,180.910399840016,90.0
1127,268.19188754708534,0.0,0.0,180.0,173.52868754708538,90.0
1128,269.2406752370545,81.70212765957454,0.0,180.0,124.38134715085603,166.80000000000007
1129,305.41706099456553,0.0,0.0,180.0,235.30946056794153,166.80000000000007
1130,351.02720192191464,260.0,0.0,180.0,12.54720192191462,411.20000000000005
1131,371.5926714092195,260.0,0.0,180.0,72.4002714092195,655.6
1132,382.8176821478105,260.0,0.0,180.0,140.88488214781046,900.0
1133,348.0903468276074,0.0,0.0,180.0,494.27794682760737,900.0
1134,356.45599973336004,0.0,0.0,180.0,556.1264001599841,900.0
1135,370.0261501691722,0.0,0.0,180.0,603.1801501691722,900.0
1136,373.07404605888235,0.0,0.0,180.0,641.2872464855062,900.0
1137,356.2227384294972,0.0,0.0,180.0,674.5019388561212,900.0
1138,306.0184940625071,0.0,0.0,180.0,711.701694062507,900.0
1139,263.65590396196274,0.0,0.0,180.0,725.6407043885866,900.0
1140,263.9729542000714,0.0,0.0,180.0,691.7893537734474,900.0
1141,259.3973263911864,0.0,0.0,180.0,645.0774059645623,900.0
1142,233.12548171200592,0.0,0.0,180.0,601.1850017120059,900.0
1143,210.60186511410961,0.0,0.0,180.0,545.7840255407336,900.0
1144,195.85669533733056,0.0,0.0,180.0,480.49669491070654,900.0
1145,182.29204715967742,0.0,9.300117036258285,180.0,408.54056419593576,889.999874154561
1146,0.0,0.0,176.16569463592668,180.0,350.0888942093027,700.574396051414
1147,0.0,0.0,192.76929631436406,180.0,280.54969631436404,493.2955828101624
1148,0.0,0.0,194.9267175060723,180.0,235.56471707944831,283.69696183589116
1149,0.0,0.0,180.13817450737878,180.0,218.76137450737878,90.0
1150,219.17600026664002,81.70212765957454,0.0,180.0,106.79227218044146,166.80000000000007
1151,248.3808825664678,0.0,0.0,180.0,185.10328213984383,166.80000000000007
1152,280.5072013656987,0.0,0.0,180.0,199.63480136569876,166.80000000000007
1153,313.21974578835403,0.0,0.0,180.0,230.90094621497803,166.80000000000007
1154,341.6309775974298,260.0,0.0,180.0,17.832578024053873,411.20000000000005
1155,344.37324036900907,260.0,0.0,180.0,87.77924036900902,655.6
1156,365.9260327790354,260.0,0.0,180.0,150.55323320565935,900.0
1157,378.0411610070237,0.0,0.0,180.0,476.77916058039966,900.0
1158,370.71199973336,0.0,0.0,180.0,547.572800159984,900.0
1159,361.66013527700466,0.0,0.0,180.0,608.3565352770046,900.0
1160,365.71891035226133,0.0,0.0,180.0,645.9897103522612,900.0
1161,354.5653870397465,0.0,0.0,180.0,675.5965866131224,900.0
1162,319.8948462284932,0.0,0.0,180.0,702.2564458018692,900.0
1163,271.4184694240939,0.0,0.0,180.0,720.2192694240939,900.0
1164,253.87362647046996,0.0,0.0,180.0,698.9828260438459,900.0
1165,239.6035255310146,0.0,0.0,180.0,659.3508059576386,900.0
1166,238.4551716351665,0.0,0.0,180.0,597.3255712085424,900.0
1167,218.0396933552824,0.0,0.0,180.0,540.4205733552824,900.0
1168,193.92055447642434,0.0,0.0,180.0,481.8757544764244,900.0
1169,159.78286319993086,0.0,16.608239113257607,180.0,419.1571023131885,882.1416783728413
1170,0.0,0.0,154.84089457793345,180.0,364.60409457793344,715.646092805171
1171,0.0,0.0,189.16937358057714,180.0,282.92737400720114,512.2381642239052
1172,0.0,0.0,198.73702145223552,180.0,233.12862102561155,298.54244223225413
1173,0.0,0.0,193.94447127599636,180.0,210.2188717026204,90.0
1174,240.47999973336,81.70212765957454,0.0,180.0,94.00987250040943,166.80000000000007
1175,255.59590147656832,0.0,0.0,180.0,180.88790190319236,166.80000000000007
1176,269.56629711601795,0.0,0.0,180.0,205.89709711601802,166.80000000000007
1177,305.35162912576163,0.0,0.0,180.0,235.34642955238564,166.80000000000007
1178,333.63558609973285,260.0,0.0,180.0,22.329985673108865,411.20000000000005
1179,357.3368215585323,260.0,0.0,180.0,80.45482155853233,655.6
1180,356.0678221491497,260.0,0.0,180.0,156.19582257577372,900.0
1181,372.96721654146677,0.0,0.0,180.0,479.74361654146674,900.0
1182,369.56800026663996,0.0,0.0,180.0,548.259199840016,900.0
1183,372.27184766495327,0.0,0.0,180.0,601.7906480915773,900.0
1184,367.4991343442406,0.0,0.0,180.0,644.8515343442405,900.0
1185,335.9028334868534,0.0,0.0,180.0,687.9228334868534,900.0
1186,299.08031785259345,0.0,0.0,180.0,716.4243182792175,900.0
1187,306.25203874930526,0.0,0.0,180.0,695.8912387493052,900.0
1188,267.7032015727291,0.0,0.0,180.0,689.132401572729,900.0
1189,246.94839041909438,0.0,0.0,180.0,654.0543904190944,900.0
1190,224.40525118811797,0.0,0.0,180.0,607.4996511881179,900.0
1191,214.09506385058933,0.0,0.0,180.0,543.2650638505893,900.0
1192,195.2646394859263,0.0,0.0,180.0,480.9183999125503,900.0
1193,165.65916769691069,0.0,0.0,180.0,426.6523676969107,900.0
1194,13.068693445603742,0.0,156.67671299544588,180.0,354.4590064410496,731.5304161339292
1195,0.0,0.0,183.83501307953588,180.0,286.45061350615987,533.8583590591594
1196,0.0,0.0,207.56786880698098,180.0,227.482669233605,310.66710227745943
1197,0.0,0.0,205.22040511803726,180.0,203.24200469141329,90.0
1198,233.88799999999998,0.0,0.0,180.0,179.66719999999998,90.0
1199,247.93650846828473,81.70212765957454,0.0,180.0,103.66078038208617,166.80000000000007
1200,296.0475184881991,0.0,0.0,180.0,190.73991848819912,166.80000000000007
1201,316.68760621162176,0.0,0.0,180.0,228.94160621162177,166.80000000000007
1202,318.0216340142447,260.0,0.0,180.0,31.112833587620685,411.20000000000005
1203,368.98359706755764,260.0,0.0,180.0,73.87439749418161,655.6
1204,380.9534953317544,260.0,0.0,180.0,141.95189533175449,900.0
1205,395.6706929610657,0.0,0.0,180.0,466.4790929610656,900.0
1206,381.86399973335995,0.0,0.0,180.0,540.8816001599839,900.0
1207,382.40911739141654,0.0,0.0,180.0,595.5183173914165,900.0
1208,374.50291031268523,0.0,0.0,180.0,640.3737103126851,900.0
1209,332.51104328765996,0.0,0.0,180.0,690.163043714284,900.0
1210,322.6746857032107,0.0,0.0,180.0,700.3642861298346,900.0
1211,276.15137326144406,0.0,0.0,180.0,716.913773261444,900.0
1212,254.9949431416984,0.0,0.0,180.0,698.1841431416983,900.0
1213,248.25136762136594,0.0,0.0,180.0,653.1148076213659,900.0
1214,246.246659498418,0.0,0.0,180.0,591.683459498418,900.0
1215,216.04060509951034,0.0,0.0,180.0,541.8621250995103,900.0
1216,192.9935991256254,0.0,0.0,180.0,482.5359991256254,900.0
1217,0.0,0.0,166.42035101049828,180.0,426.1207514371223,721.0533860102169
1218,0.0,0.0,171.38284642601127,180.0,353.34444642601125,536.7707554446133
1219,0.0,0.0,203.27613617726155,180.0,273.6101366038855,318.19426493142885
1220,0.0,0.0,202.02418888530906,180.0,231.0269893119331,100.96395430206428
1221,180.8222609905753,0.0,10.196477500919782,180.0,212.02913849149508,90.0
1222,239.43999973335997,0.0,0.0,180.0,176.336000159984,90.0
1223,250.39268530187854,0.0,0.0,180.0,183.92788487525456,90.0
1224,263.68067647823557,0.0,0.0,180.0,209.26587690485962,90.0
1225,313.1870306717618,81.70212765957454,0.0,180.0,149.2173025855633,166.80000000000007
1226,365.16659399932945,260.0,0.0,180.0,4.593793999329421,411.20000000000005
1227,361.0664067890349,260.0,0.0,180.0,78.34760721565885,655.6
1228,380.7255595545365,260.0,0.0,180.0,142.0823599811605,900.0
1229,371.0200497892141,0.0,0.0,180.0,480.881250215838,900.0
1230,372.56799973336,0.0,0.0,180.0,546.459200159984,900.0
1231,379.7759574311792,0.0,0.0,180.0,597.1475578578032,900.0
1232,350.0638706830355,0.0,0.0,180.0,655.9986702564113,900.0
1233,331.88664610759906,0.0,0.0,180.0,690.575445680975,900.0
1234,299.35449435854,0.0,0.0,180.0,716.237693931916,900.0
1235,277.010530713212,0.0,0.0,180.0,716.313731139836,900.0
1236,255.585503137278,0.0,0.0,180.0,697.7635035639018,900.0
1237,240.00141004687066,0.0,0.0,180.0,659.0638896202468,900.0
1238,229.40160350654276,0.0,0.0,180.0,603.8816030799187,900.0
1239,206.14853929220965,0.0,0.0,180.0,548.9953392922097,900.0
1240,183.02135340900224,0.0,0.0,180.0,489.63895383562624,900.0
1241,0.0,0.0,172.53242944391963,180.0,421.85202901729565,714.4812586624521
1242,0.0,0.0,177.2852463718034,180.0,349.3268463718034,523.8519614884699
1243,0.0,0.0,184.65212661811802,180.0,285.910926191494,325.30128770554734
1244,0.0,0.0,191.64735755240713,180.0,237.66135712578318,119.22886022984076
1245,172.11493226507582,0.0,27.18284001375191,180.0,206.90657227882775,90.0
1246,233.46400026663997,0.0,0.0,180.0,179.92159984001603,90.0
1247,246.51451108480813,81.70212765957454,0.0,180.0,104.49158342523357,166.80000000000007
1248,283.4866443121597,0.0,0.0,180.0,197.9294438855357,166.80000000000007
1249,305.2044089202706,0.0,0.0,180.0,235.4296089202706,166.80000000000007
1250,316.547073733132,260.0,0.0,180.0,31.942273733131913,411.20000000000005
1251,359.97043264692525,260.0,0.0,180.0,78.96683222030117,655.6
1252,359.0147028895236,260.0,0.0,180.0,154.50910288952366,900.0
1253,361.78514870943195,0.0,0.0,180.0,486.27674828280794,900.0
1254,374.38399973335993,0.0,0.0,180.0,545.369600159984,900.0
1255,366.9976208851084,0.0,0.0,180.0,605.0540213117324,900.0
1256,345.644542442706,0.0,0.0,180.0,658.8241424427059,900.0
1257,348.2211981250091,0.0,0.0,180.0,679.786797698385,900.0
1258,319.1408617255843,0.0,0.0,180.0,702.7696621522083,900.0
1259,302.95106441688586,0.0,0.0,180.0,698.1966644168858,900.0
1260,278.66968130325154,0.0,0.0,180.0,681.3212808766275,900.0
1261,242.14403408782061,0.0,0.0,180.0,657.5188336611966,900.0
1262,232.697117153362,0.0,0.0,180.0,601.4951967267381,900.0
1263,206.57989018073192,0.0,0.0,180.0,548.6842901807319,900.0
1264,187.2898337888173,0.0,0.0,180.0,486.59863336219325,900.0
1265,0.0,0.0,186.30156159718086,180.0,412.2355615971809,699.6757402180851
1266,0.0,0.0,176.62265412404736,180.0,349.77785455067135,509.75890782663635
1267,0.0,0.0,192.22969363043535,180.0,280.90609320381134,303.06031252509297
1268,15.504210072704296,0.0,198.14609064833647,180.0,223.59390114766484,90.0
1269,214.60647250455446,0.0,0.0,180.0,197.43447293117845,90.0
1270,219.36,0.0,0.0,180.0,188.38400000000001,90.0
1271,272.67602617420573,81.70212765957454,0.0,180.0,89.20669851463119,166.80000000000007
1272,295.01366816103433,0.0,0.0,180.0,191.33166816103443,166.80000000000007
1273,308.3614702838472,0.0,0.0,180.0,233.64587028384722,166.80000000000007
1274,327.0656017907221,260.0,0.0,180.0,26.025601790722078,411.20000000000005
1275,335.4909380524018,260.0,0.0,180.0,92.79773805240188,655.6
1276,371.9907453465538,260.0,0.0,180.0,147.08194577317772,900.0
1277,381.3537678867516,0.0,0.0,180.0,474.84376746012754,900.0
1278,383.52799973335993,0.0,0.0,180.0,539.883200159984,900.0
1279,387.2563450379756,0.0,0.0,180.0,592.5191454645997,900.0
1280,354.6003186625966,0.0,0.0,180.0,653.0983182359726,900.0
1281,314.83519277728203,0.0,0.0,180.0,701.837592777282,900.0
1282,301.54028634470126,0.0,0.0,180.0,714.7498859180772,900.0
1283,292.18144724559045,0.0,0.0,180.0,705.7182472455904,900.0
1284,259.50263716164636,0.0,0.0,180.0,694.9734371616463,900.0
1285,255.91156489173056,0.0,0.0,180.0,647.5910044651065,900.0
1286,234.34895717682969,0.0,0.0,180.0,600.2990367502057,900.0
1287,223.69336482863787,0.0,0.0,180.0,536.3436848286378,900.0
1288,201.65016603066766,0.0,0.0,180.0,476.37016603066763,900.0
1289,0.0,0.0,177.8004221274781,180.0,418.17282255410214,708.8167504005612
1290,0.0,0.0,185.99033454569673,180.0,343.4015341190727,508.82714336217765
1291,0.0,0.0,180.84407157835727,180.0,288.4260711517333,314.37115241770744
1292,0.0,0.0,192.4828130201215,180.0,237.1272134467456,107.40038572940475
1293,192.3433337317776,0.0,16.182358728346415,180.0,201.19689246012405,90.0
1294,209.06399999999996,0.0,0.0,180.0,194.5616,90.0
1295,239.73578647454218,0.0,0.0,180.0,190.1541860479182,90.0
1296,284.0971855726252,81.70212765957454,0.0,180.0,115.87785791305073,166.80000000000007
1297,320.05731964949337,0.0,0.0,180.0,227.03771922286933,166.80000000000007
1298,338.2149138517659,260.0,0.0,180.0,19.75411385176585,411.20000000000005
1299,346.8432726006556,260.0,0.0,180.0,86.38367302727966,655.6
1300,378.42178310558245,260.0,0.0,180.0,143.40098310558244,900.0
1301,372.8702619244767,0.0,0.0,180.0,479.80026235110074,900.0
1302,377.42399973336,0.0,0.0,180.0,543.545600159984,900.0
1303,369.23541125796623,0.0,0.0,180.0,603.6694116845902,900.0
1304,390.1345259820166,0.0,0.0,180.0,630.3797264086406,900.0
1305,323.908230615914,0.0,0.0,180.0,695.845031042538,900.0
1306,327.62508617955064,0.0,0.0,180.0,696.9946857529267,900.0
1307,269.30072130220265,0.0,0.0,180.0,721.6983208755786,900.0
1308,271.8670250704256,0.0,0.0,180.0,686.1666250704255,900.0
1309,251.1503429068523,0.0,0.0,180.0,651.0243433334763,900.0
1310,236.33710440507514,0.0,0.0,180.0,598.8593439784512,900.0
1311,216.10158919064628,0.0,0.0,180.0,541.8181491906463,900.0
1312,191.80500315161703,0.0,0.0,180.0,483.382603151617,900.0
1313,125.90974588179647,0.0,43.359391143415976,180.0,424.1311374518365,853.3769987705205
1314,0.0,0.0,177.64319811467465,180.0,349.08319854129866,662.362807249365
1315,0.0,0.0,177.47540724779475,180.0,290.6510072477947,471.5290360151771
1316,0.0,0.0,171.93996583085783,180.0,250.26116540423385,286.6473523260827
1317,0.0,0.0,182.88203766325694,180.0,217.06363766325694,90.0
1318,227.00799973335995,0.0,0.0,180.0,183.795200159984,90.0
1319,264.87120137358966,0.0,0.0,180.0,175.46880094696564,90.0
1320,280.16529783657154,81.70212765957454,0.0,180.0,118.12837060362104,166.80000000000007
1321,312.1401292215995,0.0,0.0,180.0,231.51092922159955,166.80000000000007
1322,322.1585934908163,260.0,0.0,180.0,28.785793917440287,411.20000000000005
1323,379.83701803821845,260.0,0.0,180.0,67.74221846484244,655.6
1324,335.3094100052949,260.0,0.0,180.0,168.0774104319189,900.0
1325,402.3120657784714,0.0,0.0,180.0,462.59886577847135,900.0
1326,365.48800000000006,0.0,0.0,180.0,550.7072000000001,900.0
1327,378.8666079863784,0.0,0.0,180.0,597.7102084130024,900.0
1328,366.0156140906839,0.0,0.0,180.0,645.8000145173079,900.0
1329,348.32911871408123,0.0,0.0,180.0,679.7155182874571,900.0
1330,323.20780569983526,0.0,0.0,180.0,700.0014061264592,900.0
1331,283.00956219414536,0.0,0.0,180.0,712.1239617675213,900.0
1332,254.32215298946744,0.0,0.0,180.0,698.6633529894673,900.0
1333,253.65217837644332,0.0,0.0,180.0,649.2202583764433,900.0
1334,226.95168347173683,0.0,0.0,180.0,605.6556830451128,900.0
1335,214.13299298044217,0.0,0.0,180.0,543.2377129804421,900.0
1336,204.80480465109173,0.0,0.0,180.0,474.1232042244677,900.0
1337,185.4122582776406,0.0,0.0,180.0,412.8566578510166,900.0
1338,15.902354313885638,0.0,172.31185170370432,180.0,341.887806444214,714.7184390282749
1339,0.0,0.0,191.46654038593886,180.0,281.4101408125629,508.84043861328695
1340,0.0,0.0,187.31391709315415,180.0,240.43191751977815,307.4276245346266
1341,0.0,0.0,202.20769081720272,180.0,205.10609039057874,90.0
1342,239.76800000000003,0.0,0.0,180.0,176.13919999999996,90.0
1343,266.8506854541875,81.70212765957454,0.0,180.0,92.61015822123694,166.80000000000007
1344,282.63188616765336,0.0,0.0,180.0,198.41868574102938,166.80000000000007
1345,316.630353803474,0.0,0.0,180.0,228.973953803474,166.80000000000007
1346,329.40851380354985,260.0,0.0,180.0,24.70771380354978,411.20000000000005
1347,356.2735625335242,260.0,0.0,180.0,81.05556253352415,655.6
1348,360.2683484432615,260.0,0.0,180.0,153.79154801663753,900.0
1349,369.88083620374664,0.0,0.0,180.0,481.54683663037065,900.0
1350,359.75199999999995,0.0,0.0,180.0,554.1487999999999,900.0
1351,355.74541019256094,0.0,0.0,180.0,612.016210192561,900.0
1352,361.04972611305755,0.0,0.0,180.0,648.9749265396815,900.0
1353,342.4474460957965,0.0,0.0,180.0,683.6002465224205,900.0
1354,301.38035034571385,0.0,0.0,180.0,714.8587499190899,900.0
1355,282.1504042399963,0.0,0.0,180.0,712.7240042399962,900.0
1356,261.879828783706,0.0,0.0,180.0,693.2802292103299,900.0
1357,239.01302127055737,0.0,0.0,180.0,659.7766212705574,900.0
1358,227.360002982654,0.0,0.0,180.0,605.360003409278,900.0
1359,215.894838247527,0.0,0.0,180.0,541.967238247527,900.0
1360,183.30691595893262,0.0,0.0,180.0,489.4355555323086,900.0
1361,167.66655535281677,0.0,22.86296644080505,180.0,409.2827217936218,875.4161651174139
1362,0.0,0.0,163.11187050197236,180.0,358.97427050197234,700.027057050777
1363,0.0,0.0,162.83675032369445,180.0,300.31955032369444,524.933777132826
1364,0.0,0.0,208.58290931312052,180.0,226.83370888649654,300.65107894667494
1365,0.0,0.0,195.90550342040774,180.0,209.00550342040776,90.0
1366,226.53600026663997,0.0,0.0,180.0,184.078399840016,90.0
1367,246.14285274814586,81.70212765957454,0.0,180.0,104.70872508857134,166.80000000000007
1368,303.3658763159246,0.0,0.0,180.0,186.5510763159246,166.80000000000007
1369,321.1860094363427,0.0,0.0,180.0,226.40000986296673,166.80000000000007
1370,336.8878098444998,260.0,0.0,180.0,20.50060984449982,411.20000000000005
1371,355.6928592549548,260.0,0.0,180.0,81.38365968157882,655.6
1372,384.2178576696226,260.0,0.0,180.0,140.08345724299852,900.0
1373,389.92614812916963,0.0,0.0,180.0,469.8353477025455,900.0
1374,375.1039999999999,0.0,0.0,180.0,544.9376,900.0
1375,355.357948255211,0.0,0.0,180.0,612.255948255211,900.0
1376,354.49881466305396,0.0,0.0,180.0,653.1632142364299,900.0
1377,345.5694350792379,0.0,0.0,180.0,681.5382346526139,900.0
1378,317.0083822467682,0.0,0.0,180.0,704.2211818201442,900.0
1379,284.1174229403159,0.0,0.0,180.0,711.3502233669399,900.0
1380,245.71791448704596,0.0,0.0,180.0,704.7919144870459,900.0
1381,257.8734675317477,0.0,0.0,180.0,646.1762675317476,900.0
1382,232.9799713099385,0.0,0.0,180.0,601.2903713099386,900.0
1383,210.57881040070458,0.0,0.0,180.0,545.8006504007045,900.0
1384,191.58074000945123,0.0,0.0,180.0,483.54233958282725,900.0
1385,0.0,0.0,165.84757921918003,180.0,426.52077964580405,721.6692696567957
1386,0.0,0.0,191.0625904991128,180.0,339.94899007248875,516.2256239588249
1387,0.0,0.0,181.39909148916763,180.0,288.0594914891676,321.17283741133286
1388,0.0,0.0,202.95334087218077,180.0,230.43294129880485,102.94343862404173
1389,203.22538767335377,0.0,12.037397920358812,180.0,197.0283860203366,90.0
1390,241.87199999999996,0.0,0.0,180.0,174.8768,90.0
1391,258.73075902031434,0.0,0.0,180.0,179.05635902031435,90.0
1392,285.7822799290416,0.0,0.0,180.0,196.61548035566557,90.0
1393,306.21041552058125,81.70212765957454,0.0,180.0,153.1590878610067,166.80000000000007
1394,319.8976017514765,260.0,0.0,180.0,30.057601751476454,411.20000000000005
1395,357.9993137202682,260.0,0.0,180.0,80.08051372026819,655.6
1396,389.541779571663,260.0,0.0,180.0,137.03617957166307,900.0
1397,373.84788493044516,0.0,0.0,180.0,479.22908535706915,900.0
1398,383.08799973336,0.0,0.0,180.0,540.147200159984,900.0
1399,352.4401223818186,0.0,0.0,180.0,614.0613228084426,900.0
1400,356.95833465197256,0.0,0.0,180.0,651.5907342253486,900.0
1401,327.5235703498287,0.0,0.0,180.0,693.4571707764527,900.0
1402,323.55052595150664,0.0,0.0,180.0,699.7681259515066,900.0
1403,277.5154742754771,0.0,0.0,180.0,715.9610747021011,900.0
1404,267.96484243664213,0.0,0.0,180.0,688.9460420100181,900.0
1405,251.29313542477507,0.0,0.0,180.0,650.921374998151,900.0
1406,230.49515847463692,0.0,0.0,180.0,603.0897184746369,900.0
1407,210.22629235772388,0.0,0.0,180.0,546.0548527843479,900.0
1408,192.79325691355416,0.0,0.0,180.0,482.67869734017813,900.0
1409,0.0,0.0,178.697262420338,180.0,417.546462420338,707.8524059996366
1410,0.0,0.0,164.91686273923648,180.0,357.74566231261247,530.5224460649738
1411,0.0,0.0,179.7879912800381,180.0,289.1235912800381,337.20202533375004
1412,0.0,0.0,185.64300537700353,180.0,241.50020537700357,137.58589051976776
1413,176.78820702689038,0.0,44.254878183384015,180.0,193.4518856368984,90.0
1414,244.00000000000006,0.0,0.0,180.0,173.60000000000002,90.0
1415,234.86383018335312,81.70212765957454,0.0,180.0,111.29850252377862,166.80000000000007
1416,284.39024523655985,0.0,0.0,180.0,197.4122456631839,166.80000000000007
1417,315.6161685603169,0.0,0.0,180.0,229.54696813369287,166.80000000000007
1418,323.42835349776834,260.0,0.0,180.0,28.071553924392333,411.20000000000005
1419,354.7032107427427,260.0,0.0,180.0,81.94281074274272,655.6
1420,390.5105054717096,260.0,0.0,180.0,136.48170547170957,900.0
1421,381.48304035035073,0.0,0.0,180.0,474.7682399237267,900.0
1422,360.78399973336,0.0,0.0,180.0,553.529600159984,900.0
1423,373.44214112703264,0.0,0.0,180.0,601.0665411270327,900.0
1424,344.6841587072736,0.0,0.0,180.0,659.4381582806495,900.0
1425,337.59872871491416,0.0,0.0,180.0,686.8027282882902,900.0
1426,317.5491177356621,0.0,0.0,180.0,703.853118162286,900.0
1427,277.9978086756971,0.0,0.0,180.0,715.624208675697,900.0
1428,271.21666125660226,0.0,0.0,180.0,686.6298612566022,900.0
1429,246.11543670857702,0.0,0.0,180.0,654.655037135201,900.0
1430,237.6904996243029,0.0,0.0,180.0,597.8792991976788,900.0
1431,206.29653751735657,0.0,0.0,180.0,548.8886170907325,900.0
1432,194.58586895485735,0.0,0.0,180.0,481.40186938148133,900.0
1433,0.0,0.0,194.29775751401104,180.0,406.65095708738704,691.0776800924613
1434,0.0,0.0,166.10495872832502,180.0,356.936958301701,512.470197588886
1435,0.0,0.0,179.92674657890075,180.0,289.03194615227676,319.00057761157336
1436,4.232403752322028,0.0,212.97053717876324,180.0,221.3225409310853,90.0
1437,229.20350872546794,0.0,0.0,180.0,188.402708298844,90.0
1438,224.17600026664002,81.70212765957454,0.0,180.0,103.79227218044146,166.80000000000007
1439,264.03900934204717,0.0,0.0,180.0,175.95500976867118,166.80000000000007
1440,296.69062250634283,0.0,0.0,180.0,190.37182207971887,166.80000000000007
1441,305.62153360820435,0.0,0.0,180.0,235.1939336082043,166.80000000000007
1442,336.7239695705634,260.0,0.0,180.0,20.592769997187418,411.20000000000005
1443,345.51828827718384,260.0,0.0,180.0,87.13228870380783,655.6
1444,363.85019183597456,260.0,0.0,180.0,151.74139183597447,900.0
1445,373.5651019549035,0.0,0.0,180.0,479.39430152827947,900.0
1446,393.23199999999997,0.0,0.0,180.0,534.0608,900.0
1447,361.2489514437783,0.0,0.0,180.0,608.6109510171543,900.0
1448,352.1564141531262,0.0,0.0,180.0,654.6608145797502,900.0
1449,345.17629579047536,0.0,0.0,180.0,681.7978953638514,900.0
1450,298.4253423644228,0.0,0.0,180.0,716.8701419377988,900.0
1451,291.42026366665357,0.0,0.0,180.0,706.2498636666536,900.0
1452,265.6923068113284,0.0,0.0,180.0,690.5647063847044,900.0
1453,231.44950634641282,0.0,0.0,180.0,665.2307063464127,900.0
1454,240.6036767708065,0.0,0.0,180.0,595.7697571974304,900.0
1455,209.51010114109124,0.0,0.0,180.0,546.5713015677152,900.0
1456,180.873657664772,0.0,0.0,180.0,491.168698091396,900.0
1457,0.0,0.0,155.46081547426206,180.0,433.7749750476381,732.8378328233741
1458,0.0,0.0,178.48095836082183,180.0,348.5129583608218,540.9228238332431
1459,0.0,0.0,177.23643997420152,180.0,290.80884040082555,350.34600665668233
1460,0.0,0.0,189.46892558318672,180.0,239.0541251565628,146.61597914787941
1461,166.6664148474857,0.0,52.652860607527856,180.0,194.5184750283895,90.0
1462,234.048,0.0,0.0,180.0,179.57119999999998,90.0
1463,244.8905257441753,0.0,0.0,180.0,187.14252574417537,90.0
1464,290.54450414832996,81.70212765957454,0.0,180.0,112.18757648875545,166.80000000000007
1465,331.1806443884553,0.0,0.0,180.0,220.7530443884553,166.80000000000007
1466,345.1371536166266,260.0,0.0,180.0,15.860354043250595,411.20000000000005
1467,379.7225132201406,260.0,0.0,180.0,67.80691364676466,655.6
1468,375.55630817435224,260.0,0.0,180.0,145.0411081743522,900.0
1469,383.55139949864633,0.0,0.0,180.0,473.55979949864627,900.0
1470,366.976,0.0,0.0,180.0,549.8144,900.0
1471,363.06765033338,0.0,0.0,180.0,607.485649906756,900.0
1472,346.5736941782791,0.0,0.0,180.0,658.230094604903,900.0
1473,339.3485837236549,0.0,0.0,180.0,685.6469837236549,900.0
1474,322.56044570393385,0.0,0.0,180.0,700.4420461305579,900.0
1475,285.42123243691094,0.0,0.0,180.0,710.4396328635348,900.0
1476,261.22049493283293,0.0,0.0,180.0,693.7498545062089,900.0
1477,253.79794523240525,0.0,0.0,180.0,649.1151452324052,900.0
1478,235.02899533904906,0.0,0.0,180.0,599.806595339049,900.0
1479,207.00157261180584,0.0,0.0,180.0,548.3802130384297,900.0
1480,187.15527575402393,0.0,0.0,180.0,486.6944753273999,900.0
1481,177.92100616487375,0.0,0.0,180.0,418.0886057382497,900.0
1482,36.42985410040305,0.0,157.6105921175197,180.0,337.9220462179228,730.5262450349251
1483,0.0,0.0,197.14008013530395,180.0,277.6628801353039,518.5476642442757
1484,0.0,0.0,189.37522958451058,180.0,239.11402915788665,314.918385121146
1485,0.0,0.0,209.1740981626658,180.0,200.79569816266587,90.0
1486,252.12800026664002,0.0,0.0,180.0,168.72319984001604,90.0
1487,269.2422265938998,0.0,0.0,180.0,172.91502616727576,90.0
1488,282.005063257024,81.70212765957454,0.0,180.0,117.07533559744958,166.80000000000007
1489,321.01425248450266,0.0,0.0,180.0,226.49705248450266,166.80000000000007
1490,362.4550422575228,260.0,0.0,180.0,6.119041830898709,411.20000000000005
1491,355.92186889111053,260.0,0.0,180.0,81.2542693177345,655.6
1492,390.5023649179277,260.0,0.0,180.0,136.48636491792774,900.0
1493,376.392936826844,0.0,0.0,180.0,477.742136826844,900.0
1494,359.3600002666401,0.0,0.0,180.0,554.383999840016,900.0
1495,372.9439760425646,0.0,0.0,180.0,601.3747756159406,900.0
1496,354.8657901409192,0.0,0.0,180.0,652.9285905675432,900.0
1497,331.46267185095974,0.0,0.0,180.0,690.8554722775837,900.0
1498,328.91980591751224,0.0,0.0,180.0,696.1134059175122,900.0
1499,305.27983398016806,0.0,0.0,180.0,696.570233980168,900.0
1500,253.70542893241225,0.0,0.0,180.0,699.1026285057882,900.0
1501,255.46013336756187,0.0,0.0,180.0,647.9165337941859,900.0
1502,219.66725432080534,0.0,0.0,180.0,610.9306143208053,900.0
1503,231.33050668076703,0.0,0.0,180.0,530.836506680767,900.0
1504,190.25011005595883,0.0,0.0,180.0,484.49011048258285,900.0
1505,153.2239908997458,0.0,0.0,180.0,435.33719047312184,900.0
1506,9.681301399108861,0.0,175.4179611547715,180.0,344.0080621272564,711.3785363927188
1507,0.0,0.0,189.80148039657985,180.0,282.5098799699559,507.29092306306313
1508,0.0,0.0,170.69068532802794,180.0,251.059885754652,323.752551742603
1509,0.0,0.0,217.3898731206208,180.0,195.71227269399685,90.0
1510,233.44799973336,81.70212765957454,0.0,180.0,98.22907250040943,166.80000000000007
1511,260.7991184591302,0.0,0.0,180.0,177.8479184591302,166.80000000000007
1512,302.0389663248251,0.0,0.0,180.0,187.31056589820116,166.80000000000007
1513,337.02856893497676,0.0,0.0,180.0,217.44896893497673,166.80000000000007
1514,357.74464223173277,260.0,0.0,180.0,8.7686418051087,411.20000000000005
1515,344.6104286481384,260.0,0.0,180.0,87.64522907476237,655.6
1516,373.98518102312005,260.0,0.0,180.0,145.9403814497441,900.0
1517,403.64518805933756,0.0,0.0,180.0,461.81998805933745,900.0
1518,374.17600026664,0.0,0.0,180.0,545.4943998400161,900.0
1519,368.26280298490633,0.0,0.0,180.0,604.2712029849063,900.0
1520,341.9279344594511,0.0,0.0,180.0,661.200334459451,900.0
1521,334.90842234468926,0.0,0.0,180.0,688.5796223446893,900.0
1522,307.66355005209175,0.0,0.0,180.0,710.5819500520918,900.0
1523,274.8324910738826,0.0,0.0,180.0,717.8348906472586,900.0
1524,271.07462778002025,0.0,0.0,180.0,686.7310277800201,900.0
1525,252.23467032093697,0.0,0.0,180.0,650.242429894313,900.0
1526,234.2190371749839,0.0,0.0,180.0,600.39311674836,900.0
1527,209.85071984921615,0.0,0.0,180.0,546.3256798492162,900.0
1528,186.25822193957788,0.0,0.0,180.0,487.3334219395779,900.0
1529,157.14344316740159,0.0,15.878856385132671,180.0,421.50989997915826,882.9259608762014
1530,0.0,0.0,179.16639860836807,180.0,348.04639818174405,690.2739193618272
1531,0.0,0.0,165.89706960276834,180.0,298.29827002939237,511.88997355239894
1532,0.0,0.0,197.46431747021785,180.0,233.9423170435939,299.5627504661432
1533,0.0,0.0,194.8933579335132,180.0,209.6317579335132,90.0
1534,222.33599999999996,0.0,0.0,180.0,186.59840000000003,90.0
1535,240.07512669497288,0.0,0.0,180.0,189.9559262683489,90.0
1536,303.0565350018262,0.0,0.0,180.0,186.72813542845023,90.0
1537,302.2681785464386,81.70212765957454,0.0,180.0,155.3864504602401,166.80000000000007
1538,348.46310618091525,260.0,0.0,180.0,13.989505754291258,411.20000000000005
1539,364.89413955166765,260.0,0.0,180.0,76.18493955166764,655.6
1540,379.69985032066586,260.0,0.0,180.0,142.66944989404192,900.0
1541,378.5178532165455,0.0,0.0,180.0,476.50065278992156,900.0
1542,383.8320002666401,0.0,0.0,180.0,539.700799840016,900.0
1543,343.08568418008485,0.0,0.0,180.0,619.8492846067088,900.0
1544,348.9082861677606,0.0,0.0,180.0,656.7374865943846,900.0
1545,329.4584325965492,0.0,0.0,180.0,692.1792325965491,900.0
1546,329.9936619107133,0.0,0.0,180.0,695.3824619107132,900.0
1547,295.60300536645775,0.0,0.0,180.0,703.3286049398338,900.0
1548,269.0861591078707,0.0,0.0,180.0,688.1473591078706,900.0
1549,255.10017847835002,0.0,0.0,180.0,648.176098904974,900.0
1550,228.99625260590017,0.0,0.0,180.0,604.1751330325242,900.0
1551,209.1389906352764,0.0,0.0,180.0,546.8389110619004,900.0
1552,188.23921547874852,0.0,0.0,180.0,485.9224150521245,900.0
1553,0.0,0.0,175.77311169623988,180.0,419.5887116962399,710.9966540900647
1554,0.0,0.0,165.16819048308707,180.0,357.57459048308704,533.396449269541
1555,0.0,0.0,182.5322576649669,180.0,287.3110576649669,337.12520446850135
1556,0.0,0.0,202.38335740071557,180.0,230.7973569740916,119.50869113439862
1557,177.44521186160608,0.0,27.443082754990716,180.0,203.44749461659677,90.0
1558,245.13599999999997,0.0,0.0,180.0,172.91840000000002,90.0
1559,262.0756843195651,0.0,0.0,180.0,177.1020838929411,90.0
1560,285.6683124477654,81.70212765957454,0.0,180.0,114.97858478819087,166.80000000000007
1561,299.61003048008604,0.0,0.0,180.0,238.59043090671003,166.80000000000007
1562,323.38739404362286,260.0,0.0,180.0,28.09459361699885,411.20000000000005
1563,366.12097716081894,260.0,0.0,180.0,75.4917767341949,655.6
1564,369.6544064111473,260.0,0.0,180.0,148.4192068377713,900.0
1565,398.1753469432989,0.0,0.0,180.0,465.01574694329884,900.0
1566,377.448,0.0,0.0,180.0,543.5312,900.0
1567,388.02336152619887,0.0,0.0,180.0,592.044561952823,900.0
1568,342.32614245765706,0.0,0.0,180.0,660.9457424576569,900.0
1569,350.64941112220276,0.0,0.0,180.0,678.1830111222027,900.0
1570,309.4609257868708,0.0,0.0,180.0,709.3585262134948,900.0
1571,298.2030876373784,0.0,0.0,180.0,701.5126876373783,900.0
1572,254.86038511125219,0.0,0.0,180.0,698.2799851112521,900.0
1573,247.89290039692958,0.0,0.0,180.0,653.3732999703055,900.0
1574,232.0089120961428,0.0,0.0,180.0,601.9935520961428,900.0
1575,223.5475982245324,0.0,0.0,180.0,536.4487977979084,900.0
1576,192.02179084740527,0.0,0.0,180.0,483.2281912740293,900.0
1577,0.0,0.0,187.98973133857248,180.0,411.05653091194847,697.8605039370188
1578,0.0,0.0,178.53427010649102,180.0,348.476670533115,505.88817048917906
1579,0.0,0.0,207.58525160453115,180.0,270.76405117790716,282.67822252731764
1580,9.411490384786305,0.0,179.1907469504054,180.0,239.6082373351918,90.0
1581,203.31472494349362,0.0,0.0,180.0,204.4211245168696,90.0
1582,232.61599999999999,0.0,0.0,180.0,180.43040000000002,90.0
1583,254.68291496231916,0.0,0.0,180.0,181.42131496231923,90.0
1584,303.0321138832039,0.0,0.0,180.0,186.74211345657994,90.0
1585,323.2062015524138,81.70212765957454,0.0,180.0,143.55647431946318,166.80000000000007
1586,335.43782583656105,260.0,0.0,180.0,21.31622583656099,411.20000000000005
1587,344.5940708169844,260.0,0.0,180.0,87.65447124360844,655.6
1588,385.82968677579026,260.0,0.0,180.0,139.1608872024142,900.0
1589,385.36929378729985,0.0,0.0,180.0,472.49769336067584,900.0
1590,369.06400026663994,0.0,0.0,180.0,548.561599840016,900.0
1591,349.85440700399374,0.0,0.0,180.0,615.6612074306177,900.0
1592,367.0540786064864,0.0,0.0,180.0,645.1360781798624,900.0
1593,335.58678007621427,0.0,0.0,180.0,688.1315805028382,900.0
1594,323.3296619529051,0.0,0.0,180.0,699.9184619529051,900.0
1595,291.39765425341784,0.0,0.0,180.0,706.2656542534178,900.0
1596,263.15813032210167,0.0,0.0,180.0,692.3697303221016,900.0
1597,237.9636488971995,0.0,0.0,180.0,660.5333284705755,900.0
1598,226.62576937222275,0.0,0.0,180.0,605.8916897988468,900.0
1599,212.45593022632687,0.0,0.0,180.0,544.4470506529508,900.0
1600,189.24840073969898,0.0,0.0,180.0,485.20360031307496,900.0
1601,0.0,0.0,165.0034949764608,180.0,427.1102945498368,722.5768871220852
1602,0.0,0.0,180.62867008725595,180.0,347.05107051387995,528.3525106841755
1603,0.0,0.0,168.66446234187572,180.0,296.47046191525175,346.99287375742745
1604,0.0,0.0,187.3295333531741,180.0,240.42193335317415,145.56326800132626
1605,139.40025122012938,0.0,51.67383924123343,180.0,211.99489003473883,90.0
1606,206.91199973335995,81.70212765957454,0.0,180.0,114.15067250040944,166.80000000000007
1607,269.79971356031166,0.0,0.0,180.0,172.58931398693562,166.80000000000007
1608,289.97466511400114,0.0,0.0,180.0,194.21586554062515,166.80000000000007
1609,308.9503524688275,0.0,0.0,180.0,233.31315204220346,166.80000000000007
1610,336.63385757007,260.0,0.0,180.0,20.643457996694053,411.20000000000005
1611,353.49273096474553,260.0,0.0,180.0,82.6267313913695,655.6
1612,356.01083827267644,260.0,0.0,180.0,156.22843869930045,900.0
1613,364.08781392871026,0.0,0.0,180.0,484.93141435533414,900.0
1614,360.9200000000001,0.0,0.0,180.0,553.448,900.0
1615,364.8547194135223,0.0,0.0,180.0,606.3799194135222,900.0
1616,342.7790064556166,0.0,0.0,180.0,660.6562064556165,900.0
1617,345.6156862464127,0.0,0.0,180.0,681.5076866730367,900.0
1618,334.14438163059265,0.0,0.0,180.0,692.5571820572166,900.0
1619,308.84458454914727,0.0,0.0,180.0,694.0805849757712,900.0
1620,271.956730673213,0.0,0.0,180.0,686.102730246589,900.0
1621,244.6823105277682,0.0,0.0,180.0,655.6884709543922,900.0
1622,240.31339886156638,0.0,0.0,180.0,595.9799584349423,900.0
1623,216.5998740856104,0.0,0.0,180.0,541.4588336589864,900.0
1624,197.44896516656252,0.0,0.0,180.0,479.3625651665625,900.0
1625,0.0,0.0,175.2304857886753,180.0,419.96768578867534,711.580122807876
1626,0.0,0.0,179.68428660361172,180.0,347.6938861769877,518.3712124814118
1627,0.0,0.0,189.97877799186233,180.0,282.39277841848633,314.0929565761835
1628,0.0,0.0,185.98655737214938,180.0,241.28055737214942,114.10741101473258
1629,190.55765861788225,0.0,22.419892243701298,180.0,198.44235128820753,90.0
1630,236.56799973336007,0.0,0.0,180.0,178.05920015998402,90.0
1631,265.1297463034416,0.0,0.0,180.0,175.31774587681764,90.0
1632,268.45104152260586,81.70212765957454,0.0,180.0,124.83331343640738,166.80000000000007
1633,326.05246412890244,0.0,0.0,180.0,223.65046455552647,166.80000000000007
1634,340.27110558998436,260.0,0.0,180.0,18.59750601660835,411.20000000000005
1635,353.5172677114764,260.0,0.0,180.0,82.61286813810045,655.6
1636,360.8626083266911,260.0,0.0,180.0,153.45140875331515,900.0
1637,379.3177263157745,0.0,0.0,180.0,476.0333263157745,900.0
1638,388.6160000000001,0.0,0.0,180.0,536.8304,900.0
1639,367.04506546752077,0.0,0.0,180.0,605.0246654675208,900.0
1640,376.32998230445344,0.0,0.0,180.0,639.2055823044534,900.0
1641,324.7793041989238,0.0,0.0,180.0,695.2697041989238,900.0
1642,309.68940603926546,0.0,0.0,180.0,709.2030060392655,900.0
1643,289.0085926703164,0.0,0.0,180.0,707.9341930969404,900.0
1644,266.64916391672375,0.0,0.0,180.0,689.8831634900997,900.0
1645,249.53649606874467,0.0,0.0,180.0,652.1880956421206,900.0
1646,223.5886114239578,0.0,0.0,180.0,608.0910109973338,900.0
1647,203.82073166316854,0.0,0.0,180.0,550.6739320897925,900.0
1648,187.15677059414276,0.0,0.0,180.0,486.69341059414273,900.0
1649,165.80236064474025,0.0,0.0,180.0,426.55236064474025,900.0
1650,19.77466997982154,0.0,150.35153620388948,180.0,354.19980661033503,738.3316815011941
1651,0.0,0.0,178.27710278871103,180.0,290.121503215335,546.6358720509672
1652,0.0,0.0,215.15724522023004,180.0,222.6304447936061,315.28399547007473
1653,0.0,0.0,209.5141157871695,180.0,200.58531578716952,90.0
1654,239.76800000000003,81.70212765957454,0.0,180.0,94.43707234042542,166.80000000000007
1655,240.7134094905449,0.0,0.0,180.0,189.58300906392094,166.80000000000007
1656,290.8864076774571,0.0,0.0,180.0,193.69400725083312,166.80000000000007
1657,294.98076488077345,0.0,0.0,180.0,241.20596445414947,166.80000000000007
1658,304.242689665764,260.0,0.0,180.0,38.86348966576401,411.20000000000005
1659,362.02334045674877,260.0,0.0,180.0,77.80694003012479,655.6
1660,367.904187348038,260.0,0.0,180.0,149.42098777466197,900.0
1661,373.944839816726,0.0,0.0,180.0,479.172439390102,900.0
1662,398.216,0.0,0.0,180.0,531.0704,900.0
1663,380.424363649361,0.0,0.0,180.0,596.7463632227369,900.0
1664,369.49017433527,0.0,0.0,180.0,643.5785743352699,900.0
1665,343.8581223672387,0.0,0.0,180.0,682.6685227938627,900.0
1666,325.7591659375231,0.0,0.0,180.0,698.2647659375231,900.0
1667,283.3487031414911,0.0,0.0,180.0,711.887103141491,900.0
1668,260.04834472956713,0.0,0.0,180.0,694.5847447295671,900.0
1669,245.1106868421465,0.0,0.0,180.0,655.3795668421465,900.0
1670,236.16115510769157,0.0,0.0,180.0,598.9867555343156,900.0
1671,222.81207034088118,0.0,0.0,180.0,536.9791903408811,900.0
1672,174.5516729125519,0.0,0.0,180.0,495.6716729125519,900.0
1673,183.04580590060266,0.0,0.0,180.0,414.50940632722666,900.0
1674,11.531816262950656,0.0,159.64539841879053,180.0,353.48441425511714,728.3382812701177
1675,0.0,0.0,192.36073980200104,180.0,280.81953980200103,521.4987761066758
1676,0.0,0.0,186.83762962036502,180.0,240.73642919374106,320.59809909553064
1677,0.0,0.0,214.45623215884353,180.0,197.52743258546752,90.0
1678,231.94400000000002,0.0,0.0,180.0,180.83360000000005,90.0
1679,270.90660931053117,81.70212765957454,0.0,180.0,90.24048165095662,166.80000000000007
1680,289.3559830284537,0.0,0.0,180.0,194.5699834550777,166.80000000000007
1681,304.9426836258809,0.0,0.0,180.0,235.5774836258808,166.80000000000007
1682,344.7848978877373,260.0,0.0,180.0,16.058497887737303,411.20000000000005
1683,362.3259600604939,260.0,0.0,180.0,77.63596006049397,655.6
1684,375.7272598037722,260.0,0.0,180.0,144.9432598037722,900.0
1685,367.1337966215556,0.0,0.0,180.0,483.1517966215556,900.0
1686,372.448,0.0,0.0,180.0,546.5312,900.0
1687,372.3430144067952,0.0,0.0,180.0,601.7466144067952,900.0
1688,359.3944301205156,0.0,0.0,180.0,650.0332305471395,900.0
1689,337.5293511933679,0.0,0.0,180.0,686.8485507667439,900.0
1690,324.8528616894199,0.0,0.0,180.0,698.8816621160439,900.0
1691,286.0618327297809,0.0,0.0,180.0,709.9922327297809,900.0
1692,272.2632239647851,0.0,0.0,180.0,685.884423538161,900.0
1693,245.28992057830374,0.0,0.0,180.0,655.2503205783037,900.0
1694,234.2346270803215,0.0,0.0,180.0,600.3818275069456,900.0
1695,206.84762521498703,0.0,0.0,180.0,548.491225214987,900.0
1696,184.02306322357526,0.0,0.0,180.0,488.9254636501993,900.0
1697,190.60488650300573,0.0,0.0,180.0,409.23008650300574,900.0
1698,8.915417660206117,0.0,153.2596851042108,180.0,359.6119023377929,735.2046396728916
1699,0.0,0.0,201.98879824650226,180.0,274.46039781987827,518.012383493857
1700,0.0,0.0,189.96863757612618,180.0,238.73463714950225,313.7450312614633
1701,0.0,0.0,208.08287907316088,180.0,201.4708786465369,90.0
1702,226.93599999999998,0.0,0.0,180.0,183.83839999999998,90.0
1703,235.22740899095749,0.0,0.0,180.0,192.78820899095751,90.0
1704,261.85719270794687,81.70212765957454,0.0,180.0,128.60746504837232,166.80000000000007
1705,321.9630066766656,0.0,0.0,180.0,225.96100667666553,166.80000000000007
1706,347.31622590159657,260.0,0.0,180.0,14.634625901596564,411.20000000000005
1707,358.32647007074445,260.0,0.0,180.0,79.89567049736843,655.6
1708,366.9191803404276,260.0,0.0,180.0,149.98478076705157,900.0
1709,370.5110394637925,0.0,0.0,180.0,481.17863989041643,900.0
1710,378.8560002666401,0.0,0.0,180.0,542.6863998400161,900.0
1711,377.8781849403655,0.0,0.0,180.0,598.3217849403654,900.0
1712,349.8764781633985,0.0,0.0,180.0,656.1184785900224,900.0
1713,329.25030028883816,0.0,0.0,180.0,692.3166998622141,900.0
1714,335.51526162191317,0.0,0.0,180.0,691.6240620485371,900.0
1715,287.116938429592,0.0,0.0,180.0,709.255338856216,900.0
1716,266.16325966873353,0.0,0.0,180.0,690.2292596687336,900.0
1717,264.64121466357005,0.0,0.0,180.0,641.2960142369461,900.0
1718,227.53595178515366,0.0,0.0,180.0,605.2325922117777,900.0
1719,218.29329817727438,0.0,0.0,180.0,540.2376977506503,900.0
1720,194.50363929386248,0.0,0.0,180.0,481.46043929386246,900.0
1721,0.0,0.0,184.5531005906633,180.0,413.45670016403926,701.5558058164911
1722,0.0,0.0,194.04806247169404,180.0,337.91686204507005,492.90197520176633
1723,0.0,0.0,172.53418577530675,180.0,293.9145862019308,307.38134533584514
1724,0.24212997780796286,0.0,202.16465116233599,180.0,230.78238114014397,90.0
1725,220.4342169679208,0.0,0.0,180.0,193.8286165412968,90.0
1726,238.31999973336002,81.70212765957454,0.0,180.0,95.30587250040948,166.80000000000007
1727,264.32179285907273,0.0,0.0,180.0,175.78979328569676,166.80000000000007
1728,275.1914197622452,0.0,0.0,180.0,202.67741976224528,166.80000000000007
1729,324.8338057269001,0.0,0.0,180.0,224.3390061535241,166.80000000000007
1730,342.6385936029467,260.0,0.0,180.0,17.265794029570657,411.20000000000005
1731,359.46333960854884,260.0,0.0,180.0,79.2533396085488,655.6
1732,371.8930589724955,260.0,0.0,180.0,147.13785897249556,900.0
1733,401.45563543783646,0.0,0.0,180.0,463.0992358644604,900.0
1734,363.56000000000006,0.0,0.0,180.0,551.864,900.0
1735,354.94676389487825,0.0,0.0,180.0,612.5103643215023,900.0
1736,368.896766077703,0.0,0.0,180.0,643.9579665043269,900.0
1737,329.6280223505905,0.0,0.0,180.0,692.0672219239665,900.0
1738,322.6975337030659,0.0,0.0,180.0,700.3487341296899,900.0
1739,282.1654771821535,0.0,0.0,180.0,712.7134771821535,900.0
1740,257.5739718094276,0.0,0.0,180.0,696.3471722360514,900.0
1741,240.75999216887556,0.0,0.0,180.0,658.5168725954995,900.0
1742,240.08399701086535,0.0,0.0,180.0,596.1460770108653,900.0
1743,207.17783175723514,0.0,0.0,180.0,548.2531117572352,900.0
1744,184.55456795932253,0.0,0.0,180.0,488.5468875326985,900.0
1745,0.0,0.0,165.72699593535634,180.0,426.6049959353563,721.7989291017674
1746,0.0,0.0,150.88057486814643,180.0,367.29977444152246,559.5617518241907
1747,0.0,0.0,166.76814317850807,180.0,297.7229431785081,380.24116776127875
1748,0.0,0.0,192.31884554291952,180.0,237.23204511629558,173.446710188247
1749,145.1851774409742,0.0,77.60544047506973,180.0,192.37061791604395,90.0
1750,238.872,0.0,0.0,180.0,176.67679999999996,90.0
1751,236.66556489396845,0.0,0.0,180.0,191.94796532059246,90.0
1752,288.62333373295473,0.0,0.0,180.0,194.98933330633076,90.0
1753,326.6495249567291,81.70212765957454,0.0,180.0,141.6109977237786,166.80000000000007
1754,329.8590735329774,260.0,0.0,180.0,24.454273959601323,411.20000000000005
1755,370.4803391633526,260.0,0.0,180.0,73.02873873672866,655.6
1756,380.23712659894693,260.0,0.0,180.0,142.36192659894698,900.0
1757,377.2089692533136,0.0,0.0,180.0,477.26536925331357,900.0
1758,374.0,0.0,0.0,180.0,545.6,900.0
1759,367.22693562003417,0.0,0.0,180.0,604.9121351934101,900.0
1760,346.7298541775755,0.0,0.0,180.0,658.1302546041994,900.0
1761,311.9367540993462,0.0,0.0,180.0,703.7519540993462,900.0
1762,307.2751338007097,0.0,0.0,180.0,710.8463342273336,900.0
1763,270.8909161974025,0.0,0.0,180.0,720.5877166240264,900.0
1764,257.7533830150023,0.0,0.0,180.0,696.2193825883783,900.0
1765,247.89141248427586,0.0,0.0,180.0,653.3743729108999,900.0
1766,230.86190407984725,0.0,0.0,180.0,602.8241440798473,900.0
1767,214.79935548448816,0.0,0.0,180.0,542.7571959111121,900.0
1768,181.12782284160397,0.0,0.0,180.0,490.98766326822795,900.0
1769,0.0,0.0,170.44482649160238,180.0,423.3100269182264,716.7259930197824
1770,0.0,0.0,194.93913395582786,180.0,337.31033438245186,507.1140210242686
1771,0.0,0.0,164.84869843174613,180.0,298.9906984317461,329.8573560438964
1772,0.0,0.0,201.33708515525797,180.0,231.466285155258,113.36586662964055
1773,184.09901739482515,0.0,21.730255965565714,180.0,202.86527378701487,90.0
1774,218.58400026664003,0.0,0.0,180.0,188.84959984001603,90.0
1775,265.20246206496256,81.70212765957454,0.0,180.0,93.57313397876398,166.80000000000007
1776,287.3615476292636,0.0,0.0,180.0,195.71154762926363,166.80000000000007
1777,294.36734622204744,0.0,0.0,180.0,241.55254579542344,166.80000000000007
1778,347.7585936309792,260.0,0.0,180.0,14.385794057603277,411.20000000000005
1779,332.23572992536447,260.0,0.0,180.0,94.63692949874053,655.6
1780,373.1060014859992,260.0,0.0,180.0,146.44360148599912,900.0
1781,373.45198801067284,0.0,0.0,180.0,479.46038843729684,900.0
1782,378.6320002666399,0.0,0.0,180.0,542.820799840016,900.0
1783,361.1303406466303,0.0,0.0,180.0,608.6843402200063,900.0
1784,360.3079666368809,0.0,0.0,180.0,649.4491662102569,900.0
1785,323.02174031975005,0.0,0.0,180.0,696.43054031975,900.0
1786,299.027005852931,0.0,0.0,180.0,716.460606279555,900.0
1787,295.45227544250497,0.0,0.0,180.0,703.433875869129,900.0
1788,266.4622775141697,0.0,0.0,180.0,690.0162775141696,900.0
1789,247.87058889558784,0.0,0.0,180.0,653.3893888955879,900.0
1790,241.55988823183327,0.0,0.0,180.0,595.0773282318332,900.0
1791,217.2126895828053,0.0,0.0,180.0,541.0169295828052,900.0
1792,202.21082450897347,0.0,0.0,180.0,475.97082450897346,900.0
1793,0.0,0.0,148.51821819461986,180.0,438.62373819461993,740.3029911885808
1794,0.0,0.0,184.88601404815626,180.0,344.15321447478027,541.500825545402
1795,0.0,0.0,197.64884862239745,180.0,277.3268486223975,328.97518186540475
1796,0.0,0.0,196.9021409576797,180.0,234.3017413843038,117.25244965284594
1797,207.68590514353485,0.0,25.344778177146726,180.0,186.03468374730556,90.0
1798,236.71999999999997,0.0,0.0,180.0,177.96800000000002,90.0
1799,247.00736208804778,81.70212765957454,0.0,180.0,104.20363485509723,166.80000000000007
1800,255.77619905131615,0.0,0.0,180.0,213.79019905131622,166.80000000000007
1801,303.9775713302153,0.0,0.0,180.0,236.12277175683926,166.80000000000007
1802,326.0907535123454,260.0,0.0,180.0,26.57395393896934,411.20000000000005
1803,374.23446114058606,260.0,0.0,180.0,70.90766114058601,655.6
1804,377.39607332906246,260.0,0.0,180.0,143.98807332906244,900.0
1805,388.4637531154136,0.0,0.0,180.0,470.6897531154136,900.0
1806,377.37599973336,0.0,0.0,180.0,543.574400159984,900.0
1807,366.270141592821,0.0,0.0,180.0,605.504141592821,900.0
1808,342.56038271684224,0.0,0.0,180.0,660.7959822902181,900.0
1809,346.54072012395864,0.0,0.0,180.0,680.8967201239586,900.0
1810,310.5728620336721,0.0,0.0,180.0,708.601662033672,900.0
1811,292.18144699439995,0.0,0.0,180.0,705.7182474210239,900.0
1812,282.1756652918323,0.0,0.0,180.0,678.8240652918322,900.0
1813,249.3014839510504,0.0,0.0,180.0,652.3575639510505,900.0
1814,239.82415725461556,0.0,0.0,180.0,596.3342368279916,900.0
1815,215.19054636575015,0.0,0.0,180.0,542.4751063657501,900.0
1816,192.42546545009884,0.0,0.0,180.0,482.9406650234748,900.0
1817,123.53775978363036,0.0,64.55748164569853,180.0,410.98284185595287,830.5833530691414
1818,0.0,0.0,180.5220463420764,180.0,347.1236463420764,636.4736258195969
1819,0.0,0.0,166.63709700694244,180.0,297.8094965803184,457.29395161858355
1820,0.0,0.0,154.6764775542967,180.0,261.2984779809207,290.9751585494473
1821,0.0,0.0,186.90689745098598,180.0,214.573297450986,90.0
1822,222.67199973336,0.0,0.0,180.0,186.39680015998397,90.0
1823,259.1185764150923,0.0,0.0,180.0,178.82977641509228,90.0
1824,273.205124374163,81.70212765957454,0.0,180.0,122.11219714121252,166.80000000000007
1825,341.8377709467855,0.0,0.0,180.0,214.73177137340946,166.80000000000007
1826,316.22758573138265,260.0,0.0,180.0,32.121985731382665,411.20000000000005
1827,345.60825662113393,260.0,0.0,180.0,87.08145662113395,655.6
1828,357.0609699818667,260.0,0.0,180.0,155.62736998186665,900.0
1829,360.1450040582272,0.0,0.0,180.0,487.2350040582271,900.0
1830,402.2320000000001,0.0,0.0,180.0,528.6608,900.0
1831,362.70391055545963,0.0,0.0,180.0,607.7107101288356,900.0
1832,338.65638273443165,0.0,0.0,180.0,663.2919823078076,900.0
1833,348.29057564655545,0.0,0.0,180.0,679.7409752199314,900.0
1834,306.7039338043261,0.0,0.0,180.0,711.23513423095,900.0
1835,284.20786059325894,0.0,0.0,180.0,711.2870610198829,900.0
1836,271.1120050106996,0.0,0.0,180.0,686.7044050106996,900.0
1837,253.86636665757158,0.0,0.0,180.0,649.0658062309475,900.0
1838,230.2627875187776,0.0,0.0,180.0,603.2579870921536,900.0
1839,197.74760913190266,0.0,0.0,180.0,555.0532887052786,900.0
1840,205.4476930395491,0.0,0.0,180.0,473.6652926129251,900.0
1841,191.63738277037567,0.0,0.0,180.0,408.5089831969997,900.0
1842,33.32386195492154,0.0,146.30711264917977,180.0,347.73017417747735,742.68052403314
1843,0.0,0.0,208.35611294861224,180.0,270.2549125219883,518.6416929056
1844,0.0,0.0,191.20230155869547,180.0,237.94590113207153,313.04782026184154
1845,0.0,0.0,207.43447284351265,180.0,201.87207327013664,90.0
1846,233.88800026663995,81.70212765957454,0.0,180.0,97.96507218044145,166.80000000000007
1847,244.526946936571,0.0,0.0,180.0,187.35494693657103,166.80000000000007
1848,297.80587837107964,0.0,0.0,180.0,189.73347794445567,166.80000000000007
1849,299.9944400514275,0.0,0.0,180.0,238.3732396248035,166.80000000000007
1850,337.55136212117213,260.0,0.0,180.0,20.1273616945482,411.20000000000005
1851,359.6841700565242,260.0,0.0,180.0,79.12857048314822,655.6
1852,380.741840933425,260.0,0.0,180.0,142.07304093342498,900.0
1853,377.10393564592994,0.0,0.0,180.0,477.3267352193059,900.0
1854,390.88799973336006,0.0,0.0,180.0,535.467200159984,900.0
1855,364.13514724415825,0.0,0.0,180.0,606.8251472441582,900.0
1856,368.4204783400895,0.0,0.0,180.0,644.2624783400895,900.0
1857,317.8723862413826,0.0,0.0,180.0,699.8315866680066,900.0
1858,321.0220142213566,0.0,0.0,180.0,701.4892137947327,900.0
1859,286.13719744056675,0.0,0.0,180.0,709.9395974405668,900.0
1860,253.53723139435442,0.0,0.0,180.0,699.2224309677304,900.0
1861,241.01359724566714,0.0,0.0,180.0,658.3339968190433,900.0
1862,228.43796779796867,0.0,0.0,180.0,604.5794082245926,900.0
1863,216.71440493571924,0.0,0.0,180.0,541.3762449357192,900.0
1864,191.71529804424472,0.0,0.0,180.0,483.4464976176207,900.0
1865,182.9930506040339,0.0,0.0,180.0,414.5462510306579,900.0
1866,26.136406050499602,0.0,160.61552823436125,180.0,342.88313428486083,727.2951309307944
1867,0.0,0.0,189.77835404240125,180.0,282.52515446902527,523.2323846486424
1868,0.0,0.0,186.28326136795715,180.0,241.09086136795725,322.92780253255955
1869,0.0,0.0,216.62285635528036,180.0,196.18685635528038,90.0
1870,230.72799973336004,81.70212765957454,0.0,180.0,99.86107250040949,166.80000000000007
1871,273.3143089697777,0.0,0.0,180.0,170.53590896977778,166.80000000000007
1872,289.4129669047541,0.0,0.0,180.0,194.53736733137816,166.80000000000007
1873,298.0723949207526,0.0,0.0,180.0,239.4591944941286,166.80000000000007
1874,338.6490895811037,260.0,0.0,180.0,19.509890007727677,411.20000000000005
1875,347.2685762106589,260.0,0.0,180.0,86.14337663728293,655.6
1876,383.07817959750673,260.0,0.0,180.0,140.7357800241307,900.0
1877,401.77073760644066,0.0,0.0,180.0,462.9151371798166,900.0
1878,368.87200026663993,0.0,0.0,180.0,548.676799840016,900.0
1879,351.1116819808682,0.0,0.0,180.0,614.8832815542441,900.0
1880,344.27033470913807,0.0,0.0,180.0,659.702734282514,900.0
1881,340.55112717352995,0.0,0.0,180.0,684.852727600154,900.0
1882,321.37996571140775,0.0,0.0,180.0,701.2455661380318,900.0
1883,282.9794160586405,0.0,0.0,180.0,712.1450160586404,900.0
1884,269.0487818771911,0.0,0.0,180.0,688.1739818771911,900.0
1885,247.17894003821777,0.0,0.0,180.0,653.8881400382178,900.0
1886,247.64979551835233,0.0,0.0,180.0,590.6673955183524,900.0
1887,215.67321288796,0.0,0.0,180.0,542.1270533145839,900.0
1888,188.57561031657536,0.0,0.0,180.0,485.68281031657534,900.0
1889,0.0,0.0,181.90779929128587,180.0,415.3041988646619,704.4002158158216
1890,0.0,0.0,165.9069427301435,180.0,357.0717423035195,526.0056537403985
1891,0.0,0.0,187.7741150616465,180.0,283.84891463502254,324.0980031364776
1892,0.0,0.0,196.09010922939376,180.0,234.8209092293938,113.24842331992517
1893,185.63156926380586,0.0,21.621033687530407,180.0,201.9846033779603,90.0
1894,217.344,0.0,0.0,180.0,189.59359999999998,90.0
1895,244.83396904077023,0.0,0.0,180.0,187.17556904077026,90.0
1896,293.9146936751366,81.70212765957454,0.0,180.0,110.25856558893805,166.80000000000007
1897,304.99175739118215,0.0,0.0,180.0,235.54975696455813,166.80000000000007
1898,332.8737295494829,260.0,0.0,180.0,22.7585299761069,411.20000000000005
1899,359.63509710826884,260.0,0.0,180.0,79.15629668164479,655.6
1900,355.16422067935844,260.0,0.0,180.0,156.71302110598242,900.0
1901,371.9087979764581,0.0,0.0,180.0,480.3619984030821,900.0
1902,385.04000026664005,0.0,0.0,180.0,538.975999840016,900.0
1903,354.2588212714203,0.0,0.0,180.0,612.9360216980443,900.0
1904,354.48319840288366,0.0,0.0,180.0,653.1731984028836,900.0
1905,348.891847243029,0.0,0.0,180.0,679.3438472430289,900.0
1906,332.22515015042643,0.0,0.0,180.0,693.8635497238024,900.0
1907,292.4829058375433,0.0,0.0,180.0,705.5077062641672,900.0
1908,266.0810295120822,0.0,0.0,180.0,690.2878299387061,900.0
1909,248.1293994357652,0.0,0.0,180.0,653.2027594357651,900.0
1910,227.59682858601866,0.0,0.0,180.0,605.1885090126426,900.0
1911,213.96491462772616,0.0,0.0,180.0,543.3589150543502,900.0
1912,208.70698741094384,0.0,0.0,180.0,471.34378741094383,900.0
1913,0.0,0.0,162.75008991468934,180.0,428.68408991468937,724.9999033175384
1914,0.0,0.0,174.88620664767757,180.0,350.95980622105355,536.9502187501432
1915,0.0,0.0,175.03948540049845,180.0,292.25988540049843,348.7357183194997
1916,0.0,0.0,191.72543729106332,180.0,237.61143729106334,142.57933413556069
1917,173.92346671643793,0.0,48.89878074607144,180.0,192.35104746250943,90.0
1918,236.74400000000003,0.0,0.0,180.0,177.9536,90.0
1919,249.92407234723112,0.0,0.0,180.0,184.20167234723118,90.0
1920,280.718855763386,81.70212765957454,0.0,180.0,117.81152810381151,166.80000000000007
1921,316.368628236481,0.0,0.0,180.0,229.12182866310496,166.80000000000007
1922,333.75846582736625,260.0,0.0,180.0,22.26086582736633,411.20000000000005
1923,354.4742008339839,260.0,0.0,180.0,82.07220126060793,655.6
1924,360.78120306019673,260.0,0.0,180.0,153.49800306019677,900.0
1925,382.94543455623466,0.0,0.0,180.0,473.9138349828586,900.0
1926,376.6640000000001,0.0,0.0,180.0,544.0016,900.0
1927,372.29557035148923,0.0,0.0,180.0,601.7759699248652,900.0
1928,359.4803181201286,0.0,0.0,180.0,649.9783185467525,900.0
1929,335.5944889466474,0.0,0.0,180.0,688.1264889466474,900.0
1930,289.7431024193927,0.0,0.0,180.0,722.7799019927687,900.0
1931,275.85745063818877,0.0,0.0,180.0,717.1190510648128,900.0
1932,250.12842745807075,0.0,0.0,180.0,701.6504278846946,900.0
1933,255.33742147351245,0.0,0.0,180.0,648.0050219001364,900.0
1934,233.65332836694688,0.0,0.0,180.0,600.8027679403228,900.0
1935,208.69425349079745,0.0,0.0,180.0,547.1596130641734,900.0
1936,196.56686249402793,0.0,0.0,180.0,479.99086249402797,900.0
1937,0.0,0.0,181.1466152241266,180.0,415.83581565075065,705.2186933073908
1938,0.0,0.0,167.34636646308252,180.0,356.0919664630825,525.2763637771945
1939,0.0,0.0,211.52435281585753,180.0,268.16235281585756,297.8308231149822
1940,0.0,0.0,177.34310149427495,180.0,246.806701494275,107.13931613189087
1941,194.56297537510963,0.0,15.939564002658505,180.0,199.97373895114413,90.0
1942,235.65599973336003,0.0,0.0,180.0,178.606400159984,90.0
1943,230.8887018868789,81.70212765957454,0.0,180.0,113.62097422730439,166.80000000000007
1944,287.9069647309962,0.0,0.0,180.0,195.39936473099624,166.80000000000007
1945,312.9171259167159,0.0,0.0,180.0,231.0719263433399,166.80000000000007
1946,323.96902550072866,260.0,0.0,180.0,27.767425927352633,411.20000000000005
1947,348.73260209893954,260.0,0.0,180.0,85.31620252556354,655.6
1948,356.9388619464628,260.0,0.0,180.0,155.69726151983878,900.0
1949,390.2654880768266,0.0,0.0,180.0,469.63708807682656,900.0
1950,382.88,0.0,0.0,180.0,540.2719999999999,900.0
1951,366.2464191698383,0.0,0.0,180.0,605.5188195964622,900.0
1952,367.2336626056773,0.0,0.0,180.0,645.0212621790532,900.0
1953,347.6584690822051,0.0,0.0,180.0,680.1584690822051,900.0
1954,304.11449382072067,0.0,0.0,180.0,712.9976942473446,900.0
1955,286.9812819501776,0.0,0.0,180.0,709.3500823768015,900.0
1956,261.5748310796746,0.0,0.0,180.0,693.4974706530505,900.0
1957,247.97619549531555,0.0,0.0,180.0,653.3132354953154,900.0
1958,233.27841636162043,0.0,0.0,180.0,601.0742559349965,900.0
1959,215.06039739076505,0.0,0.0,180.0,542.568957390765,900.0
1960,187.23003021779795,0.0,0.0,180.0,486.64122979117394,900.0
1961,0.0,0.0,152.131202111297,180.0,436.100402537921,736.4180622459172
1962,0.0,0.0,201.89254189196748,180.0,332.5773423185915,519.3293075233715
1963,0.0,0.0,188.69914816068768,180.0,283.2379485873117,316.42699767316975
1964,0.0,0.0,173.44690928908454,180.0,249.2977097157086,129.92494467415412
1965,163.5829956726403,0.0,37.130198546963335,180.0,206.0307946462276,90.0
1966,227.30399973336,0.0,0.0,180.0,183.61760015998402,90.0
1967,264.095566314743,0.0,0.0,180.0,175.92196631474303,90.0
1968,301.5423922743111,0.0,0.0,180.0,187.5947922743112,90.0
1969,296.06038117492477,81.70212765957454,0.0,180.0,158.8938539419742,166.80000000000007
1970,345.53036989181885,260.0,0.0,180.0,15.639169891818824,411.20000000000005
1971,384.3517797093182,260.0,0.0,180.0,65.1913797093182,655.6
1972,390.6407546035448,260.0,0.0,180.0,136.4071541769207,900.0
1973,378.21891064447254,0.0,0.0,180.0,476.6753102178485,900.0
1974,373.98399973335995,0.0,0.0,180.0,545.609600159984,900.0
1975,356.1961309581699,0.0,0.0,180.0,611.7373313847938,900.0
1976,367.68652660363693,0.0,0.0,180.0,644.7317261770129,900.0
1977,350.68795418972854,0.0,0.0,180.0,678.1575541897286,900.0
1978,307.6940143057402,0.0,0.0,180.0,710.5612138791162,900.0
1979,284.03452175845143,0.0,0.0,180.0,711.4081221850755,900.0
1980,268.4283195987548,0.0,0.0,180.0,688.6159200253787,900.0
1981,251.24702550095037,0.0,0.0,180.0,650.9546250743264,900.0
1982,226.49584937037707,0.0,0.0,180.0,605.985769797001,900.0
1983,211.90409857238967,0.0,0.0,180.0,544.8449789990136,900.0
1984,209.89558313579556,0.0,0.0,180.0,470.49718356241954,900.0
1985,178.98364856718774,0.0,0.0,180.0,417.3464481405638,900.0
1986,34.406645390385904,0.0,151.85786515279273,180.0,343.2149101165546,736.7119729539863
1987,0.0,0.0,187.3963930030468,180.0,284.0983925764228,535.2104751012479
1988,0.0,0.0,201.96172540667288,180.0,231.06692498004895,318.04732950267487
1989,0.0,0.0,212.0840164374876,180.0,198.99521643748767,90.0
1990,241.87200000000007,0.0,0.0,180.0,174.8768,90.0
1991,255.55550383127894,81.70212765957454,0.0,180.0,99.2093765983284,166.80000000000007
1992,273.27024880422067,0.0,0.0,180.0,203.77704923084468,166.80000000000007
1993,298.4077299089831,0.0,0.0,180.0,239.26973033560705,166.80000000000007
1994,340.0826898619921,260.0,0.0,180.0,18.703489861992125,411.20000000000005
1995,360.20762092605446,260.0,0.0,180.0,78.83282092605452,655.6
1996,369.56486059087104,260.0,0.0,180.0,148.47046059087097,900.0
1997,362.7627714461097,0.0,0.0,180.0,485.7055714461096,900.0
1998,367.66400026663996,0.0,0.0,180.0,549.401599840016,900.0
1999,381.8714148474594,0.0,0.0,180.0,595.8510152740834,900.0
2000,356.4117741339538,0.0,0.0,180.0,651.9401745605777,900.0
2001,348.8610127890083,0.0,0.0,180.0,679.3642127890083,900.0
2002,311.7000300265356,0.0,0.0,180.0,707.8344300265356,900.0
2003,275.35250707592365,0.0,0.0,180.0,717.4717075025477,900.0
2004,273.64618149992657,0.0,0.0,180.0,684.8993810733025,900.0
2005,247.99925070510574,0.0,0.0,180.0,653.2966102784818,900.0
2006,232.01707824881692,0.0,0.0,180.0,601.9876386754408,900.0
2007,206.60294538989308,0.0,0.0,180.0,548.667664963269,900.0
2008,189.4876150237762,0.0,0.0,180.0,485.0332145971522,900.0
2009,171.70341713831476,0.0,0.0,180.0,422.43101756493877,900.0
2010,27.369630376075634,0.0,150.08316824803018,180.0,349.2127981974818,738.6202491956665
2011,0.0,0.0,187.72015425370472,180.0,283.8845546803287,536.7706209658764
2012,0.0,0.0,187.36857335262255,180.0,240.39697335262258,335.2990367157447
2013,0.0,0.0,228.12810414564257,180.0,189.06810371901855,90.0
2014,228.31199999999995,0.0,0.0,180.0,183.01279999999997,90.0
2015,264.1602022779153,0.0,0.0,180.0,175.8842027045393,90.0
2016,307.7536350623816,81.70212765957454,0.0,180.0,102.33750697618315,166.80000000000007
2017,316.0987242992448,0.0,0.0,180.0,229.27432429924477,166.80000000000007
2018,334.40563383090955,260.0,0.0,180.0,21.8968338309096,411.20000000000005
2019,340.84812802793124,260.0,0.0,180.0,89.77092760130722,655.6
2020,360.7730627777395,260.0,0.0,180.0,153.50266235111553,900.0
2021,377.64526354866996,0.0,0.0,180.0,477.0104639752939,900.0
2022,387.03199973335995,0.0,0.0,180.0,537.780800159984,900.0
2023,388.4424535365613,0.0,0.0,180.0,591.7852531099373,900.0
2024,352.6014706716023,0.0,0.0,180.0,654.3762702449783,900.0
2025,343.1489304386213,0.0,0.0,180.0,683.1369300119973,900.0
2026,325.3631339400305,0.0,0.0,180.0,698.5343339400305,900.0
2027,305.97318906820715,0.0,0.0,180.0,696.0859894948311,900.0
2028,280.68057631380873,0.0,0.0,180.0,679.8889758871848,900.0
2029,260.96729492657164,0.0,0.0,180.0,643.9452944999476,900.0
2030,221.74745939780064,0.0,0.0,180.0,609.4242589711766,900.0
2031,220.2537135947651,0.0,0.0,180.0,538.8240331681411,900.0
2032,186.40249780550533,0.0,0.0,180.0,487.2306582321294,900.0
2033,172.0802411876158,0.0,0.0,180.0,422.1678407609918,900.0
2034,29.227284084000928,0.0,153.96036248743582,180.0,345.30924614481273,734.4512231317894
2035,0.0,0.0,204.15491836644213,180.0,273.02971836644207,514.9298055334646
2036,0.0,0.0,185.33849312106537,180.0,241.69489354768945,315.6411032527492
2037,0.0,0.0,209.84622602505675,180.0,200.3798260250568,90.0
2038,218.99200026664,0.0,0.0,180.0,188.60479984001597,90.0
2039,264.483383709521,81.70212765957454,0.0,180.0,93.99325604994642,166.80000000000007
2040,300.8097424361628,0.0,0.0,180.0,188.0141424361629,166.80000000000007
2041,284.2909221154381,0.0,0.0,180.0,247.24572211543807,166.80000000000007
2042,322.2159377641696,260.0,0.0,180.0,28.753537764169607,411.20000000000005
2043,377.99676203339646,260.0,0.0,180.0,68.78196246002057,655.6
2044,375.6702761986236,260.0,0.0,180.0,144.97587577199954,900.0
2045,384.39974977172494,0.0,0.0,180.0,473.0641501983489,900.0
2046,375.01600026663994,0.0,0.0,180.0,544.9903998400159,900.0
2047,360.7824156416631,0.0,0.0,180.0,608.899615215039,900.0
2048,356.6928626531686,0.0,0.0,180.0,651.7604622265446,900.0
2049,328.02463074151956,0.0,0.0,180.0,693.1262303148956,900.0
2050,323.28396620703563,0.0,0.0,180.0,699.9495657804116,900.0
2051,284.14003260474226,0.0,0.0,180.0,711.3344326047422,900.0
2052,273.1602770027798,0.0,0.0,180.0,685.2454774294038,900.0
2053,256.1569884319516,0.0,0.0,180.0,647.4140284319516,900.0
2054,233.29177906692655,0.0,0.0,180.0,601.0645794935506,900.0
2055,200.6674081742632,0.0,0.0,180.0,552.9478081742632,900.0
2056,194.1560312864695,0.0,0.0,180.0,481.7080308598455,900.0
2057,177.14891067685147,0.0,3.6962459609297733,180.0,416.0463566377813,896.0255419774949
2058,0.0,0.0,186.32543854261905,180.0,343.17343811599505,695.6756080607001
2059,0.0,0.0,174.13757762792352,180.0,292.85557762792354,508.4309009339007
2060,0.0,0.0,174.99289378772227,180.0,248.3092933610983,320.2664990116187
2061,0.0,0.0,214.14784408080538,180.0,197.71824450742935,90.0
2062,233.85600026664002,0.0,0.0,180.0,179.686399840016,90.0
2063,236.50397458210165,0.0,0.0,180.0,192.04237458210162,90.0
2064,296.5196703347923,81.70212765957454,0.0,180.0,108.76754310184175,166.80000000000007
2065,337.2493999247213,0.0,0.0,180.0,217.3241994980973,166.80000000000007
2066,315.48211400034046,260.0,0.0,180.0,32.54131357371648,411.20000000000005
2067,346.45886384114056,260.0,0.0,180.0,86.6008638411405,655.6
2068,358.5995343753219,260.0,0.0,180.0,154.74673480194588,900.0
2069,382.1617207842463,0.0,0.0,180.0,474.3717203576223,900.0
2070,358.06399999999996,0.0,0.0,180.0,555.1616,900.0
2071,363.14672393459205,0.0,0.0,180.0,607.436723934592,900.0
2072,321.9160302893737,0.0,0.0,180.0,673.9948307159976,900.0
2073,333.9756803674943,0.0,0.0,180.0,689.1956799408703,900.0
2074,302.9416303358289,0.0,0.0,180.0,713.7960299092049,900.0
2075,291.94781689334513,0.0,0.0,180.0,705.881416466721,900.0
2076,256.8040013557429,0.0,0.0,180.0,696.8956009291189,900.0
2077,243.7318516259769,0.0,0.0,180.0,656.3738511993529,900.0
2078,228.1016605931908,0.0,0.0,180.0,604.8229410198147,900.0
2079,214.84546565493235,0.0,0.0,180.0,542.7239456549323,900.0
2080,192.61608933272277,0.0,0.0,180.0,482.80488890609877,900.0
2081,0.0,0.0,167.15138894271342,180.0,425.6101889427134,720.2673237175125
2082,0.0,0.0,197.43718193288566,180.0,335.6099823595097,507.9692786283881
2083,0.0,0.0,166.9223154473243,180.0,297.6211154473243,328.48291793234046
2084,0.0,0.0,195.19218898184005,180.0,235.39498940846408,118.5988437583189
2085,192.62746159327415,0.0,26.596924695236584,180.0,194.57718671513476,90.0
2086,233.01599973336,0.0,0.0,180.0,180.19040015998405,90.0
2087,273.3304680278935,0.0,0.0,180.0,170.52646802789354,90.0
2088,279.7745512562258,81.70212765957454,0.0,180.0,118.35202402327532,166.80000000000007
2089,313.71048126054137,0.0,0.0,180.0,230.62368083391743,166.80000000000007
2090,330.6700818104571,260.0,0.0,180.0,23.99808181045705,411.20000000000005
2091,374.1772084589439,260.0,0.0,180.0,70.94000888556792,655.6
2092,369.43461145903586,260.0,0.0,180.0,148.54501188565985,900.0
2093,373.45198801067284,0.0,0.0,180.0,479.46038843729684,900.0
2094,392.30400026664006,0.0,0.0,180.0,534.617599840016,900.0
2095,368.74515329642134,0.0,0.0,180.0,603.9727537230453,900.0
2096,356.6850541327226,0.0,0.0,180.0,651.7654545593465,900.0
2097,330.9230691625273,0.0,0.0,180.0,691.2118691625274,900.0
2098,326.2846696803547,0.0,0.0,180.0,697.9070701069787,900.0
2099,286.9737457302896,0.0,0.0,180.0,709.3553457302895,900.0
2100,254.6660235117189,0.0,0.0,180.0,698.4184235117187,900.0
2101,235.41347213055928,0.0,0.0,180.0,662.3722725571834,900.0
2102,233.98963507684095,0.0,0.0,180.0,600.559235503465,900.0
2103,205.12222166089805,0.0,0.0,180.0,549.735421660898,900.0
2104,181.64587177387176,0.0,0.0,180.0,490.61867134724775,900.0
2105,0.0,0.0,179.27757043140406,180.0,417.1411708580281,707.2284188909634
2106,0.0,0.0,182.13663807340663,180.0,346.0246385000306,511.38257150020365
2107,0.0,0.0,165.65039422959052,180.0,298.4611942295905,333.2638680275257
2108,0.0,0.0,170.4564455915782,180.0,251.20964559157824,149.97736739142013
2109,159.84757370404463,0.0,55.778951674020725,180.0,196.80332580468934,90.0
2110,260.74399999999997,0.0,0.0,180.0,163.55359999999996,90.0
2111,260.43553965152586,81.70212765957454,0.0,180.0,96.35821199195131,166.80000000000007
2112,291.2038890026634,0.0,0.0,180.0,193.5122890026634,166.80000000000007
2113,312.0501614242563,0.0,0.0,180.0,231.5617609976323,166.80000000000007
2114,339.8205458605569,260.0,0.0,180.0,18.850945860556862,411.20000000000005
2115,349.8858297405011,260.0,0.0,180.0,84.66462931387707,655.6
2116,344.01980309458133,260.0,0.0,180.0,163.09180266795738,900.0
2117,366.6086275074748,0.0,0.0,180.0,483.45862708085076,900.0
2118,381.43199973336004,0.0,0.0,180.0,541.140800159984,900.0
2119,343.4652387309583,0.0,0.0,180.0,619.6144391575823,900.0
2120,343.1303664540336,0.0,0.0,180.0,660.4315664540335,900.0
2121,351.489649994264,0.0,0.0,180.0,677.6280499942641,900.0
2122,285.7294699371216,0.0,0.0,180.0,725.5118703637456,900.0
2123,298.71556767072207,0.0,0.0,180.0,701.1547676707221,900.0
2124,247.39988986762364,0.0,0.0,180.0,703.5938898676236,900.0
2125,241.89861029972155,0.0,0.0,180.0,657.6958098730976,900.0
2126,222.2151711570034,0.0,0.0,180.0,609.0855711570034,900.0
2127,212.1108495155089,0.0,0.0,180.0,544.6958899421329,900.0
2128,192.68486343939492,0.0,0.0,180.0,482.7559030127709,900.0
2129,0.0,0.0,160.19522651776327,180.0,430.46842609113924,727.7470682604696
2130,0.0,0.0,181.56543833249378,180.0,346.4134383324938,532.5154141395086
2131,0.0,0.0,181.1601242155744,180.0,288.2173246421984,337.7195816496437
2132,0.0,0.0,188.57100533563306,180.0,239.62820533563314,134.9550597833716
2133,184.2797925365319,0.0,41.8082055985356,180.0,190.33039813506758,90.0
2134,226.39200026664003,0.0,0.0,180.0,184.16479984001597,90.0
2135,257.3249212335349,0.0,0.0,180.0,179.87772080691087,90.0
2136,286.24629203585147,81.70212765957454,0.0,180.0,114.64776394965294,166.80000000000007
2137,304.05936102991865,0.0,0.0,180.0,236.07656060329464,166.80000000000007
2138,324.91929750593147,260.0,0.0,180.0,27.23289793255549,411.20000000000005
2139,342.05042834514495,260.0,0.0,180.0,89.09162834514495,655.6
2140,369.65440695379664,260.0,0.0,180.0,148.4192065271726,900.0
2141,389.08587684648444,0.0,0.0,180.0,470.32627684648446,900.0
2142,373.64799973336005,0.0,0.0,180.0,545.811200159984,900.0
2143,366.1515307956731,0.0,0.0,180.0,605.577530795673,900.0
2144,346.5971184384142,0.0,0.0,180.0,658.2151184384142,900.0
2145,349.8939672556263,0.0,0.0,180.0,678.6819668290022,900.0
2146,329.9860459107615,0.0,0.0,180.0,695.3876459107615,900.0
2147,294.864430949566,0.0,0.0,180.0,703.844430949566,900.0
2148,256.4391995843109,0.0,0.0,180.0,697.1554391576869,900.0
2149,240.75999241675356,0.0,0.0,180.0,658.5168724167536,900.0
2150,231.70304329179737,0.0,0.0,180.0,602.2150432917973,900.0
2151,210.93802157166363,0.0,0.0,180.0,545.5416215716635,900.0
2152,181.84023337968455,0.0,0.0,180.0,490.4802329530605,900.0
2153,173.06751862935522,0.0,0.0,180.0,421.4783186293553,900.0
2154,15.785925440732285,0.0,158.49861695862967,180.0,351.3693423993619,729.5713796143767
2155,0.0,0.0,188.4987242112266,180.0,283.3703246378506,526.8845793872514
2156,0.0,0.0,195.88710123226213,180.0,234.9507012322622,316.25328773965776
2157,0.0,0.0,210.41555759788173,180.0,200.02755802450577,90.0
2158,207.28799973335998,0.0,0.0,180.0,195.627200159984,90.0
2159,253.2447590593083,0.0,0.0,180.0,182.26155863268428,90.0
2160,295.32300920380806,0.0,0.0,180.0,191.15460920380815,90.0
2161,317.4482453484421,81.70212765957454,0.0,180.0,146.80971768886752,166.80000000000007
2162,325.5255057822899,260.0,0.0,180.0,26.891905782289882,411.20000000000005
2163,383.27216258055273,260.0,0.0,180.0,65.80136300717675,655.6
2164,357.13423469457916,260.0,0.0,180.0,155.5854351212031,900.0
2165,394.07094622402633,0.0,0.0,180.0,467.4137462240262,900.0
2166,358.72799999999995,0.0,0.0,180.0,554.7632,900.0
2167,383.7296511965501,0.0,0.0,180.0,594.7012507699261,900.0
2168,344.4421104481236,0.0,0.0,180.0,659.5929104481235,900.0
2169,340.3121606687266,0.0,0.0,180.0,685.0105602421025,900.0
2170,293.49017414182754,0.0,0.0,180.0,720.2293741418275,900.0
2171,282.70056637754226,0.0,0.0,180.0,712.3397668041663,900.0
2172,252.50561982760019,0.0,0.0,180.0,699.9572194009761,900.0
2173,245.35611063024555,0.0,0.0,180.0,655.2025906302455,900.0
2174,225.8997021619075,0.0,0.0,180.0,606.4174625885315,900.0
2175,206.41924916017888,0.0,0.0,180.0,548.8001291601788,900.0
2176,175.65056353003132,0.0,0.0,180.0,494.88896353003133,900.0
2177,157.7239332680735,0.0,23.678922219149122,180.0,415.65685548722263,874.5387933127429
2178,0.0,0.0,159.18963053799445,180.0,361.64403053799447,703.367147572964
2179,0.0,0.0,179.53360729341938,180.0,289.2916068667954,510.3202580101474
2180,0.0,0.0,192.25638102332078,180.0,237.27198144994486,303.5929665872219
2181,0.0,0.0,198.64145892611634,180.0,207.31265935274035,90.0
2182,226.88800026664,0.0,0.0,180.0,183.86719984001604,90.0
2183,263.0129096902785,81.70212765957454,0.0,180.0,94.85238160407995,166.80000000000007
2184,290.0235084365443,0.0,0.0,180.0,194.18790886316833,166.80000000000007
2185,297.59801727946467,0.0,0.0,180.0,239.72721770608865,166.80000000000007
2186,334.0124178287567,260.0,0.0,180.0,22.118017828756706,411.20000000000005
2187,365.5648103563773,260.0,0.0,180.0,75.80601078300128,655.6
2188,377.1111542180206,260.0,0.0,180.0,144.1511537913966,900.0
2189,354.4812545160805,0.0,0.0,180.0,490.5440540894565,900.0
2190,392.7840002666401,0.0,0.0,180.0,534.329599840016,900.0
2191,361.35174694086675,0.0,0.0,180.0,608.5473473674907,900.0
2192,363.524862101906,0.0,0.0,180.0,647.3924625285299,900.0
2193,343.11038711416745,0.0,0.0,180.0,683.1623871141674,900.0
2194,334.9897578790816,0.0,0.0,180.0,691.9817578790816,900.0
2195,292.0307180752094,0.0,0.0,180.0,705.8235176485854,900.0
2196,265.1540741912305,0.0,0.0,180.0,690.9480746178543,900.0
2197,247.312807311121,0.0,0.0,180.0,653.791607737745,900.0
2198,227.52036163237415,0.0,0.0,180.0,605.2438816323742,900.0
2199,215.61892242055842,0.0,0.0,180.0,542.1662024205584,900.0
2200,182.46069542900966,0.0,0.0,180.0,490.03829500238567,900.0
2201,177.79769578273195,0.0,5.941465695393886,180.0,414.0251614781258,893.6113272092539
2202,0.0,0.0,160.6214387786859,180.0,360.6694383520619,720.9001027160433
2203,0.0,0.0,159.39870872909262,180.0,302.5903087290926,549.503641717019
2204,0.0,0.0,210.0117730326911,180.0,225.92017303269114,323.6845309291792
2205,0.0,0.0,217.32661376413665,180.0,195.75141376413671,90.0
2206,258.096,0.0,0.0,180.0,165.1424,90.0
2207,245.60152457055898,0.0,0.0,180.0,186.72712414393504,90.0
2208,287.9965108223254,81.70212765957454,0.0,180.0,113.64598316275091,166.80000000000007
2209,311.81297233100906,0.0,0.0,180.0,231.69577275763305,166.80000000000007
2210,330.64550581032245,260.0,0.0,180.0,24.011905810322446,411.20000000000005
2211,353.533626087837,260.0,0.0,180.0,82.60362566121296,655.6
2212,366.60983983936467,260.0,0.0,180.0,150.16183941274062,900.0
2213,374.69623601139597,0.0,0.0,180.0,478.7334355847719,900.0
2214,367.0080002666401,0.0,0.0,180.0,549.795199840016,900.0
2215,369.4014663739732,0.0,0.0,180.0,603.5666668005972,900.0
2216,343.73158219108416,0.0,0.0,180.0,660.0471826177081,900.0
2217,337.63727126858373,0.0,0.0,180.0,686.7772716952077,900.0
2218,302.43135833905956,0.0,0.0,180.0,714.1433579124356,900.0
2219,303.85544119750637,0.0,0.0,180.0,697.5650407708823,900.0
2220,250.71151275498414,0.0,0.0,180.0,701.2351123283601,900.0
2221,247.17150320160795,0.0,0.0,180.0,653.893502774984,900.0
2222,221.576706900491,0.0,0.0,180.0,609.5479073271149,900.0
2223,210.18018243515758,0.0,0.0,180.0,546.0881028617816,900.0
2224,184.72575568136523,0.0,0.0,180.0,488.42495525474123,900.0
2225,184.01801115403708,0.0,0.0,180.0,413.8304107274131,900.0
2226,10.286180171877305,0.0,166.12322620796985,180.0,349.92300637984715,721.3728750451937
2227,0.0,0.0,199.32161773905352,180.0,276.2220177390535,507.04855489567376
2228,0.0,0.0,184.0501731392684,180.0,242.51857356589244,309.1451429179658
2229,0.0,0.0,203.80498291370822,180.0,204.11778248708418,90.0
2230,216.48000000000002,0.0,0.0,180.0,190.11199999999997,90.0
2231,265.13782529391807,0.0,0.0,180.0,175.3130257205421,90.0
2232,283.61689290095023,0.0,0.0,180.0,197.8548929009503,90.0
2233,319.58294200820535,81.70212765957454,0.0,180.0,145.6036147752548,166.80000000000007
2234,338.35417757948903,260.0,0.0,180.0,19.675778006112978,411.20000000000005
2235,360.0031477640266,260.0,0.0,180.0,78.94834819065056,655.6
2236,377.7135551978814,260.0,0.0,180.0,143.80635477125747,900.0
2237,377.18473066638865,0.0,0.0,180.0,477.2795306663886,900.0
2238,383.84000000000003,0.0,0.0,180.0,539.696,900.0
2239,359.3590858123347,0.0,0.0,180.0,609.7802858123347,900.0
2240,335.19743822953455,0.0,0.0,180.0,665.5034386561584,900.0
2241,348.95351589414213,0.0,0.0,180.0,679.303116320766,900.0
2242,298.790910108267,0.0,0.0,180.0,716.621310108267,900.0
2243,286.107051305062,0.0,0.0,180.0,709.9606517316859,900.0
2244,280.1572950842957,0.0,0.0,180.0,680.2616946576717,900.0
2245,257.30081177830505,0.0,0.0,180.0,646.589212204929,900.0
2246,227.76089923579138,0.0,0.0,180.0,605.0696992357914,900.0
2247,204.6730220179703,0.0,0.0,180.0,550.0593415913462,900.0
2248,193.1550685182208,0.0,0.0,180.0,482.4209889448448,900.0
2249,0.0,0.0,170.25641522052365,180.0,423.4416147938997,716.9285857843831
2250,0.0,0.0,176.76735837655968,180.0,349.67935837655966,526.856157422491
2251,0.0,0.0,193.5555746283987,180.0,280.03037505502266,318.73188362851397
2252,0.0,0.0,207.6927970654565,180.0,227.40279706545653,95.40629538608766
2253,226.753462053341,0.0,5.027854709061527,180.0,186.80771633577854,90.0
2254,241.44800026664,0.0,0.0,180.0,175.131199840016,90.0
2255,244.3491972972978,0.0,0.0,180.0,187.4587972972978,90.0
2256,284.8542573433697,81.70212765957454,0.0,180.0,115.44452925717123,166.80000000000007
2257,311.3958479156786,0.0,0.0,180.0,231.93144791567863,166.80000000000007
2258,349.9540501890784,260.0,0.0,180.0,13.150849762454357,411.20000000000005
2259,358.9889625050836,260.0,0.0,180.0,79.52136250508352,655.6
2260,349.8240176697542,260.0,0.0,180.0,159.7696176697542,900.0
2261,370.64839172565723,0.0,0.0,180.0,481.09839172565717,900.0
2262,379.64,0.0,0.0,180.0,542.216,900.0
2263,345.68721485796925,0.0,0.0,180.0,618.2396144313452,900.0
2264,365.7579506123261,0.0,0.0,180.0,645.9647501857021,900.0
2265,338.63168266767605,0.0,0.0,180.0,686.120482667676,900.0
2266,321.8445422161491,0.0,0.0,180.0,700.9293417895251,900.0
2267,272.4283562974334,0.0,0.0,180.0,719.5139567240574,900.0
2268,237.988303182525,0.0,0.0,180.0,710.2975031825249,900.0
2269,258.76145517171904,0.0,0.0,180.0,645.535935598343,900.0
2270,233.7223715679279,0.0,0.0,180.0,600.7527711413038,900.0
2271,215.197983697913,0.0,0.0,180.0,542.469743271289,900.0
2272,177.517182490471,0.0,0.0,180.0,493.559422490471,900.0
2273,0.0,0.0,175.48672605177143,180.0,419.78872562514744,711.3045956432566
2274,0.0,0.0,159.4942707890379,180.0,361.4366703624139,539.8053797410653
2275,0.0,0.0,187.35784967891465,180.0,284.1238496789146,338.3453263228775
2276,0.0,0.0,195.73094123446856,180.0,235.0505412344686,127.88194865140593
2277,176.51378683072966,0.0,35.23021224580752,180.0,199.2055986499132,90.0
2278,248.11200026664,81.70212765957454,0.0,180.0,89.43067218044145,166.80000000000007
2279,248.67982514160917,0.0,0.0,180.0,184.92862471498523,166.80000000000007
2280,255.67037212379728,0.0,0.0,180.0,213.8507716971733,166.80000000000007
2281,295.4633206197014,0.0,0.0,180.0,240.93332061970136,166.80000000000007
2282,335.45421010969005,260.0,0.0,180.0,21.3070096830661,411.20000000000005
2283,364.80417175292405,260.0,0.0,180.0,76.2357713263001,655.6
2284,374.082867668503,260.0,0.0,180.0,145.88446809512698,900.0
2285,367.31962551868867,0.0,0.0,180.0,483.04322594531266,900.0
2286,375.38400026664,0.0,0.0,180.0,544.769599840016,900.0
2287,389.37552514079175,0.0,0.0,180.0,591.2079247141678,900.0
2288,365.4612463534222,0.0,0.0,180.0,646.1544463534221,900.0
2289,322.8829850197292,0.0,0.0,180.0,696.5221854463532,900.0
2290,310.5271660339614,0.0,0.0,180.0,708.6327660339614,900.0
2291,290.4857410017188,0.0,0.0,180.0,706.9025414283427,900.0
2292,259.96611507122884,0.0,0.0,180.0,694.6433146446047,900.0
2293,249.8146425328341,0.0,0.0,180.0,651.9875229594581,900.0
2294,233.3170206672852,0.0,0.0,180.0,601.0463010939092,900.0
2295,211.82749685213366,0.0,0.0,180.0,544.9002168521336,900.0
2296,199.0606714055324,0.0,0.0,180.0,478.21459140553236,900.0
2297,0.0,0.0,187.14564634228134,180.0,411.64604634228135,698.7681222126007
2298,0.0,0.0,169.07519844720485,180.0,354.91519844720483,516.9668335596923
2299,0.0,0.0,171.54748376873903,180.0,294.56628334211507,332.5071735933063
2300,0.0,0.0,182.69158115846432,180.0,243.38718158508834,136.0646132078608
2301,165.38512174894493,0.0,42.84009028331054,180.0,201.38281160563145,90.0
2302,225.68800000000005,81.70212765957454,0.0,180.0,102.88507234042545,166.80000000000007
2303,254.13350671709304,0.0,0.0,180.0,181.74230714371708,166.80000000000007
2304,283.42965989320993,0.0,0.0,180.0,197.962060319834,166.80000000000007
2305,310.1199371055285,0.0,0.0,180.0,232.6523371055285,166.80000000000007
2306,331.53024181516656,260.0,0.0,180.0,23.514241815166486,411.20000000000005
2307,335.1637814293224,260.0,0.0,180.0,92.98258142932241,655.6
2308,364.20023591992106,260.0,0.0,180.0,151.54103549329704,900.0
2309,373.1772840255247,0.0,0.0,180.0,479.62088445214863,900.0
2310,356.1839997333601,0.0,0.0,180.0,556.289600159984,900.0
2311,365.74825408537004,0.0,0.0,180.0,605.82705408537,900.0
2312,339.7729267294011,0.0,0.0,180.0,662.578126302777,900.0
2313,342.9947579115902,0.0,0.0,180.0,683.2387579115903,900.0
2314,326.3532136799208,0.0,0.0,180.0,697.8604141065448,900.0
2315,295.2487909745739,0.0,0.0,180.0,703.5759909745739,900.0
2316,277.3016744112251,0.0,0.0,180.0,682.295674411225,900.0
2317,241.91348446869722,0.0,0.0,180.0,657.6850840420732,900.0
2318,225.9531552101089,0.0,0.0,180.0,606.3787552101089,900.0
2319,202.43594706508236,0.0,0.0,180.0,551.6725066384583,900.0
2320,189.98099398637203,0.0,0.0,180.0,484.68179441299606,900.0
2321,169.07318903200473,0.0,0.0,180.0,424.2679890320047,900.0
2322,23.909227061318717,0.0,156.4985792818069,180.0,347.20140634312565,731.721957761498
2323,0.0,0.0,178.30022888596153,180.0,290.1062288859615,540.0012815400339
2324,0.0,0.0,192.98252553354223,180.0,236.80772510691827,332.4931895684831
2325,0.0,0.0,225.5186662986893,180.0,190.68266629868936,90.0
2326,228.264,0.0,0.0,180.0,183.04160000000002,90.0
2327,239.88121799758392,0.0,0.0,180.0,190.06921757095995,90.0
2328,276.43692448709726,0.0,0.0,180.0,201.96452448709732,90.0
2329,320.25361362028565,81.70212765957454,0.0,180.0,145.22468553408714,166.80000000000007
2330,334.9299218337802,260.0,0.0,180.0,21.601921833780125,411.20000000000005
2331,346.30346417257454,260.0,0.0,180.0,86.68866459919855,655.6
2332,369.1415515228874,260.0,0.0,180.0,148.71275194951136,900.0
2333,380.1660768581439,0.0,0.0,180.0,475.53767685814387,900.0
2334,366.03199973336007,0.0,0.0,180.0,550.380800159984,900.0
2335,362.01596740489526,0.0,0.0,180.0,608.1363678315192,900.0
2336,333.79980675631293,0.0,0.0,180.0,666.3970063296888,900.0
2337,340.2967434417162,0.0,0.0,180.0,685.0207430150922,900.0
2338,326.033341681946,0.0,0.0,180.0,698.07814210857,900.0
2339,282.1956230664679,0.0,0.0,180.0,712.6924230664678,900.0
2340,271.65023713248456,0.0,0.0,180.0,686.3210371324844,900.0
2341,246.46721105273036,0.0,0.0,180.0,654.4013710527304,900.0
2342,237.0713375206227,0.0,0.0,180.0,598.3276579472466,900.0
2343,204.38148806612548,0.0,0.0,180.0,550.2695680661254,900.0
2344,187.70322597348814,0.0,0.0,180.0,486.3041855468641,900.0
2345,173.21372781902986,0.0,14.7157115008449,180.0,411.0986393198748,884.1766543001668
2346,0.0,0.0,164.6274544880531,180.0,357.9426544880531,707.157886033443
2347,0.0,0.0,164.83328146179258,180.0,299.00088103516856,529.9177984401176
2348,0.0,0.0,195.42642897853045,180.0,235.24522940515448,319.78185330191286
2349,0.0,0.0,213.697123570779,180.0,197.997123144155,90.0
2350,231.64800000000002,0.0,0.0,180.0,181.01120000000003,90.0
2351,259.07817903909364,81.70212765957454,0.0,180.0,97.15125095289513,166.80000000000007
2352,278.94421531564046,0.0,0.0,180.0,200.5294148890165,166.80000000000007
2353,298.14600488719645,0.0,0.0,180.0,239.4176048871965,166.80000000000007
2354,334.9872658340941,260.0,0.0,180.0,21.56966583409411,411.20000000000005
2355,353.2637218737964,260.0,0.0,180.0,82.7561214471724,655.6
2356,358.46114550367884,260.0,0.0,180.0,154.82594507705483,900.0
2357,379.10765883171666,0.0,0.0,180.0,476.1560584050926,900.0
2358,379.8160002666401,0.0,0.0,180.0,542.110399840016,900.0
2359,359.793992332097,0.0,0.0,180.0,609.511191905473,900.0
2360,372.9959665797154,0.0,0.0,180.0,641.3371661530913,900.0
2361,333.71358699446307,0.0,0.0,180.0,689.3687874210871,900.0
2362,297.65612586161046,0.0,0.0,180.0,717.3937262882343,900.0
2363,284.75048651091697,0.0,0.0,180.0,710.9080869375409,900.0
2364,266.37257191138224,0.0,0.0,180.0,690.0801723380062,900.0
2365,246.71189138025875,0.0,0.0,180.0,654.2249309536347,900.0
2366,238.11144018284108,0.0,0.0,180.0,597.5744801828412,900.0
2367,212.42469496808633,0.0,0.0,180.0,544.4695745414623,900.0
2368,199.53012968719042,0.0,0.0,180.0,477.8802092605664,900.0
2369,187.07028163289743,0.0,0.0,180.0,411.69868163289743,900.0
2370,11.671961962558385,0.0,159.42909246604086,180.0,353.53625442859925,728.5708683160851
2371,0.0,0.0,198.897644256737,180.0,276.502043830113,514.7024336314217
2372,0.0,0.0,185.79916511455644,180.0,241.40036554118046,314.918385121146
2373,0.0,0.0,209.1740981626658,180.0,200.79569816266587,90.0
2374,219.224,81.70212765957454,0.0,180.0,106.76347234042545,166.80000000000007
2375,253.55178116350754,0.0,0.0,180.0,182.08218073688352,166.80000000000007
2376,293.5158065410336,0.0,0.0,180.0,192.18900611440972,166.80000000000007
2377,307.3963585333882,0.0,0.0,180.0,234.1911581067642,166.80000000000007
2378,335.6262415645532,260.0,0.0,180.0,21.210241991177213,411.20000000000005
2379,372.0506906815307,260.0,0.0,180.0,72.14149068153074,655.6
2380,377.5507441222434,260.0,0.0,180.0,143.8995436956194,900.0
2381,382.74344660115173,0.0,0.0,180.0,474.03184660115164,900.0
2382,355.03200000000004,0.0,0.0,180.0,556.9808,900.0
2383,366.1515307956731,0.0,0.0,180.0,605.577530795673,900.0
2384,355.9042546567217,0.0,0.0,180.0,652.2646542300977,900.0
2385,328.8725782270859,0.0,0.0,180.0,692.5661778004619,900.0
2386,304.20588607398327,0.0,0.0,180.0,712.9354860739833,900.0
2387,264.8692758056145,0.0,0.0,180.0,724.7932762322384,900.0
2388,255.70511052460893,0.0,0.0,180.0,697.678310524609,900.0
2389,248.20600115811203,0.0,0.0,180.0,653.1475215847361,900.0
2390,240.16788845949907,0.0,0.0,180.0,596.085328032875,900.0
2391,205.02479610464445,0.0,0.0,180.0,549.8056756780204,900.0
2392,195.22128239525057,0.0,0.0,180.0,480.94928196862656,900.0
2393,189.49702502387072,0.0,0.0,180.0,410.0038254504948,900.0
2394,23.3477339351183,0.0,167.15888856910055,180.0,340.32742207759486,720.2592596031177
2395,0.0,0.0,184.85255005372295,180.0,285.77855048034695,521.4930767496521
2396,0.0,0.0,199.05714892723108,180.0,232.9239493538551,307.453131666608
2397,0.0,0.0,202.23141244994542,180.0,205.09141287656945,90.0
2398,232.41600026663997,180.55039984001598,0.0,180.0,0.0,259.717375849615
2399,252.44488568257873,182.7288852559547,0.0,180.0,0.0,431.4825279902124
2400,0.0,0.0,0.0,90.60792000000004,0.0,431.4825279902124
2401,0.0,0.0,0.0,157.45847999999995,0.0,431.4825279902124
2402,0.0,41.22005247999999,0.0,180.0,0.0,470.2293773214124
2403,0.0,119.08685376000005,0.0,180.0,0.0,582.1710198558125
2404,0.0,160.91818624,0.0,180.0,0.0,733.4341149214124
2405,0.0,0.0,0.0,180.0,237.15549376,733.4341149214124
2406,0.0,0.0,0.0,180.0,288.25919999999996,733.4341149214124
