Hour,G,Pc,Pd,S,Q,SOC
0,439.25112289644613,6.989247311827957,0.0,0.0,473.30287513466317,164.0
1,471.17268235642825,100.0,0.0,0.0,423.61918235642827,257.0
2,479.00159995603747,100.0,0.0,0.0,484.6815999560374,350.0
3,479.00160000000005,0.0,0.0,0.0,657.0316,350.0
4,479.0015996040396,0.0,0.0,0.0,734.6816000539945,350.0
5,479.00160000000005,0.0,0.0,0.0,812.3316,350.0
6,479.0016003959605,0.0,0.0,0.0,884.6815999460055,350.0
7,479.0016003959604,0.0,0.0,0.0,946.8115999460053,350.0
8,479.00160000000005,0.0,0.0,0.0,994.4916,350.0
9,474.77519920531904,0.0,0.0,0.0,1020.235199655274,350.0
10,459.93001856590865,0.0,0.0,0.0,1028.2190181159535,350.0
11,434.6332886761188,0.0,0.0,0.0,1018.3117886761188,350.0
12,398.38204064324293,0.0,0.0,0.0,991.7130410931978,350.0
13,377.5702197158653,0.0,0.0,0.0,946.0335197158652,350.0
14,359.6242044760112,0.0,0.0,0.0,886.5369049259662,350.0
15,322.5940153365231,0.0,0.0,0.0,821.1775153365231,350.0
16,285.2800010011403,0.0,0.0,0.0,751.2360014510953,350.0
17,272.1602702016274,0.0,0.0,0.0,677.5977706515824,350.0
18,259.01862630995447,0.0,0.0,0.0,609.5751267599095,350.0
19,247.31157203953182,0.0,89.80000000000003,0.0,538.4900724894868,252.39130434782606
20,191.17880096004393,0.0,100.0,0.0,500.483801409999,143.69565217391303
21,230.98867848501482,0.0,100.0,0.0,465.0851784850148,35.0
22,341.44307588832305,0.0,0.0,0.0,453.439576338278,35.0
23,359.8570825452611,38.70967741935484,0.0,0.0,422.43890557586127,71.0
24,420.77772279128425,100.0,0.0,0.0,382.81122234132926,164.0
25,436.1979617855524,100.0,0.0,0.0,428.3884622355074,257.0
26,479.0016003519979,100.0,0.0,0.0,484.6815999020429,350.0
27,479.00160000000005,0.0,0.0,0.0,657.0316,350.0
28,479.00160000000005,0.0,0.0,0.0,734.6816,350.0
29,479.0015996040397,0.0,0.0,0.0,812.3316000539946,350.0
30,479.0016003959605,0.0,0.0,0.0,884.6815999460055,350.0
31,479.0015996040396,0.0,0.0,0.0,946.8116000539947,350.0
32,479.0016003959605,0.0,0.0,0.0,994.4915999460054,350.0
33,474.7751995977858,0.0,0.0,0.0,1020.2351995977857,350.0
34,463.3048153107957,0.0,0.0,0.0,1027.6923157607507,350.0
35,443.502409760265,0.0,0.0,0.0,1016.85340931031,350.0
36,396.43359613159225,0.0,0.0,0.0,992.0460961315922,350.0
37,373.6847079515901,0.0,0.0,0.0,946.7137075016351,350.0
38,359.05733985869597,0.0,0.0,0.0,886.636939858696,350.0
39,341.37131044739147,0.0,0.0,0.0,817.8904099974364,350.0
40,320.4327137486393,0.0,0.0,0.0,745.2272141985943,350.0
41,282.45540708871516,0.0,0.0,0.0,675.9049066387602,350.0
42,250.84437711364978,0.0,0.0,0.0,610.8508766636947,350.0
43,169.536521402855,0.0,89.80000000000003,0.0,549.882521402855,252.39130434782606
44,204.78140141935097,0.0,100.0,0.0,498.628901419351,143.69565217391303
45,188.50579907542578,0.0,100.0,0.0,470.8782986254708,35.0
46,366.8900356113993,0.0,0.0,0.0,449.96953606135423,35.0
47,389.6164831844542,38.70967741935484,0.0,0.0,418.3808057650993,71.0
48,415.39608276064865,100.0,0.0,0.0,383.5450823106937,164.0
49,466.75332273028664,100.0,0.0,0.0,424.2218222803316,257.0
50,479.00159995603747,100.0,0.0,0.0,484.6815999560374,350.0
51,479.00160000000005,0.0,0.0,0.0,657.0316,350.0
52,479.0016003959605,0.0,0.0,0.0,734.6815999460055,350.0
53,479.00160000000005,0.0,0.0,0.0,812.3316,350.0
54,479.0015996040396,0.0,0.0,0.0,884.6816000539945,350.0
55,479.0016003959604,0.0,0.0,0.0,946.8115999460053,350.0
56,479.00160000000005,0.0,0.0,0.0,994.4916,350.0
57,474.7751995977858,0.0,0.0,0.0,1020.2351995977857,350.0
58,470.83680325202965,0.0,0.0,0.0,1026.5168032520296,350.0
59,418.8775569995066,0.0,0.0,0.0,1020.9025565495515,350.0
60,400.7570681495133,0.0,0.0,0.0,991.3070685994683,350.0
61,395.9270246782992,0.0,0.0,0.0,942.8200242283442,350.0
62,377.48274735144486,0.0,0.0,0.0,883.3853973514448,350.0
63,352.9324898922842,0.0,0.0,0.0,815.8665394423291,350.0
64,280.7282496659246,0.0,0.0,0.0,752.0140496659245,350.0
65,184.0437332685048,0.0,100.0,0.0,675.6437328185498,241.30434782608697
66,165.67480128937495,0.0,100.0,0.0,608.5363017393299,132.60869565217394
67,139.45094148166476,0.0,89.80000000000003,0.0,554.2894414816648,35.0
68,300.49272179533915,0.0,0.0,0.0,499.2137213453842,35.0
69,298.6037986332453,0.0,0.0,0.0,469.5012986332453,35.0
70,316.7564361569726,0.0,0.0,0.0,456.8059366069276,35.0
71,413.6734837770397,38.70967741935484,0.0,0.0,415.1003059077299,71.0
72,403.92000269531985,100.0,0.0,0.0,385.11000224536485,164.0
73,467.71560233913874,100.0,0.0,0.0,424.09060233913874,257.0
74,479.0016003519979,100.0,0.0,0.0,484.6815999020429,350.0
75,479.00160000000005,0.0,0.0,0.0,657.0316,350.0
76,479.00160000000005,0.0,0.0,0.0,734.6816,350.0
77,479.00160000000005,0.0,0.0,0.0,812.3316,350.0
78,479.0016003959605,0.0,0.0,0.0,884.6815999460055,350.0
79,479.0015996040397,0.0,0.0,0.0,946.8116000539947,350.0
80,479.0016003959605,0.0,0.0,0.0,994.4915999460054,350.0
81,474.77519920531904,0.0,0.0,0.0,1020.235199655274,350.0
82,470.83680325202965,0.0,0.0,0.0,1026.5168032520296,350.0
83,452.8932430537999,0.0,0.0,0.0,1015.3092430537998,350.0
84,426.3750832899641,0.0,0.0,0.0,986.928083739919,350.0
85,391.3085270935178,0.0,0.0,0.0,943.6285266435627,350.0
86,348.70229986277116,0.0,0.0,0.0,888.4642998627711,350.0
87,321.5485345360807,0.0,0.0,0.0,821.3605345360806,350.0
88,284.6920087577417,0.0,0.0,0.0,751.3365092076966,350.0
89,160.5202747371677,0.0,100.0,0.0,679.5117742872127,241.30434782608697
90,166.09519128807517,0.0,100.0,0.0,608.4706917380302,132.60869565217394
91,173.5165319766768,0.0,89.80000000000003,0.0,549.2995315267218,35.0
92,298.58004139047154,0.0,0.0,0.0,499.4745413904716,35.0
93,324.2527185158463,0.0,0.0,0.0,466.00371851584634,35.0
94,345.6485962385173,0.0,0.0,0.0,452.8660962385173,35.0
95,398.43144365246184,38.70967741935484,0.0,0.0,417.178765783152,71.0
96,409.75308272852527,100.0,0.0,0.0,384.3145822785703,164.0
97,478.47888199700765,100.0,0.0,0.0,422.62288244696265,257.0
98,453.7328395623962,100.0,0.0,0.0,488.12734001235117,350.0
99,479.00160000000005,0.0,0.0,0.0,657.0316,350.0
100,479.0015996040396,0.0,0.0,0.0,734.6816000539945,350.0
101,479.0015996040396,0.0,0.0,0.0,812.3316000539946,350.0
102,479.0016003959605,0.0,0.0,0.0,884.6815999460055,350.0
103,479.0015996040397,0.0,0.0,0.0,946.8116000539947,350.0
104,479.00160000000005,0.0,0.0,0.0,994.4916,350.0
105,474.77519920531904,0.0,0.0,0.0,1020.235199655274,350.0
106,470.8368028628187,0.0,0.0,0.0,1026.5168033127736,350.0
107,455.6873063005463,0.0,0.0,0.0,1014.8498058505912,350.0
108,403.84691014388295,0.0,0.0,0.0,990.7789101438829,350.0
109,386.54067510922835,0.0,0.0,0.0,944.4631746592734,350.0
110,336.8256748674452,0.0,0.0,0.0,890.5601748674451,350.0
111,321.96442871333494,0.0,0.0,0.0,821.2877291632899,350.0
112,272.424877232632,0.0,0.0,0.0,753.433376782677,350.0
113,166.20114862197863,0.0,100.0,0.0,678.5776490719337,241.30434782608697
114,173.8957612639573,0.0,100.0,0.0,607.2532617139123,132.60869565217394
115,209.45437499691963,0.0,89.80000000000003,0.0,544.0353749969196,35.0
116,257.91480159705606,0.0,0.0,0.0,505.01980114710113,35.0
117,294.2675986530927,0.0,0.0,0.0,470.09259865309275,35.0
118,367.4721560010248,0.0,0.0,0.0,449.8901560010248,35.0
119,413.48340298356527,38.70967741935484,0.0,0.0,415.12622601416547,71.0
120,409.87188233324116,100.0,0.0,0.0,384.2983823332412,164.0
121,469.687682744962,100.0,0.0,0.0,423.8216822950069,257.0
122,479.001599560077,100.0,0.0,0.0,484.68160001003207,350.0
123,479.0015996040397,0.0,0.0,0.0,657.0316000539947,350.0
124,479.0016003959605,0.0,0.0,0.0,734.6815999460055,350.0
125,479.00160000000005,0.0,0.0,0.0,812.3316,350.0
126,479.0016003959605,0.0,0.0,0.0,884.6815999460055,350.0
127,479.0015996040397,0.0,0.0,0.0,946.8116000539947,350.0
128,479.00160000000005,0.0,0.0,0.0,994.4916,350.0
129,474.7751995977858,0.0,0.0,0.0,1020.2351995977857,350.0
130,469.295373241383,0.0,0.0,0.0,1026.757373241383,350.0
131,465.10132722415074,0.0,0.0,0.0,1013.3018267741957,350.0
132,417.38226069340635,0.0,0.0,0.0,988.4652611433612,350.0
133,399.2254591474307,0.0,0.0,0.0,942.2426086974756,350.0
134,356.8816794770904,0.0,0.0,0.0,887.0208799270454,350.0
135,326.5921177382151,0.0,0.0,0.0,820.477617738215,350.0
136,261.35678717658783,0.0,0.0,0.0,755.3252876265428,350.0
137,263.99836126225443,0.0,0.0,0.0,678.9398608122995,350.0
138,266.7140987861615,0.0,0.0,0.0,608.3740992361165,350.0
139,176.26014767770715,0.0,89.80000000000003,0.0,548.8976481276621,252.39130434782606
140,170.46008086355795,0.0,100.0,0.0,503.309081313513,143.69565217391303
141,224.32399891148037,0.0,100.0,0.0,465.99399846152545,35.0
142,357.3503965071341,0.0,0.0,0.0,451.27039605717914,35.0
143,389.5452027879111,38.70967741935484,0.0,0.0,418.39052581851126,71.0
144,413.41212235339435,100.0,0.0,0.0,383.81562235339436,164.0
145,428.535362539151,100.0,0.0,0.0,429.43336208919595,257.0
146,479.00159995603747,100.0,0.0,0.0,484.6815999560374,350.0
147,479.0016003959604,0.0,0.0,0.0,657.0315999460054,350.0
148,479.00160000000005,0.0,0.0,0.0,734.6816,350.0
149,479.00160000000005,0.0,0.0,0.0,812.3316,350.0
150,479.0015996040396,0.0,0.0,0.0,884.6816000539947,350.0
151,479.0016003959604,0.0,0.0,0.0,946.8115999460053,350.0
152,479.00160000000005,0.0,0.0,0.0,994.4916,350.0
153,474.77519920531904,0.0,0.0,0.0,1020.235199655274,350.0
154,470.83680364124075,0.0,0.0,0.0,1026.5168031912858,350.0
155,435.1781889019926,0.0,0.0,0.0,1018.2221889019925,350.0
156,368.7749024015775,0.0,0.0,0.0,996.7739019516225,350.0
157,388.3145450575398,0.0,0.0,0.0,944.1526455074948,350.0
158,369.97809773686004,0.0,0.0,0.0,884.709747286905,350.0
159,334.11728174139984,0.0,0.0,0.0,819.1602817413998,350.0
160,331.0742204281873,0.0,0.0,0.0,743.4082208781423,350.0
161,272.12548972279194,0.0,0.0,0.0,677.603489722792,350.0
162,298.6520615766268,0.0,0.0,0.0,603.3895615766268,350.0
163,159.30389128376822,0.0,89.80000000000003,0.0,551.3813917337233,252.39130434782606
164,177.4098816878436,0.0,100.0,0.0,502.3613812378887,143.69565217391303
165,163.91419879202482,0.0,100.0,0.0,474.2316987920249,35.0
166,358.8710356986652,0.0,0.0,0.0,451.06303614862014,35.0
167,394.13088322135167,38.70967741935484,0.0,0.0,417.76520580199684,71.0
168,395.68716264845347,100.0,0.0,0.0,386.2326621984985,164.0
169,466.444441936821,100.0,0.0,0.0,424.2639423867761,257.0
170,479.0016003519979,100.0,0.0,0.0,484.6815999020429,350.0
171,479.00160000000005,0.0,0.0,0.0,657.0316,350.0
172,479.0015996040396,0.0,0.0,0.0,734.6816000539945,350.0
173,479.0016003959604,0.0,0.0,0.0,812.3315999460054,350.0
174,479.00160000000005,0.0,0.0,0.0,884.6816,350.0
175,479.0016003959604,0.0,0.0,0.0,946.8115999460053,350.0
176,479.0015996040396,0.0,0.0,0.0,994.4916000539945,350.0
177,474.7751995977858,0.0,0.0,0.0,1020.2351995977857,350.0
178,470.83680286281856,0.0,0.0,0.0,1026.5168033127736,350.0
179,460.2088184266995,0.0,0.0,0.0,1014.1063184266994,350.0
180,393.41293007992795,0.0,0.0,0.0,992.5624300799279,350.0
181,384.0073943346541,0.0,0.0,0.0,944.9066443346541,350.0
182,365.00827447389236,0.0,0.0,0.0,885.5867749238473,350.0
183,343.5139708824549,0.0,0.0,0.0,817.5153213324098,350.0
184,275.06507731381845,0.0,0.0,0.0,752.9820773138184,350.0
185,269.5169252153922,0.0,0.0,0.0,678.0324247654372,350.0
186,272.5411712681454,0.0,0.0,0.0,607.4646717181004,350.0
187,190.62586529281663,0.0,89.80000000000003,0.0,546.7933652928166,252.39130434782606
188,194.07752097354313,0.0,100.0,0.0,500.08852142349815,143.69565217391303
189,215.84167815838452,0.0,100.0,0.0,467.15067860833955,35.0
190,331.8559163886146,0.0,0.0,0.0,454.74691638861464,35.0
191,369.5392826243966,38.70967741935484,0.0,0.0,421.1186056549968,71.0
192,405.28620230713665,100.0,0.0,0.0,384.9237023071367,164.0
193,440.46288220284254,100.0,0.0,0.0,427.80688220284253,257.0
194,476.4949199562675,100.0,0.0,0.0,485.0234199562675,350.0
195,479.0016003959604,0.0,0.0,0.0,657.0315999460054,350.0
196,479.0016003959605,0.0,0.0,0.0,734.6815999460055,350.0
197,479.0015996040396,0.0,0.0,0.0,812.3316000539946,350.0
198,479.0015996040396,0.0,0.0,0.0,884.6816000539945,350.0
199,479.0016003959604,0.0,0.0,0.0,946.8115999460053,350.0
200,479.00160000000005,0.0,0.0,0.0,994.4916,350.0
201,474.7751995977858,0.0,0.0,0.0,1020.2351995977857,350.0
202,466.21251322009005,0.0,0.0,0.0,1027.23851322009,350.0
203,428.3611388812428,0.0,0.0,0.0,1019.3431393311978,350.0
204,435.62154960078385,0.0,0.0,0.0,985.3475500507387,350.0
205,366.89482679104185,0.0,0.0,0.0,947.9023267910418,350.0
206,350.54747986204495,0.0,0.0,0.0,888.1386798620449,350.0
207,355.6587817505163,0.0,0.0,0.0,815.3892817505163,350.0
208,278.00849769298424,0.0,0.0,0.0,752.4789472430292,350.0
209,265.7489981465482,0.0,0.0,0.0,678.6519976965932,350.0
210,272.9615616560567,0.0,0.0,0.0,607.3990616560567,350.0
211,193.45190802513974,0.0,89.80000000000003,0.0,546.3794080251397,252.39130434782606
212,196.9168413827261,0.0,100.0,0.0,499.7013413827261,143.69565217391303
213,175.48531913502245,0.0,100.0,0.0,472.6538186850675,35.0
214,320.4986369081694,0.0,0.0,0.0,456.29563645821435,35.0
215,389.93724318707575,38.70967741935484,0.0,0.0,418.33706576772096,71.0
216,393.7863618457121,100.0,0.0,0.0,386.49186229566715,164.0
217,429.4738817519239,100.0,0.0,0.0,429.30538220187884,257.0
218,479.00159995603747,100.0,0.0,0.0,484.6815999560374,350.0
219,479.0015996040397,0.0,0.0,0.0,657.0316000539947,350.0
220,479.00160000000005,0.0,0.0,0.0,734.6816,350.0
221,479.00160000000005,0.0,0.0,0.0,812.3316,350.0
222,479.0015996040396,0.0,0.0,0.0,884.6816000539947,350.0
223,479.0016003959604,0.0,0.0,0.0,946.8115999460053,350.0
224,479.0016003959604,0.0,0.0,0.0,994.4915999460054,350.0
225,474.7751995977858,0.0,0.0,0.0,1020.2351995977857,350.0
226,470.83680364124075,0.0,0.0,0.0,1026.5168031912858,350.0
227,439.59535920453266,0.0,0.0,0.0,1017.4958587545776,350.0
228,397.97851655237184,0.0,0.0,0.0,991.7820170023267,350.0
229,365.6425472122464,0.0,0.0,0.0,948.1215476622015,350.0
230,365.75874023852043,0.0,0.0,0.0,885.4543397885654,350.0
231,333.19473071808767,0.0,0.0,0.0,819.3217811680427,350.0
232,295.2643398792427,0.0,0.0,0.0,749.5293403291977,350.0
233,167.97497274977292,0.0,100.0,0.0,678.2859731997279,241.30434782608697
234,196.76030658247578,0.0,100.0,0.0,603.6848065824757,132.60869565217394
235,184.47922235001363,0.0,89.80000000000003,0.0,547.6937223500137,35.0
236,294.57648097586673,0.0,0.0,0.0,500.0204814258218,35.0
237,308.72555898287686,0.0,0.0,0.0,468.1210585329219,35.0
238,296.6317171678985,0.0,0.0,0.0,459.55021671794344,35.0
239,395.98416363245946,38.70967741935484,0.0,0.0,417.51248576314964,71.0
240,398.1819618707346,100.0,0.0,0.0,385.8924623206896,164.0
241,449.5986018525717,100.0,0.0,0.0,426.5611023025266,257.0
242,460.4212803537032,100.0,0.0,0.0,487.2152799037482,350.0
243,479.00160000000005,0.0,0.0,0.0,657.0316,350.0
244,479.0016003959604,0.0,0.0,0.0,734.6815999460055,350.0
245,479.0016003959604,0.0,0.0,0.0,812.3315999460053,350.0
246,479.0016003959605,0.0,0.0,0.0,884.6815999460055,350.0
247,479.00160000000005,0.0,0.0,0.0,946.8116,350.0
248,479.0015996040396,0.0,0.0,0.0,994.4916000539946,350.0
249,474.7751992053189,0.0,0.0,0.0,1020.235199655274,350.0
250,470.83680286281856,0.0,0.0,0.0,1026.5168033127736,350.0
251,452.30196872703334,0.0,0.0,0.0,1015.4064682770783,350.0
252,384.7544560158062,0.0,0.0,0.0,994.0424560158062,350.0
253,402.79962404980995,0.0,0.0,0.0,941.6169244997649,350.0
254,379.9487244680127,0.0,0.0,0.0,882.9502249179676,350.0
255,326.8046605383051,0.0,0.0,0.0,820.4404105383051,350.0
256,277.546173611497,0.0,0.0,0.0,752.557974061452,350.0
257,144.71816790510786,0.0,100.0,0.0,682.1101679051079,241.30434782608697
258,177.6909487522234,0.0,100.0,0.0,606.6609492021784,132.60869565217394
259,184.0553163326319,0.0,89.80000000000003,0.0,547.7558158826769,35.0
260,298.4731213899736,0.0,0.0,0.0,499.48912138997366,35.0
261,314.0834389583531,0.0,0.0,0.0,467.39043850839806,35.0
262,329.02847681534433,0.0,0.0,0.0,455.1324763653893,35.0
263,399.8808036643079,38.70967741935484,0.0,0.0,416.9811257949981,71.0
264,415.8000019710272,100.0,0.0,0.0,383.49000242098225,164.0
265,478.6570827898197,100.0,0.0,0.0,422.5985823398647,257.0
266,479.0015995600771,100.0,0.0,0.0,484.68160001003207,350.0
267,479.0015996040396,0.0,0.0,0.0,657.0316000539947,350.0
268,479.0015996040396,0.0,0.0,0.0,734.6816000539947,350.0
269,479.0016003959604,0.0,0.0,0.0,812.3315999460053,350.0
270,479.0015996040396,0.0,0.0,0.0,884.6816000539945,350.0
271,479.0015996040397,0.0,0.0,0.0,946.8116000539947,350.0
272,479.0016003959604,0.0,0.0,0.0,994.4915999460054,350.0
273,474.7751995977858,0.0,0.0,0.0,1020.2351995977857,350.0
274,470.83680286281856,0.0,0.0,0.0,1026.5168033127736,350.0
275,441.18368539484527,0.0,0.0,0.0,1017.2346849448902,350.0
276,401.7370552273434,0.0,0.0,0.0,991.1395556772983,350.0
277,388.91885631847026,0.0,0.0,0.0,944.0468563184702,350.0
278,361.4441398577567,0.0,0.0,0.0,886.2157398577567,350.0
279,314.1957029158906,0.0,0.0,0.0,822.6477024659356,350.0
280,291.37897975321204,0.0,0.0,0.0,750.193479753212,350.0
281,161.11154906001707,0.0,100.0,0.0,679.4145490600171,241.30434782608697
282,150.97282922404156,0.0,100.0,0.0,610.8308292240415,132.60869565217394
283,184.07886629626785,0.0,89.80000000000003,0.0,547.7523662962678,35.0
284,281.8292409165036,0.0,0.0,0.0,501.7587413664586,35.0
285,324.6685181179827,0.0,0.0,0.0,465.94701856793773,35.0
286,351.1727965743612,0.0,0.0,0.0,452.1127961244062,35.0
287,338.1404431596852,38.70967741935484,0.0,0.0,425.40026529037533,71.0
288,425.07828202384485,100.0,0.0,0.0,382.2247824737999,164.0
289,417.8314824856188,100.0,0.0,0.0,430.89298203566375,257.0
290,479.00159995603747,100.0,0.0,0.0,484.6815999560374,350.0
291,479.00160000000005,0.0,0.0,0.0,657.0316,350.0
292,479.0015996040396,0.0,0.0,0.0,734.6816000539945,350.0
293,479.0015996040396,0.0,0.0,0.0,812.3316000539946,350.0
294,479.0015996040396,0.0,0.0,0.0,884.6816000539947,350.0
295,479.0015996040397,0.0,0.0,0.0,946.8116000539947,350.0
296,479.00160000000005,0.0,0.0,0.0,994.4916,350.0
297,474.7751995977858,0.0,0.0,0.0,1020.2351995977857,350.0
298,470.5098332497712,0.0,0.0,0.0,1026.5678332497712,350.0
299,439.63013929718306,0.0,0.0,0.0,1017.4901397471381,350.0
300,433.5808706269496,0.0,0.0,0.0,985.6963710769045,350.0
301,401.1774054951553,0.0,0.0,0.0,941.9009059451103,350.0
302,368.10996735513345,0.0,0.0,0.0,885.0394173551334,350.0
303,350.5657967083609,0.0,0.0,0.0,816.2808467083609,350.0
304,284.42683655376896,0.0,0.0,0.0,751.381836103814,350.0
305,258.36386109161384,0.0,0.0,0.0,679.8663606416588,350.0
306,292.3345337069482,0.0,0.0,0.0,604.3755341569032,350.0
307,190.5316638684057,0.0,89.80000000000003,0.0,546.8071638684057,252.39130434782606
308,173.95280167174417,0.0,100.0,0.0,502.8328012217892,143.69565217391303
309,233.8873984717469,0.0,100.0,0.0,464.6898984717469,35.0
310,320.29667651440684,0.0,0.0,0.0,456.3231765144068,35.0
311,398.21760285879327,38.70967741935484,0.0,0.0,417.20792588939344,71.0
312,425.0426428155628,100.0,0.0,0.0,382.2296423656078,164.0
313,446.91372223510444,100.0,0.0,0.0,426.9272222351044,257.0
314,469.747079956887,100.0,0.0,0.0,485.9435799568869,350.0
315,479.00160000000005,0.0,0.0,0.0,657.0316,350.0
316,479.0016003959605,0.0,0.0,0.0,734.6815999460055,350.0
317,479.00160000000005,0.0,0.0,0.0,812.3316,350.0
318,479.00160000000005,0.0,0.0,0.0,884.6816,350.0
319,479.0015996040397,0.0,0.0,0.0,946.8116000539947,350.0
320,479.0015996040396,0.0,0.0,0.0,994.4916000539945,350.0
321,474.7751999902524,0.0,0.0,0.0,1020.2351995402973,350.0
322,467.42697322847823,0.0,0.0,0.0,1027.0489732284782,350.0
323,467.4548320686364,0.0,0.0,0.0,1012.9148320686363,350.0
324,426.7555492456271,0.0,0.0,0.0,986.863049245627,350.0
325,376.6603071417852,0.0,0.0,0.0,946.1928066918301,350.0
326,370.87659023650633,0.0,0.0,0.0,884.5511897865513,350.0
327,311.208614148783,0.0,0.0,0.0,823.170614598738,350.0
328,291.4631433488358,0.0,0.0,0.0,750.1790933488357,350.0
329,287.48703854192536,0.0,0.0,0.0,675.0775385419254,350.0
330,260.0696013067051,0.0,0.0,0.0,609.4111017566601,350.0
331,168.2765773513609,0.0,89.80000000000003,0.0,550.0670773513609,252.39130434782606
332,210.19868144457894,0.0,100.0,0.0,497.89018144457896,143.69565217391303
333,206.55151820090703,0.0,100.0,0.0,468.417518650862,35.0
334,358.514636098504,0.0,0.0,0.0,451.11163609850405,35.0
335,362.1974425643896,38.70967741935484,0.0,0.0,422.1197655949897,71.0
336,433.5843628641875,100.0,0.0,0.0,381.0648624142325,164.0
337,451.87956265590003,100.0,0.0,0.0,426.2500622059449,257.0
338,479.00159995603747,100.0,0.0,0.0,484.6815999560374,350.0
339,479.00160000000005,0.0,0.0,0.0,657.0316,350.0
340,479.0015996040396,0.0,0.0,0.0,734.6816000539947,350.0
341,479.0016003959604,0.0,0.0,0.0,812.3315999460054,350.0
342,479.0015996040396,0.0,0.0,0.0,884.6816000539945,350.0
343,479.00160000000005,0.0,0.0,0.0,946.8116,350.0
344,479.0016003959605,0.0,0.0,0.0,994.4915999460054,350.0
345,474.77519920531904,0.0,0.0,0.0,1020.235199655274,350.0
346,470.83680325202965,0.0,0.0,0.0,1026.5168032520296,350.0
347,437.83312868681367,0.0,0.0,0.0,1017.7856282368585,350.0
348,419.5958793318687,0.0,0.0,0.0,988.0868788819135,350.0
349,394.74023087636647,0.0,0.0,0.0,943.0277813263215,350.0
350,362.4849227398089,0.0,0.0,0.0,886.0320722898538,350.0
351,339.045976560564,0.0,0.0,0.0,818.297477010519,350.0
352,304.83362579333385,0.0,0.0,0.0,747.8936257933339,350.0
353,250.8743810545115,0.0,0.0,0.0,681.0978810545115,350.0
354,255.63215209884697,0.0,0.0,0.0,610.103651648892,350.0
355,230.16691318923802,0.0,89.80000000000003,0.0,541.0014131892381,252.39130434782606
356,174.30920167340395,0.0,100.0,0.0,502.784201223449,143.69565217391303
357,235.59811885987716,0.0,100.0,0.0,464.4566184099221,35.0
358,351.9925161694803,0.0,0.0,0.0,452.0010161694803,35.0
359,385.2921627531497,38.70967741935484,0.0,0.0,418.9704857837499,71.0
360,458.3660422133391,100.0,0.0,0.0,377.68554266329414,164.0
361,456.12072188519005,100.0,0.0,0.0,425.6717223351451,257.0
362,463.8902403533849,100.0,0.0,0.0,486.7422399034298,350.0
363,479.00160000000005,0.0,0.0,0.0,657.0316,350.0
364,479.0016003959604,0.0,0.0,0.0,734.6815999460055,350.0
365,479.0015996040397,0.0,0.0,0.0,812.3316000539946,350.0
366,479.00160000000005,0.0,0.0,0.0,884.6816,350.0
367,479.0015996040397,0.0,0.0,0.0,946.8116000539947,350.0
368,479.0016003959605,0.0,0.0,0.0,994.4915999460054,350.0
369,474.7751992053189,0.0,0.0,0.0,1020.235199655274,350.0
370,435.4072683965319,0.0,0.0,0.0,1032.0462679465768,350.0
371,403.5391953222545,0.0,0.0,0.0,1023.4246948722994,350.0
372,399.5695551649186,0.0,0.0,0.0,991.5100547149635,350.0
373,379.10742115080006,0.0,0.0,0.0,945.7644211508,350.0
374,357.262650241864,0.0,0.0,0.0,886.953649791909,350.0
375,328.6038070019882,0.0,0.0,0.0,820.1254565520331,350.0
376,274.7422576586627,0.0,0.0,0.0,753.0372581086177,350.0
377,268.218438806529,0.0,0.0,0.0,678.245939256484,350.0
378,268.2088187815403,0.0,0.0,0.0,608.1408192314952,350.0
379,206.16910032059383,0.0,89.80000000000003,0.0,544.5166003205939,252.39130434782606
380,193.31720176192317,0.0,100.0,0.0,500.19220131196823,143.69565217391303
381,206.97919819894946,0.0,100.0,0.0,468.35919864890445,35.0
382,338.8769967081689,0.0,0.0,0.0,453.7894962582139,35.0
383,365.9277633867994,38.70967741935484,0.0,0.0,421.6110855174896,71.0
384,418.2829223811219,100.0,0.0,0.0,383.15142238112196,164.0
385,429.9253225461025,100.0,0.0,0.0,429.2438220961475,257.0
386,479.00159995603747,100.0,0.0,0.0,484.6815999560374,350.0
387,479.0015996040397,0.0,0.0,0.0,657.0316000539947,350.0
388,479.0015996040396,0.0,0.0,0.0,734.6816000539947,350.0
389,479.0016003959604,0.0,0.0,0.0,812.3315999460053,350.0
390,479.0015996040396,0.0,0.0,0.0,884.6816000539945,350.0
391,479.0015996040396,0.0,0.0,0.0,946.8116000539947,350.0
392,479.0016003959604,0.0,0.0,0.0,994.4915999460054,350.0
393,474.77519920531904,0.0,0.0,0.0,1020.235199655274,350.0
394,470.83680325202965,0.0,0.0,0.0,1026.5168032520296,350.0
395,447.68770646701705,0.0,0.0,0.0,1016.165206916972,350.0
396,393.35528416550244,0.0,0.0,0.0,992.5722837155473,350.0
397,393.1903917614734,0.0,0.0,0.0,943.2990922114284,350.0
398,372.5186623533983,0.0,0.0,0.0,884.2614123533983,350.0
399,347.3868457470155,0.0,0.0,0.0,816.8373457470154,350.0
400,268.53951672233126,0.0,0.0,0.0,754.0975162723762,350.0
401,168.07931534552557,0.0,100.0,0.0,678.2688157954806,241.30434782608697
402,165.94338456696659,0.0,100.0,0.0,608.4943841170116,132.60869565217394
403,203.74341364201655,0.0,89.80000000000003,0.0,544.8719136420166,35.0
404,299.5304413948975,0.0,0.0,0.0,499.34494139489755,35.0
405,312.37271857022284,0.0,0.0,0.0,467.6237185702229,35.0
406,327.9355160353176,0.0,0.0,0.0,455.2815164852725,35.0
407,404.0388029063717,38.70967741935484,0.0,0.0,416.41412593697186,71.0
408,409.72932233242955,100.0,0.0,0.0,384.3178223324296,164.0
409,442.58940221347757,100.0,0.0,0.0,427.5169022134776,257.0
410,479.00159995603747,100.0,0.0,0.0,484.6815999560374,350.0
411,479.00160000000005,0.0,0.0,0.0,657.0316,350.0
412,479.0016003959605,0.0,0.0,0.0,734.6815999460055,350.0
413,479.0016003959604,0.0,0.0,0.0,812.3315999460053,350.0
414,479.00160000000005,0.0,0.0,0.0,884.6816,350.0
415,479.0016003959604,0.0,0.0,0.0,946.8115999460055,350.0
416,479.0015996040396,0.0,0.0,0.0,994.4916000539945,350.0
417,474.7751995977858,0.0,0.0,0.0,1020.2351995977857,350.0
418,470.83680286281856,0.0,0.0,0.0,1026.5168033127736,350.0
419,432.2565958151481,0.0,0.0,0.0,1018.702596265103,350.0
420,396.6987691055933,0.0,0.0,0.0,992.0007691055932,350.0
421,398.43158230420306,0.0,0.0,0.0,942.3815827541581,350.0
422,365.1207294738481,0.0,0.0,0.0,885.566929923803,350.0
423,325.3490299606108,0.0,0.0,0.0,820.6952295106557,350.0
424,290.0381268530697,0.0,0.0,0.0,750.4226768530697,350.0
425,168.577841080788,0.0,100.0,0.0,678.186841530743,241.30434782608697
426,175.11022203862456,0.0,100.0,0.0,607.0637215886695,132.60869565217394
427,176.09529518498823,0.0,89.80000000000003,0.0,548.9217956349432,35.0
428,288.588961739904,0.0,0.0,0.0,500.83696128994904,35.0
429,297.15443824391883,0.0,0.0,0.0,469.69893869387386,35.0
430,341.64503588612524,0.0,0.0,0.0,453.4120363360802,35.0
431,378.7938030959971,38.70967741935484,0.0,0.0,419.85662567664224,71.0
432,417.71268198191535,100.0,0.0,0.0,383.2291824318704,164.0
433,479.0016019996219,100.0,0.0,0.0,422.5516024495769,257.0
434,479.00159995603747,100.0,0.0,0.0,484.6815999560374,350.0
435,479.0015996040397,0.0,0.0,0.0,657.0316000539947,350.0
436,479.0015996040396,0.0,0.0,0.0,734.6816000539947,350.0
437,479.0016003959604,0.0,0.0,0.0,812.3315999460054,350.0
438,479.0015996040396,0.0,0.0,0.0,884.6816000539945,350.0
439,479.0016003959604,0.0,0.0,0.0,946.8115999460053,350.0
440,479.0016003959605,0.0,0.0,0.0,994.4915999460054,350.0
441,474.7751999902523,0.0,0.0,0.0,1020.2351995402973,350.0
442,464.3090810961543,0.0,0.0,0.0,1027.5355806461992,350.0
443,445.7863524873727,0.0,0.0,0.0,1016.4778529373277,350.0
444,416.5982717996826,0.0,0.0,0.0,988.5992713497276,350.0
445,368.46879276877723,0.0,0.0,0.0,947.6267923188221,350.0
446,363.6668469744202,0.0,0.0,0.0,885.8234974243752,350.0
447,333.81053039834825,0.0,0.0,0.0,819.2139808483032,350.0
448,306.1940788191931,0.0,0.0,0.0,747.6610783692381,350.0
449,187.45225729025913,0.0,100.0,0.0,675.0832577402141,241.30434782608697
450,175.20364125991352,0.0,100.0,0.0,607.0491417098685,132.60869565217394
451,188.61230984603628,0.0,89.80000000000003,0.0,547.0883098460363,35.0
452,320.61744149309857,0.0,0.0,0.0,496.4694414930986,35.0
453,304.3180786070902,0.0,0.0,0.0,468.72207860709017,35.0
454,357.19595571689405,0.0,0.0,0.0,451.291456166849,35.0
455,378.23544269547295,38.70967741935484,0.0,0.0,419.93276572607317,71.0
456,420.2550023923482,100.0,0.0,0.0,382.8825023923482,164.0
457,445.6306822286876,100.0,0.0,0.0,427.10218222868764,257.0
458,479.0016003519979,100.0,0.0,0.0,484.6815999020429,350.0
459,479.00160000000005,0.0,0.0,0.0,657.0316,350.0
460,479.0015996040396,0.0,0.0,0.0,734.6816000539945,350.0
461,479.00160000000005,0.0,0.0,0.0,812.3316,350.0
462,479.0016003959605,0.0,0.0,0.0,884.6815999460055,350.0
463,479.0016003959604,0.0,0.0,0.0,946.8115999460053,350.0
464,479.0016003959604,0.0,0.0,0.0,994.4915999460054,350.0
465,474.7751995977858,0.0,0.0,0.0,1020.2351995977857,350.0
466,470.83680364124064,0.0,0.0,0.0,1026.5168031912856,350.0
467,447.32830457679233,0.0,0.0,0.0,1016.2243045767923,350.0
468,400.15754741161663,0.0,0.0,0.0,991.4095469616616,350.0
469,386.0788253507502,0.0,0.0,0.0,944.5440249007952,350.0
470,354.0462069782063,0.0,0.0,0.0,887.5212574281613,350.0
471,329.7044332766106,0.0,0.0,0.0,819.9327837265655,350.0
472,295.5837003722258,0.0,0.0,0.0,749.4747508221808,350.0
473,283.6611429779145,0.0,0.0,0.0,675.7066434278695,350.0
474,241.9110896412697,0.0,0.0,0.0,612.2450891913147,350.0
475,167.91154643930258,0.0,89.80000000000003,0.0,550.1205468892575,252.39130434782606
476,211.61240105520216,0.0,100.0,0.0,497.6974015051572,143.69565217391303
477,192.54499866097734,0.0,100.0,0.0,470.32749866097737,35.0
478,363.36167564979627,0.0,0.0,0.0,450.45067609975126,35.0
479,369.8481626269212,38.70967741935484,0.0,0.0,421.07648565752135,71.0
480,412.5567619525648,100.0,0.0,0.0,383.93226240251977,164.0
481,479.0016019996219,100.0,0.0,0.0,422.5516024495769,257.0
482,479.0016003519979,100.0,0.0,0.0,484.6815999020429,350.0
483,479.0015996040397,0.0,0.0,0.0,657.0316000539947,350.0
484,479.00160000000005,0.0,0.0,0.0,734.6816,350.0
485,479.0016003959604,0.0,0.0,0.0,812.3315999460053,350.0
486,479.00160000000005,0.0,0.0,0.0,884.6816,350.0
487,479.00160000000005,0.0,0.0,0.0,946.8116,350.0
488,479.0015996040396,0.0,0.0,0.0,994.4916000539946,350.0
489,474.7751995977858,0.0,0.0,0.0,1020.2351995977857,350.0
490,470.83680364124075,0.0,0.0,0.0,1026.5168031912858,350.0
491,424.5700245437814,0.0,0.0,0.0,1019.9665249937364,350.0
492,411.5253971301746,0.0,0.0,0.0,989.4663971301745,350.0
493,387.5815600028768,0.0,0.0,0.0,944.2809600028768,350.0
494,349.9415998622835,0.0,0.0,0.0,888.2455998622834,350.0
495,311.25571899464643,0.0,0.0,0.0,823.1623685446914,350.0
496,298.757705560611,0.0,0.0,0.0,748.932206010566,350.0
497,266.943141186828,0.0,0.0,0.0,678.455640736873,350.0
498,285.6316491168834,0.0,0.0,0.0,605.4216491168834,350.0
499,151.88552989635332,0.0,89.80000000000003,0.0,552.4680294463983,252.39130434782606
500,174.7844008836961,0.0,100.0,0.0,502.71940133365115,143.69565217391303
501,210.25807857990185,0.0,100.0,0.0,467.9120785799019,35.0
502,352.6815557660216,0.0,0.0,0.0,451.90705621597647,35.0
503,393.46560361187454,38.70967741935484,0.0,0.0,417.8559257425647,71.0
504,415.1109619671048,100.0,0.0,0.0,383.5839624170598,164.0
505,479.0016019996219,100.0,0.0,0.0,422.5516024495769,257.0
506,474.9742795604467,100.0,0.0,0.0,485.23078001040165,350.0
507,479.0016003959604,0.0,0.0,0.0,657.0315999460055,350.0
508,479.00160000000005,0.0,0.0,0.0,734.6816,350.0
509,479.00160000000005,0.0,0.0,0.0,812.3316,350.0
510,479.00160000000005,0.0,0.0,0.0,884.6816,350.0
511,479.0016003959604,0.0,0.0,0.0,946.8115999460053,350.0
512,479.0016003959604,0.0,0.0,0.0,994.4915999460054,350.0
513,474.7751999902524,0.0,0.0,0.0,1020.2351995402973,350.0
514,457.10406276796766,0.0,0.0,0.0,1028.6600632179227,350.0
515,442.1227687628402,0.0,0.0,0.0,1017.0802683128852,350.0
516,376.9998755309658,0.0,0.0,0.0,995.3679759809207,350.0
517,395.80524339870055,0.0,0.0,0.0,942.8413429487455,350.0
518,353.08804447858336,0.0,0.0,0.0,887.6903449285384,350.0
519,335.4430888790392,0.0,0.0,0.0,818.9281893289941,350.0
520,280.1229639172845,0.0,0.0,0.0,752.1175134673294,350.0
521,280.48449061833514,0.0,0.0,0.0,676.2289910682902,350.0
522,256.6831263171754,0.0,0.0,0.0,609.9396267671303,350.0
523,174.49387175493854,0.0,89.80000000000003,0.0,549.1563713049835,252.39130434782606
524,179.20376090427686,0.0,100.0,0.0,502.11676135423187,143.69565217391303
525,218.51467814614978,0.0,100.0,0.0,466.7861785961048,35.0
526,348.7373962049038,0.0,0.0,0.0,452.4448962049038,35.0
527,402.01920328582526,38.70967741935484,0.0,0.0,416.6895258664705,71.0
528,413.95860275246565,100.0,0.0,0.0,383.7411023025107,164.0
529,445.8682818339156,100.0,0.0,0.0,427.0697822838706,257.0
530,479.0016003519979,100.0,0.0,0.0,484.6815999020429,350.0
531,479.00160000000005,0.0,0.0,0.0,657.0316,350.0
532,479.0015996040396,0.0,0.0,0.0,734.6816000539945,350.0
533,479.0015996040397,0.0,0.0,0.0,812.3316000539946,350.0
534,479.0015996040396,0.0,0.0,0.0,884.6816000539947,350.0
535,479.0015996040397,0.0,0.0,0.0,946.8116000539947,350.0
536,479.00160000000005,0.0,0.0,0.0,994.4916,350.0
537,474.7751992053189,0.0,0.0,0.0,1020.235199655274,350.0
538,470.83680364124064,0.0,0.0,0.0,1026.5168031912856,350.0
539,460.9624038454609,0.0,0.0,0.0,1013.9824038454609,350.0
540,396.00701313697266,0.0,0.0,0.0,992.1190135869275,350.0
541,383.558182639056,0.0,0.0,0.0,944.9852821891009,350.0
542,372.1526094710806,0.0,0.0,0.0,884.3260099210356,350.0
543,319.12439735213303,0.0,0.0,0.0,821.784897802088,350.0
544,295.4603380622493,0.0,0.0,0.0,749.4958376122943,350.0
545,272.6356090798047,0.0,0.0,0.0,677.5196090798047,350.0
546,179.82793124561618,0.0,100.0,0.0,606.3274316955711,241.30434782608697
547,137.55244240033068,0.0,100.0,0.0,553.0734419503757,132.60869565217394
548,206.64164138051308,0.0,89.80000000000003,0.0,499.76614138051315,35.0
549,296.5247986427612,0.0,0.0,0.0,469.7847986427612,35.0
550,358.2651564971794,0.0,0.0,0.0,451.14565604722435,35.0
551,365.10804298413916,38.70967741935484,0.0,0.0,421.72286556478434,71.0
552,396.6019222577005,100.0,0.0,0.0,386.10792225770047,164.0
553,433.3467621672533,100.0,0.0,0.0,428.7772621672533,257.0
554,479.00159995603747,100.0,0.0,0.0,484.6815999560374,350.0
555,479.0015996040397,0.0,0.0,0.0,657.0316000539947,350.0
556,479.0016003959605,0.0,0.0,0.0,734.6815999460055,350.0
557,479.00160000000005,0.0,0.0,0.0,812.3316,350.0
558,479.0016003959605,0.0,0.0,0.0,884.6815999460055,350.0
559,479.0016003959604,0.0,0.0,0.0,946.8115999460053,350.0
560,479.00160000000005,0.0,0.0,0.0,994.4916,350.0
561,474.7751995977858,0.0,0.0,0.0,1020.2351995977857,350.0
562,470.83680325202965,0.0,0.0,0.0,1026.5168032520296,350.0
563,435.6651214051461,0.0,0.0,0.0,1018.142120955191,350.0
564,394.3237419835932,0.0,0.0,0.0,992.4067415336381,350.0
565,387.29778626089023,0.0,0.0,0.0,944.3306367108452,350.0
566,353.73867774325083,0.0,0.0,0.0,887.5755272932959,350.0
567,323.9416511941717,0.0,0.0,0.0,820.9416016441266,350.0
568,284.1720395306927,0.0,0.0,0.0,751.4253895306927,350.0
569,165.73740413838243,0.0,100.0,0.0,678.6539041383825,241.30434782608697
570,176.10280875713352,0.0,100.0,0.0,606.9088092070886,132.60869565217394
571,168.28835213694555,0.0,89.80000000000003,0.0,550.0653525869005,35.0
572,287.2821617338183,0.0,0.0,0.0,501.01516128386334,35.0
573,322.82711891833185,0.0,0.0,0.0,466.1981184683769,35.0
574,340.55207629397967,0.0,0.0,0.0,453.5610762939796,35.0
575,401.1876032790284,38.70967741935484,0.0,0.0,416.80292585967356,71.0
576,415.7524827626775,100.0,0.0,0.0,383.49648231272255,164.0
577,450.51336225310695,100.0,0.0,0.0,426.43636225310695,257.0
578,479.0015995600771,100.0,0.0,0.0,484.68160001003207,350.0
579,479.0016003959604,0.0,0.0,0.0,657.0315999460054,350.0
580,479.0016003959605,0.0,0.0,0.0,734.6815999460055,350.0
581,479.0015996040396,0.0,0.0,0.0,812.3316000539946,350.0
582,479.0015996040396,0.0,0.0,0.0,884.6816000539945,350.0
583,479.0015996040396,0.0,0.0,0.0,946.8116000539947,350.0
584,479.0016003959605,0.0,0.0,0.0,994.4915999460054,350.0
585,474.7751995977858,0.0,0.0,0.0,1020.2351995977857,350.0
586,470.8368028628187,0.0,0.0,0.0,1026.5168033127736,350.0
587,402.7740158952505,0.0,0.0,0.0,1023.5505158952504,350.0
588,389.88497659973984,0.0,0.0,0.0,993.1654765997398,350.0
589,383.7833623524706,0.0,0.0,0.0,944.9458628024255,350.0
590,369.96662273686445,0.0,0.0,0.0,884.7117722869094,350.0
591,327.21251293847774,0.0,0.0,0.0,820.3690129384777,350.0
592,294.0998854206603,0.0,0.0,0.0,749.7283849707053,350.0
593,178.23532799877898,0.0,100.0,0.0,676.598828448734,241.30434782608697
594,179.06889374796293,0.0,100.0,0.0,606.4458941979179,132.60869565217394
595,188.88313894121728,0.0,89.80000000000003,0.0,547.0486389412173,35.0
596,303.42708180900433,0.0,0.0,0.0,498.8135813590494,35.0
597,326.2129181109138,0.0,0.0,0.0,465.7364185608688,35.0
598,342.4647558772047,0.0,0.0,0.0,453.3002563271597,35.0
599,389.0937627842214,38.70967741935484,0.0,0.0,418.45208581482154,71.0
600,430.4242824502379,100.0,0.0,0.0,381.495782450238,164.0
601,456.41772228263585,100.0,0.0,0.0,425.6312222826358,257.0
602,479.0016003519979,100.0,0.0,0.0,484.6815999020429,350.0
603,479.00160000000005,0.0,0.0,0.0,657.0316,350.0
604,479.00160000000005,0.0,0.0,0.0,734.6816,350.0
605,479.0016003959604,0.0,0.0,0.0,812.3315999460053,350.0
606,479.0015996040396,0.0,0.0,0.0,884.6816000539945,350.0
607,479.0016003959604,0.0,0.0,0.0,946.8115999460053,350.0
608,479.00160000000005,0.0,0.0,0.0,994.4916,350.0
609,474.7751999902524,0.0,0.0,0.0,1020.2351995402973,350.0
610,457.67626105034196,0.0,0.0,0.0,1028.5707606003868,350.0
611,426.6568768590746,0.0,0.0,0.0,1019.6233768590746,350.0
612,437.523877457748,0.0,0.0,0.0,985.0223779077029,350.0
613,383.2502824171488,0.0,0.0,0.0,945.0391824171488,350.0
614,359.2340552410883,0.0,0.0,0.0,886.6057547911332,350.0
615,315.07804275626404,0.0,0.0,0.0,822.493242306309,350.0
616,288.7791320808864,0.0,0.0,0.0,750.6378816309314,350.0
617,177.4585557279251,0.0,100.0,0.0,676.7265557279251,241.30434782608697
618,146.88570384746708,0.0,100.0,0.0,611.468704297422,132.60869565217394
619,199.95180670194964,0.0,89.80000000000003,0.0,545.4273062519947,35.0
620,280.2254413049951,0.0,0.0,0.0,501.9774413049952,35.0
621,305.92187899570973,0.0,0.0,0.0,468.50337854575474,35.0
622,360.296636475072,0.0,0.0,0.0,450.868636025117,35.0
623,377.2494034793346,38.70967741935484,0.0,0.0,420.06722561002476,71.0
624,431.55288245666264,100.0,0.0,0.0,381.3418824566627,164.0
625,450.57276185744365,100.0,0.0,0.0,426.42826230739865,257.0
626,468.95111995695993,100.0,0.0,0.0,486.0521199569599,350.0
627,479.0015996040397,0.0,0.0,0.0,657.0316000539947,350.0
628,479.00160000000005,0.0,0.0,0.0,734.6816,350.0
629,479.00160000000005,0.0,0.0,0.0,812.3316,350.0
630,479.0016003959605,0.0,0.0,0.0,884.6815999460055,350.0
631,479.00160000000005,0.0,0.0,0.0,946.8116,350.0
632,479.0016003959605,0.0,0.0,0.0,994.4915999460054,350.0
633,474.7751995977858,0.0,0.0,0.0,1020.2351995977857,350.0
634,470.8368028628187,0.0,0.0,0.0,1026.5168033127736,350.0
635,447.571770248746,0.0,0.0,0.0,1016.184270698701,350.0
636,399.54649626117,0.0,0.0,0.0,991.51399626117,350.0
637,377.154324774314,0.0,0.0,0.0,946.106325224269,350.0
638,365.93545447352744,0.0,0.0,0.0,885.4231549234823,350.0
639,330.4018034369057,0.0,0.0,0.0,819.8107038868607,350.0
640,284.3230724481582,0.0,0.0,0.0,751.3995728981132,350.0
641,287.1856039900024,0.0,0.0,0.0,675.1271044399574,350.0
642,284.2770587318604,0.0,0.0,0.0,605.6330591818154,350.0
643,196.2544000088934,0.0,89.80000000000003,0.0,545.9689004588485,252.39130434782606
644,212.38460145475864,0.0,100.0,0.0,497.5921014547587,143.69565217391303
645,223.56367851900018,0.0,100.0,0.0,466.09767851900017,35.0
646,349.74719579795436,0.0,0.0,0.0,452.3071962479093,35.0
647,395.8772432356252,38.70967741935484,0.0,0.0,417.52706581627035,71.0
648,401.80536228732166,100.0,0.0,0.0,385.3983622873216,164.0
649,479.0016027915427,100.0,0.0,0.0,422.5516023415877,257.0
650,479.0016003519979,100.0,0.0,0.0,484.6815999020429,350.0
651,479.00160000000005,0.0,0.0,0.0,657.0316,350.0
652,479.00160000000005,0.0,0.0,0.0,734.6816,350.0
653,479.0015996040397,0.0,0.0,0.0,812.3316000539946,350.0
654,479.00160000000005,0.0,0.0,0.0,884.6816,350.0
655,479.0016003959604,0.0,0.0,0.0,946.8115999460055,350.0
656,479.0015996040396,0.0,0.0,0.0,994.4916000539945,350.0
657,474.7751995977858,0.0,0.0,0.0,1020.2351995977857,350.0
658,470.83680325202965,0.0,0.0,0.0,1026.5168032520296,350.0
659,418.37903126094136,0.0,0.0,0.0,1020.9845308109863,350.0
660,405.6224157594461,0.0,0.0,0.0,990.4754162094009,350.0
661,390.6341345357399,0.0,0.0,0.0,943.7465840857849,350.0
662,375.0488994699409,0.0,0.0,0.0,883.8148999198959,350.0
663,329.25407269934163,0.0,0.0,0.0,820.0116226993416,350.0
664,279.45772524979657,0.0,0.0,0.0,752.2312252497966,350.0
665,282.9887133028131,0.0,0.0,0.0,675.8172133028131,350.0
666,256.37951170732515,0.0,0.0,0.0,609.9870117073251,350.0
667,172.32723860102413,0.0,89.80000000000003,0.0,549.4737386010241,252.39130434782606
668,189.97892135041656,0.0,100.0,0.0,500.6474213504166,143.69565217391303
669,222.43507892012633,0.0,100.0,0.0,466.25157847017135,35.0
670,355.48523613147114,0.0,0.0,0.0,451.5247361314711,35.0
671,384.34176274538186,38.70967741935484,0.0,0.0,419.100085775982,71.0
672,418.62744277904346,100.0,0.0,0.0,383.10444232908856,164.0
673,474.05952237086603,100.0,0.0,0.0,423.225522370866,257.0
674,479.00159995603747,100.0,0.0,0.0,484.6815999560374,350.0
675,479.00160000000005,0.0,0.0,0.0,657.0316,350.0
676,479.0015996040396,0.0,0.0,0.0,734.6816000539945,350.0
677,479.00160000000005,0.0,0.0,0.0,812.3316,350.0
678,479.0015996040396,0.0,0.0,0.0,884.6816000539945,350.0
679,479.0015996040397,0.0,0.0,0.0,946.8116000539947,350.0
680,479.0015996040396,0.0,0.0,0.0,994.4916000539945,350.0
681,474.7751999902524,0.0,0.0,0.0,1020.2351995402973,350.0
682,456.0063785388081,0.0,0.0,0.0,1028.8313780888532,350.0
683,458.516149639943,0.0,0.0,0.0,1014.384649639943,350.0
684,407.73227067598555,0.0,0.0,0.0,990.1147706759855,350.0
685,381.04902872732384,0.0,0.0,0.0,945.4245282773688,350.0
686,360.67646235805887,0.0,0.0,0.0,886.3512123580588,350.0
687,316.2866641338538,0.0,0.0,0.0,822.2816641338537,350.0
688,291.45161370489114,0.0,0.0,0.0,750.1810641548461,350.0
689,249.61067667014544,0.0,0.0,0.0,681.3056762201904,350.0
690,279.0572166372102,0.0,0.0,0.0,606.4477166372102,350.0
691,183.94933973016975,0.0,89.80000000000003,0.0,547.7713392802148,252.39130434782606
692,184.11020132308624,0.0,100.0,0.0,501.4477013230863,143.69565217391303
693,193.49539826066683,0.0,100.0,0.0,470.1978987106218,35.0
694,356.60195651527897,0.0,0.0,0.0,451.37245606532395,35.0
695,360.7837233447556,38.70967741935484,0.0,0.0,422.31254547544575,71.0
696,409.0878023287777,100.0,0.0,0.0,384.4053023287777,164.0
697,474.55848237336136,100.0,0.0,0.0,423.1574823733613,257.0
698,473.025959956586,100.0,0.0,0.0,485.4964599565859,350.0
699,479.00160000000005,0.0,0.0,0.0,657.0316,350.0
700,479.0016003959605,0.0,0.0,0.0,734.6815999460055,350.0
701,479.00160000000005,0.0,0.0,0.0,812.3316,350.0
702,479.0015996040396,0.0,0.0,0.0,884.6816000539945,350.0
703,479.0015996040397,0.0,0.0,0.0,946.8116000539947,350.0
704,479.00160000000005,0.0,0.0,0.0,994.4916,350.0
705,474.7751995977858,0.0,0.0,0.0,1020.2351995977857,350.0
706,465.7570911061555,0.0,0.0,0.0,1027.3095906562005,350.0
707,446.6095004099276,0.0,0.0,0.0,1016.3424999599725,350.0
708,388.34120910493436,0.0,0.0,0.0,993.4293586549793,350.0
709,387.8182292820969,0.0,0.0,0.0,944.2395292820969,350.0
710,358.80833274125575,0.0,0.0,0.0,886.6808822913007,350.0
711,333.9403538384033,0.0,0.0,0.0,819.1912542883582,350.0
712,278.1872012179387,0.0,0.0,0.0,752.4484007679837,350.0
713,182.68727875089013,0.0,100.0,0.0,675.8667792008451,241.30434782608697
714,175.63570914778887,0.0,100.0,0.0,606.9817091477888,132.60869565217394
715,204.60300203223147,0.0,89.80000000000003,0.0,544.7460015822764,35.0
716,289.1948413467652,0.0,0.0,0.0,500.7543413467652,35.0
717,311.29163857517113,0.0,0.0,0.0,467.7711385751711,35.0
718,337.9384763224218,0.0,0.0,0.0,453.9174763224218,35.0
719,393.41808321552566,38.70967741935484,0.0,0.0,417.8624057961709,71.0
720,425.2327228166448,100.0,0.0,0.0,382.2037223666899,164.0
721,479.0016027915426,100.0,0.0,0.0,422.5516023415877,257.0
722,479.00159995603747,100.0,0.0,0.0,484.6815999560374,350.0
723,479.00160000000005,0.0,0.0,0.0,657.0316,350.0
724,479.0016003959604,0.0,0.0,0.0,734.6815999460055,350.0
725,479.0015996040397,0.0,0.0,0.0,812.3316000539946,350.0
726,479.0016003959604,0.0,0.0,0.0,884.6815999460055,350.0
727,479.0016003959604,0.0,0.0,0.0,946.8115999460053,350.0
728,479.0015996040396,0.0,0.0,0.0,994.4916000539945,350.0
729,474.77519920531904,0.0,0.0,0.0,1020.235199655274,350.0
730,455.6794085365498,0.0,0.0,0.0,1028.8824080865948,350.0
731,467.4548320686364,0.0,0.0,0.0,1012.9148320686363,350.0
732,412.82820309643137,0.0,0.0,0.0,989.2437035463863,350.0
733,396.32683453406014,0.0,0.0,0.0,942.7500345340601,350.0
734,372.3534219710017,0.0,0.0,0.0,884.2905724209567,350.0
735,326.8402762012419,0.0,0.0,0.0,820.4341757512868,350.0
736,284.11554615828777,0.0,0.0,0.0,751.4350461582877,350.0
737,188.20584347685877,0.0,100.0,0.0,674.9593430269038,241.30434782608697
738,179.36083124706045,0.0,100.0,0.0,606.4003316970154,132.60869565217394
739,205.356613035051,0.0,89.80000000000003,0.0,544.6356130350509,35.0
740,288.4701609474299,0.0,0.0,0.0,500.853161397385,35.0
741,332.5211984780002,0.0,0.0,0.0,464.8761984780002,35.0
742,331.2737959989891,0.0,0.0,0.0,454.82629644894405,35.0
743,373.6022426576044,38.70967741935484,0.0,0.0,420.5645656882046,71.0
744,404.40708269809255,100.0,0.0,0.0,385.04358224813757,164.0
745,457.60572228857734,100.0,0.0,0.0,425.46922228857727,257.0
746,479.0016003519979,100.0,0.0,0.0,484.6815999020429,350.0
747,479.0016003959604,0.0,0.0,0.0,657.0315999460054,350.0
748,479.0016003959605,0.0,0.0,0.0,734.6815999460055,350.0
749,479.0016003959604,0.0,0.0,0.0,812.3315999460054,350.0
750,479.0015996040396,0.0,0.0,0.0,884.6816000539945,350.0
751,479.00160000000005,0.0,0.0,0.0,946.8116,350.0
752,479.0015996040396,0.0,0.0,0.0,994.4916000539945,350.0
753,474.7751995977858,0.0,0.0,0.0,1020.2351995977857,350.0
754,470.01937824638367,0.0,0.0,0.0,1026.6443782463837,350.0
755,433.14930469583476,0.0,0.0,0.0,1018.5558051457897,350.0
756,385.00809973006835,0.0,0.0,0.0,993.9990997300681,350.0
757,373.7249183685359,0.0,0.0,0.0,946.7066683685359,350.0
758,368.07554273760877,0.0,0.0,0.0,885.0454922876537,350.0
759,330.2834695626991,0.0,0.0,0.0,819.831419112744,350.0
760,286.3291636315183,0.0,0.0,0.0,751.0566640814733,350.0
761,158.0160516662744,0.0,100.0,0.0,679.9235521162294,241.30434782608697
762,171.43180954999747,0.0,100.0,0.0,607.6378091000424,132.60869565217394
763,187.26993954818283,0.0,89.80000000000003,0.0,547.2849395481828,35.0
764,303.42708180900433,0.0,0.0,0.0,498.8135813590494,35.0
765,309.6878381865516,0.0,0.0,0.0,467.9898386365066,35.0
766,346.6940366231008,0.0,0.0,0.0,452.7235361731458,35.0
767,367.73352300559804,38.70967741935484,0.0,0.0,421.3648455862432,71.0
768,419.55408199239776,100.0,0.0,0.0,382.9780824423528,164.0
769,459.69660269499457,100.0,0.0,0.0,425.1841022450395,257.0
770,479.00159995603747,100.0,0.0,0.0,484.6815999560374,350.0
771,479.0015996040396,0.0,0.0,0.0,657.0316000539947,350.0
772,479.00160000000005,0.0,0.0,0.0,734.6816,350.0
773,479.0016003959604,0.0,0.0,0.0,812.3315999460053,350.0
774,479.0015996040396,0.0,0.0,0.0,884.6816000539945,350.0
775,479.00160000000005,0.0,0.0,0.0,946.8116,350.0
776,479.00160000000005,0.0,0.0,0.0,994.4916,350.0
777,474.7751999902524,0.0,0.0,0.0,1020.2351995402973,350.0
778,470.83680325202965,0.0,0.0,0.0,1026.5168032520296,350.0
779,452.95121077652004,0.0,0.0,0.0,1015.299711226475,350.0
780,395.6438418394587,0.0,0.0,0.0,992.1810918394586,350.0
781,364.6085555985753,0.0,0.0,0.0,948.3025555985753,350.0
782,371.4675519713503,0.0,0.0,0.0,884.4469024213053,350.0
783,327.32510356144707,0.0,0.0,0.0,820.349303111492,350.0
784,282.3434989463197,0.0,0.0,0.0,751.7379489463196,350.0
785,124.74235762935939,0.0,100.0,0.0,685.3948576293593,241.30434782608697
786,173.97750454212672,0.0,100.0,0.0,607.2405040921717,132.60869565217394
787,194.8178286790959,0.0,89.80000000000003,0.0,546.1793286790959,35.0
788,307.5969618284233,0.0,0.0,0.0,498.2449613784683,35.0
789,332.77067847685834,0.0,0.0,0.0,464.8421784768583,35.0
790,343.59335626088324,0.0,0.0,0.0,453.14635626088324,35.0
791,411.9271229708453,38.70967741935484,0.0,0.0,415.3384460014455,71.0
792,421.5855623999226,100.0,0.0,0.0,382.7010623999226,164.0
793,433.95264177432307,100.0,0.0,0.0,428.694642224278,257.0
794,479.00159995603747,100.0,0.0,0.0,484.6815999560374,350.0
795,479.00160000000005,0.0,0.0,0.0,657.0316,350.0
796,479.0015996040396,0.0,0.0,0.0,734.6816000539945,350.0
797,479.0016003959604,0.0,0.0,0.0,812.3315999460054,350.0
798,479.0016003959605,0.0,0.0,0.0,884.6815999460055,350.0
799,479.0015996040396,0.0,0.0,0.0,946.8116000539947,350.0
800,479.0016003959605,0.0,0.0,0.0,994.4915999460054,350.0
801,474.7751992053189,0.0,0.0,0.0,1020.235199655274,350.0
802,470.19454113680456,0.0,0.0,0.0,1026.6170406868496,350.0
803,432.44209376438164,0.0,0.0,0.0,1018.6720942143367,350.0
804,390.43838106722035,0.0,0.0,0.0,993.0708810672203,350.0
805,395.93621533534724,0.0,0.0,0.0,942.8184153353473,350.0
806,358.5478498588966,0.0,0.0,0.0,886.7268498588965,350.0
807,346.1173333464783,0.0,0.0,0.0,817.0595833464782,350.0
808,291.621093822106,0.0,0.0,0.0,750.1520942720609,350.0
809,278.55994979420257,0.0,0.0,0.0,676.5454497942026,350.0
810,268.3372720595652,0.0,0.0,0.0,608.1207716096102,350.0
811,176.33079953094858,0.0,89.80000000000003,0.0,548.8872990809936,252.39130434782606
812,174.73688167539558,0.0,100.0,0.0,502.7258812254406,143.69565217391303
813,231.25003808785817,0.0,100.0,0.0,465.04953853781313,35.0
814,361.9717164568432,0.0,0.0,0.0,450.6402160068881,35.0
815,360.45108255011604,38.70967741935484,0.0,0.0,422.3579055807162,71.0
816,428.7254420446067,100.0,0.0,0.0,381.7274424945617,164.0
817,436.53060257913677,100.0,0.0,0.0,428.3431021291817,257.0
818,479.00159995603747,100.0,0.0,0.0,484.6815999560374,350.0
819,479.0015996040397,0.0,0.0,0.0,657.0316000539947,350.0
820,479.00160000000005,0.0,0.0,0.0,734.6816,350.0
821,479.00160000000005,0.0,0.0,0.0,812.3316,350.0
822,479.0016003959605,0.0,0.0,0.0,884.6815999460055,350.0
823,479.0016003959604,0.0,0.0,0.0,946.8115999460053,350.0
824,479.00160000000005,0.0,0.0,0.0,994.4916,350.0
825,474.7751999902524,0.0,0.0,0.0,1020.2351995402973,350.0
826,463.3748810897017,0.0,0.0,0.0,1027.6813806397467,350.0
827,434.50575883602073,0.0,0.0,0.0,1018.3327588360207,350.0
828,417.77425552453826,0.0,0.0,0.0,988.3982559744932,350.0
829,378.0964063712097,0.0,0.0,0.0,945.9414068211647,350.0
830,370.25005523675304,0.0,0.0,0.0,884.6617547867979,350.0
831,321.44398645603644,0.0,0.0,0.0,821.3788364560364,350.0
832,323.1305605124684,0.0,0.0,0.0,744.7660609624234,350.0
833,269.064773967131,0.0,0.0,0.0,678.106773517176,350.0
834,259.42733919790186,0.0,0.0,0.0,609.5113391979019,350.0
835,192.87492430062372,0.0,89.80000000000003,0.0,546.4639243006237,252.39130434782606
836,167.20496124435942,0.0,100.0,0.0,503.7529612443595,143.69565217391303
837,212.17075896710764,0.0,100.0,0.0,467.65125851715266,35.0
838,328.44635682167916,0.0,0.0,0.0,455.21185637172414,35.0
839,359.08488253894967,38.70967741935484,0.0,0.0,422.54420556954983,71.0
840,403.96752269559033,100.0,0.0,0.0,385.10352224563536,164.0
841,417.98592209043073,100.0,0.0,0.0,430.87192209043076,257.0
842,452.9725203543868,100.0,0.0,0.0,488.23101990443183,350.0
843,479.0016003959604,0.0,0.0,0.0,657.0315999460054,350.0
844,479.0016003959605,0.0,0.0,0.0,734.6815999460055,350.0
845,479.00160000000005,0.0,0.0,0.0,812.3316,350.0
846,479.00160000000005,0.0,0.0,0.0,884.6816,350.0
847,479.0016003959604,0.0,0.0,0.0,946.8115999460055,350.0
848,479.0016003959605,0.0,0.0,0.0,994.4915999460054,350.0
849,474.7751995977858,0.0,0.0,0.0,1020.2351995977857,350.0
850,462.9895228086182,0.0,0.0,0.0,1027.7415232585731,350.0
851,392.5252542000949,0.0,0.0,0.0,1025.2357542000948,350.0
852,406.590873961807,0.0,0.0,0.0,990.3098739618069,350.0
853,383.5225669762516,0.0,0.0,0.0,944.9915169762515,350.0
854,361.9524819750949,0.0,0.0,0.0,886.1260324250499,350.0
855,304.4279251517569,0.0,0.0,0.0,824.3576247018018,350.0
856,295.9526366818094,0.0,0.0,0.0,749.4116871317643,350.0
857,241.52992192377826,0.0,0.0,0.0,682.6344219237783,350.0
858,290.699684101214,0.0,0.0,0.0,604.630684101214,350.0
859,212.221541838986,0.0,89.80000000000003,0.0,543.630041838986,252.39130434782606
860,186.0585209361991,0.0,100.0,0.0,501.18202138615413,143.69565217391303
861,216.1149189490547,0.0,100.0,0.0,467.1134184990997,35.0
862,325.35755645933233,0.0,0.0,0.0,455.6330564593323,35.0
863,399.4531236608124,38.70967741935484,0.0,0.0,417.03944579150254,71.0
864,427.4186420371676,100.0,0.0,0.0,381.90564248712263,164.0
865,479.00160239558227,100.0,0.0,0.0,422.5516023955822,257.0
866,472.17059995666443,100.0,0.0,0.0,485.6130999566644,350.0
867,479.0015996040396,0.0,0.0,0.0,657.0316000539947,350.0
868,479.0016003959605,0.0,0.0,0.0,734.6815999460055,350.0
869,479.0015996040397,0.0,0.0,0.0,812.3316000539946,350.0
870,479.00160000000005,0.0,0.0,0.0,884.6816,350.0
871,479.00160000000005,0.0,0.0,0.0,946.8116,350.0
872,479.0016003959605,0.0,0.0,0.0,994.4915999460054,350.0
873,474.7751995977858,0.0,0.0,0.0,1020.2351995977857,350.0
874,470.83680325202965,0.0,0.0,0.0,1026.5168032520296,350.0
875,433.1493054686657,0.0,0.0,0.0,1018.5558050187105,350.0
876,409.26566183702573,0.0,0.0,0.0,989.8526622869807,350.0
877,362.919702387062,0.0,0.0,0.0,948.598201937107,350.0
878,360.7349848580358,0.0,0.0,0.0,886.3408848580358,350.0
879,333.3486810210746,0.0,0.0,0.0,819.2948310210745,350.0
880,292.39355498883685,0.0,0.0,0.0,750.0200545388818,350.0
881,182.849590228225,0.0,100.0,0.0,675.84008977827,241.30434782608697
882,177.6792720306816,0.0,100.0,0.0,606.6627715807266,132.60869565217394
883,184.0199907984778,0.0,89.80000000000003,0.0,547.7609903485228,35.0
884,287.7336013399603,0.0,0.0,0.0,500.9536013399603,35.0
885,326.74751890038766,0.0,0.0,0.0,465.66351845043266,35.0
886,343.9853962566169,0.0,0.0,0.0,453.0928962566169,35.0
887,402.14988289093293,38.70967741935484,0.0,0.0,416.67170592153315,71.0
888,442.01916212028266,100.0,0.0,0.0,379.91466257023774,164.0
889,444.12192222114203,100.0,0.0,0.0,427.307922221142,257.0
890,479.001599560077,100.0,0.0,0.0,484.68160001003207,350.0
891,479.0015996040397,0.0,0.0,0.0,657.0316000539947,350.0
892,479.0015996040396,0.0,0.0,0.0,734.6816000539945,350.0
893,479.00160000000005,0.0,0.0,0.0,812.3316,350.0
894,479.0015996040396,0.0,0.0,0.0,884.6816000539947,350.0
895,479.0016003959604,0.0,0.0,0.0,946.8115999460053,350.0
896,479.00160000000005,0.0,0.0,0.0,994.4916,350.0
897,474.7751999902523,0.0,0.0,0.0,1020.2351995402973,350.0
898,470.83680364124075,0.0,0.0,0.0,1026.5168031912858,350.0
899,432.3841256552462,0.0,0.0,0.0,1018.6816261052011,350.0
900,415.0994676493194,0.0,0.0,0.0,988.8554676493194,350.0
901,363.54009758501775,0.0,0.0,0.0,948.4895971350627,350.0
902,363.71389485686336,0.0,0.0,0.0,885.8151948568634,350.0
903,336.1301198851734,0.0,0.0,0.0,818.8079194352183,350.0
904,288.5301000719175,0.0,0.0,0.0,750.6804496219625,350.0
905,164.97222471644795,0.0,100.0,0.0,678.779725166403,241.30434782608697
906,158.70333458935147,0.0,100.0,0.0,609.6243341393964,132.60869565217394
907,152.69801678942946,0.0,89.80000000000003,0.0,552.3490167894295,35.0
908,280.09476130438657,0.0,0.0,0.0,501.9952613043866,35.0
909,316.091158553203,0.0,0.0,0.0,467.116658553203,35.0
910,363.86063643628717,0.0,0.0,0.0,450.38263598633216,35.0
911,327.81672267934584,38.70967741935484,0.0,0.0,426.80804525999105,71.0
912,398.5740022689267,100.0,0.0,0.0,385.8390022689267,164.0
913,464.22288192571057,100.0,0.0,0.0,424.5668823756656,257.0
914,468.17891995703076,100.0,0.0,0.0,486.1574199570308,350.0
915,479.0016003959604,0.0,0.0,0.0,657.0315999460054,350.0
916,479.0016003959604,0.0,0.0,0.0,734.6815999460055,350.0
917,479.0016003959604,0.0,0.0,0.0,812.3315999460053,350.0
918,479.0016003959604,0.0,0.0,0.0,884.6815999460055,350.0
919,479.0015996040397,0.0,0.0,0.0,946.8116000539947,350.0
920,479.0016003959605,0.0,0.0,0.0,994.4915999460054,350.0
921,474.7751992053189,0.0,0.0,0.0,1020.235199655274,350.0
922,460.71241029289024,0.0,0.0,0.0,1028.0969107428452,350.0
923,453.4497365150853,0.0,0.0,0.0,1015.2177369650402,350.0
924,401.90192441015404,0.0,0.0,0.0,991.111373960199,350.0
925,368.9559171213285,0.0,0.0,0.0,947.5415175712835,350.0
926,357.00101947704366,0.0,0.0,0.0,886.9998199269985,350.0
927,319.9768663124938,0.0,0.0,0.0,821.6356667624487,350.0
928,298.6654714832152,0.0,0.0,0.0,748.9479719331702,350.0
929,165.86493436405112,0.0,100.0,0.0,678.6329339140962,241.30434782608697
930,153.55355710527357,0.0,100.0,0.0,610.4280566553185,132.60869565217394
931,211.23242688267288,0.0,89.80000000000003,0.0,543.7749268826728,35.0
932,278.18208129547935,0.0,0.0,0.0,502.25608129547936,35.0
933,328.69583849550946,0.0,0.0,0.0,465.39783849550946,35.0
934,328.19687603247337,0.0,0.0,0.0,455.2458764824283,35.0
935,352.06380248156427,38.70967741935484,0.0,0.0,423.50162551216437,71.0
936,449.2065629531186,100.0,0.0,0.0,378.9345625031636,164.0
937,479.0016019996219,100.0,0.0,0.0,422.5516024495769,257.0
938,479.001599560077,100.0,0.0,0.0,484.68160001003207,350.0
939,479.0015996040397,0.0,0.0,0.0,657.0316000539947,350.0
940,479.0015996040396,0.0,0.0,0.0,734.6816000539945,350.0
941,479.0016003959604,0.0,0.0,0.0,812.3315999460054,350.0
942,479.0015996040396,0.0,0.0,0.0,884.6816000539945,350.0
943,479.0016003959604,0.0,0.0,0.0,946.8115999460053,350.0
944,479.0015996040396,0.0,0.0,0.0,994.4916000539946,350.0
945,474.7751995977858,0.0,0.0,0.0,1020.2351995977857,350.0
946,470.83680364124064,0.0,0.0,0.0,1026.5168031912856,350.0
947,453.2410517086129,0.0,0.0,0.0,1015.2520517086128,350.0
948,420.8295101239605,0.0,0.0,0.0,987.8760096740054,350.0
949,374.7416775481072,0.0,0.0,0.0,946.5286770981522,350.0
950,360.1210723582774,0.0,0.0,0.0,886.4492223582773,350.0
951,322.78932493660574,0.0,0.0,0.0,821.1433249366057,350.0
952,304.0265772318498,0.0,0.0,0.0,748.0315776818048,350.0
953,152.6447270957807,0.0,100.0,0.0,680.8067770957807,241.30434782608697
954,175.20364125991352,0.0,100.0,0.0,607.0491417098685,132.60869565217394
955,184.80892733545136,0.0,89.80000000000003,0.0,547.6454273354514,35.0
956,256.92876119650373,0.0,0.0,0.0,505.15426119650374,35.0
957,325.21499851144176,0.0,0.0,0.0,465.8724985114418,35.0
958,361.2945560682519,0.0,0.0,0.0,450.7325560682519,35.0
959,370.8579634270954,38.70967741935484,0.0,0.0,420.9387855577856,71.0
960,411.79644194823646,100.0,0.0,0.0,384.03594239819154,164.0
961,455.38416188150643,100.0,0.0,0.0,425.77216233146135,257.0
962,474.3683999564628,100.0,0.0,0.0,485.3133999564627,350.0
963,479.00160000000005,0.0,0.0,0.0,657.0316,350.0
964,479.00160000000005,0.0,0.0,0.0,734.6816,350.0
965,479.0016003959604,0.0,0.0,0.0,812.3315999460053,350.0
966,479.0016003959605,0.0,0.0,0.0,884.6815999460055,350.0
967,479.00160000000005,0.0,0.0,0.0,946.8116,350.0
968,479.0015996040396,0.0,0.0,0.0,994.4916000539945,350.0
969,474.7751995977858,0.0,0.0,0.0,1020.2351995977857,350.0
970,470.83680286281856,0.0,0.0,0.0,1026.5168033127736,350.0
971,457.75097098577,0.0,0.0,0.0,1014.5104705358149,350.0
972,401.1721215001237,0.0,0.0,0.0,991.2361219500787,350.0
973,390.3974652565198,0.0,0.0,0.0,943.7880148065648,350.0
974,344.0698427470559,0.0,0.0,0.0,889.2817922971009,350.0
975,328.07072668176255,0.0,0.0,0.0,820.2187762318075,350.0
976,303.876697624622,0.0,0.0,0.0,748.057197174667,350.0
977,257.01900019574947,0.0,0.0,0.0,680.0875006457045,350.0
978,260.8403170827443,0.0,0.0,0.0,609.2908166327893,350.0
979,210.79674568723982,0.0,89.80000000000003,0.0,543.8387452372848,252.39130434782606
980,194.03000176524267,0.0,100.0,0.0,500.0950013152877,143.69565217391303
981,202.48855901142457,0.0,100.0,0.0,468.9715585614696,35.0
982,328.20875603234407,0.0,0.0,0.0,455.244256482299,35.0
983,377.36820348030557,38.70967741935484,0.0,0.0,420.05102561099574,71.0
984,394.04772263912076,100.0,0.0,0.0,386.45622218916577,164.0
985,458.7105618981424,100.0,0.0,0.0,425.3185623480973,257.0
986,479.0016003519979,100.0,0.0,0.0,484.6815999020429,350.0
987,479.0015996040397,0.0,0.0,0.0,657.0316000539947,350.0
988,479.00160000000005,0.0,0.0,0.0,734.6816,350.0
989,479.00160000000005,0.0,0.0,0.0,812.3316,350.0
990,479.00160000000005,0.0,0.0,0.0,884.6816,350.0
991,479.00160000000005,0.0,0.0,0.0,946.8116,350.0
992,479.00160000000005,0.0,0.0,0.0,994.4916,350.0
993,474.7751999902524,0.0,0.0,0.0,1020.2351995402973,350.0
994,470.0660878574953,0.0,0.0,0.0,1026.6370883074503,350.0
995,439.42145449071074,0.0,0.0,0.0,1017.5244544907107,350.0
996,411.2025782417479,0.0,0.0,0.0,989.5215777917929,350.0
997,374.10979278434615,0.0,0.0,0.0,946.639293234301,350.0
998,357.0710177419395,0.0,0.0,0.0,886.9874672919844,350.0
999,336.91020902258185,0.0,0.0,0.0,818.6713590225818,350.0
1000,301.24802641883986,0.0,0.0,0.0,748.5065259688848,350.0
1001,284.0785141337556,0.0,0.0,0.0,675.6380136838006,350.0
1002,242.49496463946446,0.0,0.0,0.0,612.1539641895095,350.0
1003,207.68809868168432,0.0,89.80000000000003,0.0,544.2940982317293,252.39130434782606
1004,210.25808184081598,0.0,100.0,0.0,497.882081390861,143.69565217391303
1005,222.37567852443783,0.0,100.0,0.0,466.2596785244378,35.0
1006,344.0447958600101,0.0,0.0,0.0,453.08479630996504,35.0
1007,384.1041635353606,38.70967741935484,0.0,0.0,419.1324856660508,71.0
1008,404.71596269985093,100.0,0.0,0.0,385.0014622498959,164.0
1009,441.28260181098165,100.0,0.0,0.0,427.69510226093666,257.0
1010,479.00159995603747,100.0,0.0,0.0,484.6815999560374,350.0
1011,479.0016003959604,0.0,0.0,0.0,657.0315999460054,350.0
1012,479.0015996040396,0.0,0.0,0.0,734.6816000539947,350.0
1013,479.0016003959604,0.0,0.0,0.0,812.3315999460053,350.0
1014,479.0016003959605,0.0,0.0,0.0,884.6815999460055,350.0
1015,479.0016003959604,0.0,0.0,0.0,946.8115999460053,350.0
1016,479.00160000000005,0.0,0.0,0.0,994.4916,350.0
1017,474.77519920531904,0.0,0.0,0.0,1020.235199655274,350.0
1018,470.83680325202965,0.0,0.0,0.0,1026.5168032520296,350.0
1019,420.3267597278939,0.0,0.0,0.0,1020.6642592779389,350.0
1020,421.0139778955171,0.0,0.0,0.0,987.844477895517,350.0
1021,378.19750819379817,0.0,0.0,0.0,945.9237081937982,350.0
1022,381.24195734996545,0.0,0.0,0.0,882.7220073499655,350.0
1023,313.6442405156573,0.0,0.0,0.0,822.7442400657022,350.0
1024,274.7318820934961,0.0,0.0,0.0,753.0390316435411,350.0
1025,246.37605620181466,0.0,0.0,0.0,681.8375557518597,350.0
1026,291.143429099842,0.0,0.0,0.0,604.561429099842,350.0
1027,170.54918671527076,0.0,89.80000000000003,0.0,549.7341867152708,252.39130434782606
1028,197.1544413838326,0.0,100.0,0.0,499.66894138383265,143.69565217391303
1029,193.7923982593074,0.0,100.0,0.0,470.1573987092624,35.0
1030,301.7401171123069,0.0,0.0,0.0,458.8536166623519,35.0
1031,341.3005223935927,38.70967741935484,0.0,0.0,424.96934542419285,71.0
1032,421.6449624002607,100.0,0.0,0.0,382.69296240026074,164.0
1033,458.52048189719176,100.0,0.0,0.0,425.3444823471467,257.0
1034,479.0016003519979,100.0,0.0,0.0,484.6815999020429,350.0
1035,479.00160000000005,0.0,0.0,0.0,657.0316,350.0
1036,479.00160000000005,0.0,0.0,0.0,734.6816,350.0
1037,479.0016003959604,0.0,0.0,0.0,812.3315999460053,350.0
1038,479.00160000000005,0.0,0.0,0.0,884.6816,350.0
1039,479.0015996040397,0.0,0.0,0.0,946.8116000539947,350.0
1040,479.0016003959605,0.0,0.0,0.0,994.4915999460054,350.0
1041,474.7751995977858,0.0,0.0,0.0,1020.2351995977857,350.0
1042,430.2458125824601,0.0,0.0,0.0,1032.851813032415,350.0
1043,445.03276784144225,0.0,0.0,0.0,1016.6017673914871,350.0
1044,421.2330342148317,0.0,0.0,0.0,987.8070337648767,350.0
1045,390.297512696849,0.0,0.0,0.0,943.8055122468941,350.0
1046,360.487125240595,0.0,0.0,0.0,886.38462479064,350.0
1047,338.1061927201663,0.0,0.0,0.0,818.4619931701212,350.0
1048,300.48709451178354,0.0,0.0,0.0,748.6365949617385,350.0
1049,191.48683843219055,0.0,100.0,0.0,674.4198379822355,241.30434782608697
1050,179.94470663446623,0.0,100.0,0.0,606.3092066344662,132.60869565217394
1051,208.08845473543005,0.0,89.80000000000003,0.0,544.235454285475,35.0
1052,294.2794809744837,0.0,0.0,0.0,500.0609814244387,35.0
1053,303.01127861307157,0.0,0.0,0.0,468.9002786130716,35.0
1054,324.08639647316556,0.0,0.0,0.0,455.80639647316553,35.0
1055,395.62776362954656,38.70967741935484,0.0,0.0,417.5610857602367,71.0
1056,423.2844020136331,100.0,0.0,0.0,382.46940246358804,164.0
1057,458.6155226895878,100.0,0.0,0.0,425.3315222396328,257.0
1058,465.268319957298,100.0,0.0,0.0,486.55431995729793,350.0
1059,479.0016003959604,0.0,0.0,0.0,657.0315999460054,350.0
1060,479.00160000000005,0.0,0.0,0.0,734.6816,350.0
1061,479.0016003959604,0.0,0.0,0.0,812.3315999460054,350.0
1062,479.00160000000005,0.0,0.0,0.0,884.6816,350.0
1063,479.0016003959604,0.0,0.0,0.0,946.8115999460053,350.0
1064,479.0016003959604,0.0,0.0,0.0,994.4915999460054,350.0
1065,474.7751995977858,0.0,0.0,0.0,1020.2351995977857,350.0
1066,470.8368028628187,0.0,0.0,0.0,1026.5168033127736,350.0
1067,436.9404194197116,0.0,0.0,0.0,1017.9324194197116,350.0
1068,421.69420422012854,0.0,0.0,0.0,987.7282042201284,350.0
1069,392.6527166890886,0.0,0.0,0.0,943.3932162391335,350.0
1070,372.4957119709457,0.0,0.0,0.0,884.2654624209007,350.0
1071,316.9415261170527,0.0,0.0,0.0,822.1670256670976,350.0
1072,293.83817122604955,0.0,0.0,0.0,749.7731207760945,350.0
1073,162.58393863588833,0.0,100.0,0.0,679.1724390858434,241.30434782608697
1074,186.5892041139228,0.0,100.0,0.0,605.2722041139227,132.60869565217394
1075,195.91291984540442,0.0,89.80000000000003,0.0,546.0189202953594,35.0
1076,290.7986409582736,0.0,0.0,0.0,500.5356414082286,35.0
1077,323.0884781252148,0.0,0.0,0.0,466.1624785751698,35.0
1078,367.4840356049352,0.0,0.0,0.0,449.8885360548901,35.0
1079,400.87872288054336,38.70967741935484,0.0,0.0,416.8450459111436,71.0
1080,440.34408250670754,100.0,0.0,0.0,380.1430825067075,164.0
1081,441.42516260361543,100.0,0.0,0.0,427.67566215366037,257.0
1082,479.0016003519979,100.0,0.0,0.0,484.6815999020429,350.0
1083,479.0015996040396,0.0,0.0,0.0,657.0316000539947,350.0
1084,479.0015996040396,0.0,0.0,0.0,734.6816000539945,350.0
1085,479.0015996040396,0.0,0.0,0.0,812.3316000539946,350.0
1086,479.00160000000005,0.0,0.0,0.0,884.6816,350.0
1087,479.00160000000005,0.0,0.0,0.0,946.8116,350.0
1088,479.0015996040396,0.0,0.0,0.0,994.4916000539945,350.0
1089,465.83783867717614,0.0,0.0,0.0,1021.5443391271311,350.0
1090,459.5213060630855,0.0,0.0,0.0,1028.2828056131304,350.0
1091,439.2127692978229,0.0,0.0,0.0,1017.5587692978229,350.0
1092,422.20149164865234,0.0,0.0,0.0,987.6414916486523,350.0
1093,363.85489070398046,0.0,0.0,0.0,948.4344902540254,350.0
1094,354.6245473604404,0.0,0.0,0.0,887.4191973604404,350.0
1095,329.4677647623538,0.0,0.0,0.0,819.9742143123988,350.0
1096,289.2783486405213,0.0,0.0,0.0,750.5525486405213,350.0
1097,172.39214340946398,0.0,100.0,0.0,677.559642959509,241.30434782608697
1098,150.51740711466073,0.0,100.0,0.0,610.9019066647057,132.60869565217394
1099,179.1686170488564,0.0,89.80000000000003,0.0,548.4716170488564,35.0
1100,305.5773618190181,0.0,0.0,0.0,498.52036136906315,35.0
1101,322.56575852356775,0.0,0.0,0.0,466.23375852356776,35.0
1102,342.5835562718723,0.0,0.0,0.0,453.28405627187226,35.0
1103,372.0340830407478,38.70967741935484,0.0,0.0,420.77840562139295,71.0
1104,404.8347619086063,100.0,0.0,0.0,384.9852623585614,164.0
1105,469.3788023474567,100.0,0.0,0.0,423.8638023474567,257.0
1106,479.00159995603747,100.0,0.0,0.0,484.6815999560374,350.0
1107,479.0016003959604,0.0,0.0,0.0,657.0315999460054,350.0
1108,479.0015996040396,0.0,0.0,0.0,734.6816000539945,350.0
1109,479.0016003959604,0.0,0.0,0.0,812.3315999460053,350.0
1110,479.0015996040396,0.0,0.0,0.0,884.6816000539947,350.0
1111,479.0015996040397,0.0,0.0,0.0,946.8116000539947,350.0
1112,479.0016003959605,0.0,0.0,0.0,994.4915999460054,350.0
1113,474.7751999902524,0.0,0.0,0.0,1020.2351995402973,350.0
1114,470.83680325202965,0.0,0.0,0.0,1026.5168032520296,350.0
1115,420.23400998044633,0.0,0.0,0.0,1020.6795104304013,350.0
1116,414.8458243193278,0.0,0.0,0.0,988.8988238693727,350.0
1117,381.84175592471183,0.0,0.0,0.0,945.2857554747568,350.0
1118,350.4407619796251,0.0,0.0,0.0,888.1575124295802,350.0
1119,338.4129444461394,0.0,0.0,0.0,818.4082939961844,350.0
1120,305.7133079222267,0.0,0.0,0.0,747.7432583721817,350.0
1121,171.85883680895068,0.0,100.0,0.0,677.6473363589957,241.30434782608697
1122,192.22943659648428,0.0,100.0,0.0,604.3919365964842,132.60869565217394
1123,192.48634381739595,0.0,89.80000000000003,0.0,546.520843367441,35.0
1124,285.65460093431807,0.0,0.0,0.0,501.2371013842731,35.0
1125,336.8098788543307,0.0,0.0,0.0,464.2913784043757,35.0
1126,333.19835676996604,0.0,0.0,0.0,454.56385632001104,35.0
1127,343.53396320376805,38.70967741935484,0.0,0.0,424.6647853344582,71.0
1128,423.2368820133625,100.0,0.0,0.0,382.4758824633175,164.0
1129,444.8822418289842,100.0,0.0,0.0,427.2042422789392,257.0
1130,458.5917603538711,100.0,0.0,0.0,487.46475990391605,350.0
1131,479.0015996040397,0.0,0.0,0.0,657.0316000539947,350.0
1132,479.0016003959605,0.0,0.0,0.0,734.6815999460055,350.0
1133,479.00160000000005,0.0,0.0,0.0,812.3316,350.0
1134,479.0015996040396,0.0,0.0,0.0,884.6816000539945,350.0
1135,479.0016003959604,0.0,0.0,0.0,946.8115999460053,350.0
1136,479.0015996040396,0.0,0.0,0.0,994.4916000539946,350.0
1137,474.7751995977858,0.0,0.0,0.0,1020.2351995977857,350.0
1138,470.83680364124064,0.0,0.0,0.0,1026.5168031912856,350.0
1139,435.75787037976284,0.0,0.0,0.0,1018.1268699298078,350.0
1140,412.8870027053714,0.0,0.0,0.0,989.2336527053714,350.0
1141,395.0952351781184,0.0,0.0,0.0,942.9656351781184,350.0
1142,369.5523752370274,0.0,0.0,0.0,884.7848747870725,350.0
1143,322.5561026794288,0.0,0.0,0.0,821.1841522294737,350.0
1144,291.0792190016756,0.0,0.0,0.0,750.2447190016755,350.0
1145,247.19920295966978,0.0,0.0,0.0,681.7022029596698,350.0
1146,251.4983167224168,0.0,0.0,0.0,610.7488167224168,350.0
1147,200.77606877307716,0.0,89.80000000000003,0.0,545.3065687730772,252.39130434782606
1148,173.4300816693099,0.0,100.0,0.0,502.90408121935496,143.69565217391303
1149,188.61271828301562,0.0,100.0,0.0,470.8637187329706,35.0
1150,335.49119634905406,0.0,0.0,0.0,454.25119634905406,35.0
1151,364.0626025796341,38.70967741935484,0.0,0.0,421.86542561023424,71.0
1152,435.9009628773749,100.0,0.0,0.0,380.74896242742,164.0
1153,468.09576234104,100.0,0.0,0.0,424.03876234103996,257.0
1154,472.9903203525496,100.0,0.0,0.0,485.50131990259456,350.0
1155,479.0016003959604,0.0,0.0,0.0,657.0315999460054,350.0
1156,479.0016003959605,0.0,0.0,0.0,734.6815999460055,350.0
1157,479.00160000000005,0.0,0.0,0.0,812.3316,350.0
1158,479.0016003959605,0.0,0.0,0.0,884.6815999460055,350.0
1159,479.0015996040397,0.0,0.0,0.0,946.8116000539947,350.0
1160,479.00160000000005,0.0,0.0,0.0,994.4916,350.0
1161,474.77519920531904,0.0,0.0,0.0,1020.235199655274,350.0
1162,470.83680286281856,0.0,0.0,0.0,1026.5168033127736,350.0
1163,429.7175934078442,0.0,0.0,0.0,1019.1200929578891,350.0
1164,431.55172091285453,0.0,0.0,0.0,986.0432213628094,350.0
1165,372.64726893208694,0.0,0.0,0.0,946.8953189320869,350.0
1166,353.1947623610031,0.0,0.0,0.0,887.6715123610031,350.0
1167,355.5898489504871,0.0,0.0,0.0,815.4013489504871,350.0
1168,278.54345495761,0.0,0.0,0.0,752.38750495761,350.0
1169,267.6155712483448,0.0,0.0,0.0,678.3450707983898,350.0
1170,260.5367013052609,0.0,0.0,0.0,609.3382017552159,350.0
1171,184.67940076935326,0.0,89.80000000000003,0.0,547.6644003193983,252.39130434782606
1172,150.0146007683445,0.0,100.0,0.0,506.0971012182995,143.69565217391303
1173,211.6955585733224,0.0,100.0,0.0,467.71605857332236,35.0
1174,327.1276764400692,0.0,0.0,0.0,455.39167644006915,35.0
1175,390.9114035909983,38.70967741935484,0.0,0.0,418.20422572168843,71.0
1176,406.9018823163341,100.0,0.0,0.0,384.7033823163341,164.0
1177,453.38832226748525,100.0,0.0,0.0,426.0443222674852,257.0
1178,479.0016003519978,100.0,0.0,0.0,484.6815999020429,350.0
1179,479.0016003959604,0.0,0.0,0.0,657.0315999460054,350.0
1180,479.0016003959605,0.0,0.0,0.0,734.6815999460055,350.0
1181,479.00160000000005,0.0,0.0,0.0,812.3316,350.0
1182,479.00160000000005,0.0,0.0,0.0,884.6816,350.0
1183,479.0016003959604,0.0,0.0,0.0,946.8115999460053,350.0
1184,479.00160000000005,0.0,0.0,0.0,994.4916,350.0
1185,474.7751999902524,0.0,0.0,0.0,1020.2351995402973,350.0
1186,427.5599875639093,0.0,0.0,0.0,1033.2709880138643,350.0
1187,467.4548320686364,0.0,0.0,0.0,1012.9148320686363,350.0
1188,398.4858043651658,0.0,0.0,0.0,991.6953043651657,350.0
1189,394.6104074367944,0.0,0.0,0.0,943.0505078867493,350.0
1190,375.19004273480886,0.0,0.0,0.0,883.7899922848538,350.0
1191,344.47213680286035,0.0,0.0,0.0,817.3475872528153,350.0
1192,285.6085849018631,0.0,0.0,0.0,751.179835351818,350.0
1193,277.052778966665,0.0,0.0,0.0,676.793278966665,350.0
1194,258.03771670219834,0.0,0.0,0.0,609.7282167021983,350.0
1195,154.94707618970335,0.0,89.80000000000003,0.0,552.0195757397483,252.39130434782606
1196,225.0605619097504,0.0,100.0,0.0,495.8635614597954,143.69565217391303
1197,217.9800781485967,0.0,100.0,0.0,466.8590785985517,35.0
1198,378.9363562722274,0.0,0.0,0.0,448.3268558222723,35.0
1199,398.51460325718114,38.70967741935484,0.0,0.0,417.16742583782633,71.0
1200,422.76168240661775,100.0,0.0,0.0,382.54068240661775,164.0
1201,479.0016027915426,100.0,0.0,0.0,422.5516023415877,257.0
1202,479.00159995603747,100.0,0.0,0.0,484.6815999560374,350.0
1203,479.0016003959604,0.0,0.0,0.0,657.0315999460054,350.0
1204,479.00160000000005,0.0,0.0,0.0,734.6816,350.0
1205,479.0016003959604,0.0,0.0,0.0,812.3315999460054,350.0
1206,479.00160000000005,0.0,0.0,0.0,884.6816,350.0
1207,479.00160000000005,0.0,0.0,0.0,946.8116,350.0
1208,479.0015996040396,0.0,0.0,0.0,994.4916000539945,350.0
1209,474.7751992053189,0.0,0.0,0.0,1020.235199655274,350.0
1210,469.4588586317234,0.0,0.0,0.0,1026.7318581817683,350.0
1211,440.77790863089683,0.0,0.0,0.0,1017.3014081809417,350.0
1212,426.95154627692295,0.0,0.0,0.0,986.8295467268779,350.0
1213,389.6047372932885,0.0,0.0,0.0,943.9267877432435,350.0
1214,370.6161069716853,0.0,0.0,0.0,884.5971574216403,350.0
1215,305.8709176665242,0.0,0.0,0.0,824.1050181164791,350.0
1216,291.47121383060795,0.0,0.0,0.0,750.1777138306079,350.0
1217,158.34067346169786,0.0,100.0,0.0,679.8701734616978,241.30434782608697
1218,156.19267170790278,0.0,100.0,0.0,610.0161717079028,132.60869565217394
1219,171.80913076676484,0.0,89.80000000000003,0.0,549.5496307667648,35.0
1220,287.63856173547805,0.0,0.0,0.0,500.9665612855231,35.0
1221,322.6607985231328,0.0,0.0,0.0,466.22079852313277,35.0
1222,350.3887165828939,0.0,0.0,0.0,452.21971613293886,35.0
1223,365.690162988897,38.70967741935484,0.0,0.0,421.6434855695422,71.0
1224,419.5778423884934,100.0,0.0,0.0,382.9748423884934,164.0
1225,438.229442587633,100.0,0.0,0.0,428.11144213767795,257.0
1226,475.1881199563876,100.0,0.0,0.0,485.2016199563875,350.0
1227,479.0015996040397,0.0,0.0,0.0,657.0316000539947,350.0
1228,479.0015996040396,0.0,0.0,0.0,734.6816000539947,350.0
1229,479.0016003959604,0.0,0.0,0.0,812.3315999460053,350.0
1230,479.0015996040396,0.0,0.0,0.0,884.6816000539945,350.0
1231,479.00160000000005,0.0,0.0,0.0,946.8116,350.0
1232,479.0016003959605,0.0,0.0,0.0,994.4915999460054,350.0
1233,474.7751999902523,0.0,0.0,0.0,1020.2351995402973,350.0
1234,470.83680364124064,0.0,0.0,0.0,1026.5168031912856,350.0
1235,435.50281031315126,0.0,0.0,0.0,1018.1688103131512,350.0
1236,393.3322252617538,0.0,0.0,0.0,992.5762252617537,350.0
1237,379.818577485535,0.0,0.0,0.0,945.6399279354899,350.0
1238,355.49894197763456,0.0,0.0,0.0,887.2648924275895,350.0
1239,329.01740303631976,0.0,0.0,0.0,820.0530534862747,350.0
1240,277.32481221001717,0.0,0.0,0.0,752.5958122100171,350.0
1241,182.28150237604547,0.0,100.0,0.0,675.9335023760455,241.30434782608697
1242,162.17155168941736,0.0,100.0,0.0,609.0830516894173,132.60869565217394
1243,193.29883071047215,0.0,89.80000000000003,0.0,546.4018307104722,35.0
1244,301.09860100623996,0.0,0.0,0.0,499.131101456195,35.0
1245,310.0679989767324,0.0,0.0,0.0,467.93799852677733,35.0
1246,358.55027649407657,0.0,0.0,0.0,451.1067760441216,35.0
1247,401.21136288326215,38.70967741935484,0.0,0.0,416.79968591386233,71.0
1248,419.9223623904546,100.0,0.0,0.0,382.9278623904546,164.0
1249,450.501482649008,100.0,0.0,0.0,426.43798219905295,257.0
1250,479.00159995603747,100.0,0.0,0.0,484.6815999560374,350.0
1251,479.00160000000005,0.0,0.0,0.0,657.0316,350.0
1252,479.0015996040396,0.0,0.0,0.0,734.6816000539947,350.0
1253,479.0015996040397,0.0,0.0,0.0,812.3316000539946,350.0
1254,479.0015996040396,0.0,0.0,0.0,884.6816000539947,350.0
1255,479.00160000000005,0.0,0.0,0.0,946.8116,350.0
1256,479.0016003959604,0.0,0.0,0.0,994.4915999460054,350.0
1257,474.77519920531904,0.0,0.0,0.0,1020.235199655274,350.0
1258,470.8368028628187,0.0,0.0,0.0,1026.5168033127736,350.0
1259,442.9459159125644,0.0,0.0,0.0,1016.9449154626093,350.0
1260,426.83625406380133,0.0,0.0,0.0,986.8492540638013,350.0
1261,381.89919992452246,0.0,0.0,0.0,945.2756994745674,350.0
1262,365.1792523562867,0.0,0.0,0.0,885.5566023562867,350.0
1263,316.9989697341553,0.0,0.0,0.0,822.1569697341553,350.0
1264,291.54038938865483,0.0,0.0,0.0,750.1658893886548,350.0
1265,194.8026142527733,0.0,100.0,0.0,673.8746138028183,241.30434782608697
1266,165.3011212905302,0.0,100.0,0.0,608.5946217404852,132.60869565217394
1267,158.52672992484605,0.0,89.80000000000003,0.0,551.4952299248461,35.0
1268,291.59460096198035,0.0,0.0,0.0,500.4271014119354,35.0
1269,324.75167811760207,0.0,0.0,0.0,465.9356785675571,35.0
1270,350.62631618434784,0.0,0.0,0.0,452.1873161843478,35.0
1271,392.0518836003197,38.70967741935484,0.0,0.0,418.04870573100993,71.0
1272,416.2870827657208,100.0,0.0,0.0,383.4235823157658,164.0
1273,437.0889621859689,100.0,0.0,0.0,428.26696218596885,257.0
1274,479.00159995603747,100.0,0.0,0.0,484.6815999560374,350.0
1275,479.00160000000005,0.0,0.0,0.0,657.0316,350.0
1276,479.0015996040396,0.0,0.0,0.0,734.6816000539945,350.0
1277,479.00160000000005,0.0,0.0,0.0,812.3316,350.0
1278,479.00160000000005,0.0,0.0,0.0,884.6816,350.0
1279,479.0015996040397,0.0,0.0,0.0,946.8116000539947,350.0
1280,479.0015996040396,0.0,0.0,0.0,994.4916000539945,350.0
1281,474.7751999902524,0.0,0.0,0.0,1020.2351995402973,350.0
1282,470.83680364124064,0.0,0.0,0.0,1026.5168031912856,350.0
1283,428.8480709979809,0.0,0.0,0.0,1019.2630714479359,350.0
1284,414.4422998441863,0.0,0.0,0.0,988.9677998441863,350.0
1285,372.983890388056,0.0,0.0,0.0,946.836390838011,350.0
1286,369.76580947202,0.0,0.0,0.0,884.747209921975,350.0
1287,342.21688536190584,0.0,0.0,0.0,817.7423858118608,350.0
1288,297.2704310626028,0.0,0.0,0.0,749.1864315125578,350.0
1289,157.23927900900503,0.0,100.0,0.0,680.05127945896,241.30434782608697
1290,163.51446418526535,0.0,100.0,0.0,608.8734641852653,132.60869565217394
1291,191.17929905369647,0.0,89.80000000000003,0.0,546.7122986037415,35.0
1292,312.87168106106657,0.0,0.0,0.0,497.5256815110216,35.0
1293,318.5146789380706,0.0,0.0,0.0,466.7861784881156,35.0
1294,336.95243593719186,0.0,0.0,0.0,454.0519363871469,35.0
1295,396.6613232420337,38.70967741935484,0.0,0.0,417.4201458226789,71.0
1296,410.3708423360815,100.0,0.0,0.0,384.23034233608155,164.0
1297,479.00160239558227,100.0,0.0,0.0,422.5516023955822,257.0
1298,479.0016003519979,100.0,0.0,0.0,484.6815999020429,350.0
1299,479.00160000000005,0.0,0.0,0.0,657.0316,350.0
1300,479.0015996040396,0.0,0.0,0.0,734.6816000539947,350.0
1301,479.0015996040396,0.0,0.0,0.0,812.3316000539946,350.0
1302,479.00160000000005,0.0,0.0,0.0,884.6816,350.0
1303,479.0016003959604,0.0,0.0,0.0,946.8115999460055,350.0
1304,479.0015996040396,0.0,0.0,0.0,994.4916000539945,350.0
1305,474.7751995977858,0.0,0.0,0.0,1020.2351995977857,350.0
1306,470.8368028628187,0.0,0.0,0.0,1026.5168033127736,350.0
1307,445.61244893279707,0.0,0.0,0.0,1016.5064484828421,350.0
1308,416.4138032595856,0.0,0.0,0.0,988.6308032595855,350.0
1309,367.91732960475076,0.0,0.0,0.0,947.7233300547058,350.0
1310,356.8702052420183,0.0,0.0,0.0,887.0229047920634,350.0
1311,315.45947015058204,0.0,0.0,0.0,822.426470600537,350.0
1312,288.5658403926382,0.0,0.0,0.0,750.6743403926382,350.0
1313,272.7863261625584,0.0,0.0,0.0,677.4948261625584,350.0
1314,268.34894917031806,0.0,0.0,0.0,608.118949170318,350.0
1315,169.90155192244674,0.0,89.80000000000003,0.0,549.8290519224468,252.39130434782606
1316,173.90528127556252,0.0,100.0,0.0,502.83928127556254,143.69565217391303
1317,200.4214386249257,0.0,100.0,0.0,469.2534386249257,35.0
1318,335.0516359578772,0.0,0.0,0.0,454.3111364078321,35.0
1319,377.80776348389827,38.70967741935484,0.0,0.0,419.9910856145884,71.0
1320,397.89684266103234,100.0,0.0,0.0,385.9313422110773,164.0
1321,458.4373222927362,100.0,0.0,0.0,425.3558222927362,257.0
1322,479.00159995603747,100.0,0.0,0.0,484.6815999560374,350.0
1323,479.00160000000005,0.0,0.0,0.0,657.0316,350.0
1324,479.00160000000005,0.0,0.0,0.0,734.6816,350.0
1325,479.00160000000005,0.0,0.0,0.0,812.3316,350.0
1326,479.0015996040396,0.0,0.0,0.0,884.6816000539947,350.0
1327,479.0015996040397,0.0,0.0,0.0,946.8116000539947,350.0
1328,479.0016003959604,0.0,0.0,0.0,994.4915999460054,350.0
1329,474.7751995977858,0.0,0.0,0.0,1020.2351995977857,350.0
1330,470.83680325202965,0.0,0.0,0.0,1026.5168032520296,350.0
1331,414.1241716639805,0.0,0.0,0.0,1021.6841716639805,350.0
1332,412.79361531721395,0.0,0.0,0.0,989.2496157671688,350.0
1333,391.071857431376,0.0,0.0,0.0,943.6699574313759,350.0
1334,363.7609419743832,0.0,0.0,0.0,885.8068924243381,350.0
1335,329.266710379347,0.0,0.0,0.0,820.009410379347,350.0
1336,285.06094583586565,0.0,0.0,0.0,751.2734453859106,350.0
1337,245.8195623578008,0.0,0.0,0.0,681.9290619078458,350.0
1338,269.4466345561352,0.0,0.0,0.0,607.9476341061802,350.0
1339,175.83624126785867,0.0,89.80000000000003,0.0,548.9597417178137,252.39130434782606
1340,200.45708139921283,0.0,100.0,0.0,499.21858139921284,143.69565217391303
1341,209.54527897912493,0.0,100.0,0.0,468.0092785291699,35.0
1342,356.2574361230678,0.0,0.0,0.0,451.4194361230678,35.0
1343,381.01536271819407,38.70967741935484,0.0,0.0,419.5536857487943,71.0
1344,405.0248427016092,100.0,0.0,0.0,384.9593422516543,164.0
1345,463.1299223162049,100.0,0.0,0.0,424.7159223162048,257.0
1346,479.0016003519978,100.0,0.0,0.0,484.6815999020429,350.0
1347,479.00160000000005,0.0,0.0,0.0,657.0316,350.0
1348,479.00160000000005,0.0,0.0,0.0,734.6816,350.0
1349,479.0015996040397,0.0,0.0,0.0,812.3316000539946,350.0
1350,479.00160000000005,0.0,0.0,0.0,884.6816,350.0
1351,479.0016003959604,0.0,0.0,0.0,946.8115999460055,350.0
1352,479.0015996040396,0.0,0.0,0.0,994.4916000539945,350.0
1353,474.7751992053189,0.0,0.0,0.0,1020.235199655274,350.0
1354,469.9843453569307,0.0,0.0,0.0,1026.6498458068857,350.0
1355,446.09938066311986,0.0,0.0,0.0,1016.4263806631197,350.0
1356,392.905642267134,0.0,0.0,0.0,992.6491427170889,350.0
1357,391.3211647734762,0.0,0.0,0.0,943.6263143235211,350.0
1358,350.84238697946716,0.0,0.0,0.0,888.0866374294221,350.0
1359,299.2717509437314,0.0,0.0,0.0,825.2602513936863,350.0
1360,300.09625337735906,0.0,0.0,0.0,748.703402927404,350.0
1361,259.4188806708902,0.0,0.0,0.0,679.6928802209352,350.0
1362,259.06533669902115,0.0,0.0,0.0,609.5678366990211,350.0
1363,179.99287911998402,0.0,89.80000000000003,0.0,548.350879569939,252.39130434782606
1364,164.60324162820376,0.0,100.0,0.0,504.10774117824883,143.69565217391303
1365,199.8393186275901,0.0,100.0,0.0,469.33281862759014,35.0
1366,342.9043162683816,0.0,0.0,0.0,453.2403162683816,35.0
1367,382.76172312842806,38.70967741935484,0.0,0.0,419.31554570907326,71.0
1368,425.23272281664487,100.0,0.0,0.0,382.2037223666899,164.0
1369,469.66392195292235,100.0,0.0,0.0,423.8249224028773,257.0
1370,463.5813603534132,100.0,0.0,0.0,486.78435990345815,350.0
1371,479.0016003959604,0.0,0.0,0.0,657.0315999460054,350.0
1372,479.0015996040396,0.0,0.0,0.0,734.6816000539945,350.0
1373,479.00160000000005,0.0,0.0,0.0,812.3316,350.0
1374,479.00160000000005,0.0,0.0,0.0,884.6816,350.0
1375,479.0015996040396,0.0,0.0,0.0,946.8116000539947,350.0
1376,479.0016003959605,0.0,0.0,0.0,994.4915999460054,350.0
1377,474.7751999902524,0.0,0.0,0.0,1020.2351995402973,350.0
1378,470.83680325202965,0.0,0.0,0.0,1026.5168032520296,350.0
1379,467.4548320686364,0.0,0.0,0.0,1012.9148320686363,350.0
1380,401.81776081405815,0.0,0.0,0.0,991.125760364103,350.0
1381,392.3976653299288,0.0,0.0,0.0,943.4378648799739,350.0
1382,358.5248994764437,0.0,0.0,0.0,886.7308999263987,350.0
1383,300.0644781440668,0.0,0.0,0.0,825.1214785940218,350.0
1384,298.9087396308873,0.0,0.0,0.0,748.9063891809323,350.0
1385,176.90206188391113,0.0,100.0,0.0,676.8180618839111,241.30434782608697
1386,148.00674384400105,0.0,100.0,0.0,611.293744293956,132.60869565217394
1387,175.58896252878043,0.0,89.80000000000003,0.0,548.9959629787354,35.0
1388,265.64868123711193,0.0,0.0,0.0,503.965181237112,35.0
1389,339.5541584458093,0.0,0.0,0.0,463.9171584458093,35.0
1390,356.221796519416,0.0,0.0,0.0,451.424296069461,35.0
1391,336.75048314832463,38.70967741935484,0.0,0.0,425.5898052790148,71.0
1392,395.4139222509376,100.0,0.0,0.0,386.2699222509376,164.0
1393,431.1370821562023,100.0,0.0,0.0,429.0785821562023,257.0
1394,479.0015995600771,100.0,0.0,0.0,484.68160001003207,350.0
1395,479.00160000000005,0.0,0.0,0.0,657.0316,350.0
1396,479.00160000000005,0.0,0.0,0.0,734.6816,350.0
1397,479.0016003959604,0.0,0.0,0.0,812.3315999460053,350.0
1398,479.00160000000005,0.0,0.0,0.0,884.6816,350.0
1399,479.00160000000005,0.0,0.0,0.0,946.8116,350.0
1400,479.0015996040396,0.0,0.0,0.0,994.4916000539946,350.0
1401,474.77519920531904,0.0,0.0,0.0,1020.235199655274,350.0
1402,470.4631228602376,0.0,0.0,0.0,1026.5751233101926,350.0
1403,428.55823122513436,0.0,0.0,0.0,1019.3107307751793,350.0
1404,425.3374502977083,0.0,0.0,0.0,987.1054502977083,350.0
1405,376.0743775778725,0.0,0.0,0.0,946.2953780278275,350.0
1406,363.8906102392557,0.0,0.0,0.0,885.7840097893006,350.0
1407,329.85838396251916,0.0,0.0,0.0,819.9058335125641,350.0
1408,287.3425863254457,0.0,0.0,0.0,750.8834358754907,350.0
1409,149.2280871523859,0.0,100.0,0.0,681.3685867024309,241.30434782608697
1410,183.51802201262933,0.0,100.0,0.0,605.7515215626743,132.60869565217394
1411,189.47189784378463,0.0,89.80000000000003,0.0,546.9623978437846,35.0
1412,314.2735214635552,0.0,0.0,0.0,497.3345214635553,35.0
1413,318.64535893747245,0.0,0.0,0.0,466.76835848751745,35.0
1414,330.6916760053239,0.0,0.0,0.0,454.9056764552789,35.0
1415,383.3082031328947,38.70967741935484,0.0,0.0,419.2410257135398,71.0
1416,392.1944418366499,100.0,0.0,0.0,386.70894228660495,164.0
1417,451.73700225922653,100.0,0.0,0.0,426.26950225922656,257.0
1418,479.0016003519979,100.0,0.0,0.0,484.6815999020429,350.0
1419,479.00160000000005,0.0,0.0,0.0,657.0316,350.0
1420,479.0015996040396,0.0,0.0,0.0,734.6816000539945,350.0
1421,479.0015996040396,0.0,0.0,0.0,812.3316000539946,350.0
1422,479.0015996040396,0.0,0.0,0.0,884.6816000539945,350.0
1423,479.0016003959604,0.0,0.0,0.0,946.8115999460053,350.0
1424,479.0016003959605,0.0,0.0,0.0,994.4915999460054,350.0
1425,474.7751995977858,0.0,0.0,0.0,1020.2351995977857,350.0
1426,464.9863761008322,0.0,0.0,0.0,1027.4298756508772,350.0
1427,429.84512247511157,0.0,0.0,0.0,1019.0991229250665,350.0
1428,418.1547218644715,0.0,0.0,0.0,988.3332214145164,350.0
1429,361.3572248263671,0.0,0.0,0.0,948.8717252763221,350.0
1430,356.25629274226003,0.0,0.0,0.0,887.131242292305,350.0
1431,325.3605187606156,0.0,0.0,0.0,820.6932183106605,350.0
1432,299.6685170748952,0.0,0.0,0.0,748.7765175248502,350.0
1433,142.75884544289363,0.0,100.0,0.0,682.4323458928486,241.30434782608697
1434,146.82731634764764,0.0,100.0,0.0,611.4778167976026,132.60869565217394
1435,183.83158716472292,0.0,89.80000000000003,0.0,547.7885876146779,35.0
1436,302.5360814088946,0.0,0.0,0.0,498.93508140889463,35.0
1437,336.78611806251865,0.0,0.0,0.0,464.2946185124737,35.0
1438,336.8455167302763,0.0,0.0,0.0,454.0665162803212,35.0
1439,370.1451634212694,38.70967741935484,0.0,0.0,421.03598555195964,71.0
1440,411.6063627390753,100.0,0.0,0.0,384.0618622891203,164.0
1441,456.2038822815664,100.0,0.0,0.0,425.6603822815664,257.0
1442,471.8854799566906,100.0,0.0,0.0,485.6519799566905,350.0
1443,479.0016003959604,0.0,0.0,0.0,657.0315999460055,350.0
1444,479.0016003959604,0.0,0.0,0.0,734.6815999460055,350.0
1445,479.00160000000005,0.0,0.0,0.0,812.3316,350.0
1446,479.0015996040396,0.0,0.0,0.0,884.6816000539947,350.0
1447,479.0016003959604,0.0,0.0,0.0,946.8115999460053,350.0
1448,479.0015996040396,0.0,0.0,0.0,994.4916000539945,350.0
1449,474.7751995977858,0.0,0.0,0.0,1020.2351995977857,350.0
1450,466.08406032999176,0.0,0.0,0.0,1027.2585607799467,350.0
1451,457.6582212383222,0.0,0.0,0.0,1014.5257216882771,350.0
1452,393.5178467278248,0.0,0.0,0.0,992.5444962778697,350.0
1453,385.2263563935592,0.0,0.0,0.0,944.6932559436041,350.0
1454,353.13509236102664,0.0,0.0,0.0,887.6820423610266,350.0
1455,323.5131193369121,0.0,0.0,0.0,821.0166193369121,350.0
1456,283.97719465792375,0.0,0.0,0.0,751.4586951078787,350.0
1457,169.58648617306318,0.0,100.0,0.0,678.0209866230182,241.30434782608697
1458,166.23532167685295,0.0,100.0,0.0,608.448821676853,132.60869565217394
1459,177.64961868776606,0.0,89.80000000000003,0.0,548.694119137721,35.0
1460,266.9317216390474,0.0,0.0,0.0,503.7902211890924,35.0
1461,327.78107849969643,0.0,0.0,0.0,465.52257849969646,35.0
1462,321.9361161006053,0.0,0.0,0.0,456.0996165505603,35.0
1463,372.7231230463795,38.70967741935484,0.0,0.0,420.6844456270247,71.0
1464,421.2648020021362,100.0,0.0,0.0,382.7448024520912,164.0
1465,471.4815623579731,100.0,0.0,0.0,423.5770623579731,257.0
1466,476.16228035225856,100.0,0.0,0.0,485.0687799023035,350.0
1467,479.0016003959604,0.0,0.0,0.0,657.0315999460055,350.0
1468,479.00160000000005,0.0,0.0,0.0,734.6816,350.0
1469,479.00160000000005,0.0,0.0,0.0,812.3316,350.0
1470,479.0016003959605,0.0,0.0,0.0,884.6815999460055,350.0
1471,479.00160000000005,0.0,0.0,0.0,946.8116,350.0
1472,479.0016003959605,0.0,0.0,0.0,994.4915999460054,350.0
1473,474.77519920531904,0.0,0.0,0.0,1020.235199655274,350.0
1474,462.7092631958934,0.0,0.0,0.0,1027.7852631958933,350.0
1475,457.50750492740076,0.0,0.0,0.0,1014.5505044774458,350.0
1476,451.72792584068395,0.0,0.0,0.0,982.5944258406839,350.0
1477,369.8129819814262,0.0,0.0,0.0,947.3914819814262,350.0
1478,372.54275985338893,0.0,0.0,0.0,884.2571598533889,350.0
1479,302.9711453111404,0.0,0.0,0.0,824.6126448611853,350.0
1480,273.2665131888693,0.0,0.0,0.0,753.2895127389143,350.0
1481,276.0789147396406,0.0,0.0,0.0,676.9534147396406,350.0
1482,262.7904595767149,0.0,0.0,0.0,608.9864591267599,350.0
1483,181.79448214677336,0.0,89.80000000000003,0.0,548.0869816968184,252.39130434782606
1484,205.054641024663,0.0,100.0,0.0,498.59164147461803,143.69565217391303
1485,230.41843809166448,0.0,100.0,0.0,465.1629385416195,35.0
1486,345.29219584643533,0.0,0.0,0.0,452.9146962963904,35.0
1487,394.68924322591533,38.70967741935484,0.0,0.0,417.6890658065605,71.0
1488,435.6396028758872,100.0,0.0,0.0,380.7846024259322,164.0
1489,452.71116226409856,100.0,0.0,0.0,426.1366622640985,257.0
1490,468.95111995695993,100.0,0.0,0.0,486.0521199569599,350.0
1491,479.00160000000005,0.0,0.0,0.0,657.0316,350.0
1492,479.00160000000005,0.0,0.0,0.0,734.6816,350.0
1493,479.00160000000005,0.0,0.0,0.0,812.3316,350.0
1494,479.00160000000005,0.0,0.0,0.0,884.6816,350.0
1495,479.0016003959604,0.0,0.0,0.0,946.8115999460053,350.0
1496,479.0016003959604,0.0,0.0,0.0,994.4915999460054,350.0
1497,474.77519920531904,0.0,0.0,0.0,1020.235199655274,350.0
1498,457.71129355058395,0.0,0.0,0.0,1028.5652931006289,350.0
1499,428.9987880817332,0.0,0.0,0.0,1019.2382885316882,350.0
1500,384.897418836572,0.0,0.0,0.0,994.018018836572,350.0
1501,378.13891569691305,0.0,0.0,0.0,945.933965246958,350.0
1502,352.2251252438465,0.0,0.0,0.0,887.8426247938914,350.0
1503,332.66279966078423,0.0,0.0,0.0,819.4148996607842,350.0
1504,279.8958375016971,0.0,0.0,0.0,752.1563370517421,350.0
1505,277.4353684844245,0.0,0.0,0.0,676.7303684844245,350.0
1506,280.9139391314696,0.0,0.0,0.0,606.1579391314696,350.0
1507,185.58608908684022,0.0,89.80000000000003,0.0,547.5315890868402,252.39130434782606
1508,193.86368097254734,0.0,100.0,0.0,500.11768142250236,143.69565217391303
1509,232.1410380837799,0.0,100.0,0.0,464.9280385337349,35.0
1510,354.5942365371278,0.0,0.0,0.0,451.6462360871727,35.0
1511,355.05756329795406,38.70967741935484,0.0,0.0,423.0933854286441,71.0
1512,388.67796221259243,100.0,0.0,0.0,387.1884622125924,164.0
1513,441.9954026064674,100.0,0.0,0.0,427.5979021565123,257.0
1514,479.00159995603747,100.0,0.0,0.0,484.6815999560374,350.0
1515,479.0016003959604,0.0,0.0,0.0,657.0315999460054,350.0
1516,479.00160000000005,0.0,0.0,0.0,734.6816,350.0
1517,479.0015996040396,0.0,0.0,0.0,812.3316000539946,350.0
1518,479.0016003959605,0.0,0.0,0.0,884.6815999460055,350.0
1519,479.0016003959604,0.0,0.0,0.0,946.8115999460055,350.0
1520,479.00160000000005,0.0,0.0,0.0,994.4916,350.0
1521,474.7751999902523,0.0,0.0,0.0,1020.2351995402973,350.0
1522,462.24216319266736,0.0,0.0,0.0,1027.8581631926672,350.0
1523,445.77475886554566,0.0,0.0,0.0,1016.4797593155006,350.0
1524,426.3289662510074,0.0,0.0,0.0,986.9359667009624,350.0
1525,388.2559529435763,0.0,0.0,0.0,944.1629024936212,350.0
1526,347.18989486336636,0.0,0.0,0.0,888.7311948633663,350.0
1527,338.129170320176,0.0,0.0,0.0,818.4579707701309,350.0
1528,290.75639973079,0.0,0.0,0.0,750.29989973079,350.0
1529,252.96123296956364,0.0,0.0,0.0,680.7547329695636,350.0
1530,270.474254163747,0.0,0.0,0.0,607.787254163747,350.0
1531,175.3770101087896,0.0,89.80000000000003,0.0,549.0270096588346,252.39130434782606
1532,206.40896142693043,0.0,100.0,0.0,498.4069614269304,143.69565217391303
1533,210.84019897319786,0.0,100.0,0.0,467.83269852324287,35.0
1534,356.79203572128966,0.0,0.0,0.0,451.3465361712446,35.0
1535,373.49532344865133,38.70967741935484,0.0,0.0,420.5791455793415,71.0
1536,466.0405226529873,100.0,0.0,0.0,376.63902265298736,164.0
1537,431.3271617611926,100.0,0.0,0.0,429.05266221114755,257.0
1538,479.001599560077,100.0,0.0,0.0,484.68160001003207,350.0
1539,479.00160000000005,0.0,0.0,0.0,657.0316,350.0
1540,479.0016003959605,0.0,0.0,0.0,734.6815999460055,350.0
1541,479.00160000000005,0.0,0.0,0.0,812.3316,350.0
1542,479.00160000000005,0.0,0.0,0.0,884.6816,350.0
1543,479.0016003959604,0.0,0.0,0.0,946.8115999460053,350.0
1544,479.0016003959605,0.0,0.0,0.0,994.4915999460054,350.0
1545,474.7751995977858,0.0,0.0,0.0,1020.2351995977857,350.0
1546,470.83680325202965,0.0,0.0,0.0,1026.5168032520296,350.0
1547,456.2669870054858,0.0,0.0,0.0,1014.7544870054858,350.0
1548,392.709644851568,0.0,0.0,0.0,992.6826453015229,350.0
1549,371.0882391601458,0.0,0.0,0.0,947.1682387101907,350.0
1550,350.7127202444417,0.0,0.0,0.0,888.1095197944867,350.0
1551,319.3380897980669,0.0,0.0,0.0,821.7474893481118,350.0
1552,302.5508327620565,0.0,0.0,0.0,748.2838323121015,350.0
1553,152.8684839955614,0.0,100.0,0.0,680.7699839955613,241.30434782608697
1554,136.78466637869747,0.0,100.0,0.0,613.0451668286524,132.60869565217394
1555,168.60628233679864,0.0,89.80000000000003,0.0,550.0187823367986,35.0
1556,299.2453209976093,0.0,0.0,0.0,499.38382144756434,35.0
1557,342.44099803663545,0.0,0.0,0.0,463.5234984865904,35.0
1558,322.2925164926873,0.0,0.0,0.0,456.05101649268727,35.0
1559,388.5710431759094,38.70967741935484,0.0,0.0,418.5233657565546,71.0
1560,392.990401841181,100.0,0.0,0.0,386.60040229113605,164.0
1561,450.84600265073095,100.0,0.0,0.0,426.3910022007759,257.0
1562,478.4907599560844,100.0,0.0,0.0,484.75125995608437,350.0
1563,479.0016003959604,0.0,0.0,0.0,657.0315999460054,350.0
1564,479.00160000000005,0.0,0.0,0.0,734.6816,350.0
1565,479.0016003959604,0.0,0.0,0.0,812.3315999460053,350.0
1566,479.0015996040396,0.0,0.0,0.0,884.6816000539947,350.0
1567,479.00160000000005,0.0,0.0,0.0,946.8116,350.0
1568,479.0016003959604,0.0,0.0,0.0,994.4915999460054,350.0
1569,474.7751995977858,0.0,0.0,0.0,1020.2351995977857,350.0
1570,470.83680286281856,0.0,0.0,0.0,1026.5168033127736,350.0
1571,401.44074938513404,0.0,0.0,0.0,1023.769749385134,350.0
1572,403.75467568169927,0.0,0.0,0.0,990.7946761316542,350.0
1573,376.61435117609335,0.0,0.0,0.0,946.2008516260482,350.0
1574,379.56316523308783,0.0,0.0,0.0,883.0182647831328,350.0
1575,333.5968387182578,0.0,0.0,0.0,819.2513891682128,350.0
1576,291.78365715205666,0.0,0.0,0.0,750.1243067021016,350.0
1577,157.63346253493023,0.0,100.0,0.0,679.9864625349303,241.30434782608697
1578,168.99121127912116,0.0,100.0,0.0,608.0187117290761,132.60869565217394
1579,186.62230514782544,0.0,89.80000000000003,0.0,547.3798046978704,35.0
1580,297.21384138410923,0.0,0.0,0.0,499.6608413841093,35.0
1581,309.1057185851764,0.0,0.0,0.0,468.06921858517643,35.0
1582,345.9455966312457,0.0,0.0,0.0,452.8255961812906,35.0
1583,368.9215226193475,38.70967741935484,0.0,0.0,421.2028456499477,71.0
1584,414.1605619616945,100.0,0.0,0.0,383.71356241164955,164.0
1585,462.4765227088975,100.0,0.0,0.0,424.8050222589425,257.0
1586,479.0015995600771,100.0,0.0,0.0,484.68160001003207,350.0
1587,479.0016003959604,0.0,0.0,0.0,657.0315999460054,350.0
1588,479.00160000000005,0.0,0.0,0.0,734.6816,350.0
1589,479.0016003959604,0.0,0.0,0.0,812.3315999460053,350.0
1590,479.00160000000005,0.0,0.0,0.0,884.6816,350.0
1591,479.00160000000005,0.0,0.0,0.0,946.8116,350.0
1592,479.00160000000005,0.0,0.0,0.0,994.4916,350.0
1593,474.7751995977858,0.0,0.0,0.0,1020.2351995977857,350.0
1594,470.83680325202965,0.0,0.0,0.0,1026.5168032520296,350.0
1595,430.2972737263683,0.0,0.0,0.0,1019.0247741763233,350.0
1596,422.36290090073055,0.0,0.0,0.0,987.6139013506855,350.0
1597,376.9199532550863,0.0,0.0,0.0,946.1473537050413,350.0
1598,364.032899856738,0.0,0.0,0.0,885.7588998567379,350.0
1599,308.38007197050774,0.0,0.0,0.0,823.6657719705076,350.0
1600,277.65916074057714,0.0,0.0,0.0,752.5386607405771,350.0
1601,150.43382381441597,0.0,100.0,0.0,681.170323364461,241.30434782608697
1602,161.69277419089764,0.0,100.0,0.0,609.1577741908976,132.60869565217394
1603,145.83308837796113,0.0,89.80000000000003,0.0,553.3545879280061,35.0
1604,304.17552102056897,0.0,0.0,0.0,498.711521470524,35.0
1605,319.2512385387388,0.0,0.0,0.0,466.68573853873886,35.0
1606,366.23663601447026,0.0,0.0,0.0,450.0586360144702,35.0
1607,352.0400428773304,38.70967741935484,0.0,0.0,423.5048654579756,71.0
1608,420.0649219953058,100.0,0.0,0.0,382.9084224452608,164.0
1609,429.6996025449736,100.0,0.0,0.0,429.2746020950185,257.0
1610,479.00159995603747,100.0,0.0,0.0,484.6815999560374,350.0
1611,479.0016003959604,0.0,0.0,0.0,657.0315999460055,350.0
1612,479.0015996040396,0.0,0.0,0.0,734.6816000539945,350.0
1613,479.0016003959604,0.0,0.0,0.0,812.3315999460053,350.0
1614,479.00160000000005,0.0,0.0,0.0,884.6816,350.0
1615,479.0015996040397,0.0,0.0,0.0,946.8116000539947,350.0
1616,479.0016003959605,0.0,0.0,0.0,994.4915999460054,350.0
1617,474.7751999902524,0.0,0.0,0.0,1020.2351995402973,350.0
1618,470.83680364124064,0.0,0.0,0.0,1026.5168031912856,350.0
1619,454.93372010895393,0.0,0.0,0.0,1014.9737205589089,350.0
1620,406.4409935851977,0.0,0.0,0.0,990.3354935851976,350.0
1621,381.03753916151845,0.0,0.0,0.0,945.4265396114733,350.0
1622,362.74425773970665,0.0,0.0,0.0,885.9863072897517,350.0
1623,327.7628268416323,0.0,0.0,0.0,820.2726763916772,350.0
1624,288.78489632645335,0.0,0.0,0.0,750.6368963264533,350.0
1625,218.7550364024558,0.0,100.0,0.0,669.9360364024558,241.30434782608697
1626,192.7432465948957,0.0,100.0,0.0,604.3117465948957,132.60869565217394
1627,157.43163797360415,0.0,89.80000000000003,0.0,551.6556384235591,35.0
1628,296.7386417778566,0.0,0.0,0.0,499.72564132790166,35.0
1629,301.6213186194337,0.0,0.0,0.0,469.0898186194337,35.0
1630,331.27379679090984,0.0,0.0,0.0,454.82629634095485,35.0
1631,379.1620830990071,38.70967741935484,0.0,0.0,419.8064056796523,71.0
1632,427.0028428267214,100.0,0.0,0.0,381.96234237676646,164.0
1633,461.08656270194604,100.0,0.0,0.0,424.99456225199094,257.0
1634,475.5682795603923,100.0,0.0,0.0,485.1497800103472,350.0
1635,479.00160000000005,0.0,0.0,0.0,657.0316,350.0
1636,479.0016003959605,0.0,0.0,0.0,734.6815999460055,350.0
1637,479.0016003959604,0.0,0.0,0.0,812.3315999460053,350.0
1638,479.0015996040396,0.0,0.0,0.0,884.6816000539945,350.0
1639,479.00160000000005,0.0,0.0,0.0,946.8116,350.0
1640,479.0015996040396,0.0,0.0,0.0,994.4916000539946,350.0
1641,474.7751999902523,0.0,0.0,0.0,1020.2351995402973,350.0
1642,462.4406806940384,0.0,0.0,0.0,1027.8271806940384,350.0
1643,404.7565256140999,0.0,0.0,0.0,1023.2245251641448,350.0
1644,380.33874915143133,0.0,0.0,0.0,994.7972496013863,350.0
1645,382.01408792414406,0.0,0.0,0.0,945.2555874741889,350.0
1646,365.87693235601216,0.0,0.0,0.0,885.4334823560122,350.0
1647,336.72523972542524,0.0,0.0,0.0,818.7037392754702,350.0
1648,275.6645992011618,0.0,0.0,0.0,752.8795987512068,350.0
1649,273.59787929866326,0.0,0.0,0.0,677.3613797486182,350.0
1650,304.7827486684608,0.0,0.0,0.0,602.4327491184158,350.0
1651,173.49298122810745,0.0,89.80000000000003,0.0,549.3029812281075,252.39130434782606
1652,159.00776120618553,0.0,100.0,0.0,504.87076120618553,143.69565217391303
1653,219.9521585355306,0.0,100.0,0.0,466.59015853553063,35.0
1654,352.49147616405037,0.0,0.0,0.0,451.9329761640504,35.0
1655,367.03260260390874,38.70967741935484,0.0,0.0,421.46042563450897,71.0
1656,434.0001628665545,100.0,0.0,0.0,381.0081624165995,164.0
1657,420.3381617062343,100.0,0.0,0.0,430.5511621561893,257.0
1658,479.0016003519979,100.0,0.0,0.0,484.6815999020429,350.0
1659,479.0016003959604,0.0,0.0,0.0,657.0315999460054,350.0
1660,479.00160000000005,0.0,0.0,0.0,734.6816,350.0
1661,479.00160000000005,0.0,0.0,0.0,812.3316,350.0
1662,479.0015996040396,0.0,0.0,0.0,884.6816000539947,350.0
1663,479.0016003959604,0.0,0.0,0.0,946.8115999460053,350.0
1664,479.0015996040396,0.0,0.0,0.0,994.4916000539946,350.0
1665,474.7751992053189,0.0,0.0,0.0,1020.235199655274,350.0
1666,470.83680325202965,0.0,0.0,0.0,1026.5168032520296,350.0
1667,428.99878885456405,0.0,0.0,0.0,1019.238288404609,350.0
1668,385.81168913388876,0.0,0.0,0.0,993.8617391338887,350.0
1669,396.83463987530865,0.0,0.0,0.0,942.6611394253536,350.0
1670,354.44783197804827,0.0,0.0,0.0,887.4503824280032,350.0
1671,327.2423834355686,0.0,0.0,0.0,820.3637838855236,350.0
1672,291.6418464895201,0.0,0.0,0.0,750.1485469394751,350.0
1673,287.0928554024155,0.0,0.0,0.0,675.1423554024155,350.0
1674,264.5187295713714,0.0,0.0,0.0,608.7167291214164,350.0
1675,203.2606313419114,0.0,89.80000000000003,0.0,544.9426313419114,252.39130434782606
1676,191.0362413553405,0.0,100.0,0.0,500.5032413553405,143.69565217391303
1677,237.03559845733713,0.0,100.0,0.0,464.26059845733715,35.0
1678,368.7314359873209,0.0,0.0,0.0,449.71843598732085,35.0
1679,344.68632281722626,38.70967741935484,0.0,0.0,424.5076453978714,71.0
1680,452.43792217959265,100.0,0.0,0.0,378.4939226295477,164.0
1681,437.75424218929606,100.0,0.0,0.0,428.1762421892961,257.0
1682,479.0015995600771,100.0,0.0,0.0,484.68160001003207,350.0
1683,479.00160000000005,0.0,0.0,0.0,657.0316,350.0
1684,479.0015996040396,0.0,0.0,0.0,734.6816000539945,350.0
1685,479.0015996040397,0.0,0.0,0.0,812.3316000539946,350.0
1686,479.0015996040396,0.0,0.0,0.0,884.6816000539945,350.0
1687,479.00160000000005,0.0,0.0,0.0,946.8116,350.0
1688,479.0016003959605,0.0,0.0,0.0,994.4915999460054,350.0
1689,474.7751999902524,0.0,0.0,0.0,1020.2351995402973,350.0
1690,470.83680325202965,0.0,0.0,0.0,1026.5168032520296,350.0
1691,429.1495051654855,0.0,0.0,0.0,1019.2135056154405,350.0
1692,400.180605931095,0.0,0.0,0.0,991.4056054811399,350.0
1693,372.38762167002074,0.0,0.0,0.0,946.9407721199757,350.0
1694,352.9813273610871,0.0,0.0,0.0,887.7091773610871,350.0
1695,321.0889821529645,0.0,0.0,0.0,821.4409826029195,350.0
1696,287.6089122239263,0.0,0.0,0.0,750.8379117739713,350.0
1697,271.4994345346918,0.0,0.0,0.0,677.7064340847368,350.0
1698,288.43424871900714,0.0,0.0,0.0,604.9842491689622,350.0
1699,199.76340385312818,0.0,89.80000000000003,0.0,545.4549034031731,252.39130434782606
1700,171.04220086626884,0.0,100.0,0.0,503.2297013162239,143.69565217391303
1701,231.80839848126277,0.0,100.0,0.0,464.97339848126285,35.0
1702,331.97471678328213,0.0,0.0,0.0,454.73071633332717,35.0
1703,353.91708289267206,38.70967741935484,0.0,0.0,423.2489054733172,71.0
1704,438.0393628895481,100.0,0.0,0.0,380.45736243959306,164.0
1705,453.2457622667722,100.0,0.0,0.0,426.0637622667722,257.0
1706,479.0016003519979,100.0,0.0,0.0,484.6815999020429,350.0
1707,479.0016003959604,0.0,0.0,0.0,657.0315999460054,350.0
1708,479.0016003959605,0.0,0.0,0.0,734.6815999460055,350.0
1709,479.0015996040396,0.0,0.0,0.0,812.3316000539946,350.0
1710,479.00160000000005,0.0,0.0,0.0,884.6816,350.0
1711,479.00160000000005,0.0,0.0,0.0,946.8116,350.0
1712,479.00160000000005,0.0,0.0,0.0,994.4916,350.0
1713,474.77519920531904,0.0,0.0,0.0,1020.235199655274,350.0
1714,470.8368028628187,0.0,0.0,0.0,1026.5168033127736,350.0
1715,463.0028816734457,0.0,0.0,0.0,1013.6468812234907,350.0
1716,410.0496514992899,0.0,0.0,0.0,989.7186519492448,350.0
1717,371.499537432947,0.0,0.0,0.0,947.0962378829021,350.0
1718,358.9150494762903,0.0,0.0,0.0,886.6620499262452,350.0
1719,322.4860202335557,0.0,0.0,0.0,821.1964206835106,350.0
1720,291.4631433488358,0.0,0.0,0.0,750.1790933488357,350.0
1721,189.539109978142,0.0,100.0,0.0,674.740109528187,241.30434782608697
1722,195.61591158601402,0.0,100.0,0.0,603.863411586014,132.60869565217394
1723,203.94359206135607,0.0,89.80000000000003,0.0,544.8425916114011,35.0
1724,315.5922014696963,0.0,0.0,0.0,497.1547014696963,35.0
1725,313.53695816893355,0.0,0.0,0.0,467.46495861888855,35.0
1726,317.43359694152434,0.0,0.0,0.0,456.7135964915693,35.0
1727,402.79140329213675,38.70967741935484,0.0,0.0,416.58422587278193,71.0
1728,406.47420191793907,100.0,0.0,0.0,384.7617023678941,164.0
1729,462.464642708838,100.0,0.0,0.0,424.806642258883,257.0
1730,479.001599560077,100.0,0.0,0.0,484.68160001003207,350.0
1731,479.0015996040396,0.0,0.0,0.0,657.0316000539947,350.0
1732,479.0015996040396,0.0,0.0,0.0,734.6816000539947,350.0
1733,479.00160000000005,0.0,0.0,0.0,812.3316,350.0
1734,479.0016003959605,0.0,0.0,0.0,884.6815999460055,350.0
1735,479.00160000000005,0.0,0.0,0.0,946.8116,350.0
1736,479.0015996040396,0.0,0.0,0.0,994.4916000539945,350.0
1737,474.7751992053189,0.0,0.0,0.0,1020.235199655274,350.0
1738,461.9151931904089,0.0,0.0,0.0,1027.9091931904088,350.0
1739,444.9168308503404,0.0,0.0,0.0,1016.6208313002953,350.0
1740,407.2711006706887,0.0,0.0,0.0,990.1936002207336,350.0
1741,392.48038430673466,0.0,0.0,0.0,943.4233843067346,350.0
1742,361.1251344754205,0.0,0.0,0.0,886.2720349253755,350.0
1743,329.0966765221968,0.0,0.0,0.0,820.0391760722417,350.0
1744,317.45816513689294,0.0,0.0,0.0,745.7356651368929,350.0
1745,171.1516251093522,0.0,100.0,0.0,677.7636255593072,241.30434782608697
1746,178.23979202894856,0.0,100.0,0.0,606.5752915789935,132.60869565217394
1747,173.5636322964155,0.0,89.80000000000003,0.0,549.2926322964155,35.0
1748,307.3593618273167,0.0,0.0,0.0,498.2773613773618,35.0
1749,329.5036784918119,0.0,0.0,0.0,465.2876784918119,35.0
1750,335.20607595619646,0.0,0.0,0.0,454.29007640615146,35.0
1751,395.14068283364463,38.70967741935484,0.0,0.0,417.6275058642448,71.0
1752,390.57876222341287,100.0,0.0,0.0,386.92926222341293,164.0
1753,476.2810823819765,100.0,0.0,0.0,422.92258238197644,257.0
1754,479.00159995603747,100.0,0.0,0.0,484.6815999560374,350.0
1755,479.00160000000005,0.0,0.0,0.0,657.0316,350.0
1756,479.0016003959605,0.0,0.0,0.0,734.6815999460055,350.0
1757,479.0016003959604,0.0,0.0,0.0,812.3315999460054,350.0
1758,479.00160000000005,0.0,0.0,0.0,884.6816,350.0
1759,479.0016003959604,0.0,0.0,0.0,946.8115999460053,350.0
1760,479.0015996040396,0.0,0.0,0.0,994.4916000539946,350.0
1761,474.77519920531904,0.0,0.0,0.0,1020.235199655274,350.0
1762,470.83680364124064,0.0,0.0,0.0,1026.5168031912856,350.0
1763,441.33440247859755,0.0,0.0,0.0,1017.2099020286424,350.0
1764,412.79361531721395,0.0,0.0,0.0,989.2496157671688,350.0
1765,390.5284368102449,0.0,0.0,0.0,943.7650872601998,350.0
1766,354.8609319778857,0.0,0.0,0.0,887.3774824278406,350.0
1767,334.43896775861424,0.0,0.0,0.0,819.1039682085692,350.0
1768,294.45613877606144,0.0,0.0,0.0,749.6674892260164,350.0
1769,175.9281980433023,0.0,100.0,0.0,676.9781975933473,241.30434782608697
1770,171.92226377005903,0.0,100.0,0.0,607.561264220014,132.60869565217394
1771,204.2261959421217,0.0,89.80000000000003,0.0,544.8011959421217,35.0
1772,241.65108112535643,0.0,0.0,0.0,507.2375811253564,35.0
1773,306.4208382015051,0.0,0.0,0.0,468.43533865146014,35.0
1774,347.01479622364974,0.0,0.0,0.0,452.67979622364976,35.0
1775,363.9794425789543,38.70967741935484,0.0,0.0,421.8767656095545,71.0
1776,381.90636217404426,100.0,0.0,0.0,388.11186217404435,164.0
1777,460.0411219047968,100.0,0.0,0.0,425.1371223547518,257.0
1778,479.0015995600771,100.0,0.0,0.0,484.68160001003207,350.0
1779,479.00160000000005,0.0,0.0,0.0,657.0316,350.0
1780,479.00160000000005,0.0,0.0,0.0,734.6816,350.0
1781,479.0015996040397,0.0,0.0,0.0,812.3316000539946,350.0
1782,479.0016003959605,0.0,0.0,0.0,884.6815999460055,350.0
1783,479.0016003959604,0.0,0.0,0.0,946.8115999460055,350.0
1784,479.00160000000005,0.0,0.0,0.0,994.4916,350.0
1785,474.7751992053189,0.0,0.0,0.0,1020.235199655274,350.0
1786,470.83680325202965,0.0,0.0,0.0,1026.5168032520296,350.0
1787,444.84726911937776,0.0,0.0,0.0,1016.6322695693327,350.0
1788,395.7648990667201,0.0,0.0,0.0,992.16039906672,350.0
1789,409.80434576965035,0.0,0.0,0.0,940.3906957696503,350.0
1790,359.76649447595514,0.0,0.0,0.0,886.5117949259102,350.0
1791,340.6141981441493,0.0,0.0,0.0,818.0229481441493,350.0
1792,285.76423067600905,0.0,0.0,0.0,751.153230226054,350.0
1793,206.81360599965774,0.0,100.0,0.0,671.8996059996578,241.30434782608697
1794,173.32356376572642,0.0,100.0,0.0,607.3425642156814,132.60869565217394
1795,168.37077877577167,0.0,89.80000000000003,0.0,550.0532787757717,35.0
1796,325.1674819102483,0.0,0.0,0.0,495.8489814602933,35.0
1797,320.46299853319243,0.0,0.0,0.0,466.52049853319244,35.0
1798,346.29011662749645,0.0,0.0,0.0,452.7786161775414,35.0
1799,390.00852358361874,38.70967741935484,0.0,0.0,418.32734571430893,71.0
1800,431.2915224551748,100.0,0.0,0.0,381.3775224551748,164.0
1801,463.2368419207793,100.0,0.0,0.0,424.7013423707342,257.0
1802,479.00159995603747,100.0,0.0,0.0,484.6815999560374,350.0
1803,479.0016003959604,0.0,0.0,0.0,657.0315999460054,350.0
1804,479.0016003959605,0.0,0.0,0.0,734.6815999460055,350.0
1805,479.0016003959604,0.0,0.0,0.0,812.3315999460053,350.0
1806,479.0015996040396,0.0,0.0,0.0,884.6816000539947,350.0
1807,479.00160000000005,0.0,0.0,0.0,946.8116,350.0
1808,479.00160000000005,0.0,0.0,0.0,994.4916,350.0
1809,474.77519920531904,0.0,0.0,0.0,1020.235199655274,350.0
1810,470.83680364124064,0.0,0.0,0.0,1026.5168031912856,350.0
1811,433.0217752421521,0.0,0.0,0.0,1018.576775242152,350.0
1812,378.6785361332601,0.0,0.0,0.0,995.08103613326,350.0
1813,395.54559575371275,0.0,0.0,0.0,942.8867962036677,350.0
1814,371.07740197150395,0.0,0.0,0.0,884.5157524214588,350.0
1815,304.29695244877973,0.0,0.0,0.0,824.3805524487797,350.0
1816,280.6337093523236,0.0,0.0,0.0,752.0302098022786,350.0
1817,274.28190336834575,0.0,0.0,0.0,677.2489033683457,350.0
1818,268.9795341683684,0.0,0.0,0.0,608.0205341683684,350.0
1819,166.2512463340626,0.0,89.80000000000003,0.0,550.3637467840176,252.39130434782606
1820,187.28216094189747,0.0,100.0,0.0,501.01516139185253,143.69565217391303
1821,227.04451889902822,0.0,100.0,0.0,465.62301844907324,35.0
1822,351.1846765742319,0.0,0.0,0.0,452.1111761242769,35.0
1823,361.2708029527762,38.70967741935484,0.0,0.0,422.24612553342143,71.0
1824,423.75960201633814,100.0,0.0,0.0,382.4046024662931,164.0
1825,452.80620186861347,100.0,0.0,0.0,426.12370231856846,257.0
1826,479.0016003519979,100.0,0.0,0.0,484.6815999020429,350.0
1827,479.0016003959604,0.0,0.0,0.0,657.0315999460055,350.0
1828,479.00160000000005,0.0,0.0,0.0,734.6816,350.0
1829,479.0016003959604,0.0,0.0,0.0,812.3315999460053,350.0
1830,479.0016003959605,0.0,0.0,0.0,884.6815999460055,350.0
1831,479.0016003959604,0.0,0.0,0.0,946.8115999460053,350.0
1832,479.0016003959605,0.0,0.0,0.0,994.4915999460054,350.0
1833,474.7751999902523,0.0,0.0,0.0,1020.2351995402973,350.0
1834,470.83680364124075,0.0,0.0,0.0,1026.5168031912858,350.0
1835,433.82173514822193,0.0,0.0,0.0,1018.4452351482219,350.0
1836,397.70988556898953,0.0,0.0,0.0,991.8279351190344,350.0
1837,380.67104644272604,0.0,0.0,0.0,945.490696892681,350.0
1838,352.557899478792,0.0,0.0,0.0,887.783899928747,350.0
1839,343.5369484824646,0.0,0.0,0.0,817.5112989324195,350.0
1840,282.1671016575703,0.0,0.0,0.0,751.7681012076152,350.0
1841,251.45406252844145,0.0,0.0,0.0,681.0025620784864,350.0
1842,285.0594512294414,0.0,0.0,0.0,605.5109516793964,350.0
1843,177.025535035978,0.0,89.80000000000003,0.0,548.785534586023,252.39130434782606
1844,196.26344098372283,0.0,100.0,0.0,499.79044143367787,143.69565217391303
1845,221.22331813375195,0.0,100.0,0.0,466.4168185837069,35.0
1846,342.8330358731969,0.0,0.0,0.0,453.2500363231519,35.0
1847,400.7955636717845,38.70967741935484,0.0,0.0,416.8563858024747,71.0
1848,410.26392273143324,100.0,0.0,0.0,384.2449222814783,164.0
1849,457.1542826822799,100.0,0.0,0.0,425.5307822323249,257.0
1850,479.00159995603747,100.0,0.0,0.0,484.6815999560374,350.0
1851,479.00160000000005,0.0,0.0,0.0,657.0316,350.0
1852,479.0015996040396,0.0,0.0,0.0,734.6816000539945,350.0
1853,479.0016003959604,0.0,0.0,0.0,812.3315999460053,350.0
1854,479.0016003959605,0.0,0.0,0.0,884.6815999460055,350.0
1855,479.00160000000005,0.0,0.0,0.0,946.8116,350.0
1856,479.0016003959604,0.0,0.0,0.0,994.4915999460054,350.0
1857,474.77519920531904,0.0,0.0,0.0,1020.235199655274,350.0
1858,470.83680364124064,0.0,0.0,0.0,1026.5168031912856,350.0
1859,431.8392254293724,0.0,0.0,0.0,1018.7712258793274,350.0
1860,429.3035152637151,0.0,0.0,0.0,986.4275157136699,350.0
1861,363.0920336206507,0.0,0.0,0.0,948.5680340706057,350.0
1862,355.7594252424557,0.0,0.0,0.0,887.2189247925006,350.0
1863,315.35607133346,0.0,0.0,0.0,822.44457133346,350.0
1864,286.2853528290254,0.0,0.0,0.0,751.0641528290254,350.0
1865,268.1836583276936,0.0,0.0,0.0,678.2516583276936,350.0
1866,277.55081875265654,0.0,0.0,0.0,606.6828192026115,350.0
1867,181.32347502471953,0.0,89.80000000000003,0.0,548.1559745747645,252.39130434782606
1868,191.35700135683425,0.0,100.0,0.0,500.45950135683427,143.69565217391303
1869,209.6403185827295,0.0,100.0,0.0,467.9963185827295,35.0
1870,329.55119601773504,0.0,0.0,0.0,455.0611964676901,35.0
1871,394.6773632258182,38.70967741935484,0.0,0.0,417.69068580646336,71.0
1872,408.64824193031507,100.0,0.0,0.0,384.46524238027007,164.0
1873,470.81628235464586,100.0,0.0,0.0,423.66778235464585,257.0
1874,454.4456395623308,100.0,0.0,0.0,488.03014001228576,350.0
1875,479.00160000000005,0.0,0.0,0.0,657.0316,350.0
1876,479.0016003959605,0.0,0.0,0.0,734.6815999460055,350.0
1877,479.0015996040397,0.0,0.0,0.0,812.3316000539946,350.0
1878,479.0015996040396,0.0,0.0,0.0,884.6816000539947,350.0
1879,479.0015996040397,0.0,0.0,0.0,946.8116000539947,350.0
1880,479.00160000000005,0.0,0.0,0.0,994.4916,350.0
1881,474.7751999902524,0.0,0.0,0.0,1020.2351995402973,350.0
1882,463.24642819960354,0.0,0.0,0.0,1027.7014281996035,350.0
1883,443.40966078564827,0.0,0.0,0.0,1016.8686603356932,350.0
1884,378.66239516962526,0.0,0.0,0.0,995.0837951696252,350.0
1885,389.7805163156311,0.0,0.0,0.0,943.896016315631,350.0
1886,364.5412427389996,0.0,0.0,0.0,885.6691922890445,350.0
1887,329.0645074992615,0.0,0.0,0.0,820.0448074992614,350.0
1888,316.547354006879,0.0,0.0,0.0,745.891353556924,350.0
1889,299.5907800356428,0.0,0.0,0.0,673.0872795856878,350.0
1890,189.61921913609098,0.0,89.80000000000003,0.0,606.391219136091,252.39130434782606
1891,189.3632250413218,0.0,100.0,0.0,545.4842254912768,143.69565217391303
1892,163.1895212256598,0.0,100.0,0.0,504.3005212256598,35.0
1893,333.9824388672724,0.0,0.0,0.0,464.67693841731733,35.0
1894,326.16539684650144,0.0,0.0,0.0,455.52289639654646,35.0
1895,388.594803572064,38.70967741935484,0.0,0.0,418.52012570275417,71.0
1896,413.3527223530562,100.0,0.0,0.0,383.8237223530562,164.0
1897,433.1091621660651,100.0,0.0,0.0,428.8096621660651,257.0
1898,476.0316003522705,100.0,0.0,0.0,485.08659990231547,350.0
1899,479.00160000000005,0.0,0.0,0.0,657.0316,350.0
1900,479.0015996040396,0.0,0.0,0.0,734.6816000539947,350.0
1901,479.0016003959604,0.0,0.0,0.0,812.3315999460053,350.0
1902,479.0015996040396,0.0,0.0,0.0,884.6816000539947,350.0
1903,479.00160000000005,0.0,0.0,0.0,946.8116,350.0
1904,479.0016003959604,0.0,0.0,0.0,994.4915999460054,350.0
1905,474.7751995977858,0.0,0.0,0.0,1020.2351995977857,350.0
1906,467.497037839751,0.0,0.0,0.0,1027.038038289706,350.0
1907,467.4548320686364,0.0,0.0,0.0,1012.9148320686363,350.0
1908,402.5786919568437,0.0,0.0,0.0,990.9956915068886,350.0
1909,408.4268382712677,0.0,0.0,0.0,940.6318387212226,350.0
1910,360.8772748579797,0.0,0.0,0.0,886.3157748579797,350.0
1911,327.63300301865564,0.0,0.0,0.0,820.2954030186556,350.0
1912,283.5852005975317,0.0,0.0,0.0,751.5257001475767,350.0
1913,180.5656463570026,0.0,100.0,0.0,676.2156463570026,241.30434782608697
1914,175.84590453635008,0.0,100.0,0.0,606.948904086395,132.60869565217394
1915,217.44972089378382,0.0,89.80000000000003,0.0,542.8642208937838,35.0
1916,286.23672093702896,0.0,0.0,0.0,501.157721386984,35.0
1917,324.83483851318186,0.0,0.0,0.0,465.92433851318185,35.0
1918,367.424636001542,0.0,0.0,0.0,449.89663600154194,35.0
1919,344.9476828193624,38.70967741935484,0.0,0.0,424.47200540000756,71.0
1920,426.2068828221904,100.0,0.0,0.0,382.07088237223536,164.0
1921,465.0426019298102,100.0,0.0,0.0,424.4551023797651,257.0
1922,479.0015995600771,100.0,0.0,0.0,484.68160001003207,350.0
1923,479.0015996040397,0.0,0.0,0.0,657.0316000539947,350.0
1924,479.0015996040396,0.0,0.0,0.0,734.6816000539945,350.0
1925,479.0015996040397,0.0,0.0,0.0,812.3316000539946,350.0
1926,479.00160000000005,0.0,0.0,0.0,884.6816,350.0
1927,479.00160000000005,0.0,0.0,0.0,946.8116,350.0
1928,479.0016003959605,0.0,0.0,0.0,994.4915999460054,350.0
1929,474.7751992053189,0.0,0.0,0.0,1020.235199655274,350.0
1930,470.83680364124064,0.0,0.0,0.0,1026.5168031912856,350.0
1931,443.23575568541094,0.0,0.0,0.0,1016.8972561353659,350.0
1932,407.0289854476255,0.0,0.0,0.0,990.2349858975804,350.0
1933,386.634883268918,0.0,0.0,0.0,944.4466828189629,350.0
1934,373.10962523562756,0.0,0.0,0.0,884.1571247856725,350.0
1935,322.1229745363238,0.0,0.0,0.0,821.2599745363237,350.0
1936,290.3943813612815,0.0,0.0,0.0,750.3617809113265,350.0
1937,221.21288382710168,0.0,100.0,0.0,669.5318842770566,241.30434782608697
1938,138.7931967616986,0.0,100.0,0.0,612.7316967616986,132.60869565217394
1939,185.44478655775737,0.0,89.80000000000003,0.0,547.5522870077124,35.0
1940,292.17672175661204,0.0,0.0,0.0,500.34772130665704,35.0
1941,312.07571896754274,0.0,0.0,0.0,467.6642185175877,35.0
1942,362.1617960588143,0.0,0.0,0.0,450.6142960588142,35.0
1943,361.16388295190234,38.70967741935484,0.0,0.0,422.26070553254755,71.0
1944,421.57368239985493,100.0,0.0,0.0,382.70268239985495,164.0
1945,438.79968259048496,100.0,0.0,0.0,428.0336821405299,257.0
1946,479.0016003519979,100.0,0.0,0.0,484.6815999020429,350.0
1947,479.0016003959604,0.0,0.0,0.0,657.0315999460054,350.0
1948,479.0015996040396,0.0,0.0,0.0,734.6816000539945,350.0
1949,479.0015996040397,0.0,0.0,0.0,812.3316000539946,350.0
1950,479.0015996040396,0.0,0.0,0.0,884.6816000539947,350.0
1951,479.00160000000005,0.0,0.0,0.0,946.8116,350.0
1952,479.0016003959605,0.0,0.0,0.0,994.4915999460054,350.0
1953,474.7751999902524,0.0,0.0,0.0,1020.2351995402973,350.0
1954,470.83680325202965,0.0,0.0,0.0,1026.5168032520296,350.0
1955,447.02687002287234,0.0,0.0,0.0,1016.2738704728273,350.0
1956,417.0479121609701,0.0,0.0,0.0,988.522412610925,350.0
1957,382.83668523559004,0.0,0.0,0.0,945.1115856855449,350.0
1958,341.3582994831995,0.0,0.0,0.0,889.7602999331546,350.0
1959,328.3430108589562,0.0,0.0,0.0,820.1711108589561,350.0
1960,299.6915763627847,0.0,0.0,0.0,748.7725759128297,350.0
1961,170.5487571647526,0.0,100.0,0.0,677.8627571647526,241.30434782608697
1962,163.1174295757039,0.0,100.0,0.0,608.9354291257489,132.60869565217394
1963,189.16574360691635,0.0,89.80000000000003,0.0,547.0072431569613,35.0
1964,302.73804140983515,0.0,0.0,0.0,498.9075414098352,35.0
1965,321.1520381340782,0.0,0.0,0.0,466.4265385840332,35.0
1966,359.0611164885175,0.0,0.0,0.0,451.03711603856243,35.0
1967,422.80920305978793,38.70967741935484,0.0,0.0,413.8545260903881,71.0
1968,406.62864271073903,100.0,0.0,0.0,384.74064226078406,164.0
1969,459.9460823002818,100.0,0.0,0.0,425.15008230028184,257.0
1970,444.6208795632326,100.0,0.0,0.0,489.3698800131875,350.0
1971,479.0016003959604,0.0,0.0,0.0,657.0315999460054,350.0
1972,479.00160000000005,0.0,0.0,0.0,734.6816,350.0
1973,479.0016003959604,0.0,0.0,0.0,812.3315999460053,350.0
1974,479.0016003959605,0.0,0.0,0.0,884.6815999460055,350.0
1975,479.00160000000005,0.0,0.0,0.0,946.8116,350.0
1976,479.00160000000005,0.0,0.0,0.0,994.4916,350.0
1977,474.7751995977858,0.0,0.0,0.0,1020.2351995977857,350.0
1978,470.83680325202965,0.0,0.0,0.0,1026.5168032520296,350.0
1979,426.7728130773455,0.0,0.0,0.0,1019.6043130773455,350.0
1980,399.90390331308447,0.0,0.0,0.0,991.4529033130844,350.0
1981,376.79817235840915,0.0,0.0,0.0,946.1686723584091,350.0
1982,372.6850498533329,0.0,0.0,0.0,884.2320498533329,350.0
1983,333.78640468418143,0.0,0.0,0.0,819.2182042342264,350.0
1984,298.4810033284234,0.0,0.0,0.0,748.9795037783784,350.0
1985,291.11584176335055,0.0,0.0,0.0,674.4808422133056,350.0
1986,310.78498364990315,0.0,0.0,0.0,601.4959840998581,350.0
1987,156.0892684606839,0.0,89.80000000000003,0.0,551.852268010729,252.39130434782606
1988,191.78468135882594,0.0,100.0,0.0,500.40118135882597,143.69565217391303
1989,207.08611819846004,0.0,100.0,0.0,468.34461864841506,35.0
1990,340.54019629410897,0.0,0.0,0.0,453.5626962941089,35.0
1991,373.424042656148,38.70967741935484,0.0,0.0,420.58886568674814,71.0
1992,432.0756020636779,100.0,0.0,0.0,381.27060251363287,164.0
1993,455.09904188008045,100.0,0.0,0.0,425.81104233003543,257.0
1994,479.00159995603747,100.0,0.0,0.0,484.6815999560374,350.0
1995,479.0016003959604,0.0,0.0,0.0,657.0315999460054,350.0
1996,479.00160000000005,0.0,0.0,0.0,734.6816,350.0
1997,479.0016003959604,0.0,0.0,0.0,812.3315999460053,350.0
1998,479.00160000000005,0.0,0.0,0.0,884.6816,350.0
1999,479.0015996040396,0.0,0.0,0.0,946.8116000539947,350.0
2000,479.0016003959604,0.0,0.0,0.0,994.4915999460054,350.0
2001,474.7751992053189,0.0,0.0,0.0,1020.235199655274,350.0
2002,470.83680364124064,0.0,0.0,0.0,1026.5168031912856,350.0
2003,467.4548324550517,0.0,0.0,0.0,1012.9148320050967,350.0
2004,404.07749572293676,0.0,0.0,0.0,990.7394952729817,350.0
2005,391.2740603107096,0.0,0.0,0.0,943.6345603107096,350.0
2006,361.7160977401114,0.0,0.0,0.0,886.1677472901564,350.0
2007,307.4977317472126,0.0,0.0,0.0,823.8202321971676,350.0
2008,280.1587042380051,0.0,0.0,0.0,752.1114042380051,350.0
2009,246.5615533769885,0.0,0.0,0.0,681.8070538269435,350.0
2010,260.1046341958078,0.0,0.0,0.0,609.4056341958078,350.0
2011,187.32881583090625,0.0,89.80000000000003,0.0,547.2763153809512,252.39130434782606
2012,218.50280148325083,0.0,100.0,0.0,496.75780148325083,143.69565217391303
2013,197.70091863737792,0.0,100.0,0.0,469.6244186373779,35.0
2014,324.8110768612397,0.0,0.0,0.0,455.7075764112847,35.0
2015,386.9078431623156,38.70967741935484,0.0,0.0,418.75016574296075,71.0
2016,384.8526025867765,100.0,0.0,0.0,387.71010213682155,164.0
2017,422.9042417190679,100.0,0.0,0.0,430.20124216902286,257.0
2018,479.0016003519979,100.0,0.0,0.0,484.6815999020429,350.0
2019,479.0016003959604,0.0,0.0,0.0,657.0315999460054,350.0
2020,479.00160000000005,0.0,0.0,0.0,734.6816,350.0
2021,479.0015996040396,0.0,0.0,0.0,812.3316000539946,350.0
2022,479.0015996040396,0.0,0.0,0.0,884.6816000539945,350.0
2023,479.00160000000005,0.0,0.0,0.0,946.8116,350.0
2024,479.0016003959605,0.0,0.0,0.0,994.4915999460054,350.0
2025,474.77519920531904,0.0,0.0,0.0,1020.235199655274,350.0
2026,469.7624736338204,0.0,0.0,0.0,1026.6844731838653,350.0
2027,419.13261629328724,0.0,0.0,0.0,1020.8606162932872,350.0
2028,398.27827730559045,0.0,0.0,0.0,991.7307777555453,350.0
2029,375.7837117046738,0.0,0.0,0.0,946.3462612547187,350.0
2030,361.9054352400368,0.0,0.0,0.0,886.1343347900819,350.0
2031,331.9401541404784,0.0,0.0,0.0,819.5414041404783,350.0
2032,286.28535321329565,0.0,0.0,0.0,751.0641527633406,350.0
2033,290.60572279275317,0.0,0.0,0.0,674.5647227927532,350.0
2034,267.3446845626341,0.0,0.0,0.0,608.2756841126791,350.0
2035,172.57451734010243,0.0,89.80000000000003,0.0,549.4375173401024,252.39130434782606
2036,214.68932186145202,0.0,100.0,0.0,497.27782141149703,143.69565217391303
2037,239.29279844700562,0.0,100.0,0.0,463.9527984470056,35.0
2038,340.0531162994095,0.0,0.0,0.0,453.6291162994095,35.0
2039,367.74540260973464,38.70967741935484,0.0,0.0,421.36322564033486,71.0
2040,418.5086423824069,100.0,0.0,0.0,383.12064238240686,164.0
2041,460.2193223016484,100.0,0.0,0.0,425.1128223016484,257.0
2042,476.44739995627197,100.0,0.0,0.0,485.02989995627195,350.0
2043,479.00160000000005,0.0,0.0,0.0,657.0316,350.0
2044,479.00160000000005,0.0,0.0,0.0,734.6816,350.0
2045,479.0015996040396,0.0,0.0,0.0,812.3316000539946,350.0
2046,479.0015996040396,0.0,0.0,0.0,884.6816000539945,350.0
2047,479.0016003959604,0.0,0.0,0.0,946.8115999460053,350.0
2048,479.0016003959605,0.0,0.0,0.0,994.4915999460054,350.0
2049,474.77519920531904,0.0,0.0,0.0,1020.235199655274,350.0
2050,459.2176906717775,0.0,0.0,0.0,1028.3301906717775,350.0
2051,439.7692627591084,0.0,0.0,0.0,1017.4672632090633,350.0
2052,412.0672727221862,0.0,0.0,0.0,989.3737722722311,350.0
2053,381.0731548243227,0.0,0.0,0.0,945.4203048243227,350.0
2054,349.9565173622776,0.0,0.0,0.0,888.2429673622776,350.0
2055,335.9279162392444,0.0,0.0,0.0,818.8433166891994,350.0
2056,282.040279801151,0.0,0.0,0.0,751.789779351196,350.0
2057,250.3062935887474,0.0,0.0,0.0,681.1912935887474,350.0
2058,311.6491186472314,0.0,0.0,0.0,601.3611190971864,350.0
2059,195.08865738181015,0.0,89.80000000000003,0.0,546.1396578317651,252.39130434782606
2060,182.39948091915915,0.0,100.0,0.0,501.6809813691142,143.69565217391303
2061,218.4671585423277,0.0,100.0,0.0,466.79265854232773,35.0
2062,349.20071619986174,0.0,0.0,0.0,452.3817161998617,35.0
2063,357.89688332116054,38.70967741935484,0.0,0.0,422.70620545185074,71.0
2064,416.85732276896687,100.0,0.0,0.0,383.345822319012,164.0
2065,477.93240199427464,100.0,0.0,0.0,422.6974024442296,257.0
2066,479.0016003519979,100.0,0.0,0.0,484.6815999020429,350.0
2067,479.0015996040396,0.0,0.0,0.0,657.0316000539947,350.0
2068,479.0015996040396,0.0,0.0,0.0,734.6816000539947,350.0
2069,479.0015996040396,0.0,0.0,0.0,812.3316000539946,350.0
2070,479.00160000000005,0.0,0.0,0.0,884.6816,350.0
2071,479.0015996040397,0.0,0.0,0.0,946.8116000539947,350.0
2072,479.0015996040396,0.0,0.0,0.0,994.4916000539946,350.0
2073,474.7751995977858,0.0,0.0,0.0,1020.2351995977857,350.0
2074,470.8368028628187,0.0,0.0,0.0,1026.5168033127736,350.0
2075,426.0771957677197,0.0,0.0,0.0,1019.7186957677196,350.0
2076,414.1425387066977,0.0,0.0,0.0,989.0190391566525,350.0
2077,382.6344831220996,0.0,0.0,0.0,945.1469826721446,350.0
2078,361.8583877400555,0.0,0.0,0.0,886.1426372901004,350.0
2079,318.54536221480976,0.0,0.0,0.0,821.8862622148097,350.0
2080,277.61304408614944,0.0,0.0,0.0,752.5465436361944,350.0
2081,180.29899344316135,0.0,100.0,0.0,676.2594929932063,241.30434782608697
2082,123.19205719914527,0.0,100.0,0.0,615.1665567491902,132.60869565217394
2083,185.06798164504767,0.0,89.80000000000003,0.0,547.6074811950926,35.0
2084,296.3703609842208,0.0,0.0,0.0,499.7758614341758,35.0
2085,292.35491866184736,0.0,0.0,0.0,470.3534186618474,35.0
2086,350.88767618150365,0.0,0.0,0.0,452.1516761815036,35.0
2087,337.51080236261816,38.70967741935484,0.0,0.0,425.4861253932183,71.0
2088,433.86948207388974,100.0,0.0,0.0,381.02598252384473,164.0
2089,472.2894027579737,100.0,0.0,0.0,423.4669023080187,257.0
2090,477.20771995620214,100.0,0.0,0.0,484.9262199562021,350.0
2091,479.0016003959604,0.0,0.0,0.0,657.0315999460054,350.0
2092,479.0015996040396,0.0,0.0,0.0,734.6816000539945,350.0
2093,479.0016003959604,0.0,0.0,0.0,812.3315999460053,350.0
2094,479.0016003959605,0.0,0.0,0.0,884.6815999460055,350.0
2095,479.0015996040397,0.0,0.0,0.0,946.8116000539947,350.0
2096,479.0015996040396,0.0,0.0,0.0,994.4916000539945,350.0
2097,474.7751999902523,0.0,0.0,0.0,1020.2351995402973,350.0
2098,470.83680325202965,0.0,0.0,0.0,1026.5168032520296,350.0
2099,467.4548324550517,0.0,0.0,0.0,1012.9148320050967,350.0
2100,411.6037960964011,0.0,0.0,0.0,989.452996096401,350.0
2101,374.31659156658634,0.0,0.0,0.0,946.6030915665863,350.0
2102,364.0684727391856,0.0,0.0,0.0,885.7526222892307,350.0
2103,330.8992688600379,0.0,0.0,0.0,819.7236188600378,350.0
2104,294.8492872995017,0.0,0.0,0.0,749.6002868495467,350.0
2105,190.9071565718453,0.0,100.0,0.0,674.5151570218003,241.30434782608697
2106,142.98541885952602,0.0,100.0,0.0,612.077419309481,132.60869565217394
2107,189.82515357779164,0.0,89.80000000000003,0.0,546.9106531278367,35.0
2108,298.47312138997364,0.0,0.0,0.0,499.48912138997366,35.0
2109,328.06619810243103,0.0,0.0,0.0,465.48369855238604,35.0
2110,334.45763636030165,0.0,0.0,0.0,454.39213636030166,35.0
2111,367.95924261148247,38.70967741935484,0.0,0.0,421.33406564208263,71.0
2112,446.69988214692825,100.0,0.0,0.0,379.27638259688325,164.0
2113,446.36724223237144,100.0,0.0,0.0,427.0017422323714,257.0
2114,479.0016003519978,100.0,0.0,0.0,484.6815999020429,350.0
2115,479.0016003959604,0.0,0.0,0.0,657.0315999460054,350.0
2116,479.0016003959605,0.0,0.0,0.0,734.6815999460055,350.0
2117,479.0016003959604,0.0,0.0,0.0,812.3315999460054,350.0
2118,479.0015996040396,0.0,0.0,0.0,884.6816000539945,350.0
2119,479.00160000000005,0.0,0.0,0.0,946.8116,350.0
2120,479.00160000000005,0.0,0.0,0.0,994.4916,350.0
2121,474.7751995977858,0.0,0.0,0.0,1020.2351995977857,350.0
2122,470.83680364124064,0.0,0.0,0.0,1026.5168031912856,350.0
2123,445.7863524873728,0.0,0.0,0.0,1016.4778529373277,350.0
2124,411.32939933033845,0.0,0.0,0.0,989.4998997802934,350.0
2125,391.5808108867773,0.0,0.0,0.0,943.5808613367321,350.0
2126,364.4700969741041,0.0,0.0,0.0,885.681747424059,350.0
2127,326.2727294810017,0.0,0.0,0.0,820.5335290310467,350.0
2128,276.6215273698737,0.0,0.0,0.0,752.7160273698737,350.0
2129,178.83819671620944,0.0,100.0,0.0,676.4996967162094,241.30434782608697
2130,164.57711629276878,0.0,100.0,0.0,608.7076167427238,132.60869565217394
2131,212.71609931714255,0.0,89.80000000000003,0.0,543.5575993171425,35.0
2132,301.062961006074,0.0,0.0,0.0,499.135961456029,35.0
2133,334.27943807399214,0.0,0.0,0.0,464.6364385239471,35.0
2134,377.36819628929265,0.0,0.0,0.0,448.5406958393376,35.0
2135,368.66016340913217,38.70967741935484,0.0,0.0,421.2384855398223,71.0
2136,396.88704265528384,100.0,0.0,0.0,386.0690422053289,164.0
2137,454.86144187889215,100.0,0.0,0.0,425.8434423288471,257.0
2138,479.001599560077,100.0,0.0,0.0,484.68160001003207,350.0
2139,479.0015996040397,0.0,0.0,0.0,657.0316000539947,350.0
2140,479.00160000000005,0.0,0.0,0.0,734.6816,350.0
2141,479.0016003959604,0.0,0.0,0.0,812.3315999460053,350.0
2142,479.00160000000005,0.0,0.0,0.0,884.6816,350.0
2143,479.0016003959604,0.0,0.0,0.0,946.8115999460053,350.0
2144,479.00160000000005,0.0,0.0,0.0,994.4916,350.0
2145,474.7751999902524,0.0,0.0,0.0,1020.2351995402973,350.0
2146,441.6780851614217,0.0,0.0,0.0,1031.0675856113767,350.0
2147,415.05166179656385,0.0,0.0,0.0,1021.5316613466088,350.0
2148,395.2230242432489,0.0,0.0,0.0,992.2530237932939,350.0
2149,394.6104078197159,0.0,0.0,0.0,943.0505078197159,350.0
2150,351.9416923614963,0.0,0.0,0.0,887.8926423614963,350.0
2151,332.4732348436257,0.0,0.0,0.0,819.4480843936707,350.0
2152,278.14338964690546,0.0,0.0,0.0,752.4558896469055,350.0
2153,314.6161138240179,0.0,0.0,0.0,670.6166133740628,350.0
2154,291.62220620915065,0.0,0.0,0.0,604.4867066591056,350.0
2155,192.0035615172908,0.0,89.80000000000003,0.0,546.5915610673358,252.39130434782606
2156,178.98992129924136,0.0,100.0,0.0,502.1459212992414,143.69565217391303
2157,219.69079853672696,0.0,100.0,0.0,466.6257985367269,35.0
2158,355.2832757377086,0.0,0.0,0.0,451.55227618766355,35.0
2159,376.1208034701102,38.70967741935484,0.0,0.0,420.2211256008004,71.0
2160,413.25768235251513,100.0,0.0,0.0,383.8366823525152,164.0
2161,458.900641899093,100.0,0.0,0.0,425.2926423490479,257.0
2162,458.55611956195355,100.0,0.0,0.0,487.46962001190855,350.0
2163,479.0015996040396,0.0,0.0,0.0,657.0316000539947,350.0
2164,479.00160000000005,0.0,0.0,0.0,734.6816,350.0
2165,479.00160000000005,0.0,0.0,0.0,812.3316,350.0
2166,479.0016003959605,0.0,0.0,0.0,884.6815999460055,350.0
2167,479.0016003959604,0.0,0.0,0.0,946.8115999460053,350.0
2168,479.0015996040396,0.0,0.0,0.0,994.4916000539945,350.0
2169,474.77519920531904,0.0,0.0,0.0,1020.235199655274,350.0
2170,468.69982073726965,0.0,0.0,0.0,1026.8503207372696,350.0
2171,447.3630854422737,0.0,0.0,0.0,1016.2185854422736,350.0
2172,414.63253224561254,0.0,0.0,0.0,988.9352826955675,350.0
2173,384.5416239158154,0.0,0.0,0.0,944.8131234658604,350.0
2174,362.80392697475986,0.0,0.0,0.0,885.9757774247148,350.0
2175,322.9731457366836,0.0,0.0,0.0,821.1111457366835,350.0
2176,304.525794175755,0.0,0.0,0.0,747.9462446257099,350.0
2177,261.6680429040309,0.0,0.0,0.0,679.3230429040309,350.0
2178,309.7690419314664,0.0,0.0,0.0,601.6545414815114,350.0
2179,197.30239124792996,0.0,89.80000000000003,0.0,545.8153912479299,252.39130434782606
2180,226.52180191655526,0.0,100.0,0.0,495.66430146660025,143.69565217391303
2181,208.09591819383803,0.0,100.0,0.0,468.206918643793,35.0
2182,361.4489956706108,0.0,0.0,0.0,450.7114961205658,35.0
2183,366.48612339136304,38.70967741935484,0.0,0.0,421.5349455220532,71.0
2184,393.08544184172206,100.0,0.0,0.0,386.5874422916771,164.0
2185,462.4765219169767,100.0,0.0,0.0,424.80502236693167,257.0
2186,479.00159995603747,100.0,0.0,0.0,484.6815999560374,350.0
2187,479.00160000000005,0.0,0.0,0.0,657.0316,350.0
2188,479.00160000000005,0.0,0.0,0.0,734.6816,350.0
2189,479.0016003959604,0.0,0.0,0.0,812.3315999460053,350.0
2190,479.0015996040396,0.0,0.0,0.0,884.6816000539945,350.0
2191,479.00160000000005,0.0,0.0,0.0,946.8116,350.0
2192,479.0015996040396,0.0,0.0,0.0,994.4916000539945,350.0
2193,474.7751999902524,0.0,0.0,0.0,1020.2351995402973,350.0
2194,470.83680286281856,0.0,0.0,0.0,1026.5168033127736,350.0
2195,454.2149159420892,0.0,0.0,0.0,1015.0919159420891,350.0
2196,395.303728677153,0.0,0.0,0.0,992.2392286771529,350.0
2197,375.3046279804089,0.0,0.0,0.0,946.4301284303639,350.0
2198,363.678322739339,0.0,0.0,0.0,885.8214722893841,350.0
2199,327.96388007587393,0.0,0.0,0.0,820.2374805258289,350.0
2200,311.4283627114085,0.0,0.0,0.0,746.7663622614534,350.0
2201,270.7690363644235,0.0,0.0,0.0,677.8265359144685,350.0
2202,264.83402168118545,0.0,0.0,0.0,608.6675216811855,350.0
2203,185.37413627438275,0.0,89.80000000000003,0.0,547.5626358244277,252.39130434782606
2204,203.3676810168069,0.0,100.0,0.0,498.82168146676196,143.69565217391303
2205,226.18915850698295,0.0,100.0,0.0,465.73965850698295,35.0
2206,359.03735569685523,0.0,0.0,0.0,451.0403561468102,35.0
2207,374.5407630612356,38.70967741935484,0.0,0.0,420.4365856418808,71.0
2208,451.2024025685197,100.0,0.0,0.0,378.6624025685197,164.0
2209,445.7851226254205,100.0,0.0,0.0,427.08112217546545,257.0
2210,467.4304803530599,100.0,0.0,0.0,486.2594799031049,350.0
2211,479.00160000000005,0.0,0.0,0.0,657.0316,350.0
2212,479.0015996040396,0.0,0.0,0.0,734.6816000539947,350.0
2213,479.00160000000005,0.0,0.0,0.0,812.3316,350.0
2214,479.0015996040396,0.0,0.0,0.0,884.6816000539947,350.0
2215,479.0016003959604,0.0,0.0,0.0,946.8115999460055,350.0
2216,479.00160000000005,0.0,0.0,0.0,994.4916,350.0
2217,474.7751999902524,0.0,0.0,0.0,1020.2351995402973,350.0
2218,470.83680364124064,0.0,0.0,0.0,1026.5168031912856,350.0
2219,467.4548320686364,0.0,0.0,0.0,1012.9148320686363,350.0
2220,417.9103007894605,0.0,0.0,0.0,988.3750012394155,350.0
2221,381.99110994129796,0.0,0.0,0.0,945.2596099412979,350.0
2222,365.69906985608225,0.0,0.0,0.0,885.4648698560821,350.0
2223,313.4684611097394,0.0,0.0,0.0,822.7750115596943,350.0
2224,292.92390016532266,0.0,0.0,0.0,749.9294006152776,350.0
2225,252.90326524722758,0.0,0.0,0.0,680.7642647972726,350.0
2226,272.69297954609823,0.0,0.0,0.0,607.4409790961432,350.0
2227,194.18196867185645,0.0,89.80000000000003,0.0,546.2724691218115,252.39130434782606
2228,198.29492178510418,0.0,100.0,0.0,499.5134213351492,143.69565217391303
2229,225.46447811433956,0.0,100.0,0.0,465.8384785642945,35.0
2230,363.44483644081214,0.0,0.0,0.0,450.43933599085705,35.0
2231,365.5832429880231,38.70967741935484,0.0,0.0,421.6580655686683,71.0
2232,454.0536025847505,100.0,0.0,0.0,378.2736025847505,164.0
2233,460.1361623012325,100.0,0.0,0.0,425.12416230123245,257.0
2234,479.0016003519979,100.0,0.0,0.0,484.6815999020429,350.0
2235,479.0016003959604,0.0,0.0,0.0,657.0315999460054,350.0
2236,479.0016003959604,0.0,0.0,0.0,734.6815999460055,350.0
2237,479.0015996040397,0.0,0.0,0.0,812.3316000539946,350.0
2238,479.00160000000005,0.0,0.0,0.0,884.6816,350.0
2239,479.0016003959604,0.0,0.0,0.0,946.8115999460053,350.0
2240,479.0015996040396,0.0,0.0,0.0,994.4916000539946,350.0
2241,474.77519920531904,0.0,0.0,0.0,1020.235199655274,350.0
2242,470.83680364124064,0.0,0.0,0.0,1026.5168031912856,350.0
2243,451.54838253544096,0.0,0.0,0.0,1015.5303829853959,350.0
2244,386.2647894259087,0.0,0.0,0.0,993.7842889759536,350.0
2245,401.02460522150227,0.0,0.0,0.0,941.9276547715472,350.0
2246,354.73126447793663,0.0,0.0,0.0,887.4003649278917,350.0
2247,310.78238043444605,0.0,0.0,0.0,823.2452299844911,350.0
2248,296.2904439902717,0.0,0.0,0.0,749.3539444402267,350.0
2249,172.5544537275527,0.0,100.0,0.0,677.5329537275527,241.30434782608697
2250,198.48857657713228,0.0,100.0,0.0,603.4150765771323,132.60869565217394
2251,218.50948731087175,0.0,89.80000000000003,0.0,542.7089868609168,35.0
2252,283.13604092258925,0.0,0.0,0.0,501.5805413725443,35.0
2253,331.90343887678824,0.0,0.0,0.0,464.9604384268332,35.0
2254,339.56603630471017,0.0,0.0,0.0,453.69553630471006,35.0
2255,397.82556325154945,38.70967741935484,0.0,0.0,417.2613858321946,71.0
2256,435.663362480062,100.0,0.0,0.0,380.78136248006206,164.0
2257,409.09968165002846,100.0,0.0,0.0,432.08368209998343,257.0
2258,447.43643995893456,100.0,0.0,0.0,488.9859399589345,350.0
2259,479.0016003959604,0.0,0.0,0.0,657.0315999460054,350.0
2260,479.0015996040396,0.0,0.0,0.0,734.6816000539945,350.0
2261,479.0016003959604,0.0,0.0,0.0,812.3315999460054,350.0
2262,479.00160000000005,0.0,0.0,0.0,884.6816,350.0
2263,479.0015996040397,0.0,0.0,0.0,946.8116000539947,350.0
2264,479.00160000000005,0.0,0.0,0.0,994.4916,350.0
2265,474.7751992053189,0.0,0.0,0.0,1020.235199655274,350.0
2266,470.83680364124064,0.0,0.0,0.0,1026.5168031912856,350.0
2267,444.66177155655953,0.0,0.0,0.0,1016.6627715565595,350.0
2268,393.81645417079926,0.0,0.0,0.0,992.4934541707992,350.0
2269,380.3252339467872,0.0,0.0,0.0,945.5512339467872,350.0
2270,365.95955235597967,0.0,0.0,0.0,885.4189023559796,350.0
2271,325.01815175462735,0.0,0.0,0.0,820.7531522045823,350.0
2272,307.2893577197286,0.0,0.0,0.0,747.4738581696836,350.0
2273,170.62991213058928,0.0,100.0,0.0,677.8494125805443,241.30434782608697
2274,165.92002878861672,0.0,100.0,0.0,608.4980292385717,132.60869565217394
2275,177.64961908023264,0.0,89.80000000000003,0.0,548.6941190802327,35.0
2276,300.4333213991022,0.0,0.0,0.0,499.2218213991022,35.0
2277,319.2631189346449,0.0,0.0,0.0,466.68411848468986,35.0
2278,354.33287574805115,0.0,0.0,0.0,451.6818761980062,35.0
2279,364.1695229764683,38.70967741935484,0.0,0.0,421.85084555711353,71.0
2280,417.65328237753766,100.0,0.0,0.0,383.23728237753767,164.0
2281,434.380321776462,100.0,0.0,0.0,428.63632222641695,257.0
2282,455.55047995818984,100.0,0.0,0.0,487.8794799581898,350.0
2283,479.00160000000005,0.0,0.0,0.0,657.0316,350.0
2284,479.00160000000005,0.0,0.0,0.0,734.6816,350.0
2285,479.00160000000005,0.0,0.0,0.0,812.3316,350.0
2286,479.0015996040396,0.0,0.0,0.0,884.6816000539945,350.0
2287,479.0016003959604,0.0,0.0,0.0,946.8115999460053,350.0
2288,479.0016003959605,0.0,0.0,0.0,994.4915999460054,350.0
2289,474.7751999902524,0.0,0.0,0.0,1020.2351995402973,350.0
2290,470.83680325202965,0.0,0.0,0.0,1026.5168032520296,350.0
2291,442.43579655217195,0.0,0.0,0.0,1017.0287961022169,350.0
2292,411.3063408108601,0.0,0.0,0.0,989.503841260815,350.0
2293,395.6053375135159,0.0,0.0,0.0,942.8763379634709,350.0
2294,366.81099735564464,0.0,0.0,0.0,885.2686473556446,350.0
2295,330.09390359677536,0.0,0.0,0.0,819.8646040467304,350.0
2296,283.76851544208574,0.0,0.0,0.0,751.4943654420857,350.0
2297,201.12113810668097,0.0,100.0,0.0,672.835637656726,241.30434782608697
2298,178.89373163771558,0.0,100.0,0.0,606.4732316377156,132.60869565217394
2299,197.12576396962646,0.0,89.80000000000003,0.0,545.8412635196714,35.0
2300,303.55776180961294,0.0,0.0,0.0,498.79576135965794,35.0
2301,325.3931985106261,0.0,0.0,0.0,465.84819851062616,35.0
2302,374.16059553227825,0.0,0.0,0.0,448.9780959822332,35.0
2303,373.53096265702186,38.70967741935484,0.0,0.0,420.574285687622,71.0
2304,413.28144235265046,100.0,0.0,0.0,383.8334423526505,164.0
2305,458.24724268774605,100.0,0.0,0.0,425.38174223779106,257.0
2306,461.65679995762935,100.0,0.0,0.0,487.04679995762933,350.0
2307,479.00160000000005,0.0,0.0,0.0,657.0316,350.0
2308,479.0016003959605,0.0,0.0,0.0,734.6815999460055,350.0
2309,479.0015996040396,0.0,0.0,0.0,812.3316000539946,350.0
2310,479.0016003959604,0.0,0.0,0.0,884.6815999460055,350.0
2311,479.0016003959604,0.0,0.0,0.0,946.8115999460053,350.0
2312,479.0016003959605,0.0,0.0,0.0,994.4915999460054,350.0
2313,474.7751995977858,0.0,0.0,0.0,1020.2351995977857,350.0
2314,461.64661029934257,0.0,0.0,0.0,1027.9511107492976,350.0
2315,423.1787903109449,0.0,0.0,0.0,1020.1952903109449,350.0
2316,396.7241330927494,0.0,0.0,0.0,991.9964335427043,350.0
2317,377.69429875545643,0.0,0.0,0.0,946.0117987554563,350.0
2318,368.99698447232254,0.0,0.0,0.0,884.8828849222775,350.0
2319,323.49014211982404,0.0,0.0,0.0,821.0206416698691,350.0
2320,292.61491639031675,0.0,0.0,0.0,749.9822163903167,350.0
2321,278.96572694187813,0.0,0.0,0.0,676.4787264919231,350.0
2322,288.0488912201986,0.0,0.0,0.0,605.0443916701536,350.0
2323,192.55699449323737,0.0,89.80000000000003,0.0,546.5104944932374,252.39130434782606
2324,192.28364175710993,0.0,100.0,0.0,500.33314130715496,143.69565217391303
2325,225.99907890381337,0.0,100.0,0.0,465.7655784538584,35.0
2326,359.4769160880321,0.0,0.0,0.0,450.98041608803214,35.0
2327,393.6319232172735,38.70967741935484,0.0,0.0,417.8332457979187,71.0
2328,426.5989228244221,100.0,0.0,0.0,382.0174223744671,164.0
2329,443.05272181983446,100.0,0.0,0.0,427.4537222697894,257.0
2330,471.92111995668733,100.0,0.0,0.0,485.64711995668733,350.0
2331,479.0015996040396,0.0,0.0,0.0,657.0316000539947,350.0
2332,479.00160000000005,0.0,0.0,0.0,734.6816,350.0
2333,479.0016003959604,0.0,0.0,0.0,812.3315999460053,350.0
2334,479.00160000000005,0.0,0.0,0.0,884.6816,350.0
2335,479.0016003959604,0.0,0.0,0.0,946.8115999460053,350.0
2336,479.0016003959604,0.0,0.0,0.0,994.4915999460054,350.0
2337,474.7751999902524,0.0,0.0,0.0,1020.2351995402973,350.0
2338,470.83680286281856,0.0,0.0,0.0,1026.5168033127736,350.0
2339,457.55387864187844,0.0,0.0,0.0,1014.5428790918334,350.0
2340,407.09816100606054,0.0,0.0,0.0,990.2231614560155,350.0
2341,373.3216618727864,0.0,0.0,0.0,946.7772614228314,350.0
2342,376.19525273441326,0.0,0.0,0.0,883.6126022844583,350.0
2343,361.60997977011317,0.0,0.0,0.0,814.3474802200681,350.0
2344,288.31680799939915,0.0,0.0,0.0,750.7169084493542,350.0
2345,256.8103157770751,0.0,0.0,0.0,680.1218153271201,350.0
2346,261.85625919039217,0.0,0.0,0.0,609.1322591903921,350.0
2347,208.6418881038433,0.0,89.80000000000003,0.0,544.1543876538883,252.39130434782606
2348,182.29256091866125,0.0,100.0,0.0,501.69556136861627,143.69565217391303
2349,217.2197585480372,0.0,100.0,0.0,466.96275854803724,35.0
2350,348.7373958089434,0.0,0.0,0.0,452.4448962588984,35.0
2351,404.24076290802236,38.70967741935484,0.0,0.0,416.38658593862255,71.0
2352,409.0996823288453,100.0,0.0,0.0,384.4036823288453,164.0
2353,453.04380186980177,100.0,0.0,0.0,426.0913023197568,257.0
2354,479.00159995603747,100.0,0.0,0.0,484.6815999560374,350.0
2355,479.0016003959604,0.0,0.0,0.0,657.0315999460054,350.0
2356,479.0015996040396,0.0,0.0,0.0,734.6816000539945,350.0
2357,479.0015996040397,0.0,0.0,0.0,812.3316000539946,350.0
2358,479.0016003959605,0.0,0.0,0.0,884.6815999460055,350.0
2359,479.00160000000005,0.0,0.0,0.0,946.8116,350.0
2360,479.0015996040396,0.0,0.0,0.0,994.4916000539946,350.0
2361,474.7751995977858,0.0,0.0,0.0,1020.2351995977857,350.0
2362,470.8368028628187,0.0,0.0,0.0,1026.5168033127736,350.0
2363,443.3864727691632,0.0,0.0,0.0,1016.8724732191182,350.0
2364,386.7490175664136,0.0,0.0,0.0,993.7015180163685,350.0
2365,390.504310713246,0.0,0.0,0.0,943.769310713246,350.0
2366,369.091080237209,0.0,0.0,0.0,884.866279787254,350.0
2367,329.2000753393188,0.0,0.0,0.0,820.0210753393188,350.0
2368,299.184288168567,0.0,0.0,0.0,748.859288618522,350.0
2369,293.5389090955764,0.0,0.0,0.0,674.0824090955764,350.0
2370,286.0753937263003,0.0,0.0,0.0,605.3523941762553,350.0
2371,184.75005105272794,0.0,89.80000000000003,0.0,547.6540515026829,252.39130434782606
2372,194.08940097359846,0.0,100.0,0.0,500.0869014235535,143.69565217391303
2373,229.01659889000172,0.0,100.0,0.0,465.3540984400467,35.0
2374,344.79323585186523,0.0,0.0,0.0,452.98273630182024,35.0
2375,393.5725228208276,38.70967741935484,0.0,0.0,417.8413458514278,71.0
2376,384.7219225860326,100.0,0.0,0.0,387.7279221360776,164.0
2377,452.73492266017774,100.0,0.0,0.0,426.13342221022276,257.0
2378,475.461359560402,100.0,0.0,0.0,485.164360010357,350.0
2379,479.0015996040396,0.0,0.0,0.0,657.0316000539947,350.0
2380,479.0015996040396,0.0,0.0,0.0,734.6816000539947,350.0
2381,479.0016003959604,0.0,0.0,0.0,812.3315999460053,350.0
2382,479.00160000000005,0.0,0.0,0.0,884.6816,350.0
2383,479.0016003959604,0.0,0.0,0.0,946.8115999460053,350.0
2384,479.0015996040396,0.0,0.0,0.0,994.4916000539945,350.0
2385,474.77519920531904,0.0,0.0,0.0,1020.235199655274,350.0
2386,470.83680325202965,0.0,0.0,0.0,1026.5168032520296,350.0
2387,434.8999419781421,0.0,0.0,0.0,1018.2679419781421,350.0
2388,427.8392992768396,0.0,0.0,0.0,986.6777997267944,350.0
2389,377.8896079718911,0.0,0.0,0.0,945.9776084218461,350.0
2390,363.7804498568372,0.0,0.0,0.0,885.8034498568372,350.0
2391,327.0528190013318,0.0,0.0,0.0,820.3969685513767,350.0
2392,301.42672917525385,0.0,0.0,0.0,748.4759796252089,350.0
2393,256.17266580797843,0.0,0.0,0.0,680.2266662579334,350.0
2394,269.1897295569296,0.0,0.0,0.0,607.9877291069746,350.0
2395,185.84514300396984,0.0,89.80000000000003,0.0,547.4936430039699,252.39130434782606
2396,188.81468134499477,0.0,100.0,0.0,500.8061813449948,143.69565217391303
2397,205.63675899701474,0.0,100.0,0.0,468.54225854705976,35.0
2398,361.8053964586531,100.0,0.0,0.0,350.6628960086981,128.0
2399,385.41096315008105,100.0,0.0,0.0,357.6639631500811,221.0
2400,0.0,4.781576969354858,0.0,0.0,10.068972130645221,225.44686658150002
2401,0.0,33.92810044999999,0.0,0.0,0.0,257.0
2402,0.0,100.0,0.0,0.0,2.062000000000012,350.0
2403,-0.0,0.0,0.0,0.0,192.3332499999999,350.0
2404,-0.0,0.0,0.0,0.0,272.32100044999993,350.0
2405,-0.0,0.0,0.0,0.0,350.63429999999994,350.0
2406,-0.0,0.0,0.0,0.0,420.14839955,350.0
