Hour,G,Pc,Pd,S,Q,SOC
0,389.93198337316767,9.247311827957013,0.0,0.0,462.13117109525564,152.60000000000002
1,448.2364514471877,90.0,0.0,0.0,418.7694518971427,236.3
2,451.65600038383025,90.0,0.0,0.0,480.29600083378523,320.0
3,451.65600000000006,0.0,0.0,0.0,642.6460000000001,320.0
4,451.6560003824618,0.0,0.0,0.0,720.2959999325068,320.0
5,451.6559996175383,0.0,0.0,0.0,797.9460000674933,320.0
6,451.65600000000006,0.0,0.0,0.0,870.296,320.0
7,451.6559996175383,0.0,0.0,0.0,932.4260000674933,320.0
8,451.6559996175382,0.0,0.0,0.0,980.1060000674931,320.0
9,447.53020000000004,0.0,0.0,0.0,1005.9502,320.0
10,443.68560145690867,0.0,0.0,0.0,1012.3256014569087,320.0
11,440.384162886259,0.0,0.0,0.0,998.804163336214,320.0
12,397.4920429762218,0.0,0.0,0.0,974.9200434261767,320.0
13,363.90664603031485,0.0,0.0,0.0,932.8005964802699,320.0
14,346.395798855712,0.0,0.0,0.0,873.961899305667,320.0
15,309.9362965623485,0.0,0.0,0.0,810.0857970123035,320.0
16,281.53387849899525,0.0,0.0,0.0,739.8745284989952,320.0
17,285.71264553642715,0.0,0.0,0.0,663.3266450864721,320.0
18,243.06891988273657,0.0,0.0,0.0,601.9684194327815,320.0
19,198.85101682887228,0.0,84.95999999999998,0.0,534.7075172788273,227.6521739130435
20,212.6645979772602,0.0,90.0,0.0,486.77859797726023,129.82608695652175
21,229.02795055291858,0.0,90.0,0.0,453.9209505529186,32.0
22,360.0855021390606,0.0,0.0,0.0,436.4555025890156,32.0
23,378.0324137026896,39.677419354838726,0.0,0.0,403.83099389789584,68.90000000000002
24,391.1712830161023,90.0,0.0,0.0,381.1597830161023,152.60000000000002
25,451.65600146114593,90.0,0.0,0.0,418.1660019111009,236.3
26,451.65600114875383,90.0,0.0,0.0,480.2960006987988,320.0
27,451.65600000000006,0.0,0.0,0.0,642.6460000000001,320.0
28,451.65600000000006,0.0,0.0,0.0,720.296,320.0
29,451.6559996175383,0.0,0.0,0.0,797.9460000674933,320.0
30,451.6559996175382,0.0,0.0,0.0,870.2960000674932,320.0
31,451.65600000000006,0.0,0.0,0.0,932.426,320.0
32,451.6559996175382,0.0,0.0,0.0,980.1060000674931,320.0
33,447.530199621032,0.0,0.0,0.0,1005.950200070987,320.0
34,443.6856010811962,0.0,0.0,0.0,1012.3256015311512,320.0
35,429.3074274454922,0.0,0.0,0.0,1001.0924274454921,320.0
36,393.353818782875,0.0,0.0,0.0,975.8038187828748,320.0
37,370.59793682290444,0.0,0.0,0.0,931.3419363729494,320.0
38,349.90720323708956,0.0,0.0,0.0,873.1911032370895,320.0
39,320.707533685993,0.0,0.0,0.0,807.737733685993,320.0
40,266.68521656781667,0.0,0.0,0.0,743.0456665678166,320.0
41,237.72240910020656,0.0,0.0,0.0,673.2406086502516,320.0
42,268.0825972135625,0.0,0.0,0.0,597.0255972135625,320.0
43,167.4238451352852,0.0,84.95999999999998,0.0,540.5943446853302,227.6521739130435
44,187.2015727649706,0.0,90.0,0.0,491.2720732149256,129.82608695652175
45,210.5761509034009,0.0,90.0,0.0,457.1771504534459,32.0
46,330.76687731621683,0.0,0.0,0.0,441.6293773162168,32.0
47,369.15076300727685,39.677419354838726,0.0,0.0,405.39834365243814,68.90000000000002
48,400.0414578154132,90.0,0.0,0.0,379.5944582653682,152.60000000000002
49,431.1731271424607,90.0,0.0,0.0,421.7806266925057,236.3
50,451.65600114875383,90.0,0.0,0.0,480.2960006987987,320.0
51,451.6560003824618,0.0,0.0,0.0,642.6459999325068,320.0
52,451.65600000000006,0.0,0.0,0.0,720.296,320.0
53,451.6560003824618,0.0,0.0,0.0,797.9459999325068,320.0
54,451.65600000000006,0.0,0.0,0.0,870.296,320.0
55,451.6560003824618,0.0,0.0,0.0,932.4259999325068,320.0
56,451.6560003824618,0.0,0.0,0.0,980.1059999325067,320.0
57,447.530199621032,0.0,0.0,0.0,1005.950200070987,320.0
58,443.6856010811962,0.0,0.0,0.0,1012.3256015311512,320.0
59,424.4739427267939,0.0,0.0,0.0,1002.0909427267939,320.0
60,393.60522667863313,0.0,0.0,0.0,975.750127128588,320.0
61,372.4001623317962,0.0,0.0,0.0,930.9490623317962,320.0
62,356.97429089311197,0.0,0.0,0.0,871.6397913430669,320.0
63,323.4696169934198,0.0,0.0,0.0,807.1356165434647,320.0
64,284.33051740332417,0.0,0.0,0.0,739.2772674033241,320.0
65,173.77175752690135,0.0,90.0,0.0,667.8592579768564,222.17391304347825
66,184.4402876417705,0.0,90.0,0.0,595.7692871918155,124.34782608695652
67,148.82223289735919,0.0,84.96,0.0,544.0787333473141,32.0
68,305.55629795793465,0.0,0.0,0.0,486.2682979579347,32.0
69,303.3416259081938,0.0,0.0,0.0,456.68912545823883,32.0
70,330.03247731107416,0.0,0.0,0.0,441.7589773110741,32.0
71,396.13996434072135,39.677419354838726,0.0,0.0,400.63554453592764,68.90000000000002
72,392.05485803420896,90.0,0.0,0.0,381.00385803420903,152.60000000000002
73,451.65600146114593,90.0,0.0,0.0,418.1660019111009,236.3
74,451.65600038383025,90.0,0.0,0.0,480.29600083378523,320.0
75,451.65600000000006,0.0,0.0,0.0,642.6460000000001,320.0
76,451.6560003824618,0.0,0.0,0.0,720.2959999325068,320.0
77,451.6559996175383,0.0,0.0,0.0,797.9460000674933,320.0
78,451.6560003824618,0.0,0.0,0.0,870.2959999325068,320.0
79,451.6560003824618,0.0,0.0,0.0,932.4259999325068,320.0
80,451.6560003824618,0.0,0.0,0.0,980.1059999325067,320.0
81,447.53020000000004,0.0,0.0,0.0,1005.9502,320.0
82,443.68560145690867,0.0,0.0,0.0,1012.3256014569087,320.0
83,423.6347960742421,0.0,0.0,0.0,1002.2642960742421,320.0
84,385.17748799086655,0.0,0.0,0.0,977.5499879908665,320.0
85,377.0121315074839,0.0,0.0,0.0,929.9436815074839,320.0
86,361.5373452782077,0.0,0.0,0.0,870.6381452782076,320.0
87,327.3400799225968,0.0,0.0,0.0,806.2918794726418,320.0
88,271.35406876097045,0.0,0.0,0.0,742.0485683110154,320.0
89,167.59563831753985,0.0,90.0,0.0,669.1351387674948,222.17391304347825
90,199.1396270117184,0.0,90.0,0.0,592.8646274616733,124.34782608695652
91,184.08115576987774,0.0,84.96,0.0,537.4741557698777,32.0
92,300.185997993825,0.0,0.0,0.0,487.215997993825,32.0
93,322.01145055808945,0.0,0.0,0.0,453.39445055808943,32.0
94,302.9514771214376,0.0,0.0,0.0,446.5379771214376,32.0
95,363.8034128188593,39.677419354838726,0.0,0.0,406.3419934640206,68.90000000000002
96,385.6977079039347,90.0,0.0,0.0,382.1257079039347,152.60000000000002
97,451.1396268414999,90.0,0.0,0.0,418.2571268414998,236.3
98,451.65600038383025,90.0,0.0,0.0,480.29600083378523,320.0
99,451.65600000000006,0.0,0.0,0.0,642.6460000000001,320.0
100,451.6560003824618,0.0,0.0,0.0,720.2959999325067,320.0
101,451.65600000000006,0.0,0.0,0.0,797.946,320.0
102,451.65600000000006,0.0,0.0,0.0,870.296,320.0
103,451.6559996175383,0.0,0.0,0.0,932.4260000674933,320.0
104,451.6559996175382,0.0,0.0,0.0,980.1060000674931,320.0
105,447.53020000000004,0.0,0.0,0.0,1005.9502,320.0
106,443.6856010811962,0.0,0.0,0.0,1012.3256015311512,320.0
107,440.3841636320925,0.0,0.0,0.0,998.8041631821375,320.0
108,394.58861159636194,0.0,0.0,0.0,975.5401115963618,320.0
109,348.6187607046094,0.0,0.0,0.0,936.1332611545644,320.0
110,334.8796781839601,0.0,0.0,0.0,876.4898281839601,320.0
111,319.0970575588184,0.0,0.0,0.0,808.0888075588183,320.0
112,270.29726334197596,0.0,0.0,0.0,742.2742637919309,320.0
113,172.0039552894392,0.0,90.0,0.0,668.2244557393942,222.17391304347825
114,179.66074760230572,0.0,90.0,0.0,596.7137471523507,124.34782608695652
115,167.63987852044397,0.0,84.96,0.0,540.553878070489,32.0
116,262.7545486264451,0.0,0.0,0.0,493.8215481764901,32.0
117,306.0726751480036,0.0,0.0,0.0,456.2071755979586,32.0
118,338.94855237350953,0.0,0.0,0.0,440.1855523735095,32.0
119,368.68028760823756,39.677419354838726,0.0,0.0,405.48136870335384,68.90000000000002
120,400.0414578154132,90.0,0.0,0.0,379.5944582653682,152.60000000000002
121,451.65600146114593,90.0,0.0,0.0,418.1660019111009,236.3
122,451.6560007662921,90.0,0.0,0.0,480.2960007662921,320.0
123,451.65600000000006,0.0,0.0,0.0,642.6460000000001,320.0
124,451.6559996175382,0.0,0.0,0.0,720.2960000674932,320.0
125,451.65600000000006,0.0,0.0,0.0,797.946,320.0
126,451.6560003824618,0.0,0.0,0.0,870.2959999325067,320.0
127,451.6559996175383,0.0,0.0,0.0,932.4260000674933,320.0
128,451.65600000000006,0.0,0.0,0.0,980.106,320.0
129,447.53020000000004,0.0,0.0,0.0,1005.9502,320.0
130,443.68560183262116,0.0,0.0,0.0,1012.325601382666,320.0
131,412.2783450826248,0.0,0.0,0.0,1004.6103446326697,320.0
132,399.30529802946194,0.0,0.0,0.0,974.5327975795069,320.0
133,378.4508087461388,0.0,0.0,0.0,929.6300587461387,320.0
134,345.04083085092157,0.0,0.0,0.0,874.2593313008765,320.0
135,321.90569208702834,0.0,0.0,0.0,807.4765425369833,320.0
136,296.0499246924991,0.0,0.0,0.0,736.774425142454,320.0
137,270.38423298475055,0.0,0.0,0.0,666.4932334347055,320.0
138,231.84150979003164,0.0,0.0,0.0,604.1870093400767,320.0
139,168.25386776245358,0.0,84.95999999999998,0.0,540.4388677624536,227.6521739130435
140,180.87884857214954,0.0,90.0,0.0,492.38784812219455,129.82608695652175
141,210.89745052149595,0.0,90.0,0.0,457.120450521496,32.0
142,331.420952320797,0.0,0.0,0.0,441.513952320797,32.0
143,372.5473627444966,39.677419354838726,0.0,0.0,404.79894383961283,68.90000000000002
144,382.7256828430303,90.0,0.0,0.0,382.6501828430303,152.60000000000002
145,421.5800271033028,90.0,0.0,0.0,423.4735266533478,236.3
146,451.65600038383025,90.0,0.0,0.0,480.29600083378523,320.0
147,451.6560003824618,0.0,0.0,0.0,642.6459999325068,320.0
148,451.6560003824618,0.0,0.0,0.0,720.2959999325068,320.0
149,451.6560003824618,0.0,0.0,0.0,797.9459999325068,320.0
150,451.65600000000006,0.0,0.0,0.0,870.296,320.0
151,451.6559996175383,0.0,0.0,0.0,932.4260000674933,320.0
152,451.6559996175382,0.0,0.0,0.0,980.1060000674931,320.0
153,447.53020000000004,0.0,0.0,0.0,1005.9502,320.0
154,443.68560183262105,0.0,0.0,0.0,1012.325601382666,320.0
155,440.384162886259,0.0,0.0,0.0,998.804163336214,320.0
156,400.195238054396,0.0,0.0,0.0,974.3427385043509,320.0
157,372.5265180211011,0.0,0.0,0.0,930.9215175711461,320.0
158,353.20274224874095,0.0,0.0,0.0,872.4676922487408,320.0
159,329.5546227755379,0.0,0.0,0.0,805.8091227755378,320.0
160,276.9940680898598,0.0,0.0,0.0,740.8440680898598,320.0
161,261.8473149577708,0.0,0.0,0.0,668.2568149577708,320.0
162,259.65076751965313,0.0,0.0,0.0,598.6917670696981,320.0
163,176.4062855076569,0.0,84.95999999999998,0.0,538.9117855076569,227.6521739130435
164,180.93622357176605,0.0,90.0,0.0,492.3777231218111,129.82608695652175
165,232.9983009422615,0.0,90.0,0.0,453.22030049230654,32.0
166,348.3695274394805,0.0,0.0,0.0,438.52302743948053,32.0
167,368.48521260136397,39.677419354838726,0.0,0.0,405.5157936964803,68.90000000000002
168,388.42875834236264,90.0,0.0,0.0,381.64375789240773,152.60000000000002
169,443.8644768118036,90.0,0.0,0.0,419.54097681180355,236.3
170,451.65600114875383,90.0,0.0,0.0,480.2960006987988,320.0
171,451.6559996175383,0.0,0.0,0.0,642.6460000674933,320.0
172,451.65600000000006,0.0,0.0,0.0,720.296,320.0
173,451.6559996175383,0.0,0.0,0.0,797.9460000674933,320.0
174,451.6560003824618,0.0,0.0,0.0,870.2959999325068,320.0
175,451.6560003824618,0.0,0.0,0.0,932.4259999325068,320.0
176,451.6560003824618,0.0,0.0,0.0,980.1059999325067,320.0
177,447.53020037896806,0.0,0.0,0.0,1005.950199929013,320.0
178,443.68560183262105,0.0,0.0,0.0,1012.325601382666,320.0
179,425.34665487253096,0.0,0.0,0.0,1001.9106553224859,320.0
180,405.557131543192,0.0,0.0,0.0,973.197631543192,320.0
181,393.3263770816527,0.0,0.0,0.0,926.3872766316977,320.0
182,352.41566487699504,0.0,0.0,0.0,872.64046532695,320.0
183,317.62512893054026,0.0,0.0,0.0,808.4096789305403,320.0
184,294.5036533270345,0.0,0.0,0.0,737.1046528770795,320.0
185,274.46807992572326,0.0,0.0,0.0,665.6495803756783,320.0
186,257.64426212737305,0.0,0.0,0.0,599.088262127373,320.0
187,173.12030439657792,0.0,84.95999999999998,0.0,539.5273039466229,227.6521739130435
188,207.85657262693104,0.0,90.0,0.0,487.627073076886,129.82608695652175
189,238.64400095204633,0.0,90.0,0.0,452.2240005020913,32.0
190,342.9648020191718,0.0,0.0,0.0,439.4768024691268,32.0
191,365.8230125075596,39.677419354838726,0.0,0.0,405.9855936026758,68.90000000000002
192,385.18133327581467,90.0,0.0,0.0,382.2168328258596,152.60000000000002
193,431.08132637716255,90.0,0.0,0.0,421.79682682711746,236.3
194,451.65600114875383,90.0,0.0,0.0,480.2960006987988,320.0
195,451.6560003824618,0.0,0.0,0.0,642.6459999325068,320.0
196,451.65600000000006,0.0,0.0,0.0,720.296,320.0
197,451.65600000000006,0.0,0.0,0.0,797.946,320.0
198,451.6560003824618,0.0,0.0,0.0,870.2959999325067,320.0
199,451.6559996175383,0.0,0.0,0.0,932.4260000674933,320.0
200,451.6559996175382,0.0,0.0,0.0,980.1060000674931,320.0
201,447.53020000000004,0.0,0.0,0.0,1005.9502,320.0
202,443.68560145690867,0.0,0.0,0.0,1012.3256014569087,320.0
203,417.5369966927824,0.0,0.0,0.0,1003.5239971427374,320.0
204,388.5036412348031,0.0,0.0,0.0,976.8396416847581,320.0
205,368.5806844859444,0.0,0.0,0.0,931.7816849358994,320.0
206,348.1747482309645,0.0,0.0,0.0,873.5713982309645,320.0
207,315.30750673842016,0.0,0.0,0.0,808.9149062884651,320.0
208,275.9595123027054,0.0,0.0,0.0,741.0650118527503,320.0
209,258.4124080786512,0.0,0.0,0.0,668.9664080786512,320.0
210,241.2427748676581,0.0,0.0,0.0,602.3292744177031,320.0
211,169.4022561362131,0.0,84.95999999999998,0.0,540.2237556862581,227.6521739130435
212,176.1281978389751,0.0,90.0,0.0,493.22619828893016,129.82608695652175
213,238.2882759514298,0.0,90.0,0.0,452.2867755014748,32.0
214,341.40420239070534,0.0,0.0,0.0,439.75220239070535,32.0
215,376.66688788965087,39.677419354838726,0.0,0.0,404.0719689847671,68.90000000000002
216,421.235783632201,90.0,0.0,0.0,375.854283632201,152.60000000000002
217,451.65600146114593,90.0,0.0,0.0,418.1660019111009,236.3
218,451.65600038383025,90.0,0.0,0.0,480.29600083378523,320.0
219,451.6559996175383,0.0,0.0,0.0,642.6460000674933,320.0
220,451.6560003824618,0.0,0.0,0.0,720.2959999325067,320.0
221,451.6559996175383,0.0,0.0,0.0,797.9460000674933,320.0
222,451.6560003824618,0.0,0.0,0.0,870.2959999325068,320.0
223,451.65600000000006,0.0,0.0,0.0,932.426,320.0
224,451.65600000000006,0.0,0.0,0.0,980.106,320.0
225,447.53020000000004,0.0,0.0,0.0,1005.9502,320.0
226,443.6856010811962,0.0,0.0,0.0,1012.3256015311512,320.0
227,414.9076712606203,0.0,0.0,0.0,1004.0671708106653,320.0
228,391.6740555861494,0.0,0.0,0.0,976.1625555861493,320.0
229,363.70381249050456,0.0,0.0,0.0,932.8448129404595,320.0
230,348.9275086025889,0.0,0.0,0.0,873.4061581526339,320.0
231,321.03783092336266,0.0,0.0,0.0,807.6657309233626,320.0
232,279.3969085693627,0.0,0.0,0.0,740.3309081194077,320.0
233,173.14519470856038,0.0,90.0,0.0,667.9886951585154,222.17391304347825
234,161.62474707766984,0.0,90.0,0.0,600.2777470776698,124.34782608695652
235,179.28294096268695,0.0,84.96,0.0,538.3729405127319,32.0
236,267.2986485960764,0.0,0.0,0.0,493.0196481461214,32.0
237,296.0550008955652,0.0,0.0,0.0,457.97500044561014,32.0
238,315.68872759309284,0.0,0.0,0.0,444.2902271431378,32.0
239,346.0630618113043,39.677419354838726,0.0,0.0,409.4726429064206,68.90000000000002
240,415.07370888838597,90.0,0.0,0.0,376.941708438431,152.60000000000002
241,421.93575133983126,90.0,0.0,0.0,423.4107517897862,236.3
242,451.6560007662921,90.0,0.0,0.0,480.2960007662921,320.0
243,451.6559996175383,0.0,0.0,0.0,642.6460000674933,320.0
244,451.6560003824618,0.0,0.0,0.0,720.2959999325067,320.0
245,451.6560003824618,0.0,0.0,0.0,797.9459999325068,320.0
246,451.6560003824618,0.0,0.0,0.0,870.2959999325068,320.0
247,451.65600000000006,0.0,0.0,0.0,932.426,320.0
248,451.65600000000006,0.0,0.0,0.0,980.106,320.0
249,447.530199621032,0.0,0.0,0.0,1005.950200070987,320.0
250,443.68560145690867,0.0,0.0,0.0,1012.3256014569087,320.0
251,422.3704821573142,0.0,0.0,0.0,1002.5254817073592,320.0
252,393.34269452329386,0.0,0.0,0.0,975.8061945232938,320.0
253,379.1989652454391,0.0,0.0,0.0,929.4669652454392,320.0
254,333.0188108084178,0.0,0.0,0.0,876.8983112583728,320.0
255,326.88342699681033,0.0,0.0,0.0,806.3914269968103,320.0
256,278.0163879328185,0.0,0.0,0.0,740.6257374828634,320.0
257,161.31882188529022,0.0,90.0,0.0,670.4318218852902,222.17391304347825
258,181.01344686205016,0.0,90.0,0.0,596.4464473120051,124.34782608695652
259,182.36425848780544,0.0,84.96,0.0,537.7957589377604,32.0
260,289.3765476836039,0.0,0.0,0.0,489.123548133559,32.0
261,307.64475053319,0.0,0.0,0.0,455.92975053319,32.0
262,313.89862758055756,0.0,0.0,0.0,444.60612713060254,32.0
263,368.71471299191234,39.677419354838726,0.0,0.0,405.4752936370736,68.90000000000002
264,406.1002579395735,90.0,0.0,0.0,378.5252583895285,152.60000000000002
265,441.77602642081695,90.0,0.0,0.0,419.90952687077197,236.3
266,451.6560007662921,90.0,0.0,0.0,480.2960007662921,320.0
267,451.65600000000006,0.0,0.0,0.0,642.6460000000001,320.0
268,451.6560003824618,0.0,0.0,0.0,720.2959999325068,320.0
269,451.6559996175383,0.0,0.0,0.0,797.9460000674933,320.0
270,451.6560003824618,0.0,0.0,0.0,870.2959999325068,320.0
271,451.6560003824618,0.0,0.0,0.0,932.4259999325068,320.0
272,451.6560003824618,0.0,0.0,0.0,980.1059999325066,320.0
273,447.53020000000004,0.0,0.0,0.0,1005.9502,320.0
274,443.68560145690867,0.0,0.0,0.0,1012.3256014569087,320.0
275,440.384162886259,0.0,0.0,0.0,998.804163336214,320.0
276,376.37819903309594,0.0,0.0,0.0,979.4291985831409,320.0
277,366.9314154169098,0.0,0.0,0.0,932.1412154169096,320.0
278,338.36562082732144,0.0,0.0,0.0,875.7246212772764,320.0
279,319.09705755881834,0.0,0.0,0.0,808.0888075588183,320.0
280,279.3112510276472,0.0,0.0,0.0,740.3492014776022,320.0
281,176.9493268514645,0.0,90.0,0.0,667.2028264015095,222.17391304347825
282,164.194876723179,0.0,90.0,0.0,599.769877173134,124.34782608695652
283,182.4893304476342,0.0,84.96,0.0,537.7723308975892,32.0
284,241.62907338516715,0.0,0.0,0.0,497.54957338516715,32.0
285,289.91587512000166,0.0,0.0,0.0,459.0583755699567,32.0
286,323.12452688023905,0.0,0.0,0.0,442.978027330194,32.0
287,367.23443755729204,39.677419354838726,0.0,0.0,405.73651865240834,68.90000000000002
288,382.2322578329187,90.0,0.0,0.0,382.7372578329188,152.60000000000002
289,451.65600184360767,90.0,0.0,0.0,418.16600184360766,236.3
290,451.65600114875383,90.0,0.0,0.0,480.2960006987987,320.0
291,451.6559996175383,0.0,0.0,0.0,642.6460000674933,320.0
292,451.6559996175382,0.0,0.0,0.0,720.2960000674932,320.0
293,451.65600000000006,0.0,0.0,0.0,797.946,320.0
294,451.6560003824618,0.0,0.0,0.0,870.2959999325067,320.0
295,451.6560003824618,0.0,0.0,0.0,932.4259999325068,320.0
296,451.65600000000006,0.0,0.0,0.0,980.106,320.0
297,447.5302003789682,0.0,0.0,0.0,1005.950199929013,320.0
298,443.6856010811962,0.0,0.0,0.0,1012.3256015311512,320.0
299,440.3841636320925,0.0,0.0,0.0,998.8041631821375,320.0
300,409.36162869065333,0.0,0.0,0.0,972.3851282406981,320.0
301,375.75190344866223,0.0,0.0,0.0,930.2184034486622,320.0
302,348.50574160109784,0.0,0.0,0.0,873.4987411511428,320.0
303,312.2638952826584,0.0,0.0,0.0,809.5783948327033,320.0
304,257.9048383371611,0.0,0.0,0.0,744.9208383371611,320.0
305,254.33974938651767,0.0,0.0,0.0,669.8077498364727,320.0
306,247.8710049223875,0.0,0.0,0.0,601.0195044724325,320.0
307,189.15225561099453,0.0,84.95999999999998,0.0,536.5242551610395,227.6521739130435
308,196.95532346470867,0.0,90.0,0.0,489.55082301475375,129.82608695652175
309,205.4927255121289,0.0,90.0,0.0,458.0742255121289,32.0
310,312.1429521858015,0.0,0.0,0.0,444.91595218580153,32.0
311,386.259988610132,39.677419354838726,0.0,0.0,402.37906925529325,68.90000000000002
312,376.1964077092287,90.0,0.0,0.0,383.8024077092287,152.60000000000002
313,414.568801692222,90.0,0.0,0.0,424.71080169222193,236.3
314,451.6560007662921,90.0,0.0,0.0,480.2960007662921,320.0
315,451.6559996175383,0.0,0.0,0.0,642.6460000674933,320.0
316,451.6559996175382,0.0,0.0,0.0,720.2960000674932,320.0
317,451.65600000000006,0.0,0.0,0.0,797.946,320.0
318,451.65600000000006,0.0,0.0,0.0,870.296,320.0
319,451.6559996175383,0.0,0.0,0.0,932.4260000674933,320.0
320,451.6559996175382,0.0,0.0,0.0,980.1060000674931,320.0
321,447.53020037896806,0.0,0.0,0.0,1005.950199929013,320.0
322,443.68560183262105,0.0,0.0,0.0,1012.325601382666,320.0
323,436.92687905066236,0.0,0.0,0.0,999.5183790506624,320.0
324,414.3675451313152,0.0,0.0,0.0,971.3160451313151,320.0
325,368.5806844859444,0.0,0.0,0.0,931.7816849358994,320.0
326,350.7053506088746,0.0,0.0,0.0,873.0159001589195,320.0
327,335.57090899820315,0.0,0.0,0.0,804.4976094481581,320.0
328,296.3280315573367,0.0,0.0,0.0,736.7150315573367,320.0
329,296.4089675623323,0.0,0.0,0.0,661.1169675623323,320.0
330,285.44224698118904,0.0,0.0,0.0,593.595247431144,320.0
331,181.70478815416288,0.0,84.95999999999998,0.0,537.9192886041178,227.6521739130435
332,175.57739784265618,0.0,90.0,0.0,493.3233982926112,129.82608695652175
333,219.4922255363919,0.0,90.0,0.0,455.60372553639195,32.0
334,336.92895235936714,0.0,0.0,0.0,440.5419523593671,32.0
335,382.18636384905676,39.677419354838726,0.0,0.0,403.0979440442631,68.90000000000002
336,368.59995755355794,90.0,0.0,0.0,385.142957553558,152.60000000000002
337,423.35865172810117,90.0,0.0,0.0,423.15965172810115,236.3
338,451.65600114875383,90.0,0.0,0.0,480.2960006987988,320.0
339,451.65600000000006,0.0,0.0,0.0,642.6460000000001,320.0
340,451.6560003824618,0.0,0.0,0.0,720.2959999325067,320.0
341,451.6560003824618,0.0,0.0,0.0,797.9459999325068,320.0
342,451.65600000000006,0.0,0.0,0.0,870.296,320.0
343,451.65600000000006,0.0,0.0,0.0,932.426,320.0
344,451.6560003824618,0.0,0.0,0.0,980.1059999325067,320.0
345,447.53020000000004,0.0,0.0,0.0,1005.9502,320.0
346,443.68560145690867,0.0,0.0,0.0,1012.3256014569087,320.0
347,430.3479692946564,0.0,0.0,0.0,1000.8774692946564,320.0
348,398.9159489441282,0.0,0.0,0.0,974.6159484941732,320.0
349,373.5018924201893,0.0,0.0,0.0,930.7088919702342,320.0
350,329.2328711639959,0.0,0.0,0.0,877.7293711639959,320.0
351,309.39319073609664,0.0,0.0,0.0,810.2041907360966,320.0
352,269.02909772903445,0.0,0.0,0.0,742.5450981789894,320.0
353,277.17572713653055,0.0,0.0,0.0,665.0902266865755,320.0
354,256.5057392422598,0.0,0.0,0.0,599.3132396922148,320.0
355,185.8549031848451,0.0,84.95999999999998,0.0,537.1419036348001,227.6521739130435
356,178.83629782087655,0.0,90.0,0.0,492.74829827083164,129.82608695652175
357,228.92467517027785,0.0,90.0,0.0,453.9391756202329,32.0
358,332.8553273308413,0.0,0.0,0.0,441.26082733084127,32.0
359,366.70658830361646,39.677419354838726,0.0,0.0,405.82966849882274,68.90000000000002
360,378.15863236697794,90.0,0.0,0.0,383.456132816933,152.60000000000002
361,443.87595142938864,90.0,0.0,0.0,419.53895187934364,236.3
362,451.6560007662921,90.0,0.0,0.0,480.2960007662921,320.0
363,451.65600000000006,0.0,0.0,0.0,642.6460000000001,320.0
364,451.6559996175382,0.0,0.0,0.0,720.2960000674932,320.0
365,451.6560003824618,0.0,0.0,0.0,797.9459999325068,320.0
366,451.6559996175382,0.0,0.0,0.0,870.2960000674932,320.0
367,451.6560003824619,0.0,0.0,0.0,932.4259999325068,320.0
368,451.6559996175382,0.0,0.0,0.0,980.1060000674931,320.0
369,447.530199621032,0.0,0.0,0.0,1005.950200070987,320.0
370,443.6856010811962,0.0,0.0,0.0,1012.3256015311512,320.0
371,433.49197208621706,0.0,0.0,0.0,1000.227972086217,320.0
372,386.4011569155442,0.0,0.0,0.0,977.2886564655892,320.0
373,383.18802449228633,0.0,0.0,0.0,928.5973749422412,320.0
374,343.03273358174806,0.0,0.0,0.0,874.7001331317931,320.0
375,308.7536558506128,0.0,0.0,0.0,810.3436054006578,320.0
376,277.8795587961947,0.0,0.0,0.0,740.6549592461497,320.0
377,268.5492993896686,0.0,0.0,0.0,666.8722993896686,320.0
378,274.24865476447576,0.0,0.0,0.0,595.8071547644757,320.0
379,165.43406395619087,0.0,84.95999999999998,0.0,540.9670635062358,227.6521739130435
380,182.6000985606462,0.0,90.0,0.0,492.08409811069123,129.82608695652175
381,253.67625097809923,0.0,90.0,0.0,449.5712505281442,32.0
382,311.85607718379265,0.0,0.0,0.0,444.96657718379265,32.0
383,367.63606333636704,39.677419354838726,0.0,0.0,405.6656435315734,68.90000000000002
384,406.7428583352038,90.0,0.0,0.0,378.4118583352038,152.60000000000002
385,439.09087717477996,90.0,0.0,0.0,420.383376724825,236.3
386,444.98902575498073,90.0,0.0,0.0,481.47252575498067,320.0
387,451.6560003824618,0.0,0.0,0.0,642.6459999325068,320.0
388,451.6560003824618,0.0,0.0,0.0,720.2959999325068,320.0
389,451.6559996175383,0.0,0.0,0.0,797.9460000674933,320.0
390,451.6559996175382,0.0,0.0,0.0,870.2960000674932,320.0
391,451.6560003824618,0.0,0.0,0.0,932.4259999325068,320.0
392,451.65600000000006,0.0,0.0,0.0,980.106,320.0
393,447.53020000000004,0.0,0.0,0.0,1005.9502,320.0
394,443.68560183262105,0.0,0.0,0.0,1012.325601382666,320.0
395,422.90753564203067,0.0,0.0,0.0,1002.4145356420305,320.0
396,396.8134638833262,0.0,0.0,0.0,975.0649634333711,320.0
397,358.9632719737832,0.0,0.0,0.0,933.8782215238281,320.0
398,344.7430485877949,0.0,0.0,0.0,874.3246981378398,320.0
399,334.7495994247438,0.0,0.0,0.0,804.6766498746987,320.0
400,288.52992583449424,0.0,0.0,0.0,738.3804253845392,320.0
401,166.4543992713355,0.0,90.0,0.0,669.3708992713355,222.17391304347825
402,186.04098265498743,0.0,90.0,0.0,595.4529822050324,124.34782608695652
403,198.40757988038837,0.0,84.96,0.0,534.7905803303433,32.0
404,296.97299839775957,0.0,0.0,0.0,487.7829979478046,32.0
405,309.411900153791,0.0,0.0,0.0,455.61790060374597,32.0
406,326.4178526682242,0.0,0.0,0.0,442.3968522182692,32.0
407,383.8387635248185,39.677419354838726,0.0,0.0,402.80634416997975,68.90000000000002
408,402.6118578680872,90.0,0.0,0.0,379.14085831804226,152.60000000000002
409,412.1475762998771,90.0,0.0,0.0,425.13807674983207,236.3
410,451.65600038383025,90.0,0.0,0.0,480.29600083378523,320.0
411,451.6560003824619,0.0,0.0,0.0,642.6459999325068,320.0
412,451.6560003824618,0.0,0.0,0.0,720.2959999325068,320.0
413,451.6560003824618,0.0,0.0,0.0,797.9459999325068,320.0
414,451.6560003824618,0.0,0.0,0.0,870.2959999325068,320.0
415,451.65600000000006,0.0,0.0,0.0,932.426,320.0
416,451.6560003824618,0.0,0.0,0.0,980.1059999325066,320.0
417,447.53020000000004,0.0,0.0,0.0,1005.9502,320.0
418,443.68560183262105,0.0,0.0,0.0,1012.325601382666,320.0
419,440.384162886259,0.0,0.0,0.0,998.804163336214,320.0
420,387.49133398370714,0.0,0.0,0.0,977.055833983707,320.0
421,358.53876206475695,0.0,0.0,0.0,933.970762064757,320.0
422,354.8333532545058,0.0,0.0,0.0,872.1097532545058,320.0
423,308.55082157338205,0.0,0.0,0.0,810.387822023337,320.0
424,291.77820968518654,0.0,0.0,0.0,737.6867092352315,320.0
425,170.62775481344016,0.0,90.0,0.0,668.5087552633952,222.17391304347825
426,175.37719719122407,0.0,90.0,0.0,597.560197191224,124.34782608695652
427,205.51394199223256,0.0,84.96,0.0,533.4594415422775,32.0
428,254.46959829935253,0.0,0.0,0.0,495.28359829935255,32.0
429,321.54097593973574,0.0,0.0,0.0,453.4774754897808,32.0
430,316.79032721834517,0.0,0.0,0.0,444.09582721834505,32.0
431,355.2774875184426,39.677419354838726,0.0,0.0,407.8465681636039,68.90000000000002
432,408.02805836154084,90.0,0.0,0.0,378.1850583615408,152.60000000000002
433,451.392077224992,90.0,0.0,0.0,418.21257677503706,236.3
434,451.65600114875383,90.0,0.0,0.0,480.2960006987987,320.0
435,451.6560003824618,0.0,0.0,0.0,642.6459999325068,320.0
436,451.65600000000006,0.0,0.0,0.0,720.296,320.0
437,451.65600000000006,0.0,0.0,0.0,797.946,320.0
438,451.6559996175382,0.0,0.0,0.0,870.2960000674932,320.0
439,451.6559996175383,0.0,0.0,0.0,932.4260000674933,320.0
440,451.65600000000006,0.0,0.0,0.0,980.106,320.0
441,447.530199621032,0.0,0.0,0.0,1005.950200070987,320.0
442,443.6856010811962,0.0,0.0,0.0,1012.3256015311512,320.0
443,440.3841636320925,0.0,0.0,0.0,998.8041631821375,320.0
444,401.1630493794829,0.0,0.0,0.0,974.1360489295279,320.0
445,372.9022588407498,0.0,0.0,0.0,930.8396083907948,320.0
446,361.8915852794601,0.0,0.0,0.0,870.5603852794601,320.0
447,317.22943764311447,0.0,0.0,0.0,808.4959371931594,320.0
448,295.94980635463526,0.0,0.0,0.0,736.7958068045903,320.0
449,153.56510700831996,0.0,90.0,0.0,672.0336070083199,222.17391304347825
450,163.32689459172445,0.0,90.0,0.0,599.9413945917245,124.34782608695652
451,181.80712013662708,0.0,84.96,0.0,537.900120136627,32.0
452,285.64717347345123,0.0,0.0,0.0,489.78167302349624,32.0
453,309.87090053704816,0.0,0.0,0.0,455.5369005370482,32.0
454,350.2514270701969,0.0,0.0,0.0,438.1909275201519,32.0
455,365.5361378799131,39.677419354838726,0.0,0.0,406.0362185250744,68.90000000000002
456,411.1492580430405,90.0,0.0,0.0,377.63425849299546,152.60000000000002
457,446.6643772056941,90.0,0.0,0.0,419.04687675573916,236.3
458,451.65600038383025,90.0,0.0,0.0,480.29600083378523,320.0
459,451.65600000000006,0.0,0.0,0.0,642.6460000000001,320.0
460,451.6559996175382,0.0,0.0,0.0,720.2960000674932,320.0
461,451.6560003824619,0.0,0.0,0.0,797.9459999325068,320.0
462,451.6560003824618,0.0,0.0,0.0,870.2959999325068,320.0
463,451.6560003824618,0.0,0.0,0.0,932.4259999325068,320.0
464,451.65600000000006,0.0,0.0,0.0,980.106,320.0
465,447.53020000000004,0.0,0.0,0.0,1005.9502,320.0
466,430.38405178894345,0.0,0.0,0.0,1014.9540513389884,320.0
467,440.3841636320925,0.0,0.0,0.0,998.8041631821375,320.0
468,373.741749141636,0.0,0.0,0.0,979.9922491416359,320.0
469,380.1410878751352,0.0,0.0,0.0,929.2615883250902,320.0
470,346.94487159557934,0.0,0.0,0.0,873.8413711456244,320.0
471,318.5495178431788,0.0,0.0,0.0,808.2081678431788,320.0
472,273.24519292061996,0.0,0.0,0.0,741.644692470665,320.0
473,248.8237596065989,0.0,0.0,0.0,670.9472591566439,320.0
474,243.06891950702413,0.0,0.0,0.0,601.9684195070241,320.0
475,181.02257746418763,0.0,84.95999999999998,0.0,538.0470779141426,227.6521739130435
476,216.23332333587177,0.0,90.0,0.0,486.14882288591684,129.82608695652175
477,198.4585504999377,0.0,90.0,0.0,459.31555049993773,32.0
478,333.58972695352224,0.0,0.0,0.0,441.1312274034772,32.0
479,364.9968124784479,39.677419354838726,0.0,0.0,406.13139357356414,68.90000000000002
480,396.2891327385184,90.0,0.0,0.0,380.2566331884734,152.60000000000002
481,432.4468517651981,90.0,0.0,0.0,421.5558517651981,236.3
482,451.6560007662921,90.0,0.0,0.0,480.2960007662921,320.0
483,451.65600000000006,0.0,0.0,0.0,642.6460000000001,320.0
484,451.65600000000006,0.0,0.0,0.0,720.296,320.0
485,451.6559996175383,0.0,0.0,0.0,797.9460000674933,320.0
486,451.6560003824618,0.0,0.0,0.0,870.2959999325068,320.0
487,451.65600000000006,0.0,0.0,0.0,932.426,320.0
488,451.65600000000006,0.0,0.0,0.0,980.106,320.0
489,447.530199621032,0.0,0.0,0.0,1005.950200070987,320.0
490,443.68560183262105,0.0,0.0,0.0,1012.325601382666,320.0
491,430.1689509691953,0.0,0.0,0.0,1000.9144514191502,320.0
492,374.88198574868477,0.0,0.0,0.0,979.7487357486847,320.0
493,368.5529757248165,0.0,0.0,0.0,931.7877252748615,320.0
494,351.3097722420483,0.0,0.0,0.0,872.8832222420483,320.0
495,322.1451025345447,0.0,0.0,0.0,807.4243525345447,320.0
496,259.2708978067854,0.0,0.0,0.0,744.6290973568304,320.0
497,249.7076603524132,0.0,0.0,0.0,670.7646603524132,320.0
498,243.35073163363865,0.0,0.0,0.0,601.9127320835936,320.0
499,184.7747362590511,0.0,84.95999999999998,0.0,537.344236709006,227.6521739130435
500,201.57974843380322,0.0,90.0,0.0,488.73474798384825,129.82608695652175
501,229.7967751717893,0.0,90.0,0.0,453.78527562174435,32.0
502,341.43862739094646,0.0,0.0,0.0,439.7461273909464,32.0
503,363.1493374133508,39.677419354838726,0.0,0.0,406.4574185084671,68.90000000000002
504,444.1169344835561,90.0,0.0,0.0,371.8164340336012,152.60000000000002
505,404.72325126957185,90.0,0.0,0.0,426.44825171952687,236.3
506,451.65600114875383,90.0,0.0,0.0,480.2960006987988,320.0
507,451.6560003824619,0.0,0.0,0.0,642.6459999325068,320.0
508,451.65600000000006,0.0,0.0,0.0,720.296,320.0
509,451.6560003824618,0.0,0.0,0.0,797.9459999325068,320.0
510,451.6559996175382,0.0,0.0,0.0,870.2960000674932,320.0
511,451.6560003824618,0.0,0.0,0.0,932.4259999325068,320.0
512,451.6559996175382,0.0,0.0,0.0,980.1060000674931,320.0
513,447.53020000000004,0.0,0.0,0.0,1005.9502,320.0
514,443.68560145690867,0.0,0.0,0.0,1012.3256014569087,320.0
515,421.06141337933343,0.0,0.0,0.0,1002.7959129293783,320.0
516,384.9772509476377,0.0,0.0,0.0,977.5927513975926,320.0
517,361.9769568215422,0.0,0.0,0.0,933.2212568215422,320.0
518,344.38880784861624,0.0,0.0,0.0,874.4024582985712,320.0
519,329.70314606377815,0.0,0.0,0.0,805.7767456138231,320.0
520,279.36353504853156,0.0,0.0,0.0,740.3380354984865,320.0
521,248.65592953442405,0.0,0.0,0.0,670.981929984379,320.0
522,267.6429697099325,0.0,0.0,0.0,597.1124697099325,320.0
523,195.14433950460983,0.0,84.95999999999998,0.0,535.4018390546548,227.6521739130435
524,212.8252483586483,0.0,90.0,0.0,486.7502479086933,129.82608695652175
525,214.98255091103778,0.0,90.0,0.0,456.3995504610828,32.0
526,305.68252752302374,0.0,0.0,0.0,446.0560270730687,32.0
527,341.9320616657457,39.677419354838726,0.0,0.0,410.201642760862,68.90000000000002
528,387.40748332143414,90.0,0.0,0.0,381.8239828714792,152.60000000000002
529,447.6856518274011,90.0,0.0,0.0,418.86665182740114,236.3
530,451.6560007662921,90.0,0.0,0.0,480.2960007662921,320.0
531,451.65600000000006,0.0,0.0,0.0,642.6460000000001,320.0
532,451.6560003824618,0.0,0.0,0.0,720.2959999325068,320.0
533,451.6559996175383,0.0,0.0,0.0,797.9460000674933,320.0
534,451.6559996175382,0.0,0.0,0.0,870.2960000674932,320.0
535,451.6560003824619,0.0,0.0,0.0,932.4259999325068,320.0
536,451.6559996175382,0.0,0.0,0.0,980.1060000674931,320.0
537,447.53020000000004,0.0,0.0,0.0,1005.9502,320.0
538,443.68560183262105,0.0,0.0,0.0,1012.325601382666,320.0
539,399.1540914367149,0.0,0.0,0.0,1007.3215909867598,320.0
540,386.1564228339914,0.0,0.0,0.0,977.3409228339913,320.0
541,369.14706666541497,0.0,0.0,0.0,931.6582171153699,320.0
542,348.0374802304792,0.0,0.0,0.0,873.6015302304792,320.0
543,317.16847600475387,0.0,0.0,0.0,808.5092264547088,320.0
544,281.2212871704365,0.0,0.0,0.0,739.9412867204815,320.0
545,259.7438540676259,0.0,0.0,0.0,668.6913540676259,320.0
546,160.45240706798978,0.0,90.0,0.0,600.5094070679897,222.17391304347825
547,172.52604330164672,0.0,90.0,0.0,538.6945437516017,124.34782608695652
548,186.94012318286246,0.0,84.96,0.0,492.2076231828625,32.0
549,312.62490054182126,0.0,0.0,0.0,455.05090054182125,32.0
550,305.3038521379103,0.0,0.0,0.0,446.1228521379103,32.0
551,354.56603749337415,39.677419354838726,0.0,0.0,407.97211813853545,68.90000000000002
552,418.826033582819,90.0,0.0,0.0,376.279533582819,152.60000000000002
553,412.4803513012355,90.0,0.0,0.0,425.0793517511904,236.3
554,451.65600114875383,90.0,0.0,0.0,480.2960006987988,320.0
555,451.6559996175383,0.0,0.0,0.0,642.6460000674933,320.0
556,451.6559996175382,0.0,0.0,0.0,720.2960000674932,320.0
557,451.65600000000006,0.0,0.0,0.0,797.946,320.0
558,451.6560003824618,0.0,0.0,0.0,870.2959999325068,320.0
559,451.65600000000006,0.0,0.0,0.0,932.426,320.0
560,451.6559996175382,0.0,0.0,0.0,980.1060000674931,320.0
561,447.530199621032,0.0,0.0,0.0,1005.950200070987,320.0
562,443.6856010811962,0.0,0.0,0.0,1012.3256015311512,320.0
563,420.7033774742446,0.0,0.0,0.0,1002.8698770242896,320.0
564,384.0094407348654,0.0,0.0,0.0,977.7994407348654,320.0
565,379.6378833556057,0.0,0.0,0.0,929.3712838055607,320.0
566,347.28472022781796,0.0,0.0,0.0,873.7667702278178,320.0
567,329.8206343428424,0.0,0.0,0.0,805.7511338928874,320.0
568,286.5831800052598,0.0,0.0,0.0,738.7961800052598,320.0
569,147.0197636539241,0.0,90.0,0.0,673.3857632039691,222.17391304347825
570,158.37826742657597,0.0,90.0,0.0,600.919266976621,124.34782608695652
571,166.8667064051388,0.0,84.96,0.0,540.6987059551838,32.0
572,286.1520727051534,0.0,0.0,0.0,489.69257315510845,32.0
573,290.7076505038357,0.0,0.0,0.0,458.9186505038357,32.0
574,347.6925028172014,0.0,0.0,0.0,438.6425023672463,32.0
575,366.40823791064213,39.677419354838726,0.0,0.0,405.8823185558034,68.90000000000002
576,396.1284835001498,90.0,0.0,0.0,380.2849830501948,152.60000000000002
577,445.9529264378666,90.0,0.0,0.0,419.17242688782164,236.3
578,451.6560007662921,90.0,0.0,0.0,480.2960007662921,320.0
579,451.6559996175383,0.0,0.0,0.0,642.6460000674933,320.0
580,451.6560003824618,0.0,0.0,0.0,720.2959999325068,320.0
581,451.6559996175383,0.0,0.0,0.0,797.9460000674933,320.0
582,451.65600000000006,0.0,0.0,0.0,870.296,320.0
583,451.6560003824618,0.0,0.0,0.0,932.4259999325068,320.0
584,451.65600000000006,0.0,0.0,0.0,980.106,320.0
585,447.530199621032,0.0,0.0,0.0,1005.950200070987,320.0
586,443.68560183262105,0.0,0.0,0.0,1012.325601382666,320.0
587,418.85725446571394,0.0,0.0,0.0,1003.2512544657139,320.0
588,407.8821021663849,0.0,0.0,0.0,972.7011017164299,320.0
589,367.58203410687827,0.0,0.0,0.0,931.9993845568332,320.0
590,356.4064006290305,0.0,0.0,0.0,871.7644501790754,320.0
591,306.5003189591345,0.0,0.0,0.0,810.8348189591345,320.0
592,272.0771456455423,0.0,0.0,0.0,741.8941451955873,320.0
593,174.957751433047,0.0,90.0,0.0,667.614251883002,222.17391304347825
594,158.45717455151504,0.0,90.0,0.0,600.903674551515,124.34782608695652
595,171.93780586728758,0.0,84.96,0.0,539.7488054173325,32.0
596,285.6356984735279,0.0,0.0,0.0,489.7836980235729,32.0
597,316.7903255490405,0.0,0.0,0.0,454.31582554904054,32.0
598,312.5445775710757,0.0,0.0,0.0,444.84507712112065,32.0
599,344.4565625196217,39.677419354838726,0.0,0.0,409.756142714828,68.90000000000002
600,377.86028236086406,90.0,0.0,0.0,383.508782810819,152.60000000000002
601,439.5728267942856,90.0,0.0,0.0,420.2983267942855,236.3
602,451.6560007662921,90.0,0.0,0.0,480.2960007662921,320.0
603,451.65600000000006,0.0,0.0,0.0,642.6460000000001,320.0
604,451.6560003824618,0.0,0.0,0.0,720.2959999325067,320.0
605,451.65600000000006,0.0,0.0,0.0,797.946,320.0
606,451.6559996175382,0.0,0.0,0.0,870.2960000674932,320.0
607,451.6560003824618,0.0,0.0,0.0,932.4259999325068,320.0
608,451.6560003824618,0.0,0.0,0.0,980.1059999325067,320.0
609,447.530199621032,0.0,0.0,0.0,1005.950200070987,320.0
610,443.68560183262105,0.0,0.0,0.0,1012.325601382666,320.0
611,411.42800906220543,0.0,0.0,0.0,1004.7860095121604,320.0
612,396.8690848104593,0.0,0.0,0.0,975.0530848104593,320.0
613,368.39336900496573,0.0,0.0,0.0,931.8225185550107,320.0
614,349.052598865105,0.0,0.0,0.0,873.37869931506,320.0
615,329.6876287439017,0.0,0.0,0.0,805.7801282939466,320.0
616,261.8150156437307,0.0,0.0,0.0,744.0857656437307,320.0
617,167.7075252809343,0.0,90.0,0.0,669.1120248309793,222.17391304347825
618,175.95209432025842,0.0,90.0,0.0,597.4465947702134,124.34782608695652
619,144.59252699848116,0.0,84.96,0.0,544.8710269984812,32.0
620,280.9653735047402,0.0,0.0,0.0,490.6078730547852,32.0
621,318.4083009343064,0.0,0.0,0.0,454.0303004843514,32.0
622,371.51460298401724,0.0,0.0,0.0,434.43860253406217,32.0
623,328.24238656584254,39.677419354838726,0.0,0.0,412.6174672110038,68.90000000000002
624,401.68238323150166,90.0,0.0,0.0,379.30488323150166,152.60000000000002
625,403.3806762640916,90.0,0.0,0.0,426.68517671404663,236.3
626,451.6560007662921,90.0,0.0,0.0,480.2960007662921,320.0
627,451.6560003824618,0.0,0.0,0.0,642.6459999325068,320.0
628,451.6560003824618,0.0,0.0,0.0,720.2959999325067,320.0
629,451.65600000000006,0.0,0.0,0.0,797.946,320.0
630,451.6560003824618,0.0,0.0,0.0,870.2959999325068,320.0
631,451.6559996175383,0.0,0.0,0.0,932.4260000674933,320.0
632,451.65600000000006,0.0,0.0,0.0,980.106,320.0
633,447.53020000000004,0.0,0.0,0.0,1005.9502,320.0
634,443.68560145690867,0.0,0.0,0.0,1012.3256014569087,320.0
635,440.3841636320925,0.0,0.0,0.0,998.8041631821375,320.0
636,396.568730172545,0.0,0.0,0.0,975.1172297225899,320.0
637,376.18417201768114,0.0,0.0,0.0,930.1241715677261,320.0
638,352.4355908770656,0.0,0.0,0.0,872.6360913270205,320.0
639,324.8284904931751,0.0,0.0,0.0,806.8393904931751,320.0
640,293.40457609171375,0.0,0.0,0.0,737.3393760917137,320.0
641,301.9585239533529,0.0,0.0,0.0,659.9705239533529,320.0
642,270.4723668575825,0.0,0.0,0.0,596.5533673075374,320.0
643,189.85720665730219,0.0,84.95999999999998,0.0,536.3922062073472,227.6521739130435
644,204.18457303393313,0.0,90.0,0.0,488.27507303393315,129.82608695652175
645,212.59575052443938,0.0,90.0,0.0,456.8207505244394,32.0
646,306.54315252905036,0.0,0.0,0.0,445.9041520790953,32.0
647,334.16348715693823,39.677419354838726,0.0,0.0,411.5725673521445,68.90000000000002
648,401.70533323197196,90.0,0.0,0.0,379.300833231972,152.60000000000002
649,439.1712017926462,90.0,0.0,0.0,420.36920179264615,236.3
650,451.6560007662921,90.0,0.0,0.0,480.2960007662921,320.0
651,451.65600000000006,0.0,0.0,0.0,642.6460000000001,320.0
652,451.6560003824618,0.0,0.0,0.0,720.2959999325068,320.0
653,451.6559996175383,0.0,0.0,0.0,797.9460000674933,320.0
654,451.6559996175382,0.0,0.0,0.0,870.2960000674932,320.0
655,451.6560003824618,0.0,0.0,0.0,932.4259999325068,320.0
656,451.65600000000006,0.0,0.0,0.0,980.106,320.0
657,447.53020000000004,0.0,0.0,0.0,1005.9502,320.0
658,442.2539935764954,0.0,0.0,0.0,1012.6084940264503,320.0
659,410.21963825544753,0.0,0.0,0.0,1005.0356382554476,320.0
660,367.4454178480389,0.0,0.0,0.0,981.3369182979939,320.0
661,370.77860276273543,0.0,0.0,0.0,931.3025523127804,320.0
662,348.36847323164943,0.0,0.0,0.0,873.5288732316494,320.0
663,320.2619652989645,0.0,0.0,0.0,807.8348648490095,320.0
664,281.0099254934031,0.0,0.0,0.0,739.9864259433581,320.0
665,272.9799936050801,0.0,0.0,0.0,665.9569936050801,320.0
666,239.66462485462728,0.0,0.0,0.0,602.6411244046723,320.0
667,154.8711680607738,0.0,84.95999999999998,0.0,542.9456680607738,227.6521739130435
668,197.48317346118102,0.0,90.0,0.0,489.45767301122606,129.82608695652175
669,215.62515091215153,0.0,90.0,0.0,456.28615046219653,32.0
670,332.9586023315645,0.0,0.0,0.0,441.2426023315645,32.0
671,361.8297131317764,39.677419354838726,0.0,0.0,406.6902933269827,68.90000000000002
672,411.48203343232166,90.0,0.0,0.0,377.57553343232166,152.60000000000002
673,425.4585767366728,90.0,0.0,0.0,422.78907673667277,236.3
674,441.55800074915953,90.0,0.0,0.0,482.0780007491595,320.0
675,451.65600000000006,0.0,0.0,0.0,642.6460000000001,320.0
676,451.65600000000006,0.0,0.0,0.0,720.296,320.0
677,451.6560003824619,0.0,0.0,0.0,797.9459999325068,320.0
678,451.6559996175382,0.0,0.0,0.0,870.2960000674932,320.0
679,451.65600000000006,0.0,0.0,0.0,932.426,320.0
680,451.6560003824618,0.0,0.0,0.0,980.1059999325067,320.0
681,447.530199621032,0.0,0.0,0.0,1005.950200070987,320.0
682,443.68560183262105,0.0,0.0,0.0,1012.325601382666,320.0
683,440.3841632591757,0.0,0.0,0.0,998.8041632591757,320.0
684,388.11651700138555,0.0,0.0,0.0,976.9223174513405,320.0
685,372.4456055423308,0.0,0.0,0.0,930.9391559922857,320.0
686,338.88591119812395,0.0,0.0,0.0,875.610411198124,320.0
687,318.8809230911166,0.0,0.0,0.0,808.1359235410715,320.0
688,302.23501349130123,0.0,0.0,0.0,735.4535134913012,320.0
689,251.5537833150848,0.0,0.0,0.0,670.3832828651298,320.0
690,259.19986676450515,0.0,0.0,0.0,598.7808672144602,320.0
691,164.72911215194716,0.0,84.95999999999998,0.0,541.0991126019021,227.6521739130435
692,203.01412342421713,0.0,90.0,0.0,488.48162297426217,129.82608695652175
693,167.84325044687728,0.0,90.0,0.0,464.7182504468773,32.0
694,323.1360018803194,0.0,0.0,0.0,442.97600233027435,32.0
695,384.963313181981,39.677419354838726,0.0,0.0,402.6078942770973,68.90000000000002
696,420.52433400008334,90.0,0.0,0.0,375.9798335501283,152.60000000000002
697,425.6192263548669,90.0,0.0,0.0,422.76072680482184,236.3
698,451.65600114875383,90.0,0.0,0.0,480.2960006987987,320.0
699,451.6560003824618,0.0,0.0,0.0,642.6459999325068,320.0
700,451.65600000000006,0.0,0.0,0.0,720.296,320.0
701,451.6559996175383,0.0,0.0,0.0,797.9460000674933,320.0
702,451.6559996175382,0.0,0.0,0.0,870.2960000674932,320.0
703,451.6560003824618,0.0,0.0,0.0,932.4259999325068,320.0
704,451.6559996175382,0.0,0.0,0.0,980.1060000674931,320.0
705,447.53020000000004,0.0,0.0,0.0,1005.9502,320.0
706,443.68560145690867,0.0,0.0,0.0,1012.3256014569087,320.0
707,399.03101584850697,0.0,0.0,0.0,1007.347016298462,320.0
708,408.6719238550902,0.0,0.0,0.0,972.5324243050452,320.0
709,347.6323028749549,0.0,0.0,0.0,936.3483028749548,320.0
710,350.08985786877224,0.0,0.0,0.0,873.1510083187272,320.0
711,307.7494628397638,0.0,0.0,0.0,810.5625132897187,320.0
712,276.4489793614902,0.0,0.0,0.0,740.9604793614902,320.0
713,167.03620722973534,0.0,90.0,0.0,669.2507076796903,222.17391304347825
714,152.53911200264952,0.0,90.0,0.0,602.0731120026495,124.34782608695652
715,167.04862925579886,0.0,84.96,0.0,540.6646288058438,32.0
716,287.6323484601841,0.0,0.0,0.0,489.4313480102291,32.0
717,299.772900519547,0.0,0.0,0.0,457.318900519547,32.0
718,340.2567020002082,0.0,0.0,0.0,439.95470245016315,32.0
719,374.1079631819471,39.677419354838726,0.0,0.0,404.5235438271084,68.90000000000002
720,404.61998367416237,90.0,0.0,0.0,378.7864832242074,152.60000000000002
721,436.94505178355934,90.0,0.0,0.0,420.76205178355923,236.3
722,451.6560007662921,90.0,0.0,0.0,480.2960007662921,320.0
723,451.6560003824618,0.0,0.0,0.0,642.6459999325068,320.0
724,451.6560003824618,0.0,0.0,0.0,720.2959999325068,320.0
725,451.6560003824619,0.0,0.0,0.0,797.9459999325068,320.0
726,451.65600000000006,0.0,0.0,0.0,870.296,320.0
727,451.65600000000006,0.0,0.0,0.0,932.426,320.0
728,451.6560003824618,0.0,0.0,0.0,980.1059999325067,320.0
729,447.530199621032,0.0,0.0,0.0,1005.950200070987,320.0
730,443.6856010811962,0.0,0.0,0.0,1012.3256015311512,320.0
731,429.65427472854697,0.0,0.0,0.0,1001.0207747285469,320.0
732,391.60731002866373,0.0,0.0,0.0,976.1768100286636,320.0
733,370.4017528242417,0.0,0.0,0.0,931.3847032741967,320.0
734,346.0769832235479,0.0,0.0,0.0,874.0318832235479,320.0
735,317.9676179783897,0.0,0.0,0.0,808.3350184283447,320.0
736,288.9860204847627,0.0,0.0,0.0,738.2830200348077,320.0
737,162.71739960480141,0.0,90.0,0.0,670.1428996048014,222.17391304347825
738,164.83740922848432,0.0,90.0,0.0,599.6429096784393,124.34782608695652
739,184.26307862053778,0.0,84.96,0.0,537.4400786205377,32.0
740,289.583098447147,0.0,0.0,0.0,489.087097997192,32.0
741,301.5285759050516,0.0,0.0,0.0,457.0090754550966,32.0
742,333.4290777173208,0.0,0.0,0.0,441.15957726736576,32.0
743,342.41401168272756,39.677419354838726,0.0,0.0,410.11659277784383,68.90000000000002
744,382.7715824615091,90.0,0.0,0.0,382.6420829114642,152.60000000000002
745,446.1939022037738,90.0,0.0,0.0,419.12990175381873,236.3
746,451.6560007662921,90.0,0.0,0.0,480.2960007662921,320.0
747,451.6559996175383,0.0,0.0,0.0,642.6460000674933,320.0
748,451.6559996175382,0.0,0.0,0.0,720.2960000674932,320.0
749,451.6559996175383,0.0,0.0,0.0,797.9460000674933,320.0
750,451.6560003824618,0.0,0.0,0.0,870.2959999325068,320.0
751,451.6559996175383,0.0,0.0,0.0,932.4260000674933,320.0
752,451.65600000000006,0.0,0.0,0.0,980.106,320.0
753,447.530199621032,0.0,0.0,0.0,1005.950200070987,320.0
754,443.6856010811962,0.0,0.0,0.0,1012.3256015311512,320.0
755,431.3101904166657,0.0,0.0,0.0,1000.6786908666206,320.0
756,386.6269790142661,0.0,0.0,0.0,977.240429014266,320.0
757,365.53264022764074,0.0,0.0,0.0,932.4461397776856,320.0
758,353.0776516172616,0.0,0.0,0.0,872.4951511673066,320.0
759,314.2567621373649,0.0,0.0,0.0,809.1439621373648,320.0
760,269.5719619762231,0.0,0.0,0.0,742.4291619762231,320.0
761,179.36606877786312,0.0,90.0,0.0,666.7035687778631,222.17391304347825
762,189.43400480729127,0.0,90.0,0.0,594.7825048072913,124.34782608695652
763,166.741634066342,0.0,84.96,0.0,540.7221340663419,32.0
764,275.4917985413207,0.0,0.0,0.0,491.5737980913657,32.0
765,305.25795052905335,0.0,0.0,0.0,456.35095052905336,32.0
766,328.5063019179252,0.0,0.0,0.0,442.0283023678802,32.0
767,344.7319617644022,39.677419354838726,0.0,0.0,409.7075428595184,68.90000000000002
768,399.5824581884689,90.0,0.0,0.0,379.67545818846884,152.60000000000002
769,451.65600184360767,90.0,0.0,0.0,418.16600184360766,236.3
770,451.65600038383025,90.0,0.0,0.0,480.29600083378523,320.0
771,451.65600000000006,0.0,0.0,0.0,642.6460000000001,320.0
772,451.6559996175382,0.0,0.0,0.0,720.2960000674932,320.0
773,451.65600000000006,0.0,0.0,0.0,797.946,320.0
774,451.6559996175382,0.0,0.0,0.0,870.2960000674932,320.0
775,451.6560003824619,0.0,0.0,0.0,932.4259999325068,320.0
776,451.6559996175382,0.0,0.0,0.0,980.1060000674931,320.0
777,447.53020037896806,0.0,0.0,0.0,1005.950199929013,320.0
778,434.8479618036014,0.0,0.0,0.0,1014.0719613536463,320.0
779,417.55937468268405,0.0,0.0,0.0,1003.519374232729,320.0
780,383.9649436965416,0.0,0.0,0.0,977.8089436965415,320.0
781,375.4482076983694,0.0,0.0,0.0,930.2846072484143,320.0
782,349.45111960444024,0.0,0.0,0.0,873.2912191544851,320.0
783,321.5742872085136,0.0,0.0,0.0,807.5487867585585,320.0
784,287.3774525230842,0.0,0.0,0.0,738.6265520731291,320.0
785,147.4583576267628,0.0,90.0,0.0,673.2951571768078,222.17391304347825
786,181.26144223981026,0.0,90.0,0.0,596.3974422398103,124.34782608695652
787,197.90729204107322,0.0,84.96,0.0,534.8842924910282,32.0
788,289.3535976837573,0.0,0.0,0.0,489.12759813371235,32.0
789,328.49482556932605,0.0,0.0,0.0,452.250325569326,32.0
790,341.10585277107793,0.0,0.0,0.0,439.8048523211229,32.0
791,389.7483887330481,39.677419354838726,0.0,0.0,401.76346937820944,68.90000000000002
792,397.2415585229595,90.0,0.0,0.0,380.08855807300455,152.60000000000002
793,444.83985219824666,90.0,0.0,0.0,419.36885174829166,236.3
794,451.6560007662921,90.0,0.0,0.0,480.2960007662921,320.0
795,451.6560003824618,0.0,0.0,0.0,642.6459999325068,320.0
796,451.6559996175382,0.0,0.0,0.0,720.2960000674932,320.0
797,451.6560003824619,0.0,0.0,0.0,797.9459999325068,320.0
798,451.65600000000006,0.0,0.0,0.0,870.296,320.0
799,451.65600000000006,0.0,0.0,0.0,932.426,320.0
800,451.65600000000006,0.0,0.0,0.0,980.106,320.0
801,447.53020000000004,0.0,0.0,0.0,1005.9502,320.0
802,443.68560183262105,0.0,0.0,0.0,1012.325601382666,320.0
803,401.12328891470315,0.0,0.0,0.0,1006.9147884647481,320.0
804,391.10671797674866,0.0,0.0,0.0,976.2837184267036,320.0
805,384.9581080894774,0.0,0.0,0.0,928.2115076395223,320.0
806,355.4610226256881,0.0,0.0,0.0,871.9719721757331,320.0
807,320.22206288043617,0.0,0.0,0.0,807.8435633303911,320.0
808,290.43217388313496,0.0,0.0,0.0,737.9741738831349,320.0
809,263.43609887421877,0.0,0.0,0.0,667.9285993241738,320.0
810,279.3889144312065,0.0,0.0,0.0,594.7914148811615,320.0
811,162.46644707583079,0.0,84.95999999999998,0.0,541.5229470758308,227.6521739130435
812,161.32544832036524,0.0,90.0,0.0,495.8384483203653,129.82608695652175
813,210.41550090312245,0.0,90.0,0.0,457.2055004531675,32.0
814,306.0153017604305,0.0,0.0,0.0,445.9973022103855,32.0
815,356.43646217681805,39.677419354838726,0.0,0.0,407.64204327193437,68.90000000000002
816,411.2869580458623,90.0,0.0,0.0,377.6099584958173,152.60000000000002
817,414.71797707529265,90.0,0.0,0.0,424.68447662533765,236.3
818,451.65600038383025,90.0,0.0,0.0,480.29600083378523,320.0
819,451.65600000000006,0.0,0.0,0.0,642.6460000000001,320.0
820,451.6559996175382,0.0,0.0,0.0,720.2960000674932,320.0
821,451.65600000000006,0.0,0.0,0.0,797.946,320.0
822,451.6559996175382,0.0,0.0,0.0,870.2960000674932,320.0
823,451.6559996175383,0.0,0.0,0.0,932.4260000674933,320.0
824,451.6559996175382,0.0,0.0,0.0,980.1060000674931,320.0
825,447.530199621032,0.0,0.0,0.0,1005.950200070987,320.0
826,443.68560145690867,0.0,0.0,0.0,1012.3256014569087,320.0
827,422.20265245388714,0.0,0.0,0.0,1002.5601524538871,320.0
828,379.9935833969091,0.0,0.0,0.0,978.657082946954,320.0
829,368.9686178550048,0.0,0.0,0.0,931.6971178550048,320.0
830,349.45111960444024,0.0,0.0,0.0,873.2912191544851,320.0
831,311.16327321257734,0.0,0.0,0.0,809.8183236625323,320.0
832,278.658257721123,0.0,0.0,0.0,740.488657271168,320.0
833,252.2586664857185,0.0,0.0,0.0,670.2376660357635,320.0
834,255.3333999840046,0.0,0.0,0.0,599.5448995340496,320.0
835,177.04301510599913,0.0,84.95999999999998,0.0,538.7925155559541,227.6521739130435
836,187.9589231423709,0.0,90.0,0.0,491.1384231423709,129.82608695652175
837,218.57422591726265,0.0,90.0,0.0,455.7657254673077,32.0
838,328.50630230038695,0.0,0.0,0.0,442.02830230038694,32.0
839,352.99396282044285,39.677419354838726,0.0,0.0,408.24954301564907,68.90000000000002
840,410.908283420564,90.0,0.0,0.0,377.67678342056405,152.60000000000002
841,415.3950020780562,90.0,0.0,0.0,424.5650016281012,236.3
842,451.6560007662921,90.0,0.0,0.0,480.2960007662921,320.0
843,451.6560003824619,0.0,0.0,0.0,642.6459999325068,320.0
844,451.6559996175382,0.0,0.0,0.0,720.2960000674932,320.0
845,451.65600000000006,0.0,0.0,0.0,797.946,320.0
846,451.6560003824618,0.0,0.0,0.0,870.2959999325068,320.0
847,451.65600000000006,0.0,0.0,0.0,932.426,320.0
848,451.6559996175382,0.0,0.0,0.0,980.1060000674931,320.0
849,447.53020000000004,0.0,0.0,0.0,1005.9502,320.0
850,430.15860103677835,0.0,0.0,0.0,1014.9986014867333,320.0
851,412.4126081741164,0.0,0.0,0.0,1004.5826081741162,320.0
852,377.6241153646206,0.0,0.0,0.0,979.1631158145756,320.0
853,356.89835929686785,0.0,0.0,0.0,934.3283597468228,320.0
854,355.64257062632987,0.0,0.0,0.0,871.9321201763748,320.0
855,310.5924575171231,0.0,0.0,0.0,809.942757967078,320.0
856,288.5121266481024,0.0,0.0,0.0,738.3842266481024,320.0
857,264.46545282161253,0.0,0.0,0.0,667.7159523716575,320.0
858,290.87559202605223,0.0,0.0,0.0,592.5215924760072,320.0
859,152.82453599084835,0.0,84.95999999999998,0.0,543.3290359908483,227.6521739130435
860,189.40477313270816,0.0,90.0,0.0,490.88327313270815,129.82608695652175
861,182.88697585541178,0.0,90.0,0.0,462.0634754054568,32.0
862,322.43602764034125,0.0,0.0,0.0,443.0995271903862,32.0
863,376.8734386618522,39.677419354838726,0.0,0.0,404.03551885705855,68.90000000000002
864,370.4589072091909,90.0,0.0,0.0,384.8149076591459,152.60000000000002
865,451.6560022260694,90.0,0.0,0.0,418.1660017761144,236.3
866,451.65600038383025,90.0,0.0,0.0,480.29600083378523,320.0
867,451.6560003824618,0.0,0.0,0.0,642.6459999325068,320.0
868,451.6560003824618,0.0,0.0,0.0,720.2959999325067,320.0
869,451.6560003824618,0.0,0.0,0.0,797.9459999325068,320.0
870,451.6559996175382,0.0,0.0,0.0,870.2960000674932,320.0
871,451.6560003824618,0.0,0.0,0.0,932.4259999325068,320.0
872,451.6560003824618,0.0,0.0,0.0,980.1059999325067,320.0
873,447.53020037896806,0.0,0.0,0.0,1005.950199929013,320.0
874,443.68560145690867,0.0,0.0,0.0,1012.3256014569087,320.0
875,413.1398686063278,0.0,0.0,0.0,1004.4323686063278,320.0
876,393.0534637741888,0.0,0.0,0.0,975.8679637741888,320.0
877,380.6841944440506,0.0,0.0,0.0,929.1431944440504,320.0
878,347.7640512295126,0.0,0.0,0.0,873.6615512295125,320.0
879,334.3727505971678,0.0,0.0,0.0,804.7588005971678,320.0
880,294.82514406340346,0.0,0.0,0.0,737.0359940634035,320.0
881,172.37318018030703,0.0,90.0,0.0,668.148180180307,222.17391304347825
882,173.51723505157872,0.0,90.0,0.0,597.9277346016237,124.34782608695652
883,164.78596380071446,0.0,84.96,0.0,541.0884633507594,32.0
884,290.042097679156,0.0,0.0,0.0,489.006098129111,32.0
885,326.7162001837816,0.0,0.0,0.0,452.5642006337367,32.0
886,326.4752272861643,0.0,0.0,0.0,442.3867272861642,32.0
887,357.46921259566955,39.677419354838726,0.0,0.0,407.4597932408308,68.90000000000002
888,378.6291081415427,90.0,0.0,0.0,383.37310769158773,152.60000000000002
889,433.97302677142784,90.0,0.0,0.0,421.2865267714278,236.3
890,447.3643511414724,90.0,0.0,0.0,481.0533506915174,320.0
891,451.6559996175383,0.0,0.0,0.0,642.6460000674933,320.0
892,451.6559996175382,0.0,0.0,0.0,720.2960000674932,320.0
893,451.65600000000006,0.0,0.0,0.0,797.946,320.0
894,451.6560003824618,0.0,0.0,0.0,870.2959999325067,320.0
895,451.65600000000006,0.0,0.0,0.0,932.426,320.0
896,451.6560003824618,0.0,0.0,0.0,980.1059999325067,320.0
897,447.53020000000004,0.0,0.0,0.0,1005.9502,320.0
898,443.68560145690867,0.0,0.0,0.0,1012.3256014569087,320.0
899,439.0303396201422,0.0,0.0,0.0,999.083840070097,320.0
900,383.79807980282715,0.0,0.0,0.0,977.8445798028271,320.0
901,355.3133762677728,0.0,0.0,0.0,934.6738762677728,320.0
902,351.09390724128514,0.0,0.0,0.0,872.9306072412851,320.0
903,306.75524598768135,0.0,0.0,0.0,810.7792464376363,320.0
904,276.71596196656526,0.0,0.0,0.0,740.9034615166103,320.0
905,190.26378636829463,0.0,90.0,0.0,664.4522863682946,222.17391304347825
906,174.5768493089031,0.0,90.0,0.0,597.718349758858,124.34782608695652
907,186.2301198222675,0.0,84.96,0.0,537.0716193723125,32.0
908,283.7767481034897,0.0,0.0,0.0,490.11174810348973,32.0
909,335.6208001992145,0.0,0.0,0.0,450.9928006491695,32.0
910,344.0893524095083,0.0,0.0,0.0,439.2783524095083,32.0
911,359.59208767047045,39.677419354838726,0.0,0.0,407.08516831563173,68.90000000000002
912,392.0548576517472,90.0,0.0,0.0,381.00385810170224,152.60000000000002
913,426.2044521221792,90.0,0.0,0.0,422.65745167222417,236.3
914,451.65600038383025,90.0,0.0,0.0,480.29600083378523,320.0
915,451.6559996175383,0.0,0.0,0.0,642.6460000674933,320.0
916,451.65600000000006,0.0,0.0,0.0,720.296,320.0
917,451.6560003824618,0.0,0.0,0.0,797.9459999325068,320.0
918,451.6559996175382,0.0,0.0,0.0,870.2960000674932,320.0
919,451.6559996175383,0.0,0.0,0.0,932.4260000674933,320.0
920,451.6559996175382,0.0,0.0,0.0,980.1060000674931,320.0
921,447.53020000000004,0.0,0.0,0.0,1005.9502,320.0
922,443.6856010811962,0.0,0.0,0.0,1012.3256015311512,320.0
923,440.3841636320925,0.0,0.0,0.0,998.8041631821375,320.0
924,396.6354753592591,0.0,0.0,0.0,975.1029753592591,320.0
925,378.1194031264487,0.0,0.0,0.0,929.7023031264486,320.0
926,349.6913382363265,0.0,0.0,0.0,873.2384882363264,320.0
927,301.6079296780959,0.0,0.0,0.0,811.9013296780959,320.0
928,276.3555352087124,0.0,0.0,0.0,740.9804356586674,320.0
929,193.56443015925794,0.0,90.0,0.0,663.7704297093029,222.17391304347825
930,182.01670012175884,0.0,90.0,0.0,596.2481996718038,124.34782608695652
931,185.25228374203368,0.0,84.96,0.0,537.2547841919886,32.0
932,272.27879818033176,0.0,0.0,0.0,492.1407981803318,32.0
933,364.6640252495504,0.0,0.0,0.0,445.8675256995054,32.0
934,330.92752731734174,0.0,0.0,0.0,441.60102731734173,32.0
935,381.4863884419309,39.677419354838726,0.0,0.0,403.2214690870922,68.90000000000002
936,388.86480796883666,90.0,0.0,0.0,381.5668079688367,152.60000000000002
937,451.6560022260695,90.0,0.0,0.0,418.1660017761144,236.3
938,441.13342613090083,90.0,0.0,0.0,482.1529256809458,320.0
939,451.65600000000006,0.0,0.0,0.0,642.6460000000001,320.0
940,451.6559996175382,0.0,0.0,0.0,720.2960000674932,320.0
941,451.65600000000006,0.0,0.0,0.0,797.946,320.0
942,451.6560003824618,0.0,0.0,0.0,870.2959999325068,320.0
943,451.65600000000006,0.0,0.0,0.0,932.426,320.0
944,451.65600000000006,0.0,0.0,0.0,980.106,320.0
945,447.53020037896806,0.0,0.0,0.0,1005.950199929013,320.0
946,443.68560183262105,0.0,0.0,0.0,1012.325601382666,320.0
947,423.2655715471194,0.0,0.0,0.0,1002.3405715471193,320.0
948,391.88652894414577,0.0,0.0,0.0,976.1171789441457,320.0
949,362.51784663045953,0.0,0.0,0.0,933.1033461805046,320.0
950,327.2513415259533,0.0,0.0,0.0,878.1643410759983,320.0
951,316.8137947770015,0.0,0.0,0.0,808.5865447770014,320.0
952,270.564245947051,0.0,0.0,0.0,742.217245947051,320.0
953,157.2125977008052,0.0,90.0,0.0,671.2800977008052,222.17391304347825
954,163.8341574716253,0.0,90.0,0.0,599.8411570216703,124.34782608695652
955,186.45752300662457,0.0,84.96,0.0,537.0290230066246,32.0
956,306.0611983370221,0.0,0.0,0.0,486.1791978870672,32.0
957,307.34640053267293,0.0,0.0,0.0,455.98240053267295,32.0
958,337.14697736089386,0.0,0.0,0.0,440.50347736089384,32.0
959,367.47541294824475,39.677419354838726,0.0,0.0,405.693993593406,68.90000000000002
960,416.80643315897044,90.0,0.0,0.0,376.6359336089255,152.60000000000002
961,407.6838016641182,90.0,0.0,0.0,425.92580166411824,236.3
962,451.65600038383025,90.0,0.0,0.0,480.29600083378523,320.0
963,451.65600000000006,0.0,0.0,0.0,642.6460000000001,320.0
964,451.6559996175382,0.0,0.0,0.0,720.2960000674932,320.0
965,451.6560003824618,0.0,0.0,0.0,797.9459999325068,320.0
966,451.6559996175382,0.0,0.0,0.0,870.2960000674932,320.0
967,451.6560003824619,0.0,0.0,0.0,932.4259999325068,320.0
968,451.6559996175382,0.0,0.0,0.0,980.1060000674931,320.0
969,447.53020037896806,0.0,0.0,0.0,1005.950199929013,320.0
970,422.2453060107937,0.0,0.0,0.0,1016.5623064607487,320.0
971,434.375873226905,0.0,0.0,0.0,1000.045373226905,320.0
972,396.6688481380021,0.0,0.0,0.0,975.095848138002,320.0
973,366.8859722063752,0.0,0.0,0.0,932.1511217564201,320.0
974,358.6868198991666,0.0,0.0,0.0,871.2638703491216,320.0
975,315.54691607766745,0.0,0.0,0.0,808.8627165276224,320.0
976,276.01513323074704,0.0,0.0,0.0,741.053133230747,320.0
977,285.6119479406224,0.0,0.0,0.0,663.3474474906674,320.0
978,229.97027477458084,0.0,0.0,0.0,604.5567743246258,320.0
979,194.26883578580834,0.0,84.95999999999998,0.0,535.5658353358533,227.6521739130435
980,177.08062283261,0.0,90.0,0.0,493.058123282565,129.82608695652175
981,218.2873509167655,0.0,90.0,0.0,455.8163504668105,32.0
982,331.1455519364068,0.0,0.0,0.0,441.56255238636174,32.0
983,325.6834610932153,39.677419354838726,0.0,0.0,413.0690421883316,68.90000000000002
984,434.6385842893205,90.0,0.0,0.0,373.4890838393655,152.60000000000002
985,439.3777517934892,90.0,0.0,0.0,420.33275179348925,236.3
986,451.6560007662921,90.0,0.0,0.0,480.2960007662921,320.0
987,451.65600000000006,0.0,0.0,0.0,642.6460000000001,320.0
988,451.65600000000006,0.0,0.0,0.0,720.296,320.0
989,451.6559996175383,0.0,0.0,0.0,797.9460000674933,320.0
990,451.6560003824618,0.0,0.0,0.0,870.2959999325068,320.0
991,451.6559996175383,0.0,0.0,0.0,932.4260000674933,320.0
992,451.6559996175382,0.0,0.0,0.0,980.1060000674931,320.0
993,447.53020037896806,0.0,0.0,0.0,1005.950199929013,320.0
994,443.6856010811962,0.0,0.0,0.0,1012.3256015311512,320.0
995,429.0836550048117,0.0,0.0,0.0,1001.1386550048117,320.0
996,388.35902586025065,0.0,0.0,0.0,976.8705263102056,320.0
997,367.33154096595854,0.0,0.0,0.0,932.0539905160035,320.0
998,351.29538124199746,0.0,0.0,0.0,872.8863812419974,320.0
999,303.7304777306157,0.0,0.0,0.0,811.4386272806606,320.0
1000,274.5689798323748,0.0,0.0,0.0,741.3619793824198,320.0
1001,274.1995533764939,0.0,0.0,0.0,665.7050533764939,320.0
1002,257.8358942532429,0.0,0.0,0.0,599.0503947031979,320.0
1003,178.50976808944569,0.0,84.95999999999998,0.0,538.5177685394007,227.6521739130435
1004,194.97014847797584,0.0,90.0,0.0,489.9011480280209,129.82608695652175
1005,227.06572516705614,0.0,90.0,0.0,454.2672256170111,32.0
1006,367.8196529581431,0.0,0.0,0.0,435.09065250818804,32.0
1007,382.01423884299186,39.677419354838726,0.0,0.0,403.12831903819813,68.90000000000002
1008,404.05770828017813,90.0,0.0,0.0,378.88570828017816,152.60000000000002
1009,433.70910215281225,90.0,0.0,0.0,421.3331017028572,236.3
1010,447.5823753769189,90.0,0.0,0.0,481.0148758268738,320.0
1011,451.65600000000006,0.0,0.0,0.0,642.6460000000001,320.0
1012,451.6559996175382,0.0,0.0,0.0,720.2960000674932,320.0
1013,451.6559996175383,0.0,0.0,0.0,797.9460000674933,320.0
1014,451.65600000000006,0.0,0.0,0.0,870.296,320.0
1015,451.65600000000006,0.0,0.0,0.0,932.426,320.0
1016,451.6560003824618,0.0,0.0,0.0,980.1059999325067,320.0
1017,447.53020000000004,0.0,0.0,0.0,1005.9502,320.0
1018,443.6856010811962,0.0,0.0,0.0,1012.3256015311512,320.0
1019,431.94794224552186,0.0,0.0,0.0,1000.5469422455218,320.0
1020,396.16825645685867,0.0,0.0,0.0,975.2027564568587,320.0
1021,368.7469418552122,0.0,0.0,0.0,931.7454418552121,320.0
1022,340.93386120536434,0.0,0.0,0.0,875.1608612053644,320.0
1023,318.0607226364944,0.0,0.0,0.0,808.3147221865394,320.0
1024,271.9091693231263,0.0,0.0,0.0,741.9300188731713,320.0
1025,234.15547648436507,0.0,0.0,0.0,673.9774760344101,320.0
1026,254.21742172336513,0.0,0.0,0.0,599.7654221733201,320.0
1027,209.95968089730144,0.0,84.95999999999998,0.0,532.6266813472564,227.6521739130435
1028,183.8393981699021,0.0,90.0,0.0,491.86539816990216,129.82608695652175
1029,204.17310012738005,0.0,90.0,0.0,458.30710057733506,32.0
1030,313.7838768148305,0.0,0.0,0.0,444.62637726478545,32.0
1031,366.37381252696736,39.677419354838726,0.0,0.0,405.88839362208364,68.90000000000002
1032,423.4504582951236,90.0,0.0,0.0,375.4634587450786,152.60000000000002
1033,451.65600184360767,90.0,0.0,0.0,418.16600184360766,236.3
1034,451.65600038383025,90.0,0.0,0.0,480.29600083378523,320.0
1035,451.6559996175383,0.0,0.0,0.0,642.6460000674933,320.0
1036,451.6560003824618,0.0,0.0,0.0,720.2959999325068,320.0
1037,451.6559996175383,0.0,0.0,0.0,797.9460000674933,320.0
1038,451.65600000000006,0.0,0.0,0.0,870.296,320.0
1039,451.65600000000006,0.0,0.0,0.0,932.426,320.0
1040,451.65600000000006,0.0,0.0,0.0,980.106,320.0
1041,447.530199621032,0.0,0.0,0.0,1005.950200070987,320.0
1042,443.68560145690867,0.0,0.0,0.0,1012.3256014569087,320.0
1043,413.99020388091367,0.0,0.0,0.0,1004.2567038809136,320.0
1044,384.55452945433274,0.0,0.0,0.0,977.6830294543325,320.0
1045,375.48256747833716,0.0,0.0,0.0,930.2771170283821,320.0
1046,348.63083260153996,0.0,0.0,0.0,873.471282151585,320.0
1047,326.0266492636334,0.0,0.0,0.0,806.5781992636333,320.0
1048,264.8797488375679,0.0,0.0,0.0,743.4312492875229,320.0
1049,157.85034914090238,0.0,90.0,0.0,671.1483491409024,222.17391304347825
1050,138.96702151487216,0.0,90.0,0.0,604.7550219648272,124.34782608695652
1051,169.92528357392467,0.0,84.96,0.0,540.1257840238796,32.0
1052,276.82289776750133,0.0,0.0,0.0,491.33889821745635,32.0
1053,283.28332510850663,0.0,0.0,0.0,460.2288255584616,32.0
1054,334.92082734530516,0.0,0.0,0.0,440.8963273453051,32.0
1055,365.32958787263516,39.677419354838726,0.0,0.0,406.07266851779644,68.90000000000002
1056,410.1624087877409,90.0,0.0,0.0,377.8084083377859,152.60000000000002
1057,451.6560022260695,90.0,0.0,0.0,418.1660017761144,236.3
1058,451.6560007662921,90.0,0.0,0.0,480.2960007662921,320.0
1059,451.65600000000006,0.0,0.0,0.0,642.6460000000001,320.0
1060,451.6560003824618,0.0,0.0,0.0,720.2959999325067,320.0
1061,451.6560003824619,0.0,0.0,0.0,797.9459999325068,320.0
1062,451.6559996175382,0.0,0.0,0.0,870.2960000674932,320.0
1063,451.65600000000006,0.0,0.0,0.0,932.426,320.0
1064,451.6559996175382,0.0,0.0,0.0,980.1060000674931,320.0
1065,447.53020037896806,0.0,0.0,0.0,1005.950199929013,320.0
1066,443.68560183262105,0.0,0.0,0.0,1012.325601382666,320.0
1067,418.33138960303177,0.0,0.0,0.0,1003.3598891530767,320.0
1068,379.1258911495938,0.0,0.0,0.0,978.8423906996388,320.0
1069,381.122004174218,0.0,0.0,0.0,929.047754624173,320.0
1070,344.43419484877677,0.0,0.0,0.0,874.3924952987318,320.0
1071,316.15209155284805,0.0,0.0,0.0,808.730792002803,320.0
1072,276.7604590056158,0.0,0.0,0.0,740.8939585556608,320.0
1073,175.68501259302627,0.0,90.0,0.0,667.4640121430713,222.17391304347825
1074,142.22477479319627,0.0,90.0,0.0,604.1112743432412,124.34782608695652
1075,173.12030401760984,0.0,84.96,0.0,539.5273040176098,32.0
1076,288.24052269119613,0.0,0.0,0.0,489.32402314115114,32.0
1077,340.25670097217267,0.0,0.0,0.0,450.1747005222177,32.0
1078,354.2562024807023,0.0,0.0,0.0,437.4842024807023,32.0
1079,401.0512637488508,39.677419354838726,0.0,0.0,399.7688448439671,68.90000000000002
1080,431.2305084545568,90.0,0.0,0.0,374.09050890451175,152.60000000000002
1081,446.99715144212905,90.0,0.0,0.0,418.98815189208403,236.3
1082,449.9347511458336,90.0,0.0,0.0,480.59975069587847,320.0
1083,451.65600000000006,0.0,0.0,0.0,642.6460000000001,320.0
1084,451.6560003824618,0.0,0.0,0.0,720.2959999325068,320.0
1085,451.6560003824618,0.0,0.0,0.0,797.9459999325068,320.0
1086,451.65600000000006,0.0,0.0,0.0,870.296,320.0
1087,451.65600000000006,0.0,0.0,0.0,932.426,320.0
1088,451.6560003824618,0.0,0.0,0.0,980.1059999325067,320.0
1089,447.53020000000004,0.0,0.0,0.0,1005.9502,320.0
1090,443.6856010811962,0.0,0.0,0.0,1012.3256015311512,320.0
1091,437.39680117609146,0.0,0.0,0.0,999.4213011760913,320.0
1092,387.6359493582596,0.0,0.0,0.0,977.0249493582595,320.0
1093,363.141864569876,0.0,0.0,0.0,932.9673141199211,320.0
1094,342.25119121002183,0.0,0.0,0.0,874.8716912100218,320.0
1095,308.537521752334,0.0,0.0,0.0,810.390721302379,320.0
1096,286.1827070245762,0.0,0.0,0.0,738.8817065746211,320.0
1097,187.77991196552597,0.0,90.0,0.0,664.965412415481,222.17391304347825
1098,193.24411021446383,0.0,90.0,0.0,594.0296097645088,124.34782608695652
1099,181.8980815619571,0.0,84.96,0.0,537.883081561957,32.0
1100,273.94267278675017,0.0,0.0,0.0,491.8471732367052,32.0
1101,296.23860089588334,0.0,0.0,0.0,457.94260044592835,32.0
1102,345.60405280257686,0.0,0.0,0.0,439.01105235262185,32.0
1103,351.7431877763709,39.677419354838726,0.0,0.0,408.4702679715772,68.90000000000002
1104,397.57433314731725,90.0,0.0,0.0,380.0298331473172,152.60000000000002
1105,451.65600146114593,90.0,0.0,0.0,418.1660019111009,236.3
1106,451.65600114875383,90.0,0.0,0.0,480.2960006987988,320.0
1107,451.6559996175383,0.0,0.0,0.0,642.6460000674933,320.0
1108,451.6560003824618,0.0,0.0,0.0,720.2959999325067,320.0
1109,451.6559996175383,0.0,0.0,0.0,797.9460000674933,320.0
1110,451.6560003824618,0.0,0.0,0.0,870.2959999325067,320.0
1111,451.6559996175383,0.0,0.0,0.0,932.4260000674933,320.0
1112,451.6560003824618,0.0,0.0,0.0,980.1059999325067,320.0
1113,447.5302003789682,0.0,0.0,0.0,1005.950199929013,320.0
1114,443.68560145690867,0.0,0.0,0.0,1012.3256014569087,320.0
1115,427.9983586675114,0.0,0.0,0.0,1001.3628586675113,320.0
1116,388.98198476755624,0.0,0.0,0.0,976.7374847675561,320.0
1117,359.15723810417876,0.0,0.0,0.0,933.8359381041787,320.0
1118,357.91192026539,0.0,0.0,0.0,871.43397026539,320.0
1119,302.7495614384273,0.0,0.0,0.0,811.6524609884723,320.0
1120,282.9321975803881,0.0,0.0,0.0,739.5758980303431,320.0
1121,173.87245586853976,0.0,90.0,0.0,667.8384554185848,222.17391304347825
1122,161.73747207860055,0.0,90.0,0.0,600.2554720786005,124.34782608695652
1123,182.76221510259234,0.0,84.96,0.0,537.7212151025923,32.0
1124,260.04644826208187,0.0,0.0,0.0,494.2994482620819,32.0
1125,316.032975547728,0.0,0.0,0.0,454.44947554772796,32.0
1126,350.5038774544265,0.0,0.0,0.0,438.14637745442644,32.0
1127,382.18636308413323,39.677419354838726,0.0,0.0,403.09794417924957,68.90000000000002
1128,415.5556585158006,90.0,0.0,0.0,376.85665851580063,152.60000000000002
1129,440.29575179723645,90.0,0.0,0.0,420.17075179723645,236.3
1130,451.65600114875383,90.0,0.0,0.0,480.2960006987988,320.0
1131,451.65600000000006,0.0,0.0,0.0,642.6460000000001,320.0
1132,451.65600000000006,0.0,0.0,0.0,720.296,320.0
1133,451.6560003824618,0.0,0.0,0.0,797.9459999325068,320.0
1134,451.65600000000006,0.0,0.0,0.0,870.296,320.0
1135,451.65600000000006,0.0,0.0,0.0,932.426,320.0
1136,451.65600000000006,0.0,0.0,0.0,980.106,320.0
1137,447.53020037896806,0.0,0.0,0.0,1005.950199929013,320.0
1138,443.68560183262105,0.0,0.0,0.0,1012.325601382666,320.0
1139,440.384162886259,0.0,0.0,0.0,998.804163336214,320.0
1140,377.1902692409632,0.0,0.0,0.0,979.2557696909181,320.0
1141,360.8464088531762,0.0,0.0,0.0,933.4677093031312,320.0
1142,336.8490311909227,0.0,0.0,0.0,876.0575311909226,320.0
1143,316.0146531727886,0.0,0.0,0.0,808.7607527228336,320.0
1144,266.4148966848129,0.0,0.0,0.0,743.1033971347679,320.0
1145,282.6022079424007,0.0,0.0,0.0,663.9692083923557,320.0
1146,261.6459996604154,0.0,0.0,0.0,598.2974996604154,320.0
1147,144.38786341252057,0.0,84.95999999999998,0.0,544.9093638624755,227.6521739130435
1148,177.73469782823872,0.0,90.0,0.0,492.94269827819375,129.82608695652175
1149,209.29095090117346,0.0,90.0,0.0,457.40395045121846,32.0
1150,324.38677727153976,0.0,0.0,0.0,442.75527727153974,32.0
1151,345.9942118088783,39.677419354838726,0.0,0.0,409.4847929039946,68.90000000000002
1152,399.4677078036555,90.0,0.0,0.0,379.6957082536106,152.60000000000002
1153,451.65600184360767,90.0,0.0,0.0,418.16600184360766,236.3
1154,451.6560007662921,90.0,0.0,0.0,480.2960007662921,320.0
1155,451.6559996175383,0.0,0.0,0.0,642.6460000674933,320.0
1156,451.6560003824618,0.0,0.0,0.0,720.2959999325068,320.0
1157,451.65600000000006,0.0,0.0,0.0,797.946,320.0
1158,451.6560003824618,0.0,0.0,0.0,870.2959999325068,320.0
1159,451.65600000000006,0.0,0.0,0.0,932.426,320.0
1160,451.6560003824618,0.0,0.0,0.0,980.1059999325067,320.0
1161,447.53020037896806,0.0,0.0,0.0,1005.950199929013,320.0
1162,443.68560145690867,0.0,0.0,0.0,1012.3256014569087,320.0
1163,393.8059297315348,0.0,0.0,0.0,1008.4264297315347,320.0
1164,384.89715627865485,0.0,0.0,0.0,977.6098567286097,320.0
1165,378.78221399640586,0.0,0.0,0.0,929.5578144463608,320.0
1166,350.48948487018515,0.0,0.0,0.0,873.06328532014,320.0
1167,307.0534009441531,0.0,0.0,0.0,810.714250494198,320.0
1168,287.0059018762402,0.0,0.0,0.0,738.7059018762402,320.0
1169,258.6026150214214,0.0,0.0,0.0,668.9271145714664,320.0
1170,236.3843265761169,0.0,0.0,0.0,603.2893270260719,320.0
1171,187.31028599012552,0.0,84.95999999999998,0.0,536.8692864400805,227.6521739130435
1172,192.62924811115863,0.0,90.0,0.0,490.31424811115863,129.82608695652175
1173,227.0427759319398,0.0,90.0,0.0,454.2712754819848,32.0
1174,352.9136274713008,0.0,0.0,0.0,437.72112747130086,32.0
1175,359.2937380424197,39.677419354838726,0.0,0.0,407.13781823762594,68.90000000000002
1176,426.3880587377843,90.0,0.0,0.0,374.9450587377843,152.60000000000002
1177,449.131501833303,90.0,0.0,0.0,418.6115018333029,236.3
1178,451.6560007662921,90.0,0.0,0.0,480.2960007662921,320.0
1179,451.65600000000006,0.0,0.0,0.0,642.6460000000001,320.0
1180,451.6559996175382,0.0,0.0,0.0,720.2960000674932,320.0
1181,451.65600000000006,0.0,0.0,0.0,797.946,320.0
1182,451.6559996175382,0.0,0.0,0.0,870.2960000674932,320.0
1183,451.65600000000006,0.0,0.0,0.0,932.426,320.0
1184,451.6559996175382,0.0,0.0,0.0,980.1060000674931,320.0
1185,447.53020000000004,0.0,0.0,0.0,1005.9502,320.0
1186,433.21344854680933,0.0,0.0,0.0,1014.3949489967642,320.0
1187,427.8417179590351,0.0,0.0,0.0,1001.3952179590351,320.0
1188,378.8477839185267,0.0,0.0,0.0,978.9017843684816,320.0
1189,390.24397230453496,0.0,0.0,0.0,927.0592218545798,320.0
1190,349.34927523511703,0.0,0.0,0.0,873.313575235117,320.0
1191,329.87383584357275,0.0,0.0,0.0,805.7395362935276,320.0
1192,300.6108719367267,0.0,0.0,0.0,735.8003714867716,320.0
1193,276.95195470140874,0.0,0.0,0.0,665.1364542514538,320.0
1194,294.79842280986793,0.0,0.0,0.0,591.7464223599129,320.0
1195,156.73587690107132,0.0,84.95999999999998,0.0,542.5963773510263,227.6521739130435
1196,167.15474866386916,0.0,90.0,0.0,494.8097482139142,129.82608695652175
1197,188.37202548245642,0.0,90.0,0.0,461.0955254824564,32.0
1198,332.2012519437994,0.0,0.0,0.0,441.3762523937543,32.0
1199,395.0727893031187,39.677419354838726,0.0,0.0,400.823869498325,68.90000000000002
1200,388.4746575783797,90.0,0.0,0.0,381.6356580283348,152.60000000000002
1201,422.5898263425011,90.0,0.0,0.0,423.2953267924561,236.3
1202,451.6560007662921,90.0,0.0,0.0,480.2960007662921,320.0
1203,451.65600000000006,0.0,0.0,0.0,642.6460000000001,320.0
1204,451.6560003824618,0.0,0.0,0.0,720.2959999325068,320.0
1205,451.6560003824618,0.0,0.0,0.0,797.9459999325068,320.0
1206,451.6560003824618,0.0,0.0,0.0,870.2959999325068,320.0
1207,451.6560003824618,0.0,0.0,0.0,932.4259999325068,320.0
1208,451.6560003824618,0.0,0.0,0.0,980.1059999325066,320.0
1209,447.53020000000004,0.0,0.0,0.0,1005.9502,320.0
1210,443.68560145690867,0.0,0.0,0.0,1012.3256014569087,320.0
1211,440.384162886259,0.0,0.0,0.0,998.804163336214,320.0
1212,398.67121486257554,0.0,0.0,0.0,974.6682148625754,320.0
1213,368.48093102488383,0.0,0.0,0.0,931.8034305749288,320.0
1214,346.3504125934776,0.0,0.0,0.0,873.9718621435227,320.0
1215,312.73828191888066,0.0,0.0,0.0,809.4749814689255,320.0
1216,287.5398663448472,0.0,0.0,0.0,738.5918663448472,320.0
1217,173.3465902730868,0.0,90.0,0.0,667.9470902730868,222.17391304347825
1218,184.12465726345192,0.0,90.0,0.0,595.8316572634519,124.34782608695652
1219,187.1397340755678,0.0,84.96,0.0,536.9012336256127,32.0
1220,289.1126230678295,0.0,0.0,0.0,489.17012306782954,32.0
1221,330.2046005722892,0.0,0.0,0.0,451.94860057228925,32.0
1222,322.7573272601294,0.0,0.0,0.0,443.0428272601294,32.0
1223,420.3636898117989,39.677419354838726,0.0,0.0,396.3607704569602,68.90000000000002
1224,431.3796842225372,90.0,0.0,0.0,374.0641837725823,152.60000000000002
1225,451.6560022260694,90.0,0.0,0.0,418.1660017761144,236.3
1226,451.65600114875383,90.0,0.0,0.0,480.2960006987987,320.0
1227,451.65600000000006,0.0,0.0,0.0,642.6460000000001,320.0
1228,451.6559996175382,0.0,0.0,0.0,720.2960000674932,320.0
1229,451.6560003824618,0.0,0.0,0.0,797.9459999325068,320.0
1230,451.6560003824618,0.0,0.0,0.0,870.2959999325068,320.0
1231,451.6560003824618,0.0,0.0,0.0,932.4259999325068,320.0
1232,451.65600000000006,0.0,0.0,0.0,980.106,320.0
1233,447.53020037896806,0.0,0.0,0.0,1005.950199929013,320.0
1234,443.68560145690867,0.0,0.0,0.0,1012.3256014569087,320.0
1235,417.6265064148881,0.0,0.0,0.0,1003.505505964933,320.0
1236,393.53180693617026,0.0,0.0,0.0,975.7658069361702,320.0
1237,357.7872804254597,0.0,0.0,0.0,934.1345804254596,320.0
1238,348.1968878620796,0.0,0.0,0.0,873.5665383120347,320.0
1239,310.3353137285939,0.0,0.0,0.0,809.9988137285939,320.0
1240,277.45016274012823,0.0,0.0,0.0,740.7466627401282,320.0
1241,146.52746429665615,0.0,90.0,0.0,673.4874638467012,222.17391304347825
1242,160.046597064639,0.0,90.0,0.0,600.589597064639,124.34782608695652
1243,169.83432214859465,0.0,84.96,0.0,540.1428225985496,32.0
1244,287.23072308040645,0.0,0.0,0.0,489.50222308040645,32.0
1245,317.04277554947805,0.0,0.0,0.0,454.27127554947805,32.0
1246,328.83907730271727,0.0,0.0,0.0,441.96957730271725,32.0
1247,392.6859892190182,39.677419354838726,0.0,0.0,401.2450694142245,68.90000000000002
1248,393.47775806336784,90.0,0.0,0.0,380.7527580633679,152.60000000000002
1249,427.0536017431835,90.0,0.0,0.0,422.5076017431835,236.3
1250,451.6560007662921,90.0,0.0,0.0,480.2960007662921,320.0
1251,451.6560003824618,0.0,0.0,0.0,642.6459999325068,320.0
1252,451.6560003824618,0.0,0.0,0.0,720.2959999325068,320.0
1253,451.6559996175383,0.0,0.0,0.0,797.9460000674933,320.0
1254,451.65600000000006,0.0,0.0,0.0,870.296,320.0
1255,451.6560003824619,0.0,0.0,0.0,932.4259999325068,320.0
1256,451.6559996175382,0.0,0.0,0.0,980.1060000674931,320.0
1257,447.53020000000004,0.0,0.0,0.0,1005.9502,320.0
1258,443.68560145690867,0.0,0.0,0.0,1012.3256014569087,320.0
1259,440.3841636320925,0.0,0.0,0.0,998.8041631821375,320.0
1260,367.412045069296,0.0,0.0,0.0,981.344045519251,320.0
1261,370.88168136379295,0.0,0.0,0.0,931.280081813748,320.0
1262,363.008548283409,0.0,0.0,0.0,870.315198283409,320.0
1263,320.16996902085106,0.0,0.0,0.0,807.854919470806,320.0
1264,279.18554763387243,0.0,0.0,0.0,740.3760471839174,320.0
1265,184.4568913039672,0.0,90.0,0.0,665.6518917539222,222.17391304347825
1266,156.75502703746048,0.0,90.0,0.0,601.2400270374604,124.34782608695652
1267,190.74408017530197,0.0,84.96,0.0,536.226080175302,32.0
1268,287.4487476964876,0.0,0.0,0.0,489.46374814644264,32.0
1269,284.7291754934742,0.0,0.0,0.0,459.9736754934742,32.0
1270,294.2190020602879,0.0,0.0,0.0,448.0790020602879,32.0
1271,350.05636271693453,39.677419354838726,0.0,0.0,408.76794291214077,68.90000000000002
1272,390.3450826167096,90.0,0.0,0.0,381.3055830666646,152.60000000000002
1273,451.65600184360767,90.0,0.0,0.0,418.16600184360766,236.3
1274,451.65600114875383,90.0,0.0,0.0,480.2960006987988,320.0
1275,451.6560003824618,0.0,0.0,0.0,642.6459999325068,320.0
1276,451.65600000000006,0.0,0.0,0.0,720.296,320.0
1277,451.65600000000006,0.0,0.0,0.0,797.946,320.0
1278,451.65600000000006,0.0,0.0,0.0,870.296,320.0
1279,451.65600000000006,0.0,0.0,0.0,932.426,320.0
1280,451.65600000000006,0.0,0.0,0.0,980.106,320.0
1281,447.5302003789682,0.0,0.0,0.0,1005.950199929013,320.0
1282,443.6856010811962,0.0,0.0,0.0,1012.3256015311512,320.0
1283,412.0545718961108,0.0,0.0,0.0,1004.6565723460657,320.0
1284,414.4120421696391,0.0,0.0,0.0,971.306542169639,320.0
1285,369.42083689458195,0.0,0.0,0.0,931.5985368945819,320.0
1286,347.02346822689424,0.0,0.0,0.0,873.8241182268941,320.0
1287,330.93566461396273,0.0,0.0,0.0,805.5080641640077,320.0
1288,287.1838904032142,0.0,0.0,0.0,738.6678899532592,320.0
1289,163.67962070290844,0.0,90.0,0.0,669.9441211528634,222.17391304347825
1290,154.16235239176507,0.0,90.0,0.0,601.75235194181,124.34782608695652
1291,156.33792066525245,0.0,84.96,0.0,542.6709211152074,32.0
1292,276.1458731544877,0.0,0.0,0.0,491.45837315448773,32.0
1293,294.41407551025947,0.0,0.0,0.0,458.2645755102595,32.0
1294,369.70155297132123,0.0,0.0,0.0,434.75855252136614,32.0
1295,351.9726877844575,39.677419354838726,0.0,0.0,408.4297679796638,68.90000000000002
1296,411.1148338072585,90.0,0.0,0.0,377.6403333573035,152.60000000000002
1297,415.10812631196177,90.0,0.0,0.0,424.6156267619167,236.3
1298,451.65600114875383,90.0,0.0,0.0,480.2960006987988,320.0
1299,451.65600000000006,0.0,0.0,0.0,642.6460000000001,320.0
1300,451.6559996175382,0.0,0.0,0.0,720.2960000674932,320.0
1301,451.6559996175383,0.0,0.0,0.0,797.9460000674933,320.0
1302,451.6560003824618,0.0,0.0,0.0,870.2959999325068,320.0
1303,451.65600000000006,0.0,0.0,0.0,932.426,320.0
1304,451.65600000000006,0.0,0.0,0.0,980.106,320.0
1305,447.530199621032,0.0,0.0,0.0,1005.950200070987,320.0
1306,443.68560145690867,0.0,0.0,0.0,1012.3256014569087,320.0
1307,421.45301515052427,0.0,0.0,0.0,1002.7150147005692,320.0
1308,385.02286078269117,0.0,0.0,0.0,977.5830107826911,320.0
1309,368.3013727262056,0.0,0.0,0.0,931.8425731761606,320.0
1310,362.66648528219974,0.0,0.0,0.0,870.3902852821997,320.0
1311,329.1777732091159,0.0,0.0,0.0,805.8912736590709,320.0
1312,270.4307552006709,0.0,0.0,0.0,742.2457547507158,320.0
1313,247.7608401668536,0.0,0.0,0.0,671.1668401668536,320.0
1314,242.65183662786785,0.0,0.0,0.0,602.0508370778228,320.0
1315,187.03740209310354,0.0,84.95999999999998,0.0,536.9204020931035,227.6521739130435
1316,192.8243231098549,0.0,90.0,0.0,490.27982310985493,129.82608695652175
1317,245.35687596368058,0.0,90.0,0.0,451.03937551372564,32.0
1318,341.47305239118754,0.0,0.0,0.0,439.7400523911875,32.0
1319,338.8797123231177,39.677419354838726,0.0,0.0,410.74029251832394,68.90000000000002
1320,393.1908834399508,90.0,0.0,0.0,380.80338298999584,152.60000000000002
1321,430.51905175732907,90.0,0.0,0.0,421.896051757329,236.3
1322,451.6560007662921,90.0,0.0,0.0,480.2960007662921,320.0
1323,451.6560003824619,0.0,0.0,0.0,642.6459999325068,320.0
1324,451.65600000000006,0.0,0.0,0.0,720.296,320.0
1325,451.65600000000006,0.0,0.0,0.0,797.946,320.0
1326,451.65600000000006,0.0,0.0,0.0,870.296,320.0
1327,451.65600000000006,0.0,0.0,0.0,932.426,320.0
1328,451.65600000000006,0.0,0.0,0.0,980.106,320.0
1329,447.530199621032,0.0,0.0,0.0,1005.950200070987,320.0
1330,443.68560183262116,0.0,0.0,0.0,1012.325601382666,320.0
1331,440.384162886259,0.0,0.0,0.0,998.804163336214,320.0
1332,362.9178445693583,0.0,0.0,0.0,982.3038445693583,320.0
1333,374.4096556393404,0.0,0.0,0.0,930.5110051893853,320.0
1334,345.9164685919435,0.0,0.0,0.0,874.0671181419884,320.0
1335,322.8422739184158,0.0,0.0,0.0,807.2723734684607,320.0
1336,279.87302614566073,0.0,0.0,0.0,740.2292265956157,320.0
1337,246.7538638358887,0.0,0.0,0.0,671.3748642858437,320.0
1338,263.61868717670393,0.0,0.0,0.0,597.9076871767039,320.0
1339,169.17485219392006,0.0,84.95999999999998,0.0,540.26635219392,227.6521739130435
1340,200.50109844101195,0.0,90.0,0.0,488.925097991057,129.82608695652175
1341,231.79342594017334,0.0,90.0,0.0,453.4329254902183,32.0
1342,364.3427271688721,0.0,0.0,0.0,435.70422761882713,32.0
1343,397.59728862714763,39.677419354838726,0.0,0.0,400.3783697222639,68.90000000000002
1344,417.9883585656529,90.0,0.0,0.0,376.4273585656529,152.60000000000002
1345,428.72895175002213,90.0,0.0,0.0,422.2119517500221,236.3
1346,451.65600114875383,90.0,0.0,0.0,480.2960006987988,320.0
1347,451.6559996175383,0.0,0.0,0.0,642.6460000674933,320.0
1348,451.6559996175382,0.0,0.0,0.0,720.2960000674932,320.0
1349,451.65600000000006,0.0,0.0,0.0,797.946,320.0
1350,451.65600000000006,0.0,0.0,0.0,870.296,320.0
1351,451.65600000000006,0.0,0.0,0.0,932.426,320.0
1352,451.65600000000006,0.0,0.0,0.0,980.106,320.0
1353,447.5302003789682,0.0,0.0,0.0,1005.950199929013,320.0
1354,443.68560145690867,0.0,0.0,0.0,1012.3256014569087,320.0
1355,424.4179996166238,0.0,0.0,0.0,1002.1024996166237,320.0
1356,400.2853449277734,0.0,0.0,0.0,974.3234949277733,320.0
1357,392.2534648732328,0.0,0.0,0.0,926.6211648732328,320.0
1358,351.97175824438875,0.0,0.0,0.0,872.7379082443887,320.0
1359,311.66536971800184,0.0,0.0,0.0,809.7088697180018,320.0
1360,297.15122677977246,0.0,0.0,0.0,736.5392267797724,320.0
1361,252.76215371890902,0.0,0.0,0.0,670.133654168864,320.0
1362,270.3145518562794,0.0,0.0,0.0,596.5845523062344,320.0
1363,181.60245692963457,0.0,84.95999999999998,0.0,537.9384569296345,227.6521739130435
1364,190.96537312227844,0.0,90.0,0.0,490.6078731222785,129.82608695652175
1365,203.89770089182622,0.0,90.0,0.0,458.35570044187125,32.0
1366,334.06020272174027,0.0,0.0,0.0,441.04820227178527,32.0
1367,382.6453634827682,39.677419354838726,0.0,0.0,403.0169441279295,68.90000000000002
1368,388.6697329648391,90.0,0.0,0.0,381.60123296483914,152.60000000000002
1369,438.0122267879153,90.0,0.0,0.0,420.57372678791535,236.3
1370,451.6560007662921,90.0,0.0,0.0,480.2960007662921,320.0
1371,451.65600000000006,0.0,0.0,0.0,642.6460000000001,320.0
1372,451.65600000000006,0.0,0.0,0.0,720.296,320.0
1373,451.6559996175383,0.0,0.0,0.0,797.9460000674933,320.0
1374,451.65600000000006,0.0,0.0,0.0,870.296,320.0
1375,451.6559996175383,0.0,0.0,0.0,932.4260000674933,320.0
1376,451.65600000000006,0.0,0.0,0.0,980.106,320.0
1377,447.53020037896806,0.0,0.0,0.0,1005.950199929013,320.0
1378,443.68560183262116,0.0,0.0,0.0,1012.325601382666,320.0
1379,430.6053079743557,0.0,0.0,0.0,1000.8243075244006,320.0
1380,389.61606719289955,0.0,0.0,0.0,976.6020676428544,320.0
1381,360.2877857031216,0.0,0.0,0.0,933.5894857031216,320.0
1382,352.70127161593086,0.0,0.0,0.0,872.577771165976,320.0
1383,306.0602917332157,0.0,0.0,0.0,810.9307421831707,320.0
1384,269.6743047952678,0.0,0.0,0.0,742.4073052452228,320.0
1385,174.52139555747624,0.0,90.0,0.0,667.7043955574762,222.17391304347825
1386,179.76219935171855,0.0,90.0,0.0,596.6936998016736,124.34782608695652
1387,177.53193276714802,0.0,84.96,0.0,538.7009332171029,32.0
1388,283.1915227249391,0.0,0.0,0.0,490.2150231748941,32.0
1389,332.29305019344713,0.0,0.0,0.0,451.5800506434021,32.0
1390,333.7733273372697,0.0,0.0,0.0,441.09882733726965,32.0
1391,356.4479375596842,39.677419354838726,0.0,0.0,407.6400182048455,68.90000000000002
1392,413.51310847394353,90.0,0.0,0.0,377.2171084739436,152.60000000000002
1393,435.1779021588078,90.0,0.0,0.0,421.0739017088527,236.3
1394,451.65600038383025,90.0,0.0,0.0,480.29600083378523,320.0
1395,451.65600000000006,0.0,0.0,0.0,642.6460000000001,320.0
1396,451.65600000000006,0.0,0.0,0.0,720.296,320.0
1397,451.65600000000006,0.0,0.0,0.0,797.946,320.0
1398,451.65600000000006,0.0,0.0,0.0,870.296,320.0
1399,451.65600000000006,0.0,0.0,0.0,932.426,320.0
1400,451.6559996175382,0.0,0.0,0.0,980.1060000674931,320.0
1401,447.53020037896806,0.0,0.0,0.0,1005.950199929013,320.0
1402,443.68560145690867,0.0,0.0,0.0,1012.3256014569087,320.0
1403,381.6550862025849,0.0,0.0,0.0,1010.9365862025849,320.0
1404,383.6022928342022,0.0,0.0,0.0,977.8863928342021,320.0
1405,355.97840426715106,0.0,0.0,0.0,934.528904267151,320.0
1406,355.39238788751913,0.0,0.0,0.0,871.9870383374741,320.0
1407,337.1802767453866,0.0,0.0,0.0,804.1467771953415,320.0
1408,271.02701515317705,0.0,0.0,0.0,742.118415153177,320.0
1409,172.2612939627461,0.0,90.0,0.0,668.1712939627461,222.17391304347825
1410,157.12701954053193,0.0,90.0,0.0,601.1665195405319,124.34782608695652
1411,183.39894545887057,0.0,84.96,0.0,537.6019450089155,32.0
1412,276.18029777179584,0.0,0.0,0.0,491.4522982217509,32.0
1413,305.69400091227084,0.0,0.0,0.0,456.2740004623158,32.0
1414,326.45227728600355,0.0,0.0,0.0,442.3907772860035,32.0
1415,357.9282126118427,39.677419354838726,0.0,0.0,407.37879325700396,68.90000000000002
1416,388.9680829709531,90.0,0.0,0.0,381.5485829709531,152.60000000000002
1417,431.0583767595305,90.0,0.0,0.0,421.8008767595305,236.3
1418,451.65600038383025,90.0,0.0,0.0,480.29600083378523,320.0
1419,451.65600000000006,0.0,0.0,0.0,642.6460000000001,320.0
1420,451.6560003824618,0.0,0.0,0.0,720.2959999325068,320.0
1421,451.65600000000006,0.0,0.0,0.0,797.946,320.0
1422,451.6559996175382,0.0,0.0,0.0,870.2960000674932,320.0
1423,451.6559996175383,0.0,0.0,0.0,932.4260000674933,320.0
1424,451.6560003824618,0.0,0.0,0.0,980.1059999325067,320.0
1425,447.53020000000004,0.0,0.0,0.0,1005.9502,320.0
1426,443.6856010811962,0.0,0.0,0.0,1012.3256015311512,320.0
1427,417.2572815148486,0.0,0.0,0.0,1003.5817815148486,320.0
1428,397.60328594280304,0.0,0.0,0.0,974.8962859428029,320.0
1429,377.3036358166345,0.0,0.0,0.0,929.8801353666794,320.0
1430,352.01714524454917,0.0,0.0,0.0,872.7279452445491,320.0
1431,313.44653636381713,0.0,0.0,0.0,809.3205863638171,320.0
1432,273.8459022062598,0.0,0.0,0.0,741.5164026562147,320.0
1433,181.76043383366635,0.0,90.0,0.0,666.2089338336664,222.17391304347825
1434,161.87274245542983,0.0,90.0,0.0,600.2287420054748,124.34782608695652
1435,173.58648094345818,0.0,84.96,0.0,539.4399813934132,32.0
1436,307.4840975625892,0.0,0.0,0.0,485.92809801254424,32.0
1437,333.88807557867324,0.0,0.0,0.0,451.29857557867325,32.0
1438,307.56442677127836,0.0,0.0,0.0,445.72392722123334,32.0
1439,345.08768715939806,39.677419354838726,0.0,0.0,409.64476780455936,68.90000000000002
1440,420.5931840014942,90.0,0.0,0.0,375.9676835515392,152.60000000000002
1441,423.96682673058365,90.0,0.0,0.0,423.0523267305837,236.3
1442,451.6560007662921,90.0,0.0,0.0,480.2960007662921,320.0
1443,451.65600000000006,0.0,0.0,0.0,642.6460000000001,320.0
1444,451.65600000000006,0.0,0.0,0.0,720.296,320.0
1445,451.65600000000006,0.0,0.0,0.0,797.946,320.0
1446,451.6560003824618,0.0,0.0,0.0,870.2959999325068,320.0
1447,451.65600000000006,0.0,0.0,0.0,932.426,320.0
1448,451.6560003824618,0.0,0.0,0.0,980.1059999325067,320.0
1449,447.53020000000004,0.0,0.0,0.0,1005.9502,320.0
1450,443.68560145690867,0.0,0.0,0.0,1012.3256014569087,320.0
1451,409.34692573679376,0.0,0.0,0.0,1005.2159257367937,320.0
1452,414.9793794082682,0.0,0.0,0.0,971.1853794082681,320.0
1453,363.48435398955576,0.0,0.0,0.0,932.8926535396008,320.0
1454,341.4242618381352,0.0,0.0,0.0,875.0532122880902,320.0
1455,325.41039035796416,0.0,0.0,0.0,806.7125399080091,320.0
1456,281.7886236767882,0.0,0.0,0.0,739.8201241267432,320.0
1457,200.04264215603393,0.0,90.0,0.0,662.4321417060789,222.17391304347825
1458,176.76371470267247,0.0,90.0,0.0,597.2862147026725,124.34782608695652
1459,175.49667125435673,0.0,84.96,0.0,539.0821712543567,32.0
1460,266.10524783912854,0.0,0.0,0.0,493.23024828908353,32.0
1461,287.28810049790917,0.0,0.0,0.0,459.52210049790915,32.0
1462,342.60907778160436,0.0,0.0,0.0,439.5395773316493,32.0
1463,327.04898614133043,39.677419354838726,0.0,0.0,412.82806723644677,68.90000000000002
1464,447.66270955621815,90.0,0.0,0.0,371.19070910626317,152.60000000000002
1465,434.85660215749624,90.0,0.0,0.0,421.1306017075412,236.3
1466,451.65600114875383,90.0,0.0,0.0,480.2960006987988,320.0
1467,451.6559996175383,0.0,0.0,0.0,642.6460000674933,320.0
1468,451.65600000000006,0.0,0.0,0.0,720.296,320.0
1469,451.6559996175383,0.0,0.0,0.0,797.9460000674933,320.0
1470,451.65600000000006,0.0,0.0,0.0,870.296,320.0
1471,451.65600000000006,0.0,0.0,0.0,932.426,320.0
1472,451.65600000000006,0.0,0.0,0.0,980.106,320.0
1473,447.53020000000004,0.0,0.0,0.0,1005.9502,320.0
1474,443.6856010811962,0.0,0.0,0.0,1012.3256015311512,320.0
1475,424.60820581828546,0.0,0.0,0.0,1002.0632062682404,320.0
1476,404.04423224018103,0.0,0.0,0.0,973.5207322401809,320.0
1477,359.95748809400743,0.0,0.0,0.0,933.6614885439624,320.0
1478,355.7909082578914,0.0,0.0,0.0,871.8995582578913,320.0
1479,317.6705728796014,0.0,0.0,0.0,808.3997724296464,320.0
1480,269.3183292244064,0.0,0.0,0.0,742.4833287744514,320.0
1481,270.1828381660576,0.0,0.0,0.0,666.5348381660576,320.0
1482,260.64274715213156,0.0,0.0,0.0,598.4957471521316,320.0
1483,184.02430487904638,0.0,84.95999999999998,0.0,537.4848048790464,227.6521739130435
1484,203.6796734197692,0.0,90.0,0.0,488.3641729698142,129.82608695652175
1485,232.19505017594594,0.0,90.0,0.0,453.3620506259009,32.0
1486,318.21322722830905,0.0,0.0,0.0,443.844727228309,32.0
1487,357.0446371982475,39.677419354838726,0.0,0.0,407.5347182933638,68.90000000000002
1488,407.90183335895415,90.0,0.0,0.0,378.2073333589542,152.60000000000002
1489,451.6560022260694,90.0,0.0,0.0,418.1660017761144,236.3
1490,451.65600038383025,90.0,0.0,0.0,480.29600083378523,320.0
1491,451.65600000000006,0.0,0.0,0.0,642.6460000000001,320.0
1492,451.65600000000006,0.0,0.0,0.0,720.296,320.0
1493,451.6559996175383,0.0,0.0,0.0,797.9460000674933,320.0
1494,451.65600000000006,0.0,0.0,0.0,870.296,320.0
1495,451.6559996175383,0.0,0.0,0.0,932.4260000674933,320.0
1496,451.6560003824618,0.0,0.0,0.0,980.1059999325067,320.0
1497,447.53020000000004,0.0,0.0,0.0,1005.9502,320.0
1498,443.68560183262105,0.0,0.0,0.0,1012.325601382666,320.0
1499,408.36232699779964,0.0,0.0,0.0,1005.4193269977997,320.0
1500,389.97204387026204,0.0,0.0,0.0,976.5260438702619,320.0
1501,369.3410339040797,0.0,0.0,0.0,931.6159334541246,320.0
1502,329.692275796657,0.0,0.0,0.0,877.628526246612,320.0
1503,317.43116243208493,0.0,0.0,0.0,808.4519624320849,320.0
1504,284.06909729890197,0.0,0.0,0.0,739.333097298902,320.0
1505,276.3813346189314,0.0,0.0,0.0,665.2543346189315,320.0
1506,236.24905732642486,0.0,0.0,0.0,603.3160568764698,320.0
1507,199.36267522532165,0.0,84.95999999999998,0.0,534.6116752253216,227.6521739130435
1508,204.23047303362637,0.0,90.0,0.0,488.2669730336264,129.82608695652175
1509,227.995200168667,0.0,90.0,0.0,454.103200618622,32.0
1510,334.77165234426053,0.0,0.0,0.0,440.9226523442605,32.0
1511,359.75273805859285,39.677419354838726,0.0,0.0,407.0568182537991,68.90000000000002
1512,418.1145835682396,90.0,0.0,0.0,376.4050835682396,152.60000000000002
1513,415.70482669685913,90.0,0.0,0.0,424.5103266968591,236.3
1514,451.65600038383025,90.0,0.0,0.0,480.29600083378523,320.0
1515,451.6560003824618,0.0,0.0,0.0,642.6459999325068,320.0
1516,451.6560003824618,0.0,0.0,0.0,720.2959999325068,320.0
1517,451.65600000000006,0.0,0.0,0.0,797.946,320.0
1518,451.6559996175382,0.0,0.0,0.0,870.2960000674932,320.0
1519,451.6559996175383,0.0,0.0,0.0,932.4260000674933,320.0
1520,451.65600000000006,0.0,0.0,0.0,980.106,320.0
1521,447.530199621032,0.0,0.0,0.0,1005.950200070987,320.0
1522,443.68560145690867,0.0,0.0,0.0,1012.3256014569087,320.0
1523,432.22765779637245,0.0,0.0,0.0,1000.4891577963724,320.0
1524,385.1218670637335,0.0,0.0,0.0,977.5618666137783,320.0
1525,377.32026114719577,0.0,0.0,0.0,929.8765111471957,320.0
1526,360.63735427502576,0.0,0.0,0.0,870.8357042750257,320.0
1527,310.96709069298583,0.0,0.0,0.0,809.8610902430307,320.0
1528,297.0177352918492,0.0,0.0,0.0,736.5677357418042,320.0
1529,243.0168649151883,0.0,0.0,0.0,672.1468644652333,320.0
1530,265.65901006926333,0.0,0.0,0.0,597.5045096193084,320.0
1531,177.24767869195966,0.0,84.95999999999998,0.0,538.7541786919596,227.6521739130435
1532,228.19027249103868,0.0,90.0,0.0,484.03877294099374,129.82608695652175
1533,203.39280050848942,0.0,90.0,0.0,458.44480050848944,32.0
1534,355.77090249130913,0.0,0.0,0.0,437.21690249130916,32.0
1535,357.515112214825,39.677419354838726,0.0,0.0,407.45169330994133,68.90000000000002
1536,357.93968271756336,90.0,0.0,0.0,387.02418226760835,152.60000000000002
1537,435.82050177896895,90.0,0.0,0.0,420.96050177896893,236.3
1538,451.65600114875383,90.0,0.0,0.0,480.2960006987988,320.0
1539,451.6560003824618,0.0,0.0,0.0,642.6459999325068,320.0
1540,451.6560003824618,0.0,0.0,0.0,720.2959999325068,320.0
1541,451.6559996175383,0.0,0.0,0.0,797.9460000674933,320.0
1542,451.6559996175382,0.0,0.0,0.0,870.2960000674932,320.0
1543,451.6559996175383,0.0,0.0,0.0,932.4260000674933,320.0
1544,451.65600000000006,0.0,0.0,0.0,980.106,320.0
1545,447.53020037896806,0.0,0.0,0.0,1005.950199929013,320.0
1546,443.6856010811962,0.0,0.0,0.0,1012.3256015311512,320.0
1547,405.8336980451936,0.0,0.0,0.0,1005.9416984951486,320.0
1548,404.644942257553,0.0,0.0,0.0,973.392442257553,320.0
1549,383.12041405119555,0.0,0.0,0.0,928.6121136012406,320.0
1550,346.96590422669067,0.0,0.0,0.0,873.8367542266906,320.0
1551,322.13401836521,0.0,0.0,0.0,807.4267688151649,320.0
1552,284.73655325543234,0.0,0.0,0.0,739.1905528054773,320.0
1553,168.2557677469827,0.0,90.0,0.0,668.9987672970277,222.17391304347825
1554,156.87902416277177,0.0,90.0,0.0,601.2155246127268,124.34782608695652
1555,206.2984839067359,0.0,84.96,0.0,533.3124839067359,32.0
1556,315.78052250714336,0.0,0.0,0.0,484.46402295709834,32.0
1557,317.74275016822946,0.0,0.0,0.0,454.14775061818443,32.0
1558,311.6610025648884,0.0,0.0,0.0,445.0010021149334,32.0
1559,370.5048130549877,39.677419354838726,0.0,0.0,405.159393700149,68.90000000000002
1560,398.3202077801403,90.0,0.0,0.0,379.89820823009535,152.60000000000002
1561,432.8484767668375,90.0,0.0,0.0,421.4849767668375,236.3
1562,451.6560007662921,90.0,0.0,0.0,480.2960007662921,320.0
1563,451.65600000000006,0.0,0.0,0.0,642.6460000000001,320.0
1564,451.6560003824618,0.0,0.0,0.0,720.2959999325067,320.0
1565,451.6559996175383,0.0,0.0,0.0,797.9460000674933,320.0
1566,451.65600000000006,0.0,0.0,0.0,870.296,320.0
1567,451.6560003824618,0.0,0.0,0.0,932.4259999325068,320.0
1568,451.6559996175382,0.0,0.0,0.0,980.1060000674931,320.0
1569,447.53020037896806,0.0,0.0,0.0,1005.950199929013,320.0
1570,443.68560145690867,0.0,0.0,0.0,1012.3256014569087,320.0
1571,440.3841636320925,0.0,0.0,0.0,998.8041631821375,320.0
1572,379.6932280174516,0.0,0.0,0.0,978.7212280174515,320.0
1573,371.1077916224277,0.0,0.0,0.0,931.2307911724727,320.0
1574,338.2770608270084,0.0,0.0,0.0,875.7440612769633,320.0
1575,328.23565058604174,0.0,0.0,0.0,806.0966505860416,320.0
1576,284.13584285747794,0.0,0.0,0.0,739.3188428574779,320.0
1577,162.35936408152332,0.0,90.0,0.0,670.2168636315683,222.17391304347825
1578,162.47018496036299,0.0,90.0,0.0,600.110684510408,124.34782608695652
1579,168.0037238427961,0.0,84.96,0.0,540.485723842796,32.0
1580,329.9521481773564,0.0,0.0,0.0,481.9631477274014,32.0
1581,321.12787517409635,0.0,0.0,0.0,453.55037562405136,32.0
1582,344.00902779140756,0.0,0.0,0.0,439.29252734145257,32.0
1583,398.6874144304825,39.677419354838726,0.0,0.0,400.18599462568875,68.90000000000002
1584,415.0392835052188,90.0,0.0,0.0,376.9477835052188,152.60000000000002
1585,451.65600184360767,90.0,0.0,0.0,418.16600184360766,236.3
1586,451.65600038383025,90.0,0.0,0.0,480.29600083378523,320.0
1587,451.6560003824618,0.0,0.0,0.0,642.6459999325068,320.0
1588,451.65600000000006,0.0,0.0,0.0,720.296,320.0
1589,451.6560003824618,0.0,0.0,0.0,797.9459999325068,320.0
1590,451.6559996175382,0.0,0.0,0.0,870.2960000674932,320.0
1591,451.6560003824618,0.0,0.0,0.0,932.4259999325068,320.0
1592,451.6560003824618,0.0,0.0,0.0,980.1059999325066,320.0
1593,447.53020000000004,0.0,0.0,0.0,1005.9502,320.0
1594,443.68560145690867,0.0,0.0,0.0,1012.3256014569087,320.0
1595,415.7468179131722,0.0,0.0,0.0,1003.8938174632171,320.0
1596,380.9836417580717,0.0,0.0,0.0,978.4456422080267,320.0
1597,365.21896831851086,0.0,0.0,0.0,932.5145183185108,320.0
1598,347.0566778580485,0.0,0.0,0.0,873.8168283080034,320.0
1599,297.93143287795124,0.0,0.0,0.0,812.7027833279062,320.0
1600,270.8201039215919,0.0,0.0,0.0,742.1626039215919,320.0
1601,206.44253305468368,0.0,90.0,0.0,661.1100335046387,222.17391304347825
1602,182.14069687135793,0.0,90.0,0.0,596.2236973213129,124.34782608695652
1603,179.77185824486781,0.0,84.96,0.0,538.2813582448678,32.0
1604,298.5565480047148,0.0,0.0,0.0,487.5035480047148,32.0
1605,269.3985750844424,0.0,0.0,0.0,462.67907553439744,32.0
1606,367.87702795854483,0.0,0.0,0.0,435.0805275085898,32.0
1607,374.37188780878495,39.677419354838726,0.0,0.0,404.47696890390125,68.90000000000002
1608,396.6448581282698,90.0,0.0,0.0,380.1938581282699,152.60000000000002
1609,426.81262712466156,90.0,0.0,0.0,422.5501266747066,236.3
1610,451.6560007662921,90.0,0.0,0.0,480.2960007662921,320.0
1611,451.65600000000006,0.0,0.0,0.0,642.6460000000001,320.0
1612,451.6560003824618,0.0,0.0,0.0,720.2959999325067,320.0
1613,451.6560003824618,0.0,0.0,0.0,797.9459999325068,320.0
1614,451.6559996175382,0.0,0.0,0.0,870.2960000674932,320.0
1615,451.6560003824619,0.0,0.0,0.0,932.4259999325068,320.0
1616,451.65600000000006,0.0,0.0,0.0,980.106,320.0
1617,447.53020000000004,0.0,0.0,0.0,1005.9502,320.0
1618,443.68560145690867,0.0,0.0,0.0,1012.3256014569087,320.0
1619,434.8122294862319,0.0,0.0,0.0,999.9552294862318,320.0
1620,417.4155922564993,0.0,0.0,0.0,970.6650922564992,320.0
1621,361.09911986236295,0.0,0.0,0.0,933.4126198623629,320.0
1622,345.2400912205891,0.0,0.0,0.0,874.2155912205891,320.0
1623,326.9975897664782,0.0,0.0,0.0,806.3665402164331,320.0
1624,272.4943053866415,0.0,0.0,0.0,741.8050549366865,320.0
1625,172.03752152762428,0.0,90.0,0.0,668.2175215276243,222.17391304347825
1626,180.19055435525547,0.0,90.0,0.0,596.6090548052105,124.34782608695652
1627,177.9981100719644,0.0,84.96,0.0,538.6136105219193,32.0
1628,275.7327735397102,0.0,0.0,0.0,491.53127308975525,32.0
1629,290.30602588560134,0.0,0.0,0.0,458.9895254356464,32.0
1630,331.065227318306,0.0,0.0,0.0,441.576727318306,32.0
1631,337.4223872717678,39.677419354838726,0.0,0.0,410.9974674669741,68.90000000000002
1632,404.2757336671079,90.0,0.0,0.0,378.84723321715285,152.60000000000002
1633,403.96590203140397,90.0,0.0,0.0,426.58190158144896,236.3
1634,451.65600114875383,90.0,0.0,0.0,480.2960006987988,320.0
1635,451.65600000000006,0.0,0.0,0.0,642.6460000000001,320.0
1636,451.6559996175382,0.0,0.0,0.0,720.2960000674932,320.0
1637,451.65600000000006,0.0,0.0,0.0,797.946,320.0
1638,451.6560003824618,0.0,0.0,0.0,870.2959999325068,320.0
1639,451.65600000000006,0.0,0.0,0.0,932.426,320.0
1640,451.65600000000006,0.0,0.0,0.0,980.106,320.0
1641,447.5302003789682,0.0,0.0,0.0,1005.950199929013,320.0
1642,443.6856010811962,0.0,0.0,0.0,1012.3256015311512,320.0
1643,420.92714954200835,0.0,0.0,0.0,1002.8236495420083,320.0
1644,415.4465983106687,0.0,0.0,0.0,971.0855983106686,320.0
1645,360.0250992739441,0.0,0.0,0.0,933.6467497238991,320.0
1646,352.37027824579775,0.0,0.0,0.0,872.6504282457977,320.0
1647,319.83967252232753,0.0,0.0,0.0,807.9269220723725,320.0
1648,287.85134598897287,0.0,0.0,0.0,738.5253455390178,320.0
1649,247.0559566233032,0.0,0.0,0.0,671.3124570732582,320.0
1650,266.5608093252847,0.0,0.0,0.0,597.3263097752397,320.0
1651,160.79503050642353,0.0,84.95999999999998,0.0,541.8360309563785,227.6521739130435
1652,200.61584844024503,0.0,90.0,0.0,488.9048479902901,129.82608695652175
1653,260.42355098979317,0.0,90.0,0.0,448.3805505398382,32.0
1654,348.95475206111684,0.0,0.0,0.0,438.4197525110718,32.0
1655,321.3114863216276,39.677419354838726,0.0,0.0,413.84056696678886,68.90000000000002
1656,427.4322833767214,90.0,0.0,0.0,374.7607838266764,152.60000000000002
1657,451.65600146114593,90.0,0.0,0.0,418.1660019111009,236.3
1658,451.65600038383025,90.0,0.0,0.0,480.29600083378523,320.0
1659,451.65600000000006,0.0,0.0,0.0,642.6460000000001,320.0
1660,451.6559996175382,0.0,0.0,0.0,720.2960000674932,320.0
1661,451.65600000000006,0.0,0.0,0.0,797.946,320.0
1662,451.6559996175382,0.0,0.0,0.0,870.2960000674932,320.0
1663,451.6560003824618,0.0,0.0,0.0,932.4259999325068,320.0
1664,451.6559996175382,0.0,0.0,0.0,980.1060000674931,320.0
1665,447.530199621032,0.0,0.0,0.0,1005.950200070987,320.0
1666,443.68560183262105,0.0,0.0,0.0,1012.325601382666,320.0
1667,435.931092062551,0.0,0.0,0.0,999.724091612596,320.0
1668,364.8868381444173,0.0,0.0,0.0,981.8833385943723,320.0
1669,369.30113185469395,0.0,0.0,0.0,931.6246318546939,320.0
1670,358.7897708995306,0.0,0.0,0.0,871.2412713494855,320.0
1671,330.1941580304448,0.0,0.0,0.0,805.6697080304448,320.0
1672,278.97863603151563,0.0,0.0,0.0,740.4202360315156,320.0
1673,273.22614328371407,0.0,0.0,0.0,665.9061432837141,320.0
1674,261.5332746594847,0.0,0.0,0.0,598.3197746594847,320.0
1675,173.4727791617956,0.0,84.95999999999998,0.0,539.4612796117506,227.6521739130435
1676,198.25199845604294,0.0,90.0,0.0,489.32199800608794,129.82608695652175
1677,222.60195015931976,0.0,90.0,0.0,455.0549506092748,32.0
1678,327.24405267400977,0.0,0.0,0.0,442.2510522240547,32.0
1679,381.9568638409702,39.677419354838726,0.0,0.0,403.1384440361765,68.90000000000002
1680,406.14615832297585,90.0,0.0,0.0,378.5171583229759,152.60000000000002
1681,430.4272517569543,90.0,0.0,0.0,421.91225175695433,236.3
1682,441.69570074939315,90.0,0.0,0.0,482.0537007493931,320.0
1683,451.65600000000006,0.0,0.0,0.0,642.6460000000001,320.0
1684,451.6559996175382,0.0,0.0,0.0,720.2960000674932,320.0
1685,451.65600000000006,0.0,0.0,0.0,797.946,320.0
1686,451.6560003824618,0.0,0.0,0.0,870.2959999325068,320.0
1687,451.65600000000006,0.0,0.0,0.0,932.426,320.0
1688,451.6559996175382,0.0,0.0,0.0,980.1060000674931,320.0
1689,447.53020037896806,0.0,0.0,0.0,1005.950199929013,320.0
1690,443.68560183262105,0.0,0.0,0.0,1012.325601382666,320.0
1691,433.4136513590622,0.0,0.0,0.0,1000.2441518090171,320.0
1692,384.3320446334851,0.0,0.0,0.0,977.7305441835299,320.0
1693,357.9180696347604,0.0,0.0,0.0,934.1060691848054,320.0
1694,346.2707078552696,0.0,0.0,0.0,873.9893583052246,320.0
1695,315.59235965730556,0.0,0.0,0.0,808.8528101072606,320.0
1696,278.3378790399589,0.0,0.0,0.0,740.5570785900039,320.0
1697,237.13500571217833,0.0,0.0,0.0,673.3619561621333,320.0
1698,253.51852709330672,0.0,0.0,0.0,599.9035270933067,320.0
1699,160.14693072991514,0.0,84.95999999999998,0.0,541.9574307299151,227.6521739130435
1700,188.8539727539274,0.0,90.0,0.0,490.9804732038824,129.82608695652175
1701,229.9000505544301,0.0,90.0,0.0,453.7670505544301,32.0
1702,358.68555251171915,0.0,0.0,0.0,436.70255251171915,32.0
1703,373.9473135587483,39.677419354838726,0.0,0.0,404.5518937539546,68.90000000000002
1704,376.896382723573,90.0,0.0,0.0,383.678882723573,152.60000000000002
1705,447.16927682529337,90.0,0.0,0.0,418.95777682529337,236.3
1706,451.6560007662921,90.0,0.0,0.0,480.2960007662921,320.0
1707,451.6559996175383,0.0,0.0,0.0,642.6460000674933,320.0
1708,451.6559996175382,0.0,0.0,0.0,720.2960000674932,320.0
1709,451.65600000000006,0.0,0.0,0.0,797.946,320.0
1710,451.6559996175382,0.0,0.0,0.0,870.2960000674932,320.0
1711,451.6559996175383,0.0,0.0,0.0,932.4260000674933,320.0
1712,451.6559996175382,0.0,0.0,0.0,980.1060000674931,320.0
1713,447.530199621032,0.0,0.0,0.0,1005.950200070987,320.0
1714,443.6856010811962,0.0,0.0,0.0,1012.3256015311512,320.0
1715,404.98336277060776,0.0,0.0,0.0,1006.1173632205627,320.0
1716,386.01180745943884,0.0,0.0,0.0,977.3718074594387,320.0
1717,364.3799250287185,0.0,0.0,0.0,932.6974245787634,320.0
1718,346.89726985748496,0.0,0.0,0.0,873.8518203074399,320.0
1719,317.96761871723584,0.0,0.0,0.0,808.3350182672808,320.0
1720,298.608504808679,0.0,0.0,0.0,736.228004808679,320.0
1721,156.41820518320606,0.0,90.0,0.0,671.4442056331611,222.17391304347825
1722,165.91956998884461,0.0,90.0,0.0,599.4290695388896,124.34782608695652
1723,168.8110061136319,0.0,84.96,0.0,540.3345065635868,32.0
1724,268.61827282233367,0.0,0.0,0.0,492.7867732722887,32.0
1725,290.4552001209364,0.0,0.0,0.0,458.96320057089144,32.0
1726,318.54600261310105,0.0,0.0,0.0,443.78600216314607,32.0
1727,387.71731327902,39.677419354838726,0.0,0.0,402.12189437413633,68.90000000000002
1728,411.91808382371914,90.0,0.0,0.0,377.4985833737642,152.60000000000002
1729,439.9744517959249,90.0,0.0,0.0,420.22745179592494,236.3
1730,451.65600114875383,90.0,0.0,0.0,480.2960006987987,320.0
1731,451.6559996175383,0.0,0.0,0.0,642.6460000674933,320.0
1732,451.65600000000006,0.0,0.0,0.0,720.296,320.0
1733,451.65600000000006,0.0,0.0,0.0,797.946,320.0
1734,451.6559996175382,0.0,0.0,0.0,870.2960000674932,320.0
1735,451.6559996175383,0.0,0.0,0.0,932.4260000674933,320.0
1736,451.6559996175382,0.0,0.0,0.0,980.1060000674931,320.0
1737,447.53020000000004,0.0,0.0,0.0,1005.9502,320.0
1738,443.6856010811962,0.0,0.0,0.0,1012.3256015311512,320.0
1739,433.46959484214904,0.0,0.0,0.0,1000.232594842149,320.0
1740,396.4574875767354,0.0,0.0,0.0,975.1409871267803,320.0
1741,377.21829018729113,0.0,0.0,0.0,929.8987401872912,320.0
1742,358.21966589751503,0.0,0.0,0.0,871.3664163474699,320.0
1743,304.51853590433984,0.0,0.0,0.0,811.2668354543848,320.0
1744,281.05331084802054,0.0,0.0,0.0,739.9771603980655,320.0
1745,171.34382697874668,0.0,90.0,0.0,668.3608269787467,222.17391304347825
1746,167.98243675445298,0.0,90.0,0.0,599.0214372044079,124.34782608695652
1747,151.03941801874663,0.0,84.96,0.0,543.6634180187466,32.0
1748,283.94887271987767,0.0,0.0,0.0,490.08137316983266,32.0
1749,284.51115011063456,0.0,0.0,0.0,460.0121505605896,32.0
1750,349.33342706376857,0.0,0.0,0.0,438.3529275137235,32.0
1751,369.20813839176026,39.677419354838726,0.0,0.0,405.3882185869665,68.90000000000002
1752,416.4392339163691,90.0,0.0,0.0,376.70073346641414,152.60000000000002
1753,421.7177263389414,90.0,0.0,0.0,423.44922678889634,236.3
1754,451.6560007662921,90.0,0.0,0.0,480.2960007662921,320.0
1755,451.6560003824618,0.0,0.0,0.0,642.6459999325068,320.0
1756,451.6560003824618,0.0,0.0,0.0,720.2959999325068,320.0
1757,451.6560003824618,0.0,0.0,0.0,797.9459999325068,320.0
1758,451.6559996175382,0.0,0.0,0.0,870.2960000674932,320.0
1759,451.6560003824619,0.0,0.0,0.0,932.4259999325068,320.0
1760,451.65600000000006,0.0,0.0,0.0,980.106,320.0
1761,447.530199621032,0.0,0.0,0.0,1005.950200070987,320.0
1762,429.7189739110471,0.0,0.0,0.0,1015.0854739110471,320.0
1763,405.15119247403493,0.0,0.0,0.0,1006.0826924740348,320.0
1764,395.5341736607437,0.0,0.0,0.0,975.3381736607437,320.0
1765,371.31505794338784,0.0,0.0,0.0,931.1856083933428,320.0
1766,337.86747156348645,0.0,0.0,0.0,875.8339711135314,320.0
1767,327.7280125500843,0.0,0.0,0.0,806.2073125500843,320.0
1768,282.4160322981729,0.0,0.0,0.0,739.6861322981729,320.0
1769,161.5750416964214,0.0,90.0,0.0,670.3788912464664,222.17391304347825
1770,155.8870445302935,0.0,90.0,0.0,601.4115445302934,124.34782608695652
1771,206.68506996438862,0.0,84.96,0.0,533.2400699643886,32.0
1772,287.04712346409525,0.0,0.0,0.0,489.53462301414027,32.0
1773,308.20702553416453,0.0,0.0,0.0,455.8305255341645,32.0
1774,331.8570023238505,0.0,0.0,0.0,441.4370023238505,32.0
1775,399.84638947131975,39.677419354838726,0.0,0.0,399.98146966652604,68.90000000000002
1776,397.482533145436,90.0,0.0,0.0,380.046033145436,152.60000000000002
1777,433.6632021526249,90.0,0.0,0.0,421.3412017026699,236.3
1778,451.6560007662921,90.0,0.0,0.0,480.2960007662921,320.0
1779,451.65600000000006,0.0,0.0,0.0,642.6460000000001,320.0
1780,451.6560003824618,0.0,0.0,0.0,720.2959999325067,320.0
1781,451.6559996175383,0.0,0.0,0.0,797.9460000674933,320.0
1782,451.65600000000006,0.0,0.0,0.0,870.296,320.0
1783,451.6559996175383,0.0,0.0,0.0,932.4260000674933,320.0
1784,451.6560003824618,0.0,0.0,0.0,980.1059999325067,320.0
1785,447.53020037896806,0.0,0.0,0.0,1005.950199929013,320.0
1786,443.68560145690867,0.0,0.0,0.0,1012.3256014569087,320.0
1787,404.2561030842297,0.0,0.0,0.0,1006.2676026342747,320.0
1788,382.94929879679955,0.0,0.0,0.0,978.0258487967994,320.0
1789,366.36392522686333,0.0,0.0,0.0,932.2649247769083,320.0
1790,333.81917218021056,0.0,0.0,0.0,876.7226221802106,320.0
1791,312.46451169163765,0.0,0.0,0.0,809.5346616916377,320.0
1792,270.2305181541717,0.0,0.0,0.0,742.2885181541717,320.0
1793,176.28919816785515,0.0,90.0,0.0,667.3391977179001,222.17391304347825
1794,170.48493252654094,0.0,90.0,0.0,598.5269320765859,124.34782608695652
1795,177.1908274221604,0.0,84.96,0.0,538.7648278721153,32.0
1796,285.0275230951307,0.0,0.0,0.0,489.89102309513066,32.0
1797,294.64357589311896,0.0,0.0,0.0,458.22407544316394,32.0
1798,369.05895220189785,0.0,0.0,0.0,434.8719526518528,32.0
1799,360.15436269028265,39.677419354838726,0.0,0.0,406.9859433354439,68.90000000000002
1800,397.37925776085785,90.0,0.0,0.0,380.0642582108129,152.60000000000002
1801,426.8241021247084,90.0,0.0,0.0,422.5481016747534,236.3
1802,451.65600114875383,90.0,0.0,0.0,480.2960006987988,320.0
1803,451.6559996175383,0.0,0.0,0.0,642.6460000674933,320.0
1804,451.65600000000006,0.0,0.0,0.0,720.296,320.0
1805,451.6560003824619,0.0,0.0,0.0,797.9459999325068,320.0
1806,451.6560003824618,0.0,0.0,0.0,870.2959999325068,320.0
1807,451.65600000000006,0.0,0.0,0.0,932.426,320.0
1808,451.6560003824618,0.0,0.0,0.0,980.1059999325067,320.0
1809,447.530199621032,0.0,0.0,0.0,1005.950200070987,320.0
1810,443.68560145690867,0.0,0.0,0.0,1012.3256014569087,320.0
1811,437.57581875571896,0.0,0.0,0.0,999.3843192056739,320.0
1812,401.87500162189303,0.0,0.0,0.0,973.984001621893,320.0
1813,358.3392540343666,0.0,0.0,0.0,934.0142535844116,320.0
1814,361.92590191061834,0.0,0.0,0.0,870.5528523605733,320.0
1815,316.6541880582725,0.0,0.0,0.0,808.6213380582725,320.0
1816,265.38034089765847,0.0,0.0,0.0,743.3243408976584,320.0
1817,265.48361702849996,0.0,0.0,0.0,667.5056170285,320.0
1818,282.78193733493526,0.0,0.0,0.0,594.1209373349352,320.0
1819,154.96212910713575,0.0,84.95999999999998,0.0,542.9286295570907,227.6521739130435
1820,200.9141976733277,0.0,90.0,0.0,488.8521981232827,129.82608695652175
1821,182.152575854139,0.0,90.0,0.0,462.193075404184,32.0
1822,343.8254270251984,0.0,0.0,0.0,439.3249274751534,32.0
1823,345.07621177653203,39.677419354838726,0.0,0.0,409.6467928716483,68.90000000000002
1824,391.8368330297412,90.0,0.0,0.0,381.04233302974114,152.60000000000002
1825,425.711027120165,90.0,0.0,0.0,422.74452667021,236.3
1826,451.6560007662921,90.0,0.0,0.0,480.2960007662921,320.0
1827,451.6560003824618,0.0,0.0,0.0,642.6459999325068,320.0
1828,451.6560003824618,0.0,0.0,0.0,720.2959999325068,320.0
1829,451.6560003824618,0.0,0.0,0.0,797.9459999325068,320.0
1830,451.6560003824618,0.0,0.0,0.0,870.2959999325068,320.0
1831,451.65600000000006,0.0,0.0,0.0,932.426,320.0
1832,451.6559996175382,0.0,0.0,0.0,980.1060000674931,320.0
1833,447.530199621032,0.0,0.0,0.0,1005.950200070987,320.0
1834,443.68560183262105,0.0,0.0,0.0,1012.325601382666,320.0
1835,436.1660527523487,0.0,0.0,0.0,999.6755527523487,320.0
1836,398.21067051592365,0.0,0.0,0.0,974.7665705159236,320.0
1837,378.9529048856692,0.0,0.0,0.0,929.5206048856692,320.0
1838,350.77398424015405,0.0,0.0,0.0,873.0008342401541,320.0
1839,314.1193226490363,0.0,0.0,0.0,809.1739230989913,320.0
1840,286.66105019436986,0.0,0.0,0.0,738.7795497444148,320.0
1841,263.93958685324276,0.0,0.0,0.0,667.8245873031977,320.0
1842,273.7301193844817,0.0,0.0,0.0,595.9096198344367,320.0
1843,193.68895594139343,0.0,84.95999999999998,0.0,535.6744563913484,227.6521739130435
1844,188.37202313961006,0.0,90.0,0.0,491.0655231396101,129.82608695652175
1845,224.4723759274849,0.0,90.0,0.0,454.72487547752996,32.0
1846,350.836652074295,0.0,0.0,0.0,438.08765252424996,32.0
1847,348.75968728878354,39.677419354838726,0.0,0.0,408.9967679339448,68.90000000000002
1848,403.54133326959635,90.0,0.0,0.0,378.97683326959634,152.60000000000002
1849,406.21500165812273,90.0,0.0,0.0,426.1850016581227,236.3
1850,450.40522614663166,90.0,0.0,0.0,480.51672569667664,320.0
1851,451.6559996175383,0.0,0.0,0.0,642.6460000674933,320.0
1852,451.65600000000006,0.0,0.0,0.0,720.296,320.0
1853,451.65600000000006,0.0,0.0,0.0,797.946,320.0
1854,451.65600000000006,0.0,0.0,0.0,870.296,320.0
1855,451.6560003824618,0.0,0.0,0.0,932.4259999325068,320.0
1856,451.65600000000006,0.0,0.0,0.0,980.106,320.0
1857,447.53020000000004,0.0,0.0,0.0,1005.9502,320.0
1858,443.68560183262105,0.0,0.0,0.0,1012.325601382666,320.0
1859,419.71877836233386,0.0,0.0,0.0,1003.0732783623338,320.0
1860,374.96541732477044,0.0,0.0,0.0,979.7309177747253,320.0
1861,365.36638285837296,0.0,0.0,0.0,932.482382858373,320.0
1862,347.03453785797024,0.0,0.0,0.0,873.8216883079251,320.0
1863,325.1366205001444,0.0,0.0,0.0,806.7722200501893,320.0
1864,290.5545411112955,0.0,0.0,0.0,737.9480406613405,320.0
1865,255.16770776938512,0.0,0.0,0.0,669.6367077693851,320.0
1866,243.15909950776876,0.0,0.0,0.0,601.9505995077687,320.0
1867,150.07295325358314,0.0,84.95999999999998,0.0,543.8444528036281,227.6521739130435
1868,181.14277357038566,0.0,90.0,0.0,492.3412731204307,129.82608695652175
1869,212.36625052404167,0.0,90.0,0.0,456.8612505240417,32.0
1870,326.48670266870636,0.0,0.0,0.0,442.38470221875133,32.0
1871,376.7586882753472,39.677419354838726,0.0,0.0,404.0557689205085,68.90000000000002
1872,381.4519574344666,90.0,0.0,0.0,382.87495788442163,152.60000000000002
1873,414.304876308683,90.0,0.0,0.0,424.757376758638,236.3
1874,451.65600114875383,90.0,0.0,0.0,480.2960006987988,320.0
1875,451.6559996175383,0.0,0.0,0.0,642.6460000674933,320.0
1876,451.6560003824618,0.0,0.0,0.0,720.2959999325068,320.0
1877,451.6560003824618,0.0,0.0,0.0,797.9459999325068,320.0
1878,451.65600000000006,0.0,0.0,0.0,870.296,320.0
1879,451.65600000000006,0.0,0.0,0.0,932.426,320.0
1880,451.6560003824618,0.0,0.0,0.0,980.1059999325067,320.0
1881,447.53020037896806,0.0,0.0,0.0,1005.950199929013,320.0
1882,443.68560183262116,0.0,0.0,0.0,1012.325601382666,320.0
1883,440.3841636320925,0.0,0.0,0.0,998.8041631821375,320.0
1884,381.94032845280617,0.0,0.0,0.0,978.2413284528061,320.0
1885,369.25679665473535,0.0,0.0,0.0,931.6342966547354,320.0
1886,348.1061138617588,0.0,0.0,0.0,873.5864643117137,320.0
1887,299.2515141862847,0.0,0.0,0.0,812.4150137363296,320.0
1888,282.0889794319227,0.0,0.0,0.0,739.7559789819677,320.0
1889,256.5439086183009,0.0,0.0,0.0,669.352408168346,320.0
1890,185.71527185925788,0.0,84.95999999999998,0.0,596.5132723092129,227.6521739130435
1891,169.25143274770193,0.0,90.0,0.0,539.3079322977469,129.82608695652175
1892,211.79249836555022,0.0,90.0,0.0,486.9324979155953,32.0
1893,296.2615505134614,0.0,0.0,0.0,457.9385505134614,32.0
1894,343.5041274054102,0.0,0.0,0.0,439.3816274054102,32.0
1895,365.9377628940647,39.677419354838726,0.0,0.0,405.9653435392259,68.90000000000002
1896,403.07085787749327,90.0,0.0,0.0,379.05985832744835,152.60000000000002
1897,420.0768013322433,90.0,0.0,0.0,423.73880178219827,236.3
1898,451.6560007662921,90.0,0.0,0.0,480.2960007662921,320.0
1899,451.6559996175383,0.0,0.0,0.0,642.6460000674933,320.0
1900,451.65600000000006,0.0,0.0,0.0,720.296,320.0
1901,451.6560003824618,0.0,0.0,0.0,797.9459999325068,320.0
1902,451.65600000000006,0.0,0.0,0.0,870.296,320.0
1903,451.6560003824618,0.0,0.0,0.0,932.4259999325068,320.0
1904,451.6559996175382,0.0,0.0,0.0,980.1060000674931,320.0
1905,447.53020000000004,0.0,0.0,0.0,1005.9502,320.0
1906,443.68560145690867,0.0,0.0,0.0,1012.3256014569087,320.0
1907,391.9262408569019,0.0,0.0,0.0,1008.814741306857,320.0
1908,377.9189086142877,0.0,0.0,0.0,979.1001586142877,320.0
1909,351.2234544410202,0.0,0.0,0.0,935.565453991065,320.0
1910,350.6488936086748,0.0,0.0,0.0,873.0282931587199,320.0
1911,312.30490460348574,0.0,0.0,0.0,809.5694550534407,320.0
1912,284.0435115014479,0.0,0.0,0.0,739.3385615014479,320.0
1913,180.194026414897,0.0,90.0,0.0,666.532526864852,222.17391304347825
1914,179.22111972296335,0.0,90.0,0.0,596.8006197229633,124.34782608695652
1915,172.98386150064675,0.0,84.96,0.0,539.5528619506017,32.0
1916,280.87357312289197,0.0,0.0,0.0,490.624073122892,32.0
1917,328.5292501869239,0.0,0.0,0.0,452.2442506368789,32.0
1918,362.31165215464944,0.0,0.0,0.0,436.0626526046044,32.0
1919,343.9401875014269,39.677419354838726,0.0,0.0,409.8472676966332,68.90000000000002
1920,380.78640780328953,90.0,0.0,0.0,382.9924078032896,152.60000000000002
1921,434.0304021541238,90.0,0.0,0.0,421.27640170416873,236.3
1922,451.65600114875383,90.0,0.0,0.0,480.2960006987988,320.0
1923,451.6559996175383,0.0,0.0,0.0,642.6460000674933,320.0
1924,451.65600000000006,0.0,0.0,0.0,720.296,320.0
1925,451.6560003824618,0.0,0.0,0.0,797.9459999325068,320.0
1926,451.65600000000006,0.0,0.0,0.0,870.296,320.0
1927,451.65600000000006,0.0,0.0,0.0,932.426,320.0
1928,451.6560003824618,0.0,0.0,0.0,980.1059999325066,320.0
1929,447.530199621032,0.0,0.0,0.0,1005.950200070987,320.0
1930,443.68560145690867,0.0,0.0,0.0,1012.3256014569087,320.0
1931,412.69232372496685,0.0,0.0,0.0,1004.5248237249668,320.0
1932,407.70411327154636,0.0,0.0,0.0,972.7391137215013,320.0
1933,378.0174317971208,0.0,0.0,0.0,929.7245322470759,320.0
1934,351.07398087225147,0.0,0.0,0.0,872.9349813222066,320.0
1935,311.28852015157986,0.0,0.0,0.0,809.7910206015348,320.0
1936,281.08779531174156,0.0,0.0,0.0,739.9697957616966,320.0
1937,171.27669562112686,0.0,90.0,0.0,668.3746951711719,222.17391304347825
1938,174.77975468629086,0.0,90.0,0.0,597.6782546862909,124.34782608695652
1939,162.204932599039,0.0,84.96,0.0,541.571933048994,32.0
1940,292.44037342805154,0.0,0.0,0.0,488.5828729780966,32.0
1941,314.8625255456994,0.0,0.0,0.0,454.6560255456994,32.0
1942,348.8400024427751,0.0,0.0,0.0,438.44000244277504,32.0
1943,364.97386286010095,39.677419354838726,0.0,0.0,406.13544350526223,68.90000000000002
1944,388.7385833487118,90.0,0.0,0.0,381.5890828987568,152.60000000000002
1945,403.3462516464129,90.0,0.0,0.0,426.69125164641287,236.3
1946,451.6560007662921,90.0,0.0,0.0,480.2960007662921,320.0
1947,451.6560003824618,0.0,0.0,0.0,642.6459999325068,320.0
1948,451.6560003824618,0.0,0.0,0.0,720.2959999325068,320.0
1949,451.6559996175383,0.0,0.0,0.0,797.9460000674933,320.0
1950,451.6560003824618,0.0,0.0,0.0,870.2959999325067,320.0
1951,451.6559996175383,0.0,0.0,0.0,932.4260000674933,320.0
1952,451.6560003824618,0.0,0.0,0.0,980.1059999325067,320.0
1953,447.53020000000004,0.0,0.0,0.0,1005.9502,320.0
1954,443.68560183262105,0.0,0.0,0.0,1012.325601382666,320.0
1955,398.2478123061254,0.0,0.0,0.0,1007.5088127560804,320.0
1956,391.30695539074907,0.0,0.0,0.0,976.240954940794,320.0
1957,374.28440833003447,0.0,0.0,0.0,930.5383083300344,320.0
1958,342.8722178432545,0.0,0.0,0.0,874.7353682932094,320.0
1959,309.19922460706437,0.0,0.0,0.0,810.2464741571093,320.0
1960,276.3711099139232,0.0,0.0,0.0,740.9771094639682,320.0
1961,141.31356618540156,0.0,90.0,0.0,674.5645661854015,222.17391304347825
1962,173.23542217353935,0.0,90.0,0.0,597.9834221735393,124.34782608695652
1963,192.84756351502682,0.0,84.96,0.0,535.8320630650718,32.0
1964,296.36482263690056,0.0,0.0,0.0,487.8903230868556,32.0
1965,318.98205055283904,0.0,0.0,0.0,453.9290505528391,32.0
1966,327.11782690820235,0.0,0.0,0.0,442.2733273581573,32.0
1967,342.90743708257554,39.677419354838726,0.0,0.0,410.0295177277368,68.90000000000002
1968,410.7017330338695,90.0,0.0,0.0,377.7132334838245,152.60000000000002
1969,429.21090136952756,90.0,0.0,0.0,422.12690181948255,236.3
1970,451.65600038383025,90.0,0.0,0.0,480.29600083378523,320.0
1971,451.6559996175383,0.0,0.0,0.0,642.6460000674933,320.0
1972,451.65600000000006,0.0,0.0,0.0,720.296,320.0
1973,451.6559996175383,0.0,0.0,0.0,797.9460000674933,320.0
1974,451.6559996175382,0.0,0.0,0.0,870.2960000674932,320.0
1975,451.65600000000006,0.0,0.0,0.0,932.426,320.0
1976,451.65600000000006,0.0,0.0,0.0,980.106,320.0
1977,447.5302003789682,0.0,0.0,0.0,1005.950199929013,320.0
1978,443.6856010811962,0.0,0.0,0.0,1012.3256015311512,320.0
1979,405.0728724927136,0.0,0.0,0.0,1006.0988720427584,320.0
1980,393.9211563922755,0.0,0.0,0.0,975.6826559423205,320.0
1981,377.1262942779541,0.0,0.0,0.0,929.9187947279091,320.0
1982,342.0065438401938,0.0,0.0,0.0,874.9253942901488,320.0
1983,330.541081337105,0.0,0.0,0.0,805.59408088715,320.0
1984,275.67918021514356,0.0,0.0,0.0,741.1248806650985,320.0
1985,262.40674604557523,0.0,0.0,0.0,668.1412460455753,320.0
1986,241.89657949734408,0.0,0.0,0.0,602.2000794973441,320.0
1987,183.78553075858713,0.0,84.95999999999998,0.0,537.529531208542,227.6521739130435
1988,191.86042349875845,0.0,90.0,0.0,490.4499230488035,129.82608695652175
1989,216.02677591284754,0.0,90.0,0.0,456.2152754628926,32.0
1990,355.65615210804384,0.0,0.0,0.0,437.2371525579988,32.0
1991,362.3690377683181,39.677419354838726,0.0,0.0,406.59511841347944,68.90000000000002
1992,365.7312078772317,90.0,0.0,0.0,385.6492074272767,152.60000000000002
1993,434.53530215618474,90.0,0.0,0.0,421.1873017062297,236.3
1994,451.6560007662921,90.0,0.0,0.0,480.2960007662921,320.0
1995,451.65600000000006,0.0,0.0,0.0,642.6460000000001,320.0
1996,451.6559996175382,0.0,0.0,0.0,720.2960000674932,320.0
1997,451.65600000000006,0.0,0.0,0.0,797.946,320.0
1998,451.6559996175382,0.0,0.0,0.0,870.2960000674932,320.0
1999,451.65600000000006,0.0,0.0,0.0,932.426,320.0
2000,451.6560003824618,0.0,0.0,0.0,980.1059999325067,320.0
2001,447.53020000000004,0.0,0.0,0.0,1005.9502,320.0
2002,443.68560183262105,0.0,0.0,0.0,1012.325601382666,320.0
2003,439.7128459371344,0.0,0.0,0.0,998.9428459371343,320.0
2004,388.7706242062894,0.0,0.0,0.0,976.7826237563344,320.0
2005,359.51413609442204,0.0,0.0,0.0,933.758136544377,320.0
2006,349.0293526029491,0.0,0.0,0.0,873.383802152994,320.0
2007,315.8439626541479,0.0,0.0,0.0,808.7979622041929,320.0
2008,299.17917933450263,0.0,0.0,0.0,736.1061293345026,320.0
2009,237.24353608904596,0.0,0.0,0.0,673.339535639091,320.0
2010,218.0777871763844,0.0,0.0,0.0,606.9067867264293,320.0
2011,157.77056311420029,0.0,84.95999999999998,0.0,542.4025635641552,227.6521739130435
2012,190.00147351118204,0.0,90.0,0.0,490.77797306122704,129.82608695652175
2013,228.3624009342269,0.0,90.0,0.0,454.0384004842719,32.0
2014,340.26817738275025,0.0,0.0,0.0,439.95267738275027,32.0
2015,376.4603386472964,39.677419354838726,0.0,0.0,404.1084188425027,68.90000000000002
2016,379.4897327767174,90.0,0.0,0.0,383.2212327767174,152.60000000000002
2017,442.28092642287794,90.0,0.0,0.0,419.8204268728329,236.3
2018,438.8269507445259,90.0,0.0,0.0,482.55995074452585,320.0
2019,451.65600000000006,0.0,0.0,0.0,642.6460000000001,320.0
2020,451.65600000000006,0.0,0.0,0.0,720.296,320.0
2021,451.65600000000006,0.0,0.0,0.0,797.946,320.0
2022,451.65600000000006,0.0,0.0,0.0,870.296,320.0
2023,451.6559996175383,0.0,0.0,0.0,932.4260000674933,320.0
2024,451.6560003824618,0.0,0.0,0.0,980.1059999325066,320.0
2025,447.53020000000004,0.0,0.0,0.0,1005.9502,320.0
2026,443.68560183262105,0.0,0.0,0.0,1012.325601382666,320.0
2027,440.3841636320925,0.0,0.0,0.0,998.8041631821375,320.0
2028,390.48375981098616,0.0,0.0,0.0,976.4167598109862,320.0
2029,373.6903166505899,0.0,0.0,0.0,930.6678166505899,320.0
2030,344.0699922164522,0.0,0.0,0.0,874.4724422164522,320.0
2031,318.0008701169711,0.0,0.0,0.0,808.327769667016,320.0
2032,311.0343029635534,0.0,0.0,0.0,733.5743029635534,320.0
2033,271.2010031187786,0.0,0.0,0.0,666.3245026688236,320.0
2034,286.603314490776,0.0,0.0,0.0,593.365814940731,320.0
2035,208.2996352639966,0.0,84.95999999999998,0.0,532.9376352639965,227.6521739130435
2036,202.56659842720796,0.0,90.0,0.0,488.560597977253,129.82608695652175
2037,218.02342515138452,0.0,90.0,0.0,455.86292560133955,32.0
2038,325.4998526617959,0.0,0.0,0.0,442.5588522118409,32.0
2039,384.1715381540822,39.677419354838726,0.0,0.0,402.7476192491985,68.90000000000002
2040,394.9580330937025,90.0,0.0,0.0,380.4915330937025,152.60000000000002
2041,451.38060184248354,90.0,0.0,0.0,418.2146018424835,236.3
2042,451.65600114875383,90.0,0.0,0.0,480.2960006987987,320.0
2043,451.6559996175383,0.0,0.0,0.0,642.6460000674933,320.0
2044,451.65600000000006,0.0,0.0,0.0,720.296,320.0
2045,451.6560003824619,0.0,0.0,0.0,797.9459999325068,320.0
2046,451.6560003824618,0.0,0.0,0.0,870.2959999325068,320.0
2047,451.6560003824618,0.0,0.0,0.0,932.4259999325068,320.0
2048,451.65600000000006,0.0,0.0,0.0,980.106,320.0
2049,447.530199621032,0.0,0.0,0.0,1005.950200070987,320.0
2050,443.6856010811962,0.0,0.0,0.0,1012.3256015311512,320.0
2051,417.73839263522837,0.0,0.0,0.0,1003.4823921852733,320.0
2052,416.14742666426946,0.0,0.0,0.0,970.9359266642693,320.0
2053,369.0096275455435,0.0,0.0,0.0,931.6881779954984,320.0
2054,346.92051722653025,0.0,0.0,0.0,873.8467172265301,320.0
2055,316.1066483426329,0.0,0.0,0.0,808.7406983426329,320.0
2056,279.88637525737596,0.0,0.0,0.0,740.2263757073309,320.0
2057,234.08834438091185,0.0,0.0,0.0,673.9913443809119,320.0
2058,284.3939048482453,0.0,0.0,0.0,593.8024048482453,320.0
2059,152.0399933184088,0.0,84.95999999999998,0.0,543.4759937683638,227.6521739130435
2060,194.92424771335908,0.0,90.0,0.0,489.90924816331415,129.82608695652175
2061,230.6574005557427,0.0,90.0,0.0,453.6334005557427,32.0
2062,333.23400233349304,0.0,0.0,0.0,441.194002333493,32.0
2063,347.210562234199,39.677419354838726,0.0,0.0,409.2701428793603,68.90000000000002
2064,417.0588835466056,90.0,0.0,0.0,376.5913835466056,152.60000000000002
2065,430.3928263743521,90.0,0.0,0.0,421.9183268243071,236.3
2066,446.0217753742711,90.0,0.0,0.0,481.2902758242261,320.0
2067,451.6559996175383,0.0,0.0,0.0,642.6460000674933,320.0
2068,451.6560003824618,0.0,0.0,0.0,720.2959999325068,320.0
2069,451.6559996175383,0.0,0.0,0.0,797.9460000674933,320.0
2070,451.6560003824618,0.0,0.0,0.0,870.2959999325068,320.0
2071,451.65600000000006,0.0,0.0,0.0,932.426,320.0
2072,451.6559996175382,0.0,0.0,0.0,980.1060000674931,320.0
2073,447.53020000000004,0.0,0.0,0.0,1005.9502,320.0
2074,443.68560183262105,0.0,0.0,0.0,1012.325601382666,320.0
2075,440.3841632591757,0.0,0.0,0.0,998.8041632591757,320.0
2076,412.69890656494226,0.0,0.0,0.0,971.6724061149872,320.0
2077,380.5179374442058,0.0,0.0,0.0,929.1794374442059,320.0
2078,357.20454726288915,0.0,0.0,0.0,871.5892472628891,320.0
2079,313.7934593010545,0.0,0.0,0.0,809.2449593010545,320.0
2080,296.33804302035156,0.0,0.0,0.0,736.7128934703065,320.0
2081,183.95340369785998,0.0,90.0,0.0,665.7559036978599,222.17391304347825
2082,156.66484741242823,0.0,90.0,0.0,601.2578469624732,124.34782608695652
2083,148.02632080468953,0.0,84.96,0.0,544.2278208046895,32.0
2084,274.1492235502933,0.0,0.0,0.0,491.8107231003383,32.0
2085,306.1071001480633,0.0,0.0,0.0,456.2011005980183,32.0
2086,328.56367730078875,0.0,0.0,0.0,442.01817730078875,32.0
2087,351.1579619908266,39.677419354838726,0.0,0.0,408.57354308594284,68.90000000000002
2088,436.48605856225646,90.0,0.0,0.0,373.1630590122115,152.60000000000002
2089,416.875276319175,90.0,0.0,0.0,424.30377676912997,236.3
2090,451.65600038383025,90.0,0.0,0.0,480.29600083378523,320.0
2091,451.6560003824618,0.0,0.0,0.0,642.6459999325068,320.0
2092,451.65600000000006,0.0,0.0,0.0,720.296,320.0
2093,451.65600000000006,0.0,0.0,0.0,797.946,320.0
2094,451.6560003824618,0.0,0.0,0.0,870.2959999325067,320.0
2095,451.6560003824618,0.0,0.0,0.0,932.4259999325068,320.0
2096,451.6559996175382,0.0,0.0,0.0,980.1060000674931,320.0
2097,447.530199621032,0.0,0.0,0.0,1005.950200070987,320.0
2098,443.68560145690867,0.0,0.0,0.0,1012.3256014569087,320.0
2099,408.76511739102455,0.0,0.0,0.0,1005.3361173910245,320.0
2100,385.3087546246935,0.0,0.0,0.0,977.5219541747384,320.0
2101,373.9419192797777,0.0,0.0,0.0,930.6129688298226,320.0
2102,357.1137732625682,0.0,0.0,0.0,871.6091732625682,320.0
2103,312.3049046034858,0.0,0.0,0.0,809.5694550534407,320.0
2104,276.6303044248497,0.0,0.0,0.0,740.9217548748047,320.0
2105,168.22220188171434,0.0,90.0,0.0,669.0057014317593,222.17391304347825
2106,162.1094649573845,0.0,90.0,0.0,600.1819645074295,124.34782608695652
2107,176.03106924920252,0.0,84.96,0.0,538.9820696991575,32.0
2108,299.0155480016472,0.0,0.0,0.0,487.4225480016472,32.0
2109,296.8697255145154,0.0,0.0,0.0,457.83122551451544,32.0
2110,334.78312772680266,0.0,0.0,0.0,440.9206272768476,32.0
2111,354.82996250267377,39.677419354838726,0.0,0.0,407.925543147835,68.90000000000002
2112,376.9767073427572,90.0,0.0,0.0,383.6647077927123,152.60000000000002
2113,417.127727085129,90.0,0.0,0.0,424.25922663517395,236.3
2114,451.6560007662921,90.0,0.0,0.0,480.2960007662921,320.0
2115,451.6559996175383,0.0,0.0,0.0,642.6460000674933,320.0
2116,451.6559996175382,0.0,0.0,0.0,720.2960000674932,320.0
2117,451.6560003824619,0.0,0.0,0.0,797.9459999325068,320.0
2118,451.6559996175382,0.0,0.0,0.0,870.2960000674932,320.0
2119,451.6560003824618,0.0,0.0,0.0,932.4259999325068,320.0
2120,451.6559996175382,0.0,0.0,0.0,980.1060000674931,320.0
2121,447.53020000000004,0.0,0.0,0.0,1005.9502,320.0
2122,443.68560183262105,0.0,0.0,0.0,1012.325601382666,320.0
2123,430.84026903707024,0.0,0.0,0.0,1000.7757685871152,320.0
2124,387.60257695028827,0.0,0.0,0.0,977.0320765003331,320.0
2125,364.59162560852053,0.0,0.0,0.0,932.6512751585655,320.0
2126,347.31903722793913,0.0,0.0,0.0,873.7592372279391,320.0
2127,326.6440172881399,0.0,0.0,0.0,806.4436168381849,320.0
2128,281.35477754604506,0.0,0.0,0.0,739.912777996,320.0
2129,167.90892047254385,0.0,90.0,0.0,669.0704200225889,222.17391304347825
2130,147.10576658207384,0.0,90.0,0.0,603.1467670320288,124.34782608695652
2131,171.83547388482333,0.0,84.96,0.0,539.7679738848233,32.0
2132,299.50897299834963,0.0,0.0,0.0,487.3354729983496,32.0
2133,271.6476754708022,0.0,0.0,0.0,462.2821754708022,32.0
2134,339.9009777626407,0.0,0.0,0.0,440.0174773126857,32.0
2135,350.2858627250211,39.677419354838726,0.0,0.0,408.72744292022736,68.90000000000002
2136,396.43830812403706,90.0,0.0,0.0,380.23030812403715,152.60000000000002
2137,451.65600184360767,90.0,0.0,0.0,418.16600184360766,236.3
2138,451.6560007662921,90.0,0.0,0.0,480.2960007662921,320.0
2139,451.65600000000006,0.0,0.0,0.0,642.6460000000001,320.0
2140,451.6560003824618,0.0,0.0,0.0,720.2959999325067,320.0
2141,451.6560003824618,0.0,0.0,0.0,797.9459999325068,320.0
2142,451.6560003824618,0.0,0.0,0.0,870.2959999325068,320.0
2143,451.6560003824619,0.0,0.0,0.0,932.4259999325068,320.0
2144,451.6560003824618,0.0,0.0,0.0,980.1059999325067,320.0
2145,447.530199621032,0.0,0.0,0.0,1005.950200070987,320.0
2146,443.68560145690867,0.0,0.0,0.0,1012.3256014569087,320.0
2147,440.3841632591757,0.0,0.0,0.0,998.8041632591757,320.0
2148,375.6662460491426,0.0,0.0,0.0,979.5812460491426,320.0
2149,366.0535788271535,0.0,0.0,0.0,932.3325783771985,320.0
2150,330.4948515374207,0.0,0.0,0.0,877.4523510874657,320.0
2151,315.63780397578967,0.0,0.0,0.0,808.8429035258347,320.0
2152,302.4574990573258,0.0,0.0,0.0,735.4059986073707,320.0
2153,285.5895703241934,0.0,0.0,0.0,663.3520703241934,320.0
2154,247.72446242117746,0.0,0.0,0.0,601.0484619712224,320.0
2155,191.84698783639652,0.0,84.95999999999998,0.0,536.0194873864415,227.6521739130435
2156,200.28307344246906,0.0,90.0,0.0,488.96357299251406,129.82608695652175
2157,222.45277515906116,0.0,90.0,0.0,455.0812756090162,32.0
2158,326.00475266533147,0.0,0.0,0.0,442.46975221537645,32.0
2159,353.051337057541,39.677419354838726,0.0,0.0,408.2394181526572,68.90000000000002
2160,390.3909833825736,90.0,0.0,0.0,381.2974829326187,152.60000000000002
2161,451.65600184360767,90.0,0.0,0.0,418.16600184360766,236.3
2162,451.6560007662921,90.0,0.0,0.0,480.2960007662921,320.0
2163,451.65600000000006,0.0,0.0,0.0,642.6460000000001,320.0
2164,451.65600000000006,0.0,0.0,0.0,720.296,320.0
2165,451.6559996175383,0.0,0.0,0.0,797.9460000674933,320.0
2166,451.65600000000006,0.0,0.0,0.0,870.296,320.0
2167,451.6559996175383,0.0,0.0,0.0,932.4260000674933,320.0
2168,451.65600000000006,0.0,0.0,0.0,980.106,320.0
2169,447.5302003789682,0.0,0.0,0.0,1005.950199929013,320.0
2170,443.68560183262105,0.0,0.0,0.0,1012.325601382666,320.0
2171,426.93543957427914,0.0,0.0,0.0,1001.5824395742791,320.0
2172,381.3618673253676,0.0,0.0,0.0,978.3648668754125,320.0
2173,353.5399679000079,0.0,0.0,0.0,935.0604683499629,320.0
2174,339.49808256925144,0.0,0.0,0.0,875.4760321192964,320.0
2175,317.46441383182014,0.0,0.0,0.0,808.4447138318201,320.0
2176,284.15809100623164,0.0,0.0,0.0,739.3140914561866,320.0
2177,246.9776362710105,0.0,0.0,0.0,671.3286367209655,320.0
2178,252.59418246138682,0.0,0.0,0.0,600.0861820114318,320.0
2179,194.66679126369115,0.0,84.95999999999998,0.0,535.4912917136461,227.6521739130435
2180,197.3454730796396,0.0,90.0,0.0,489.4819730796396,129.82608695652175
2181,218.16112553408493,0.0,90.0,0.0,455.83862553408494,32.0
2182,316.3198522150505,0.0,0.0,0.0,444.17885221505054,32.0
2183,358.4216380116906,39.677419354838726,0.0,0.0,407.2917182068969,68.90000000000002
2184,393.82200768796065,90.0,0.0,0.0,380.6920081379157,152.60000000000002
2185,445.4480264358057,90.0,0.0,0.0,419.26152688576065,236.3
2186,445.5168757558763,90.0,0.0,0.0,481.37937575587625,320.0
2187,451.6559996175383,0.0,0.0,0.0,642.6460000674933,320.0
2188,451.65600000000006,0.0,0.0,0.0,720.296,320.0
2189,451.65600000000006,0.0,0.0,0.0,797.946,320.0
2190,451.65600000000006,0.0,0.0,0.0,870.296,320.0
2191,451.65600000000006,0.0,0.0,0.0,932.426,320.0
2192,451.65600000000006,0.0,0.0,0.0,980.106,320.0
2193,447.53020037896806,0.0,0.0,0.0,1005.950199929013,320.0
2194,443.68560183262116,0.0,0.0,0.0,1012.325601382666,320.0
2195,431.10879596588677,0.0,0.0,0.0,1000.7202955159318,320.0
2196,388.24778400598416,0.0,0.0,0.0,976.894283556029,320.0
2197,376.0766587883586,0.0,0.0,0.0,930.1476087883586,320.0
2198,335.87487081851543,0.0,0.0,0.0,876.2713712684704,320.0
2199,324.20003866875686,0.0,0.0,0.0,806.9763891187118,320.0
2200,296.55051712336126,0.0,0.0,0.0,736.6675166734062,320.0
2201,303.815834791947,0.0,0.0,0.0,659.586835241902,320.0
2202,237.72575446290563,0.0,0.0,0.0,603.0242544629056,320.0
2203,176.61094871464957,0.0,84.95999999999998,0.0,538.8734487146495,227.6521739130435
2204,208.32704762378677,0.0,90.0,0.0,487.5440480737418,129.82608695652175
2205,224.61007516280006,0.0,90.0,0.0,454.7005756127551,32.0
2206,383.33385268432056,0.0,0.0,0.0,432.3528526843205,32.0
2207,363.26408818231766,39.677419354838726,0.0,0.0,406.4371683775239,68.90000000000002
2208,423.8979836867562,90.0,0.0,0.0,375.3844836867563,152.60000000000002
2209,431.68950176210683,90.0,0.0,0.0,421.6895017621067,236.3
2210,440.9268757480887,90.0,0.0,0.0,482.18937574808865,320.0
2211,451.6560003824618,0.0,0.0,0.0,642.6459999325068,320.0
2212,451.6560003824618,0.0,0.0,0.0,720.2959999325068,320.0
2213,451.6559996175383,0.0,0.0,0.0,797.9460000674933,320.0
2214,451.6560003824618,0.0,0.0,0.0,870.2959999325067,320.0
2215,451.65600000000006,0.0,0.0,0.0,932.426,320.0
2216,451.65600000000006,0.0,0.0,0.0,980.106,320.0
2217,447.530199621032,0.0,0.0,0.0,1005.950200070987,320.0
2218,443.6856010811962,0.0,0.0,0.0,1012.3256015311512,320.0
2219,426.07391567765933,0.0,0.0,0.0,1001.7604156776592,320.0
2220,397.7034042790317,0.0,0.0,0.0,974.8749042790316,320.0
2221,376.18417127883504,0.0,0.0,0.0,930.12417172879,320.0
2222,344.0124278472856,0.0,0.0,0.0,874.4850782972405,320.0
2223,304.3168103765233,0.0,0.0,0.0,811.3108103765232,320.0
2224,285.807819470575,0.0,0.0,0.0,738.96176902062,320.0
2225,259.9228720157233,0.0,0.0,0.0,668.6543720157233,320.0
2226,251.91783170437742,0.0,0.0,0.0,600.2198321543324,320.0
2227,195.04200752214552,0.0,84.95999999999998,0.0,535.4210075221455,227.6521739130435
2228,158.35342295776582,0.0,90.0,0.0,496.36292340772087,129.82608695652175
2229,227.5247255503133,0.0,90.0,0.0,454.18622555031334,32.0
2230,325.10970189414036,0.0,0.0,0.0,442.62770234409527,32.0
2231,391.8024138054231,39.677419354838726,0.0,0.0,401.4009944505844,68.90000000000002
2232,421.3620082523259,90.0,0.0,0.0,375.83200870228086,152.60000000000002
2233,405.6756766559213,90.0,0.0,0.0,426.2801766559212,236.3
2234,451.65600114875383,90.0,0.0,0.0,480.2960006987988,320.0
2235,451.6560003824619,0.0,0.0,0.0,642.6459999325068,320.0
2236,451.65600000000006,0.0,0.0,0.0,720.296,320.0
2237,451.65600000000006,0.0,0.0,0.0,797.946,320.0
2238,451.65600000000006,0.0,0.0,0.0,870.296,320.0
2239,451.65600000000006,0.0,0.0,0.0,932.426,320.0
2240,451.65600000000006,0.0,0.0,0.0,980.106,320.0
2241,447.53020037896806,0.0,0.0,0.0,1005.950199929013,320.0
2242,443.6856010811962,0.0,0.0,0.0,1012.3256015311512,320.0
2243,418.1635598996045,0.0,0.0,0.0,1003.3945598996045,320.0
2244,395.40068254577227,0.0,0.0,0.0,975.3666825457722,320.0
2245,367.2628210365999,0.0,0.0,0.0,932.0689710365998,320.0
2246,345.0507938509568,0.0,0.0,0.0,874.2571443009117,320.0
2247,301.83403919629524,0.0,0.0,0.0,811.8520391962952,320.0
2248,289.1528840104308,0.0,0.0,0.0,738.2473840104308,320.0
2249,174.8906200754272,0.0,90.0,0.0,667.6281200754272,222.17391304347825
2250,162.96617458874601,0.0,90.0,0.0,600.012674588746,124.34782608695652
2251,191.7787660094629,0.0,84.96,0.0,536.0322664594179,32.0
2252,265.6232978423494,0.0,0.0,0.0,493.3152982923045,32.0
2253,308.97585053549705,0.0,0.0,0.0,455.694850535497,32.0
2254,346.21222742437385,0.0,0.0,0.0,438.90372742437387,32.0
2255,356.12663716590123,39.677419354838726,0.0,0.0,407.6967182610175,68.90000000000002
2256,377.252107348401,90.0,0.0,0.0,383.616107798356,152.60000000000002
2257,451.65600184360767,90.0,0.0,0.0,418.16600184360766,236.3
2258,451.65600114875383,90.0,0.0,0.0,480.2960006987988,320.0
2259,451.65600000000006,0.0,0.0,0.0,642.6460000000001,320.0
2260,451.6560003824618,0.0,0.0,0.0,720.2959999325068,320.0
2261,451.65600000000006,0.0,0.0,0.0,797.946,320.0
2262,451.6559996175382,0.0,0.0,0.0,870.2960000674932,320.0
2263,451.6560003824619,0.0,0.0,0.0,932.4259999325068,320.0
2264,451.6559996175382,0.0,0.0,0.0,980.1060000674931,320.0
2265,447.530199621032,0.0,0.0,0.0,1005.950200070987,320.0
2266,437.30536643595815,0.0,0.0,0.0,1013.5863664359581,320.0
2267,439.6680914489982,0.0,0.0,0.0,998.9520914489982,320.0
2268,366.388613558619,0.0,0.0,0.0,981.562613558619,320.0
2269,389.45148023585284,0.0,0.0,0.0,927.2319802358528,320.0
2270,362.83807065176944,0.0,0.0,0.0,870.3526202018145,320.0
2271,318.76676069087176,0.0,0.0,0.0,808.1608102409167,320.0
2272,287.41749911668654,0.0,0.0,0.0,738.6179995666415,320.0
2273,165.49217742739495,0.0,90.0,0.0,669.5696778773499,222.17391304347825
2274,157.74700704565117,0.0,90.0,0.0,601.0440070456511,124.34782608695652
2275,227.07179941648013,0.0,84.96,0.0,529.4212994164801,32.0
2276,286.0028984710739,0.0,0.0,0.0,489.7188980211189,32.0
2277,302.91705090745796,0.0,0.0,0.0,456.764050457503,32.0
2278,338.4895519878336,0.0,0.0,0.0,440.26655243778856,32.0
2279,371.7211630978466,39.677419354838726,0.0,0.0,404.9447437430079,68.90000000000002
2280,394.9121330927619,90.0,0.0,0.0,380.4996330927619,152.60000000000002
2281,402.29055125964186,90.0,0.0,0.0,426.8775517095968,236.3
2282,451.65600114875383,90.0,0.0,0.0,480.2960006987987,320.0
2283,451.6559996175383,0.0,0.0,0.0,642.6460000674933,320.0
2284,451.6560003824618,0.0,0.0,0.0,720.2959999325068,320.0
2285,451.6559996175383,0.0,0.0,0.0,797.9460000674933,320.0
2286,451.6560003824618,0.0,0.0,0.0,870.2959999325068,320.0
2287,451.6559996175383,0.0,0.0,0.0,932.4260000674933,320.0
2288,451.65600000000006,0.0,0.0,0.0,980.106,320.0
2289,447.53020000000004,0.0,0.0,0.0,1005.9502,320.0
2290,443.68560145690867,0.0,0.0,0.0,1012.3256014569087,320.0
2291,440.3841636320925,0.0,0.0,0.0,998.8041631821375,320.0
2292,387.6915710269359,0.0,0.0,0.0,977.0130705769809,320.0
2293,379.34083825472953,0.0,0.0,0.0,929.4360378047745,320.0
2294,356.896800892838,0.0,0.0,0.0,871.656801342793,320.0
2295,309.6902365737311,0.0,0.0,0.0,810.1394365737311,320.0
2296,264.66838864362074,0.0,0.0,0.0,743.4763881936657,320.0
2297,179.5003326118529,0.0,90.0,0.0,666.6758321618979,222.17391304347825
2298,187.40495479053737,0.0,90.0,0.0,595.1834547905373,124.34782608695652
2299,173.67744274775623,0.0,84.96,0.0,539.4229427477562,32.0
2300,289.7781726809198,0.0,0.0,0.0,489.05267313087484,32.0
2301,311.53477592239375,0.0,0.0,0.0,455.2432754724387,32.0
2302,340.9452023874912,0.0,0.0,0.0,439.83320238749116,32.0
2303,357.1364372014822,39.677419354838726,0.0,0.0,407.5185182965985,68.90000000000002
2304,420.19155822834034,90.0,0.0,0.0,376.0385586782954,152.60000000000002
2305,427.8683263640474,90.0,0.0,0.0,422.3638268140023,236.3
2306,451.65600114875383,90.0,0.0,0.0,480.2960006987988,320.0
2307,451.65600000000006,0.0,0.0,0.0,642.6460000000001,320.0
2308,451.65600000000006,0.0,0.0,0.0,720.296,320.0
2309,451.6559996175383,0.0,0.0,0.0,797.9460000674933,320.0
2310,451.65600000000006,0.0,0.0,0.0,870.296,320.0
2311,451.6560003824618,0.0,0.0,0.0,932.4259999325068,320.0
2312,451.65600000000006,0.0,0.0,0.0,980.106,320.0
2313,447.53020000000004,0.0,0.0,0.0,1005.9502,320.0
2314,433.6981667998259,0.0,0.0,0.0,1014.2991663498708,320.0
2315,415.42234712835193,0.0,0.0,0.0,1003.9608475783068,320.0
2316,372.50695632814893,0.0,0.0,0.0,980.255956328149,320.0
2317,373.37110284146536,0.0,0.0,0.0,930.7374032914203,320.0
2318,346.4865728560329,0.0,0.0,0.0,873.9419733059879,320.0
2319,298.5820519327699,0.0,0.0,0.0,812.5609523827248,320.0
2320,286.00249327487813,0.0,0.0,0.0,738.9201937248331,320.0
2321,275.65407457770243,0.0,0.0,0.0,665.4045741277474,320.0
2322,273.7075743842957,0.0,0.0,0.0,595.9140748342506,320.0
2323,169.34540524538187,0.0,84.95999999999998,0.0,540.2344047954268,227.6521739130435
2324,192.1472981143795,0.0,90.0,0.0,490.3992981143796,129.82608695652175
2325,222.47572554156272,0.0,90.0,0.0,455.0772255415627,32.0
2326,313.19865219319416,0.0,0.0,0.0,444.72965219319417,32.0
2327,358.81178802543786,39.677419354838726,0.0,0.0,407.2228682206441,68.90000000000002
2328,410.4492837936197,90.0,0.0,0.0,377.7577833436647,152.60000000000002
2329,430.6223271402124,90.0,0.0,0.0,421.8778266902574,236.3
2330,451.65600038383025,90.0,0.0,0.0,480.29600083378523,320.0
2331,451.6559996175383,0.0,0.0,0.0,642.6460000674933,320.0
2332,451.6560003824618,0.0,0.0,0.0,720.2959999325068,320.0
2333,451.6559996175383,0.0,0.0,0.0,797.9460000674933,320.0
2334,451.6559996175382,0.0,0.0,0.0,870.2960000674932,320.0
2335,451.6559996175383,0.0,0.0,0.0,932.4260000674933,320.0
2336,451.6559996175382,0.0,0.0,0.0,980.1060000674931,320.0
2337,447.530199621032,0.0,0.0,0.0,1005.950200070987,320.0
2338,443.68560145690867,0.0,0.0,0.0,1012.3256014569087,320.0
2339,440.384162886259,0.0,0.0,0.0,998.804163336214,320.0
2340,382.1472400517837,0.0,0.0,0.0,978.1971396018286,320.0
2341,381.0998365742388,0.0,0.0,0.0,929.0525870241937,320.0
2342,340.7744532048009,0.0,0.0,0.0,875.1958532048009,320.0
2343,296.83524506668084,0.0,0.0,0.0,812.9417455166358,320.0
2344,296.1945408109566,0.0,0.0,0.0,736.7435403610016,320.0
2345,274.0429122989919,0.0,0.0,0.0,665.7374127489469,320.0
2346,268.1051418380362,0.0,0.0,0.0,597.0211422879912,320.0
2347,188.3563423814208,0.0,84.95999999999998,0.0,536.6733428313757,227.6521739130435
2348,167.56784827864658,0.0,90.0,0.0,494.7368482786466,129.82608695652175
2349,217.9201505336673,0.0,90.0,0.0,455.8811505336673,32.0
2350,321.94260225442423,0.0,0.0,0.0,443.1866022544242,32.0
2351,367.20001332100264,39.677419354838726,0.0,0.0,405.7425935162089,68.90000000000002
2352,391.36635763763815,90.0,0.0,0.0,381.1253580875931,152.60000000000002
2353,451.65600184360767,90.0,0.0,0.0,418.16600184360766,236.3
2354,451.65600114875383,90.0,0.0,0.0,480.2960006987988,320.0
2355,451.65600000000006,0.0,0.0,0.0,642.6460000000001,320.0
2356,451.6559996175382,0.0,0.0,0.0,720.2960000674932,320.0
2357,451.6559996175383,0.0,0.0,0.0,797.9460000674933,320.0
2358,451.65600000000006,0.0,0.0,0.0,870.296,320.0
2359,451.6560003824618,0.0,0.0,0.0,932.4259999325068,320.0
2360,451.6560003824618,0.0,0.0,0.0,980.1059999325067,320.0
2361,447.530199621032,0.0,0.0,0.0,1005.950200070987,320.0
2362,443.6856010811962,0.0,0.0,0.0,1012.3256015311512,320.0
2363,432.7759006489564,0.0,0.0,0.0,1000.3759001990013,320.0
2364,387.7471919540692,0.0,0.0,0.0,977.0011919540691,320.0
2365,362.5588563209982,0.0,0.0,0.0,933.0944063209981,320.0
2366,342.3021128412388,0.0,0.0,0.0,874.8605132911938,320.0
2367,322.26148243361797,0.0,0.0,0.0,807.3989824336179,320.0
2368,265.1133582925834,0.0,0.0,0.0,743.3813587425384,320.0
2369,252.70621135596207,0.0,0.0,0.0,670.145210906007,320.0
2370,240.41988236086343,0.0,0.0,0.0,602.4918819109084,320.0
2371,162.73933097285283,0.0,84.95999999999998,0.0,541.4718314228078,227.6521739130435
2372,209.4171729989631,0.0,90.0,0.0,487.3516729989631,129.82608695652175
2373,210.44992590318213,0.0,90.0,0.0,457.19942545322715,32.0
2374,356.82660249870173,0.0,0.0,0.0,437.03060249870174,32.0
2375,358.5363872508104,39.677419354838726,0.0,0.0,407.2714683459267,68.90000000000002
2376,405.58388369391514,90.0,0.0,0.0,378.6163832439602,152.60000000000002
2377,434.122201389575,90.0,0.0,0.0,421.26020183952994,236.3
2378,451.65600114875383,90.0,0.0,0.0,480.2960006987988,320.0
2379,451.65600000000006,0.0,0.0,0.0,642.6460000000001,320.0
2380,451.6560003824618,0.0,0.0,0.0,720.2959999325068,320.0
2381,451.6560003824618,0.0,0.0,0.0,797.9459999325068,320.0
2382,451.65600000000006,0.0,0.0,0.0,870.296,320.0
2383,451.6560003824618,0.0,0.0,0.0,932.4259999325068,320.0
2384,451.65600000000006,0.0,0.0,0.0,980.106,320.0
2385,447.53020000000004,0.0,0.0,0.0,1005.9502,320.0
2386,443.6856010811962,0.0,0.0,0.0,1012.3256015311512,320.0
2387,440.3841636320925,0.0,0.0,0.0,998.8041631821375,320.0
2388,382.2629323514258,0.0,0.0,0.0,978.1724319014706,320.0
2389,378.291202395711,0.0,0.0,0.0,929.664851945756,320.0
2390,337.96710082591244,0.0,0.0,0.0,875.8121012758675,320.0
2391,322.6361152400575,0.0,0.0,0.0,807.3173147901025,320.0
2392,290.81484841897003,0.0,0.0,0.0,737.8924484189699,320.0
2393,224.30948859317255,0.0,0.0,0.0,676.0114890431275,320.0
2394,253.5861620938652,0.0,0.0,0.0,599.8901620938652,320.0
2395,174.88268125441107,0.0,84.95999999999998,0.0,539.197181704366,227.6521739130435
2396,168.3481486558935,0.0,90.0,0.0,494.59914820593855,129.82608695652175
2397,209.31390090121323,0.0,90.0,0.0,457.39990045125825,32.0
2398,336.58470235695654,90.0,0.0,0.0,350.6027023569565,115.7
2399,349.94161194796766,90.0,0.0,0.0,358.46561239792265,199.4
2400,0.0,39.67741935483871,0.0,0.0,47.40757974516135,236.3
2401,0.0,0.0,0.0,0.0,65.43349999999998,236.3
2402,0.0,90.0,0.0,0.0,67.2824,320.0
2403,-0.0,0.0,0.0,0.0,227.8693,320.0
2404,-0.0,0.0,0.0,0.0,307.89619909999993,320.0
2405,-0.0,0.0,0.0,0.0,369.84300045,320.0
2406,-0.0,0.0,0.0,0.0,437.14175,320.0
