Hour,G,Pc,Pd,S,Q,SOC
0,201.78561364905084,0.0,0.0,220.0,73.56311364905088,370.0
1,223.756864078339,94.38936449496401,0.0,220.0,0.0,458.7260026252662
2,226.52999465673378,0.0,0.0,220.0,153.1299946567338,458.7260026252662
3,245.24999809155497,144.33403976035513,0.0,220.0,58.26595833119987,594.4
4,250.50936685314906,240.0,0.0,220.0,33.82186726977403,820.0
5,256.64061495658086,0.0,0.0,220.0,343.97811495658084,820.0
6,266.3493674758606,0.0,0.0,220.0,404.4618670592356,820.0
7,236.0064422020888,0.0,0.0,220.0,443.11144178546374,820.0
8,197.69400014998496,0.0,0.0,220.0,488.35399973335984,820.0
9,182.66399280374162,0.0,0.0,220.0,486.43149280374155,820.0
10,156.78925634841016,0.0,0.0,220.0,503.70175676503516,820.0
11,124.97450160408914,0.0,0.0,220.0,542.1670016040891,820.0
12,119.79495322673392,0.0,0.0,220.0,515.9199536433589,820.0
13,118.92545195479943,0.0,0.0,220.0,480.3742023714244,820.0
14,117.56676189243842,0.0,0.0,220.0,447.8367618924384,820.0
15,119.827027212286,0.0,0.0,220.0,406.17452762891094,820.0
16,121.08150122487052,0.0,0.0,220.0,364.7440016414955,820.0
17,0.0,0.0,138.66298634887733,220.0,297.2879863488773,670.9000146786266
18,0.0,0.0,125.44312225831953,220.0,276.6806226749445,536.0149369815088
19,0.0,0.0,151.19328006173316,220.0,196.23827964510815,373.4415175602903
20,0.0,0.0,131.7431161540324,220.0,159.17061615403247,231.78225287853505
21,0.0,0.0,139.2974951770376,220.0,119.96749517703768,82.0
22,162.82124246717774,80.9962424671777,0.0,220.0,0.0,158.13646791914704
23,182.45248739649935,67.22248697987436,0.0,220.0,0.0,221.32560568022893
24,182.24436474829537,97.44686474829541,0.0,220.0,0.0,312.9256585436266
25,219.20623948412515,99.95123948412515,0.0,220.0,0.0,406.87982365870425
26,241.31811930791957,135.05561930791953,0.0,220.0,0.0,533.8321058081486
27,250.3124980521605,64.43392999133121,0.0,220.0,131.9785680608293,594.4
28,255.37499207351726,240.0,0.0,220.0,27.87499165689229,820.0
29,275.158114419395,0.0,0.0,220.0,321.34561400277005,820.0
30,271.6256169481346,0.0,0.0,220.0,398.01311736475964,820.0
31,238.75469003714613,0.0,0.0,220.0,439.0471904537711,820.0
32,200.20499985001504,0.0,0.0,220.0,483.8900002666401,820.0
33,179.41661500274313,0.0,0.0,220.0,493.24661500274306,820.0
34,137.8335172257474,0.0,0.0,220.0,549.1960176423725,820.0
35,137.2658873686529,0.0,0.0,220.0,509.9458869520279,820.0
36,117.57487816485047,0.0,0.0,220.0,521.9223785814754,820.0
37,111.53439805608173,0.0,0.0,220.0,499.74939805608165,820.0
38,117.72962819073155,0.0,0.0,220.0,447.44587860735646,820.0
39,110.86466839876539,0.0,0.0,220.0,424.9834179821403,820.0
40,110.10150140016498,0.0,0.0,220.0,384.26400098354,820.0
41,0.0,0.0,105.06376158110493,220.0,346.9762619977299,707.0282133536506
42,0.0,0.0,132.71624729770963,220.0,267.7912472977096,564.3225710980489
43,0.0,0.0,151.79625597837742,220.0,241.40375556175246,401.1007904761377
44,0.0,0.0,140.89499053952454,220.0,147.98499053952457,249.60080064869194
45,0.0,0.0,155.86874460328352,220.0,99.71374460328354,82.0
46,176.10186666527676,0.0,0.0,220.0,64.76436708190175,82.0
47,176.2031128346169,74.86061241799189,0.0,220.0,0.0,152.36897567291237
48,208.50748827092843,65.34748827092847,0.0,220.0,0.0,213.79561464758513
49,210.70123970465016,110.34624012127512,0.0,220.0,0.0,317.5210803615837
50,221.88374495380828,158.80874453718326,0.0,220.0,0.0,466.80130022653594
51,242.84249811028934,135.74329763134472,0.0,220.0,69.79920047894456,594.4
52,261.2699916987357,240.0,0.0,220.0,20.66999169873577,820.0
53,262.1193647421745,0.0,0.0,220.0,337.28186474217455,820.0
54,272.5818671079297,0.0,0.0,220.0,396.84436710792966,820.0
55,236.93429095787212,0.0,0.0,220.0,441.7392909578721,820.0
56,200.12849985001503,0.0,0.0,220.0,484.02600026664004,820.0
57,169.96089615333256,0.0,0.0,220.0,513.0908965699575,820.0
58,155.9105866396202,0.0,0.0,220.0,505.81058663962017,820.0
59,134.91185034750254,0.0,0.0,220.0,516.1168507641275,820.0
60,114.21337829612798,0.0,0.0,220.0,531.0108778795029,820.0
61,113.99440094946794,0.0,0.0,220.0,493.30065094946804,820.0
62,115.61273236424654,0.0,0.0,220.0,452.52648278087156,820.0
63,114.3714329260888,0.0,0.0,220.0,417.62393250946377,820.0
64,113.02470143335728,0.0,0.0,220.0,379.06720101673227,820.0
65,0.0,0.0,135.97877840227744,220.0,345.47877840227744,673.7862597824974
66,0.0,0.0,124.21124747088345,220.0,278.1862474708835,540.2257786310098
67,0.0,0.0,135.7537388723846,220.0,201.94873887238458,394.2540164026393
68,0.0,0.0,138.47624070193285,220.0,150.94124070193288,245.35483285217387
69,0.0,0.0,151.9199945525217,220.0,104.53999496914668,82.0
70,154.28249286221757,91.4324928622176,0.0,220.0,0.0,167.94654329048456
71,186.14811176245206,62.705612179077036,0.0,220.0,0.0,226.88981873881696
72,194.58561405406897,0.0,0.0,220.0,82.363114054069,226.88981873881696
73,226.16436415032643,37.2457849966937,0.0,220.0,54.20107915363276,261.90085663570903
74,228.043119621043,151.28061962104306,0.0,220.0,0.0,404.1046390794895
75,245.37937290306695,202.44187331969204,0.0,220.0,0.0,594.4
76,252.35436716949084,240.0,0.0,220.0,31.56686675286585,820.0
77,246.67311553413197,0.0,0.0,220.0,356.16061511750695,820.0
78,278.9493667360899,0.0,0.0,220.0,389.06186715271497,820.0
79,229.12321496302798,0.0,0.0,220.0,453.290714963028,820.0
80,195.8895,0.0,0.0,220.0,491.5619999999999,820.0
81,181.64742249614346,0.0,0.0,220.0,488.5649220795185,820.0
82,151.93267539785984,0.0,0.0,220.0,515.3576758144848,820.0
83,126.50359001822483,0.0,0.0,220.0,538.1585900182248,820.0
84,122.61375330530666,0.0,0.0,220.0,508.2987537219316,820.0
85,117.35045653139514,0.0,0.0,220.0,484.50295653139506,820.0
86,115.47265988944787,0.0,0.0,220.0,452.86266030607294,820.0
87,117.94072433298493,0.0,0.0,220.0,410.1332247496099,820.0
88,112.5936012784772,0.0,0.0,220.0,379.8336012784772,820.0
89,0.0,0.0,129.41475330130288,220.0,310.96475288467786,680.8443512889216
90,0.0,0.0,135.83249723425837,220.0,263.9824972342584,534.7879026499342
91,0.0,0.0,126.40498963869334,220.0,213.37498963869336,398.86855895241445
92,0.0,0.0,141.6483899370179,220.0,161.95088952039293,246.5584622459436
93,0.0,0.0,153.03936988872755,220.0,103.17186947210257,82.0
94,157.27499272377145,87.77499272377145,0.0,220.0,0.0,164.50849316034515
95,170.58373804108652,39.73953369477888,0.0,220.0,41.98920434630768,201.8636548334373
96,190.43998928727075,87.42998928727081,0.0,220.0,0.0,284.04784476347186
97,217.33311476146497,0.0,0.0,220.0,102.24061434483991,284.04784476347186
98,246.30749419023294,128.95749419023292,0.0,220.0,0.0,405.26788930229077
99,246.3918730826693,201.2043730826694,0.0,220.0,0.0,594.4
100,247.12874196056077,240.0,0.0,220.0,37.95374237718579,820.0
101,257.74873991321533,0.0,0.0,220.0,342.6237399132152,820.0
102,253.51874265986476,0.0,0.0,220.0,420.14374265986476,820.0
103,235.13406233930561,0.0,0.0,220.0,444.40156233930566,820.0
104,191.15550014998496,0.0,0.0,220.0,499.97799973335987,820.0
105,184.86656209485363,0.0,0.0,220.0,481.80906209485363,820.0
106,149.29298958360903,0.0,0.0,220.0,521.6929895836091,820.0
107,131.16334026446225,0.0,0.0,220.0,525.9433402644622,820.0
108,114.02775317846499,0.0,0.0,220.0,531.512753178465,820.0
109,114.4365593452178,0.0,0.0,220.0,492.1415597618428,820.0
110,117.64617305925344,0.0,0.0,220.0,447.64617305925344,820.0
111,122.46446280971446,0.0,0.0,220.0,400.6394628097145,820.0
112,119.20500150353325,0.0,0.0,220.0,368.0800010869083,820.0
113,0.0,0.0,107.01577433247905,220.0,344.0895243324791,704.9292749113129
114,0.0,0.0,123.55312267176504,220.0,278.99062225514007,572.0764548341461
115,0.0,0.0,165.2117428160995,220.0,217.95674323272448,394.4294195480177
116,0.0,0.0,140.60249037168336,220.0,148.3424907883084,243.24394603007863
117,0.0,0.0,149.95686980797313,220.0,106.9393698079731,82.0
118,177.61499197023545,62.914991553610434,0.0,220.0,0.0,141.1400920603938
119,172.69311289320706,79.1506128932071,0.0,220.0,0.0,215.54166818000846
120,194.9399892216157,81.92998880499078,0.0,220.0,0.0,292.5558576566998
121,210.80811507448556,110.21561465786056,0.0,220.0,0.0,396.1585354350887
122,208.90686988493724,174.6693703015622,0.0,220.0,0.0,560.3477435185572
123,229.96124821052643,36.22580476749232,0.0,220.0,185.06044344303405,594.4
124,260.98874152019056,240.0,0.0,220.0,21.01374193681562,820.0
125,269.56686445072273,0.0,0.0,220.0,328.1793644507227,820.0
126,263.96436716995106,0.0,0.0,220.0,407.37686758657605,820.0
127,232.91025034829897,0.0,0.0,220.0,447.6902507649239,820.0
128,212.57999985001493,0.0,0.0,220.0,461.89000026663984,820.0
129,173.05498172053865,0.0,0.0,220.0,506.59748172053867,820.0
130,150.55033290171536,0.0,0.0,220.0,518.6753333183403,820.0
131,124.65694813893106,0.0,0.0,220.0,542.999448555556,820.0
132,119.53575333199763,0.0,0.0,220.0,516.6207533319975,820.0
133,110.81230937178759,0.0,0.0,220.0,501.64230937178763,820.0
134,116.15794909258966,0.0,0.0,220.0,451.21794867596464,820.0
135,115.19517741328366,0.0,0.0,220.0,415.89517782990856,820.0
136,113.44500128814468,0.0,0.0,220.0,378.3200012881447,820.0
137,0.0,0.0,122.89459743648587,220.0,320.6070974364859,687.8552715736712
138,0.0,0.0,145.1081220453936,220.0,252.64562204539357,531.8250328151835
139,0.0,0.0,136.86186378155253,220.0,200.59436378155254,384.6617384264173
140,0.0,0.0,143.72436534954448,220.0,144.52686534954455,230.11941009357378
141,0.0,0.0,137.7510513870236,220.0,123.64605180364862,82.0
142,153.69186770206124,61.7982930768008,0.0,220.0,30.356075041885447,140.09039549219276
143,179.6118625956437,70.6943621790187,0.0,220.0,0.0,206.54309594047032
144,195.75561398825351,80.93311398825358,0.0,220.0,0.0,282.6202230894287
145,206.38686491162156,115.6193653282466,0.0,220.0,0.0,391.3024264979805
146,228.14436961865476,0.0,0.0,220.0,151.1568696186548,391.3024264979805
147,234.2362479897787,216.0612484064037,0.0,220.0,0.0,594.4
148,256.9443670236539,240.0,0.0,220.0,25.956866607028985,820.0
149,272.73936451405075,0.0,0.0,220.0,324.3018640974258,820.0
150,267.9187420554599,0.0,0.0,220.0,402.5437424720849,820.0
151,230.77216386574844,0.0,0.0,220.0,450.85216386574837,820.0
152,211.55399985001497,0.0,0.0,220.0,463.7140002666399,820.0
153,182.32916999941506,0.0,0.0,220.0,487.134169999415,820.0
154,150.6128324294666,0.0,0.0,220.0,518.5253328460915,820.0
155,121.33644486021888,0.0,0.0,220.0,551.7039444435939,820.0
156,116.85262814471821,0.0,0.0,220.0,523.8751285613432,820.0
157,109.73193767874716,0.0,0.0,220.0,504.4744376787471,820.0
158,119.02483927232743,0.0,0.0,220.0,444.33733885570246,820.0
159,114.32544521688419,0.0,0.0,220.0,417.7204448002592,820.0
160,116.71875147530244,0.0,0.0,220.0,372.5000010586774,820.0
161,0.0,0.0,123.5652706695488,220.0,319.61527108617383,687.134117559625
162,0.0,0.0,123.10874749333192,220.0,279.5337474933319,554.759120254967
163,0.0,0.0,123.92998984156696,220.0,216.39998984156693,421.50106666188424
164,0.0,0.0,174.83537187402052,220.0,171.45037187402053,233.5060431414321
165,0.0,0.0,140.90062012153186,220.0,118.00812012153187,82.0
166,156.70686775005538,0.0,0.0,220.0,88.46936775005543,82.0
167,160.11561377496298,94.52311377496301,0.0,220.0,0.0,170.85172694846523
168,187.56561463644283,90.94311421981786,0.0,220.0,0.0,256.338254315094
169,208.11936520347166,0.8095374678168569,0.0,220.0,112.69232731902983,257.09921953484184
170,227.96999462276784,151.36999462276788,0.0,220.0,0.0,399.38701448024364
171,241.2731233099828,207.46062289335782,0.0,220.0,0.0,594.4
172,264.8081165863198,240.0,0.0,220.0,16.345616586319807,820.0
173,258.5024900711992,0.0,0.0,220.0,341.70248965457415,820.0
174,258.4743677038657,0.0,0.0,220.0,414.0868672872407,820.0
175,239.59681378868834,0.0,0.0,220.0,437.80181420531335,820.0
176,197.0235,0.0,0.0,220.0,489.54599999999994,820.0
177,167.31861980593624,0.0,0.0,220.0,518.6361202225612,820.0
178,153.7083972745561,0.0,0.0,220.0,511.0958976911811,820.0
179,135.1534671419812,0.0,0.0,220.0,515.4834671419812,820.0
180,119.70112833660744,0.0,0.0,220.0,516.1736283366074,820.0
181,113.94642289667411,0.0,0.0,220.0,493.42642248004915,820.0
182,114.43516770078156,0.0,0.0,220.0,455.35266811740655,820.0
183,116.0169054335031,0.0,0.0,220.0,414.1706550168781,820.0
184,111.91680142077729,0.0,0.0,220.0,381.03680100415227,820.0
185,20.761623857026493,0.0,106.66127953333434,220.0,313.91040380698587,705.3104521146943
186,0.0,0.0,139.98374714973306,220.0,258.908747149733,554.7902938891748
187,0.0,0.0,133.2956140738749,220.0,204.95311407387493,411.4616766054384
188,0.0,0.0,146.7731149573532,220.0,140.80061537397825,253.64112288785435
189,0.0,0.0,159.62624428570456,220.0,95.12124470232959,82.0
190,168.53061720303714,74.0181172030371,0.0,220.0,0.0,151.57703017085487
191,183.3074869615964,66.17748737822149,0.0,220.0,0.0,213.78386830638306
192,191.10936424961676,86.61186424961681,0.0,220.0,0.0,295.19902070102285
193,213.05811477906616,0.0,0.0,220.0,107.46561477906619,295.19902070102285
194,234.91124427156018,142.88624468818517,0.0,220.0,0.0,429.5120907079169
195,233.90999817979866,175.41266945966285,0.0,220.0,41.04732872013588,594.4
196,243.2756174579476,240.0,0.0,220.0,42.663117041322664,820.0
197,258.11436471142565,0.0,0.0,220.0,342.1768651280506,820.0
198,271.61999213577883,0.0,0.0,220.0,398.0199921357788,820.0
199,222.43665169071028,0.0,0.0,220.0,463.17915127408526,820.0
200,204.44399999999996,0.0,0.0,220.0,476.3539999999998,820.0
201,173.1033897023733,0.0,0.0,220.0,506.4958901189983,820.0
202,152.43267174240543,0.0,0.0,220.0,514.1576717424055,820.0
203,121.46070486678525,0.0,0.0,220.0,551.3782044501602,820.0
204,119.1415534334983,0.0,0.0,220.0,517.6865530168733,820.0
205,110.63489358574577,0.0,0.0,220.0,502.1073940023708,820.0
206,119.25277848755798,0.0,0.0,220.0,443.79027890418297,820.0
207,116.69824951700059,0.0,0.0,220.0,412.7407495170006,820.0
208,112.41450112645856,0.0,0.0,220.0,380.15200154308354,820.0
209,0.0,0.0,117.69057525625306,220.0,328.3030752562531,693.450994348115
210,0.0,0.0,122.05124770234534,220.0,280.82624728572034,562.213093592905
211,0.0,0.0,137.46373854473615,220.0,199.85873896136115,414.4026220394253
212,0.0,0.0,160.90444362890207,220.0,183.65694362890213,241.38709125565964
213,0.0,0.0,148.22999486776348,220.0,109.04999486776353,82.0
214,159.5924928040351,36.8995370233672,0.0,220.0,48.04295536404288,116.68556480196517
215,189.39373672239606,0.0,0.0,220.0,58.738736722396084,116.68556480196517
216,199.64811376929055,76.17561376929069,0.0,220.0,0.0,188.2906417450984
217,221.35498919356297,97.32498961018797,0.0,220.0,0.0,279.7761319786751
218,243.46686925723606,132.42936925723603,0.0,220.0,0.0,404.25973908047695
219,245.51437290201648,202.2768733186415,0.0,220.0,0.0,594.4
220,260.77499152698203,240.0,0.0,220.0,21.274991943607006,820.0
221,246.36374035875792,0.0,0.0,220.0,356.5387403587579,820.0
222,260.85374263497556,0.0,0.0,220.0,411.17874221835064,820.0
223,225.02857715272683,0.0,0.0,220.0,459.3460775693518,820.0
224,208.00350014998503,0.0,0.0,220.0,470.02599973335987,820.0
225,174.67665361619265,0.0,0.0,220.0,503.1941536161926,820.0
226,150.4878334964999,0.0,0.0,220.0,518.8253334965,820.0
227,140.11351228904323,0.0,0.0,220.0,502.48101270566815,820.0
228,114.49687807905286,0.0,0.0,220.0,530.2443784956778,820.0
229,114.77654852018418,0.0,0.0,220.0,491.25029893680914,820.0
230,117.75977514511374,0.0,0.0,220.0,447.3735251451137,820.0
231,119.86414010041602,0.0,0.0,220.0,406.096640517041,820.0
232,112.19040112391394,0.0,0.0,220.0,380.5504015405389,820.0
233,0.0,0.0,107.11108055264032,220.0,343.94858055264035,704.8267951046878
234,0.0,0.0,165.86456960318924,220.0,286.7270700198143,526.477795531366
235,0.0,0.0,141.20436342560163,220.0,195.2868634256016,374.6451466866331
236,0.0,0.0,122.09624180177735,220.0,170.96124180177742,243.35886517934563
237,0.0,0.0,150.06374461679144,220.0,106.80874503341647,82.0
238,145.70999325881888,0.0,0.0,220.0,101.90999325881887,82.0
239,180.91123712958745,69.10623754621247,0.0,220.0,0.0,146.95986329343972
240,193.7643639127851,83.36686432941013,0.0,220.0,0.0,225.32471576308524
241,213.997489734002,106.31748973400198,0.0,220.0,0.0,325.2631561130471
242,234.87749464731877,82.4026682691834,0.0,220.0,60.52482596151036,402.7216642860795
243,244.17562309991536,203.91312309991542,0.0,220.0,0.0,594.4
244,241.8749923149681,240.0,0.0,220.0,44.3749923149681,820.0
245,264.06561485349084,0.0,0.0,220.0,334.90311443686585,820.0
246,257.55186754309364,0.0,0.0,220.0,415.21436754309366,820.0
247,221.46341851595798,0.0,0.0,220.0,464.61841893258304,820.0
248,213.94799999999998,0.0,0.0,220.0,459.45799999999997,820.0
249,171.9819351428174,0.0,0.0,220.0,508.84943514281736,820.0
250,153.42898774361595,0.0,0.0,220.0,511.7664877436159,820.0
251,129.4133451719864,0.0,0.0,220.0,530.5308451719864,820.0
252,125.16525348891707,0.0,0.0,220.0,501.4002534889171,820.0
253,116.83891940386343,0.0,0.0,220.0,485.8439198204885,820.0
254,115.41971911157123,0.0,0.0,220.0,452.98971952819625,820.0
255,120.45431597078107,0.0,0.0,220.0,404.85806555415604,820.0
256,111.11850126172772,0.0,0.0,220.0,382.4560012617277,820.0
257,0.0,0.0,123.30809532289982,220.0,319.9955953228998,687.4106501904303
258,0.0,0.0,137.6043721981805,220.0,261.8168721981805,539.4489596547523
259,0.0,0.0,117.66936535474491,220.0,224.0518653547449,412.922760348575
260,0.0,0.0,151.31248965255423,220.0,135.25249006917932,250.221158571635
261,0.0,0.0,156.44567747162054,220.0,131.9781770549956,82.0
262,161.95499269473544,0.0,0.0,220.0,82.05499227811049,82.0
263,182.68311219284993,66.94061219284993,0.0,220.0,0.0,144.92417546127894
264,198.11248904315465,16.798912802996433,0.0,220.0,61.25357582353325,160.71515349609558
265,206.13373992376455,115.9287403403896,0.0,220.0,0.0,269.6881694160618
266,229.07811959663002,150.01561959663002,0.0,220.0,0.0,410.702851836894
267,251.12249804585736,195.42249804585742,0.0,220.0,0.0,594.4
268,241.73999213177615,240.0,0.0,220.0,44.53999254840119,820.0
269,264.66748964245573,0.0,0.0,220.0,334.16748964245573,820.0
270,262.83374257764854,0.0,0.0,220.0,408.7587421610235,820.0
271,251.72944699953075,0.0,0.0,220.0,419.8594474161557,820.0
272,204.31799985001498,0.0,0.0,220.0,476.57800026663995,820.0
273,183.41028446206417,0.0,0.0,220.0,484.8652848786892,820.0
274,153.81133767320523,0.0,0.0,220.0,510.8488380898302,820.0
275,126.74175514585431,0.0,0.0,220.0,537.5342547292292,820.0
276,122.64919080629431,0.0,0.0,220.0,508.2029412229193,820.0
277,118.54887511227321,0.0,0.0,220.0,481.3613755288982,820.0
278,117.05941289365637,0.0,0.0,220.0,449.0544124770313,820.0
279,119.02910025194547,0.0,0.0,220.0,407.8491002519454,820.0
280,114.43050144931982,0.0,0.0,220.0,376.56800103269484,820.0
281,0.0,0.0,121.69444503445544,220.0,322.3819450344555,689.1457580274673
282,0.0,0.0,148.20433051906465,220.0,250.84183010243962,529.7862628456774
283,0.0,0.0,136.86748859361023,220.0,200.58748901023523,382.6169202719029
284,0.0,0.0,137.3624909641975,220.0,152.30249054757252,234.9153170845938
285,0.0,0.0,142.21124488867224,220.0,116.40624530529726,82.0
286,154.659368032263,90.97186761563796,0.0,220.0,0.0,167.5135555586997
287,180.59623733915203,69.49123733915206,0.0,220.0,0.0,232.83531865750263
288,193.73061410216485,0.0,0.0,220.0,83.40811410216497,232.83531865750263
289,204.02436502495664,35.53391060197434,0.0,220.0,82.97295483960728,266.2371946233585
290,230.01186957460527,148.87436957460523,0.0,220.0,0.0,406.1791020234874
291,247.1849982639788,200.23499784735378,0.0,220.0,0.0,594.4
292,263.2781164474509,240.0,0.0,220.0,18.215616864075855,820.0
293,246.03186555922684,0.0,0.0,220.0,356.9443651426018,820.0
294,255.44811760400353,0.0,0.0,220.0,417.7856176040035,820.0
295,224.8823402621474,0.0,0.0,220.0,459.5623402621475,820.0
296,208.70099985001502,0.0,0.0,220.0,468.7860002666399,820.0
297,179.5053633503917,0.0,0.0,220.0,493.06036293376656,820.0
298,154.49883260100432,0.0,0.0,220.0,509.19883260100437,820.0
299,140.7969424402022,0.0,0.0,220.0,500.68944244020213,820.0
300,114.9727532048064,0.0,0.0,220.0,528.9577532048063,820.0
301,115.79996771183426,0.0,0.0,220.0,488.56746812845927,820.0
302,116.34360921437724,0.0,0.0,220.0,450.77235963100225,820.0
303,121.68831923219523,0.0,0.0,220.0,402.26831964882024,820.0
304,110.98800141023094,0.0,0.0,220.0,382.6880009936059,820.0
305,0.0,0.0,125.16883597983389,220.0,317.2438355632089,685.4098537851248
306,0.0,0.0,125.96062224778245,220.0,276.04812266440746,549.9683244864341
307,0.0,0.0,132.46743168183787,220.0,209.17493209846288,407.5302259038127
308,0.0,0.0,136.13624104653474,220.0,153.80124062990978,261.1471710150657
309,0.0,0.0,166.6068690440111,220.0,86.58936946063614,82.0
310,167.89499204496263,74.79499246158764,0.0,220.0,0.0,152.30729291389238
311,189.59061152111275,58.498111937737804,0.0,220.0,0.0,207.2955181353659
312,209.45248803028858,64.19248844691367,0.0,220.0,0.0,267.63645727546475
313,219.58311446604552,0.0,0.0,220.0,99.49061446604554,267.63645727546475
314,226.47374465806058,148.88454183638524,0.0,220.0,4.314202821675366,407.5879266016669
315,248.41124787947405,198.73624829609906,0.0,220.0,0.0,594.4
316,256.2581168579767,240.0,0.0,220.0,26.795616857976825,820.0
317,261.2137395901342,0.0,0.0,220.0,338.38874000675924,820.0
318,258.384367331509,0.0,0.0,220.0,414.19686774813397,820.0
319,232.779141597376,0.0,0.0,220.0,447.88414118075104,820.0
320,189.206999850015,0.0,0.0,220.0,503.44200026663987,820.0
321,180.7196001328332,0.0,0.0,220.0,490.5121001328332,820.0
322,143.46215116616565,0.0,0.0,220.0,535.6871515827906,820.0
323,132.56126533833344,0.0,0.0,220.0,522.2787653383334,820.0
324,122.04000340180232,0.0,0.0,220.0,509.85000340180227,820.0
325,116.81475785165117,0.0,0.0,220.0,485.90725785165114,820.0
326,116.3586828753721,0.0,0.0,220.0,450.73618245874707,820.0
327,118.76527615990983,0.0,0.0,220.0,408.4027757432848,820.0
328,121.00050122395078,0.0,0.0,220.0,364.8880016405758,820.0
329,0.0,0.0,116.47529505084026,220.0,330.1002946342153,694.757747257161
330,0.0,0.0,144.24187206303162,220.0,253.7043720630316,539.6589600926109
331,0.0,0.0,125.09436493360545,220.0,214.9768645169804,405.14889027152975
332,0.0,0.0,155.90972295972523,220.0,168.52472337635032,237.50402687397576
333,0.0,0.0,144.61874499279747,220.0,113.46374499279756,82.0
334,175.04999171394115,66.04999213056612,0.0,220.0,0.0,144.08699260273215
335,179.84811239159995,70.40561239159996,0.0,220.0,0.0,210.26826825083612
336,195.01873884222334,81.83373925884837,0.0,220.0,0.0,287.1919831541536
337,228.7799890248483,88.24998902484833,0.0,220.0,0.0,370.14697283751104
338,228.62249460737706,150.57249460737705,0.0,220.0,0.0,511.6851177684455
339,247.8599982587262,87.99455556548351,0.0,220.0,111.41544227661767,594.4
340,260.53874172196953,240.0,0.0,220.0,21.56374172196962,820.0
341,253.10248990756133,0.0,0.0,220.0,348.30249032418624,820.0
342,265.43249250240694,0.0,0.0,220.0,405.58249208578195,820.0
343,226.23377239037097,0.0,0.0,220.0,457.563772390371,820.0
344,207.26549985001498,0.0,0.0,220.0,471.33800026663994,820.0
345,171.31228966861795,0.0,0.0,220.0,510.25478925199286,820.0
346,153.219430503509,0.0,0.0,220.0,512.2694305035089,820.0
347,135.2294036976166,0.0,0.0,220.0,515.2844041142416,820.0
348,119.5087534437339,0.0,0.0,220.0,516.6937530271089,820.0
349,114.95810619128304,0.0,0.0,220.0,490.774356607908,820.0
350,119.23292569585419,0.0,0.0,220.0,443.8379261124792,820.0
351,117.64382136239874,0.0,0.0,220.0,410.7563213623987,820.0
352,117.13950118010996,0.0,0.0,220.0,371.752001596735,820.0
353,0.0,0.0,129.3975281162881,220.0,334.2225281162881,680.8628729932386
354,0.0,0.0,137.27812220482338,220.0,262.2156222048234,533.2519889020307
355,0.0,0.0,123.81748966330724,220.0,216.53749007993224,400.1149032425605
356,0.0,0.0,145.7831152113086,220.0,142.01061521130862,243.35886538093837
357,0.0,0.0,150.0637448042727,220.0,106.80874480427269,82.0
358,165.90374251204906,0.0,0.0,220.0,77.22874209542402,82.0
359,181.06873749350825,0.0,0.0,220.0,68.91373707688331,82.0
360,186.4349893250809,92.32498974170596,0.0,220.0,0.0,168.7854903572036
361,229.9612389681808,77.22390002799172,0.0,220.0,9.582338940189103,241.3759563835158
362,219.8643696264777,161.27687004310263,0.0,220.0,0.0,392.9762142240323
363,235.6931231659231,214.2806231659231,0.0,220.0,0.0,594.4
364,261.25311651179067,240.0,0.0,220.0,20.690616928415636,820.0
365,263.4131145040635,0.0,0.0,220.0,335.7006149206884,820.0
366,257.3831177354606,0.0,0.0,220.0,415.42061731883564,820.0
367,238.6941783188795,0.0,0.0,220.0,439.1366783188795,820.0
368,194.13,0.0,0.0,220.0,494.68999999999994,820.0
369,177.47222233183481,0.0,0.0,220.0,497.3272223318347,820.0
370,146.40330541328183,0.0,0.0,220.0,528.6283058299068,820.0
371,132.47497355206292,0.0,0.0,220.0,522.5049739686879,820.0
372,119.29781571287663,0.0,0.0,220.0,517.2640661295015,820.0
373,118.3673175562185,0.0,0.0,220.0,481.8373175562185,820.0
374,113.78370226253764,0.0,0.0,220.0,456.9162018459126,820.0
375,115.04430558946979,0.0,0.0,220.0,416.2118055894697,820.0
376,119.88900151129997,0.0,0.0,220.0,366.864001094675,820.0
377,11.396982283315793,0.0,111.48752967079562,220.0,320.62201237073646,700.1209358378542
378,0.0,0.0,126.30374761575843,220.0,275.6287471991334,564.3104545305871
379,0.0,0.0,136.1362388410314,220.0,201.48123884103143,417.9274020133491
380,0.0,0.0,151.7681146219611,220.0,134.69561503858608,254.73588091446618
381,0.0,0.0,160.64436925045356,220.0,93.87686966707861,82.0
382,153.01124310851242,92.98624269188741,0.0,220.0,0.0,169.40706813037417
383,161.17311388830734,93.23061347168237,0.0,220.0,0.0,257.0438447937556
384,194.9793640319196,81.88186403191958,0.0,220.0,0.0,334.01279698376004
385,210.7349897030311,110.30499011965611,0.0,220.0,0.0,437.69948769623676
386,245.58749420721585,129.83749420721585,0.0,220.0,0.0,559.7467322510197
387,244.6087479090637,36.865178456362,0.0,220.0,166.51856986932677,594.4
388,249.80624225045176,240.0,0.0,220.0,34.68124183382679,820.0
389,248.57999008454556,0.0,0.0,220.0,353.8299905011705,820.0
390,256.46061738720744,0.0,0.0,220.0,416.5481178038324,820.0
391,229.88969885664721,0.0,0.0,220.0,452.15719885664726,820.0
392,203.18849999999998,0.0,0.0,220.0,478.586,820.0
393,184.90286804761615,0.0,0.0,220.0,481.73286846424116,820.0
394,153.8591315522567,0.0,0.0,220.0,510.7341315522567,820.0
395,126.3241033420735,0.0,0.0,220.0,538.6291033420734,820.0
396,124.72650358917599,0.0,0.0,220.0,502.5865031725509,820.0
397,112.14913990442187,0.0,0.0,220.0,498.13788990442185,820.0
398,111.01387005303809,0.0,0.0,220.0,463.56387005303804,820.0
399,115.36420254911172,0.0,0.0,220.0,415.5404525491117,820.0
400,112.67235127937136,0.0,0.0,220.0,379.69360127937136,820.0
401,0.0,0.0,103.22823471414301,220.0,349.690734297518,709.0018981568355
402,0.0,0.0,152.50116552579686,220.0,308.8636655257969,545.0221502796346
403,0.0,0.0,142.59936349873595,220.0,193.581863082111,391.68950135626267
404,0.0,0.0,127.34999163649252,220.0,164.5399912198676,254.75402647831376
405,0.0,0.0,160.6612446248318,220.0,93.85624420820676,82.0
406,158.64186784801512,86.10436743139013,0.0,220.0,0.0,162.93810538550673
407,182.20498722636927,67.52498722636932,0.0,220.0,0.0,226.4115933782939
408,183.6562396688738,95.72123966887386,0.0,220.0,0.0,316.3895586670353
409,205.85811512446827,95.19079057349144,0.0,220.0,21.0748245509768,405.86890180611726
410,238.5449941858493,0.0,0.0,220.0,138.44499460247425,405.86890180611726
411,246.91499807859856,200.56499807859865,0.0,220.0,0.0,594.4
412,270.2531166007985,240.0,0.0,220.0,9.690616184173507,820.0
413,256.28061497066926,0.0,0.0,220.0,344.4181149706692,820.0
414,256.9218677488152,0.0,0.0,220.0,415.98436733219023,820.0
415,229.3602196831148,0.0,0.0,220.0,452.9402200997398,820.0
416,210.04200014998491,0.0,0.0,220.0,466.40199973335984,820.0
417,167.48804834739838,0.0,0.0,220.0,518.2805483473984,820.0
418,161.33333990527615,0.0,0.0,220.0,492.79583948865115,820.0
419,115.7378410009477,0.0,0.0,220.0,566.3803414175727,820.0
420,128.486253693977,0.0,0.0,220.0,492.421253277352,820.0
421,114.60569113105737,0.0,0.0,220.0,491.69819113105734,820.0
422,112.16092011782985,0.0,0.0,220.0,460.8109205344549,820.0
423,112.99583552507909,0.0,0.0,220.0,420.5108355250791,820.0
424,116.79750147619666,0.0,0.0,220.0,372.3600010595717,820.0
425,0.0,0.0,128.11374758817288,220.0,312.8887475881729,682.243282163255
426,0.0,0.0,133.08749747763176,220.0,267.33749706100673,539.1384461658015
427,0.0,0.0,139.06123841379048,220.0,197.90623883041548,389.6102328176397
428,0.0,0.0,151.63311481850695,220.0,134.86061481850703,226.56387279773978
429,15.619342914893451,0.0,134.444401701898,220.0,106.80874503341647,82.0
430,175.4943666933824,65.50686711000742,0.0,220.0,0.0,143.57645508340698
431,179.84248739199427,0.0,0.0,220.0,70.41248739199432,143.57645508340698
432,197.6849888797213,78.57498887972133,0.0,220.0,0.0,217.436944630345
433,207.81561521804332,113.8731148014183,0.0,220.0,0.0,324.4776725436782
434,222.25499475757016,91.39891413961793,0.0,220.0,66.95608061795225,410.39265183491904
435,250.85249804795836,195.75249804795845,0.0,220.0,0.0,594.4
436,252.71999197039264,240.0,0.0,220.0,31.119991970392732,820.0
437,269.381239457987,0.0,0.0,220.0,328.406239457987,820.0
438,263.1149925695056,0.0,0.0,220.0,408.4149921528806,820.0
439,247.38771932282475,0.0,0.0,220.0,426.2802193228247,820.0
440,210.942000149985,0.0,0.0,220.0,464.80199973335993,820.0
441,173.63184510630606,0.0,0.0,220.0,505.38684510630605,820.0
442,152.75619883212403,0.0,0.0,220.0,513.3811984154991,820.0
443,122.01297144759144,0.0,0.0,220.0,549.9304714475915,820.0
444,122.31675352200546,0.0,0.0,220.0,509.10175310538034,820.0
445,111.98587595205902,0.0,0.0,220.0,498.56587636868403,820.0
446,113.76495240370627,0.0,0.0,220.0,456.96120198708127,820.0
447,117.30496469218747,0.0,0.0,220.0,411.4674642755624,820.0
448,106.21350120603245,0.0,0.0,220.0,391.1760012060324,820.0
449,0.0,0.0,121.88102334905682,220.0,322.10602334905684,688.9451361838098
450,0.0,0.0,150.53775196323178,220.0,259.5127523798568,527.0765856857112
451,0.0,0.0,130.40436431086812,220.0,208.48686431086816,386.85683911488525
452,0.0,0.0,142.03686546285263,220.0,146.5893654628527,234.12902678923726
453,0.0,0.0,141.47999491399065,220.0,117.29999533061567,82.0
454,157.80374251182798,87.128742928453,0.0,220.0,0.0,163.9010183527458
455,182.07561223543922,67.6831122354393,0.0,220.0,0.0,227.52314385405873
456,188.35311459214404,89.98061417551901,0.0,220.0,0.0,312.1049211790466
457,230.0174887780011,86.73748919462611,0.0,220.0,0.0,393.63816102199513
458,224.30249470927487,155.85249470927488,0.0,220.0,0.0,540.1395060487135
459,228.0824984126274,57.723929735411105,0.0,220.0,165.8585682605913,594.4
460,272.41874153199063,240.0,0.0,220.0,7.043741115365663,820.0
461,270.35436460738583,0.0,0.0,220.0,327.2168641907608,820.0
462,257.09624236880416,0.0,0.0,220.0,415.7712427854292,820.0
463,245.2445898469358,0.0,0.0,220.0,429.4495902635608,820.0
464,204.48899985001503,0.0,0.0,220.0,476.27400026663986,820.0
465,172.7282269355934,0.0,0.0,220.0,507.28322693559335,820.0
466,144.80772935675714,0.0,0.0,220.0,532.4577293567571,820.0
467,123.7595147581743,0.0,0.0,220.0,545.3520151747992,820.0
468,120.87562836934603,0.0,0.0,220.0,512.998128369346,820.0
469,115.12516686202775,0.0,0.0,220.0,490.3364172786528,820.0
470,117.12742708745611,0.0,0.0,220.0,448.8911766708311,820.0
471,119.6733314473131,0.0,0.0,220.0,406.4970818639381,820.0
472,115.21215145819531,0.0,0.0,220.0,375.1784010415703,820.0
473,0.0,0.0,116.67700133689584,220.0,329.80200092027087,694.5408587775314
474,0.0,0.0,125.18999763843601,220.0,276.989997221811,559.9279580910411
475,0.0,0.0,119.69436537623864,220.0,221.57686495961366,431.22433940691354
476,0.0,0.0,150.47436508379315,220.0,136.27686466716818,269.42394684369515
477,0.0,0.0,174.3042705646365,220.0,166.79927098126154,82.0
478,152.89311792649613,93.13061792649614,0.0,220.0,0.0,169.54278085090635
479,188.31373679811037,7.715782972274672,0.0,220.0,52.34295382583576,176.79561684484455
480,193.4324891189351,83.77248911893514,0.0,220.0,0.0,255.54175661664357
481,213.097489589696,0.0,0.0,220.0,107.41749000632103,255.54175661664357
482,214.98749511647327,167.23749469984824,0.0,220.0,0.0,412.7450016345009
483,252.89999784454426,193.24999826116925,0.0,220.0,0.0,594.4
484,247.75874194054393,240.0,0.0,220.0,37.18374235716897,820.0
485,262.04061455777503,0.0,0.0,220.0,337.3781149744,820.0
486,257.73186735040076,0.0,0.0,220.0,414.9943677670258,820.0
487,222.79468001540204,0.0,0.0,220.0,462.649680432027,820.0
488,206.4419998500149,0.0,0.0,220.0,472.8020002666399,820.0
489,180.36057327036258,0.0,0.0,220.0,491.26557327036255,820.0
490,148.87019878312196,0.0,0.0,220.0,522.707698366497,820.0
491,130.91827191817856,0.0,0.0,220.0,526.5857719181786,820.0
492,123.32587832515662,0.0,0.0,220.0,506.3733787417816,820.0
493,115.01851035942423,0.0,0.0,220.0,490.6160107760493,820.0
494,108.44036013990262,0.0,0.0,220.0,469.7403597232776,820.0
495,116.00601347318525,0.0,0.0,220.0,414.19351347318525,820.0
496,109.93770139830497,0.0,0.0,220.0,384.55520098167995,820.0
497,0.0,0.0,122.77357383292434,220.0,320.78607341629936,687.9854044807265
498,0.0,0.0,128.22187238922146,220.0,273.28437238922146,550.1124234170475
499,0.0,0.0,118.05186551087297,220.0,223.58436509424791,423.1749336204099
500,0.0,0.0,171.56019312526436,220.0,208.0751931252644,238.70160767926544
501,0.0,0.0,145.73249514171687,220.0,112.1024947250919,82.0
502,165.3749923490301,77.8749923490301,0.0,220.0,0.0,155.20249280808827
503,187.3181120553907,61.275611638765724,0.0,220.0,0.0,212.80156774852804
504,192.39748917715644,85.03748917715654,0.0,220.0,0.0,292.7368075750552
505,200.68311537272604,122.590615372726,0.0,220.0,0.0,407.97198602541766
506,231.37874472984538,147.20374431322034,0.0,220.0,0.0,546.3435056798448
507,239.91749794556932,51.12393012782462,0.0,220.0,157.99356823436972,594.4
508,259.1718669528802,240.0,0.0,220.0,23.23436653625521,820.0
509,259.7287396482484,0.0,0.0,220.0,340.2037400648734,820.0
510,259.9312422867223,0.0,0.0,220.0,412.30624270334727,820.0
511,233.70699018508742,0.0,0.0,220.0,446.51199060171234,820.0
512,212.04449999999997,0.0,0.0,220.0,462.842,820.0
513,176.2781554633931,0.0,0.0,220.0,499.83315546339304,820.0
514,152.94737373565079,0.0,0.0,220.0,512.9223737356508,820.0
515,124.90891981891286,0.0,0.0,220.0,542.3389202355379,820.0
516,115.88062823011296,0.0,0.0,220.0,526.5031282301129,820.0
517,118.08635188269295,0.0,0.0,220.0,482.5738518826929,820.0
518,118.01381747259938,0.0,0.0,220.0,446.7638170559744,820.0
519,114.14714185902369,0.0,0.0,220.0,418.0946418590237,820.0
520,116.04150146761242,0.0,0.0,220.0,373.7040010509875,820.0
521,0.0,0.0,111.57383196354732,220.0,337.3488323801723,700.028137673605
522,0.0,0.0,117.94499759847315,220.0,285.8449975984731,573.2055596107307
523,0.0,0.0,137.0362387672592,220.0,200.38123876725922,425.8547652373337
524,0.0,0.0,163.9330618793714,220.0,181.28556187937141,249.58265568962256
525,0.0,0.0,155.85186979134897,220.0,99.73436937472405,82.0
526,164.1824924042004,49.402039466048265,0.0,220.0,29.9304529381521,128.43791709808536
527,185.93998715200524,62.95998673538031,0.0,220.0,0.0,187.62030462934285
528,197.72436369002514,78.52686410665024,0.0,220.0,0.0,261.43555688959407
529,223.56561446247622,0.0,0.0,220.0,94.6231140458512,261.43555688959407
530,230.83311936775277,147.87061978437777,0.0,220.0,0.0,400.4339394869092
531,242.18437330289186,206.3468728862668,0.0,220.0,0.0,594.4
532,238.3593674266691,240.0,0.0,220.0,48.67186742666911,820.0
533,265.65748979119417,0.0,0.0,220.0,332.95748937456915,820.0
534,264.5324921535022,0.0,0.0,220.0,406.6824925701271,820.0
535,222.9308319277352,0.0,0.0,220.0,462.4483319277351,820.0
536,203.6295,0.0,0.0,220.0,477.8019999999999,820.0
537,174.31359287848477,0.0,0.0,220.0,503.9560924618597,820.0
538,157.37381087756035,0.0,0.0,220.0,502.2988108775603,820.0
539,124.00458333454594,0.0,0.0,220.0,544.7095829179209,820.0
540,121.68900339201855,0.0,0.0,220.0,510.79900339201845,820.0
541,119.1460135752277,0.0,0.0,220.0,479.7960135752278,820.0
542,117.82043657563327,0.0,0.0,220.0,447.2279361590083,820.0
543,119.43209794337531,0.0,0.0,220.0,407.0033475267503,820.0
544,114.23250144707163,0.0,0.0,220.0,376.92000103044666,820.0
545,0.0,0.0,127.37247681884708,220.0,313.9849772354721,683.0403475066161
546,0.0,0.0,115.76249764291197,220.0,288.51249764291197,558.5645435895065
547,0.0,0.0,123.17061509129348,220.0,217.32811467466848,426.1230219859651
548,0.0,0.0,151.7006148139746,220.0,134.77811481397464,263.0040813257774
549,0.0,0.0,168.333795632973,220.0,98.65379563297299,82.0
550,162.00561731743085,81.99311773405589,0.0,220.0,0.0,159.07353067001253
551,181.56936208344905,68.3018625000741,0.0,220.0,0.0,223.27728142008218
552,205.70061361630343,0.0,0.0,220.0,68.77811319967856,223.27728142008218
553,225.91123897498824,91.75623939161318,0.0,220.0,0.0,309.5281464481985
554,228.81936979021452,108.8564150857705,0.0,220.0,41.47545428781905,411.8531766288228
555,252.12374785058478,194.1987482672098,0.0,220.0,0.0,594.4
556,257.86124180704104,240.0,0.0,220.0,24.836241807041063,820.0
557,267.45186453349163,0.0,0.0,220.0,330.7643645334915,820.0
558,254.8012426227325,0.0,0.0,220.0,418.5762426227326,820.0
559,231.0495101795376,0.0,0.0,220.0,450.4420097629127,820.0
560,198.80550014998494,0.0,0.0,220.0,486.37799973335996,820.0
561,184.56804537774315,0.0,0.0,220.0,482.4355453777432,820.0
562,147.50991482129484,0.0,0.0,220.0,525.9724148212949,820.0
563,135.90593063012136,0.0,0.0,220.0,513.5109302134963,820.0
564,123.89962845363846,0.0,0.0,220.0,504.82212845363836,820.0
565,115.21042303077581,0.0,0.0,220.0,490.1129234474008,820.0
566,119.19505845643653,0.0,0.0,220.0,443.9288084564366,820.0
567,117.10971835964028,0.0,0.0,220.0,411.8772187762652,820.0
568,106.80885106280755,0.0,0.0,220.0,390.11760147943255,820.0
569,0.0,0.0,121.10445414774307,220.0,323.2544541477431,689.7801568303838
570,0.0,0.0,114.43499766994171,220.0,290.1349976699417,566.7317722390486
571,0.0,0.0,123.1256150949821,220.0,217.38311467835706,434.3386377283152
572,0.0,0.0,143.69061535181066,220.0,144.56811535181072,279.8325997156155
573,0.0,0.0,183.98431773552244,220.0,119.84181773552245,82.0
574,158.7656176548087,85.9531176548087,0.0,220.0,0.0,162.79593059552016
575,186.14248695032762,62.712486950327616,0.0,220.0,0.0,221.74566832882812
576,193.2412393171747,0.0,0.0,220.0,84.00623890054976,221.74566832882812
577,208.8056149830693,24.04578562689151,0.0,220.0,88.61732935617779,244.34870681810614
578,218.84624483797393,162.52124483797394,0.0,220.0,0.0,397.1186769658016
579,239.2987483253467,209.87374790872167,0.0,220.0,0.0,594.4
580,243.8381172525942,240.0,0.0,220.0,41.97561725259425,820.0
581,272.36248934131834,0.0,0.0,220.0,324.7624893413183,820.0
582,264.8193675201587,0.0,0.0,220.0,406.3318671035338,820.0
583,239.70775224697536,0.0,0.0,220.0,437.6377526636004,820.0
584,209.20050014998503,0.0,0.0,220.0,467.89799973335994,820.0
585,168.73052346658187,0.0,0.0,220.0,515.6730230499568,820.0
586,150.46945128245534,0.0,0.0,220.0,518.8694512824554,820.0
587,131.4877969482743,0.0,0.0,220.0,525.0927969482743,820.0
588,117.03825326238109,0.0,0.0,220.0,523.373253262381,820.0
589,110.31872102640489,0.0,0.0,220.0,502.93622102640484,820.0
590,113.88627489713781,0.0,0.0,220.0,456.67002489713786,820.0
591,109.01910888176201,0.0,0.0,220.0,428.856608881762,820.0
592,113.36400113723994,0.0,0.0,220.0,378.46400155386493,820.0
593,0.0,0.0,112.10835362159446,220.0,336.5583540382195,699.4533832025866
594,0.0,0.0,122.55749769203737,220.0,280.2074972754124,567.6711276197507
595,0.0,0.0,130.73061447160694,220.0,208.08811405498193,427.1005744244744
596,0.0,0.0,142.0987402712168,220.0,146.51374068784185,274.30623004682195
597,0.0,0.0,178.84479394354443,220.0,145.95229394354445,82.0
598,169.9649919491954,0.0,0.0,220.0,72.26499236582038,82.0
599,165.04311342951655,88.50061342951665,0.0,220.0,0.0,165.19057662374564
600,193.7756142871147,0.0,0.0,220.0,83.35311387048978,165.19057662374564
601,210.32998972245997,110.79999013908497,0.0,220.0,0.0,269.3425673544855
602,224.2181198987463,145.5157813332741,0.0,220.0,10.43983814884723,406.12740180776314
603,247.13999807684775,200.28999807684772,0.0,220.0,0.0,594.4
604,252.97874196217145,240.0,0.0,220.0,30.8037419621715,820.0
605,269.2799894619494,0.0,0.0,220.0,328.5299894619493,820.0
606,280.2993666970034,0.0,0.0,220.0,387.41186711362843,820.0
607,245.33535801258688,0.0,0.0,220.0,429.3153575959618,820.0
608,200.36699999999996,0.0,0.0,220.0,483.60199999999986,820.0
609,170.67088199334592,0.0,0.0,220.0,511.60088199334587,820.0
610,148.1532921903157,0.0,0.0,220.0,524.4282926069408,820.0
611,131.73976862825612,0.0,0.0,220.0,524.432268628256,820.0
612,117.76826567024102,0.0,0.0,220.0,521.399516086866,820.0
613,110.30422391100683,0.0,0.0,220.0,502.9742243276319,820.0
614,116.13552266831448,0.0,0.0,220.0,451.2717726683145,820.0
615,117.20935839624997,0.0,0.0,220.0,411.66810881287495,820.0
616,108.91800123674153,0.0,0.0,220.0,386.3680012367415,820.0
617,0.0,0.0,120.51446326103058,220.0,324.1269632610306,690.4145556333004
618,0.0,0.0,120.47062254704781,220.0,282.75812254704783,560.8762518192706
619,0.0,0.0,140.22561369331015,220.0,196.48311327668517,410.0960220415177
620,0.0,0.0,149.74430606606012,220.0,168.13430606606016,249.0806391747864
621,0.0,0.0,155.38499443255137,220.0,100.30499484917641,82.0
622,167.180617265494,75.66811726549395,0.0,220.0,0.0,153.1280302295643
623,189.81561188030145,58.223111463676446,0.0,220.0,0.0,207.85775500542016
624,193.57311392354336,0.0,0.0,220.0,83.60061434016848,207.85775500542016
625,226.05186396824206,91.58436438486706,0.0,220.0,0.0,293.94705752719517
626,233.28561949738582,144.8731194973858,0.0,220.0,0.0,430.1277898547378
627,237.07687315515523,174.75767036730022,0.0,220.0,37.83170278785505,594.4
628,260.4374919126678,240.0,0.0,220.0,21.68749149604281,820.0
629,254.64374003472687,0.0,0.0,220.0,346.41874003472685,820.0
630,260.82561763578985,0.0,0.0,220.0,411.2131172191648,820.0
631,235.0231238810186,0.0,0.0,220.0,444.5656238810186,820.0
632,205.11,0.0,0.0,220.0,475.16999999999996,820.0
633,167.33072183500826,0.0,0.0,220.0,518.6107222516332,820.0
634,151.99149848280217,0.0,0.0,220.0,515.2164988994272,820.0
635,138.8502023373295,0.0,0.0,220.0,505.7927023373295,820.0
636,122.2222535193713,0.0,0.0,220.0,509.3572531027462,820.0
637,115.62393293762511,0.0,0.0,220.0,489.0289325210001,820.0
638,116.88514949981231,0.0,0.0,220.0,449.4726490831872,820.0
639,113.61102212038259,0.0,0.0,220.0,419.2197717037575,820.0
640,117.47250148386115,0.0,0.0,220.0,371.1600010672362,820.0
641,0.0,0.0,108.46755549443549,220.0,341.94255507781054,703.3682198984565
642,0.0,0.0,132.6487471116028,220.0,267.8737475282278,560.7351584881309
643,0.0,0.0,125.81998987412658,220.0,214.0899894575016,425.4448467955217
644,0.0,0.0,172.9737127772307,220.0,191.05121277723075,239.45160725011235
645,0.0,0.0,146.4299947426045,220.0,111.24999515922957,82.0
646,174.11624194462166,67.19124194462165,0.0,220.0,0.0,145.15976742794436
647,178.03123751897346,28.696408925096915,0.0,220.0,43.929828593876564,172.13439181753546
648,213.85123815781031,0.0,0.0,220.0,58.816237741185375,172.13439181753546
649,211.44374004399305,109.43873962736808,0.0,220.0,0.0,275.00680706726143
650,236.97561941034814,140.36311941034808,0.0,220.0,0.0,406.9481393129886
651,247.8543730712887,199.4168730712887,0.0,220.0,0.0,594.4
652,254.70561671982273,240.0,0.0,220.0,28.693117136447654,820.0
653,263.10936470343165,0.0,0.0,220.0,336.07186470343163,820.0
654,268.4081174162536,0.0,0.0,220.0,401.94561699962856,820.0
655,229.1181724739048,0.0,0.0,220.0,453.29817205727977,820.0
656,202.10850014998493,0.0,0.0,220.0,480.5059997333599,820.0
657,170.23520894675244,0.0,0.0,220.0,512.5152089467524,820.0
658,145.94375018470566,0.0,0.0,220.0,529.7312501847057,820.0
659,129.01640336929984,0.0,0.0,220.0,531.5714037859249,820.0
660,115.45875310586462,0.0,0.0,220.0,527.6437535224895,820.0
661,119.18881435798335,0.0,0.0,220.0,479.68381394135827,820.0
662,112.26533134149167,0.0,0.0,220.0,460.56033092486666,820.0
663,119.19691518489964,0.0,0.0,220.0,407.49691476827456,820.0
664,111.95370112122623,0.0,0.0,220.0,380.97120153785124,820.0
665,0.0,0.0,123.58544163429792,220.0,319.58544121767295,687.1124283502173
666,0.0,0.0,158.45770781240225,220.0,330.68270781240227,516.7277962938708
667,0.0,0.0,120.2962403269035,220.0,220.8412399102785,387.377000243437
668,0.0,0.0,140.3831153864134,220.0,148.61061580303846,236.42741380643332
669,0.0,0.0,143.617494839983,220.0,114.68749525660803,82.0
670,165.27936735345418,77.99186735345415,0.0,220.0,0.0,155.3123553122469
671,191.5537365709675,0.0,0.0,220.0,56.09873657096756,155.3123553122469
672,194.60811405280327,82.33561405280335,0.0,220.0,0.0,232.70783252188204
673,212.85561478878066,107.71311478878062,0.0,220.0,0.0,333.9581604233358
674,237.86436920190351,69.39891365987054,0.0,220.0,69.87795595865796,399.1931392636141
675,241.10437312381475,207.66687312381475,0.0,220.0,0.0,594.4
676,261.5287415030333,240.0,0.0,220.0,20.35374191965832,820.0
677,261.5512397644077,0.0,0.0,220.0,337.97623976440764,820.0
678,266.3718672877279,0.0,0.0,220.0,404.4343672877279,820.0
679,238.73956223363325,0.0,0.0,220.0,439.0695622336333,820.0
680,212.15249999999992,0.0,0.0,220.0,462.64999999999986,820.0
681,178.75907142316203,0.0,0.0,220.0,494.626571423162,820.0
682,155.80029323281747,0.0,0.0,220.0,506.07529364944253,820.0
683,131.84677018553293,0.0,0.0,220.0,524.151770602158,820.0
684,119.55600333256211,0.0,0.0,220.0,516.5660033325621,820.0
685,121.48520824737557,0.0,0.0,220.0,473.66395783075063,820.0
686,119.55498221713981,0.0,0.0,220.0,443.0649822171398,820.0
687,106.13479203253144,0.0,0.0,220.0,434.9097920325314,820.0
688,119.66400135876012,0.0,0.0,220.0,367.2640013587601,820.0
689,0.0,0.0,123.25262609423453,220.0,320.0776260942346,687.4702945223285
690,0.0,0.0,116.03812282478111,220.0,288.1756224081561,562.6981194419186
691,0.0,0.0,135.65811388022286,220.0,202.06561388022283,416.829179785765
692,0.0,0.0,132.4631162931688,220.0,158.29061587654388,274.39572140601365
693,0.0,0.0,178.9280209075927,220.0,171.5355209075927,82.0
694,167.57436743475864,75.18686701813363,0.0,220.0,0.0,152.6756549970456
695,169.2056131377011,83.41311313770115,0.0,220.0,0.0,231.08398134648468
696,201.6337388450754,73.74873842845045,0.0,220.0,0.0,300.40779546922806
697,223.76248907806917,94.3824894946942,0.0,220.0,0.0,389.1273355942406
698,229.10624478344783,24.60955186443564,0.0,220.0,125.37169250238722,412.2603143468101
699,252.47812303530839,193.7656230353084,0.0,220.0,0.0,594.4
700,265.4831165648732,240.0,0.0,220.0,15.52061656487325,820.0
701,272.20498934748184,0.0,0.0,220.0,324.95498934748184,820.0
702,262.4287424018934,0.0,0.0,220.0,409.2537424018933,820.0
703,233.67169158472336,0.0,0.0,220.0,446.5641920013484,820.0
704,208.71900014998505,0.0,0.0,220.0,468.75399973335993,820.0
705,184.1001002536242,0.0,0.0,220.0,483.4176002536242,820.0
706,156.83705022746165,0.0,0.0,220.0,503.58705022746165,820.0
707,145.40491756865958,0.0,0.0,220.0,488.6099179852845,820.0
708,118.14187829314415,0.0,0.0,220.0,520.3893782931441,820.0
709,115.37403203476993,0.0,0.0,220.0,489.68403245139484,820.0
710,113.38627853910009,0.0,0.0,220.0,457.87002895572516,820.0
711,116.85194514752004,0.0,0.0,220.0,412.418195564145,820.0
712,113.03550143347991,0.0,0.0,220.0,379.04800101685487,820.0
713,0.0,0.0,122.08272963511234,220.0,321.8077296351124,688.7282477041803
714,0.0,0.0,131.88374731466052,220.0,268.80874731466054,546.9177667206743
715,0.0,0.0,134.9999889341688,220.0,202.86998893416882,401.7564882968369
716,0.0,0.0,153.8549896693179,220.0,132.14498966931797,236.3210155341295
717,6.708325539365575,0.0,143.51854444674044,220.0,106.60936956948103,82.0
718,157.68561751729294,87.27311793391789,0.0,220.0,0.0,164.03673085788282
719,190.29936184638774,57.63186142976275,0.0,220.0,0.0,218.2106806018598
720,190.0968641190912,87.84936453571629,0.0,220.0,0.0,300.7890832654331
721,229.29186381281113,87.6243642294362,0.0,220.0,0.0,383.1559856411031
722,224.3868697072847,155.74936970728464,0.0,220.0,0.0,529.5603931659507
723,253.65374802616014,68.97830514260562,0.0,220.0,123.35044288355448,594.4
724,255.21186689121896,240.0,0.0,220.0,28.07436689121903,820.0
725,279.8493640483256,0.0,0.0,220.0,315.6118640483255,820.0
726,278.62311674553587,0.0,0.0,220.0,389.4606171621608,820.0
727,230.6914815187024,0.0,0.0,220.0,450.9714811020774,820.0
728,195.99300000000005,0.0,0.0,220.0,491.37799999999993,820.0
729,171.75603073459285,0.0,0.0,220.0,509.32353031796777,820.0
730,140.4217329632096,0.0,0.0,220.0,542.9842333798346,820.0
731,129.44786195552115,0.0,0.0,220.0,530.4403615388961,820.0
732,125.97525351149557,0.0,0.0,220.0,499.21025351149547,820.0
733,118.90784845436974,0.0,0.0,220.0,480.42034887099476,820.0
734,118.71785628950079,0.0,0.0,220.0,445.07410587287586,820.0
735,116.90600087588325,0.0,0.0,220.0,412.3047512925082,820.0
736,113.04765143361783,0.0,0.0,220.0,379.02640101699285,820.0
737,0.0,0.0,109.60719601064926,220.0,340.2571955940243,702.1427999885492
738,0.0,0.0,148.75312215865745,220.0,248.19062174203242,542.1932062695627
739,0.0,0.0,130.08373914966825,220.0,208.87873956629323,402.31821793658605
740,0.0,0.0,124.6837418155194,220.0,167.79874139889444,268.2496783500061
741,0.0,0.0,173.21220086550568,220.0,110.00720044888067,82.0
742,172.31624202789754,69.39124202789759,0.0,220.0,0.0,147.22776750622373
743,177.41248774983262,73.38248733320768,0.0,220.0,0.0,216.20730559943894
744,193.1287391360218,84.1437391360219,0.0,220.0,0.0,295.30242038729955
745,214.2899899074513,105.95998949082622,0.0,220.0,0.0,394.9048105086762
746,216.3487448968836,165.57374489688362,0.0,220.0,0.0,550.5441307117468
747,231.8006231962131,46.65518009388637,0.0,220.0,172.3829431023267,594.4
748,264.6618667784478,240.0,0.0,220.0,16.524366361822786,820.0
749,273.847489283204,0.0,0.0,220.0,322.94748928320405,820.0
750,255.14436780027927,0.0,0.0,220.0,418.15686738365423,820.0
751,238.17982711693162,0.0,0.0,220.0,439.89732753355656,820.0
752,206.46899985001494,0.0,0.0,220.0,472.7540002666399,820.0
753,177.45608629307208,0.0,0.0,220.0,497.36108629307205,820.0
754,158.90321108606076,0.0,0.0,220.0,498.6282110860607,820.0
755,133.84183362429258,0.0,0.0,220.0,518.9218340409175,820.0
756,124.44975358146166,0.0,0.0,220.0,503.33475316483657,820.0
757,119.61509520172285,0.0,0.0,220.0,478.56634478509795,820.0
758,116.87007596135311,0.0,0.0,220.0,449.50882596135307,820.0
759,109.7532987596561,0.0,0.0,220.0,427.31579834303113,820.0
760,114.9898511557011,0.0,0.0,220.0,375.5736015723261,820.0
761,0.0,0.0,115.52223284922792,220.0,331.50973243260296,695.7825453234109
762,0.0,0.0,131.14687232966435,220.0,269.70937232966435,554.7644030334493
763,0.0,0.0,130.24686432377825,220.0,208.67936432377826,414.71401128745117
764,0.0,0.0,148.3746610734173,220.0,157.65216107341732,255.17136497194872
765,0.0,0.0,161.0493694239123,220.0,93.38186942391235,82.0
766,146.82374320729195,100.54874320729198,0.0,220.0,0.0,176.51581861485445
767,183.0656121660345,66.47311216603453,0.0,220.0,0.0,239.00054405092692
768,194.74873904489277,82.16373904489285,0.0,220.0,0.0,316.2344587531262
769,224.4149892342483,93.58498923424833,0.0,220.0,0.0,404.2043486333196
770,237.92061957553915,0.0,0.0,220.0,139.2081191589142,404.2043486333196
771,244.56374809689515,202.3357993262557,0.0,220.0,1.1029487706394434,594.4
772,242.38124229888314,240.0,0.0,220.0,43.75624229888314,820.0
773,264.701239641135,0.0,0.0,220.0,334.12623964113493,820.0
774,254.93624261882394,0.0,0.0,220.0,418.41124261882385,820.0
775,232.00761487849002,0.0,0.0,220.0,449.02511487849006,820.0
776,203.67000014998496,0.0,0.0,220.0,477.72999973335993,820.0
777,186.49630200988895,0.0,0.0,220.0,478.3888020098889,820.0
778,155.9105865170843,0.0,0.0,220.0,505.81058693370926,820.0
779,131.32211705456325,0.0,0.0,220.0,525.5271166379382,820.0
780,110.20725295948182,0.0,0.0,220.0,541.8422533761068,820.0
781,114.99365858890565,0.0,0.0,220.0,490.6811581722807,820.0
782,109.31939739415805,0.0,0.0,220.0,467.6306478107831,820.0
783,110.19542594064501,0.0,0.0,220.0,426.3879263572701,820.0
784,113.26950128615186,0.0,0.0,220.0,378.6320012861519,820.0
785,0.0,0.0,118.53774148961463,220.0,327.05024190623965,692.5400629143928
786,0.0,0.0,119.03062257636833,220.0,284.5181225763683,564.5501461656097
787,0.0,0.0,115.20561555669627,220.0,227.0631155566963,440.6731401906675
788,0.0,0.0,167.4204009423771,220.0,172.17290094237717,260.6512036934878
789,0.0,0.0,166.14561943494368,220.0,87.15311901831876,82.0
790,160.81874274730336,83.44374233067839,0.0,220.0,0.0,160.43711779083768
791,171.67498777710233,80.39498819372733,0.0,220.0,0.0,236.00840669294138
792,213.20998781891973,59.5999882355448,0.0,220.0,0.0,292.03239563435346
793,212.51811480497133,108.12561480497135,0.0,220.0,0.0,393.67047355102653
794,238.4493691881048,26.18392641928837,0.0,220.0,112.37794318544148,418.2833643851576
795,257.7206229945132,187.35812299451322,0.0,220.0,0.0,594.4
796,243.42749245312217,240.0,0.0,220.0,42.47749203649715,820.0
797,265.46061442393614,0.0,0.0,220.0,333.1981148405612,820.0
798,263.1262421942173,0.0,0.0,220.0,408.40124261084225,820.0
799,235.426536288536,0.0,0.0,220.0,443.969036705161,820.0
800,202.89600000000007,0.0,0.0,220.0,479.106,820.0
801,173.684287232285,0.0,0.0,220.0,505.27678723228496,820.0
802,145.2378731653978,0.0,0.0,220.0,531.4253731653978,820.0
803,134.66678200121896,0.0,0.0,220.0,516.7592824178439,820.0
804,120.96675337188606,0.0,0.0,220.0,512.751753371886,820.0
805,117.99764404719406,0.0,0.0,220.0,482.8063940471941,820.0
806,116.02192070498995,0.0,0.0,220.0,451.5444202883649,820.0
807,117.56636837847543,0.0,0.0,220.0,410.9188683784754,820.0
808,110.28960110233078,0.0,0.0,220.0,383.9296015189558,820.0
809,0.0,0.0,153.50065342363092,220.0,362.33815300700593,654.945533953085
810,0.0,0.0,110.05312275916287,220.0,295.4906227591629,536.6088428142002
811,0.0,0.0,136.9799885843887,220.0,200.4499890010137,389.31853250840595
812,0.0,0.0,144.02811532914905,220.0,144.1556153291491,234.44959129426718
813,0.0,0.0,141.77811990366848,220.0,116.93562032029354,82.0
814,150.97499301523703,15.802038112893227,0.0,220.0,79.6729549023438,96.85391582611963
815,176.92873740878383,73.97373782540888,0.0,220.0,0.0,166.38922938200398
816,203.90061371755803,0.0,0.0,220.0,70.97811330093305,166.38922938200398
817,214.3462397172716,105.89123971727162,0.0,220.0,0.0,265.9269947162393
818,236.39624442401407,141.07124442401403,0.0,220.0,0.0,398.5339644748124
819,240.5306233157607,208.3681228991357,0.0,220.0,0.0,594.4
820,244.81686722149664,240.0,0.0,220.0,40.779367221496614,820.0
821,273.5493642948709,0.0,0.0,220.0,323.3118642948708,820.0
822,262.2262425952375,0.0,0.0,220.0,409.50124217861253,820.0
823,244.34195437712708,0.0,0.0,220.0,430.7844543771271,820.0
824,214.49700014998507,0.0,0.0,220.0,458.48199973336,820.0
825,184.86252795070936,0.0,0.0,220.0,481.8175283673344,820.0
826,158.7561534962407,0.0,0.0,220.0,498.98115307961564,820.0
827,129.4167969538795,0.0,0.0,220.0,530.5217965372544,820.0
828,115.51612833244144,0.0,0.0,220.0,527.4886279158163,820.0
829,115.33123148210234,0.0,0.0,220.0,489.79623148210237,820.0
830,116.19618385376225,0.0,0.0,220.0,451.1261842703873,820.0
831,113.80626804956921,0.0,0.0,220.0,418.8100180495692,820.0
832,112.76550128042913,0.0,0.0,220.0,379.5280012804292,820.0
833,0.0,0.0,127.84648659107751,220.0,313.28398700770254,682.5306595794866
834,0.0,0.0,140.77541370083705,220.0,270.3629137008371,531.1592469979414
835,0.0,0.0,121.49436485373178,220.0,219.3768652703568,400.5201450046814
836,0.0,0.0,150.33936490537656,220.0,136.44186490537663,238.86491392363135
837,0.0,0.0,145.88436994897717,220.0,111.9168699489772,82.0
838,162.01124269213312,81.98624227550812,0.0,220.0,0.0,159.06706773897764
839,182.50873720507462,67.15373720507466,0.0,220.0,0.0,222.1915807117478
840,212.57436322963775,60.37686281301279,0.0,220.0,0.0,278.94583175597984
841,223.7174894551904,94.43748903856539,0.0,220.0,0.0,367.71707145223127
842,217.24874506313614,164.47374464651108,0.0,220.0,0.0,522.3223914199517
843,250.62749823719054,76.67830700005135,0.0,220.0,119.3491908205142,594.4
844,260.18999192053155,240.0,0.0,220.0,21.989991503906538,820.0
845,265.0612396270467,0.0,0.0,220.0,333.6862396270467,820.0
846,261.5118674284396,0.0,0.0,220.0,410.37436742843965,820.0
847,224.4285012826815,0.0,0.0,220.0,460.2335008660565,820.0
848,204.12,0.0,0.0,220.0,476.92999999999995,820.0
849,172.75243099373756,0.0,0.0,220.0,507.2324309937376,820.0
850,147.37388643736585,0.0,0.0,220.0,526.2988864373659,820.0
851,126.90743503956537,0.0,0.0,220.0,537.0999350395653,820.0
852,117.23400326783758,0.0,0.0,220.0,522.8440032678376,820.0
853,114.83004958491165,0.0,0.0,220.0,491.11004916828665,820.0
854,111.66460032523605,0.0,0.0,220.0,462.0021007418611,820.0
855,121.65766102829923,0.0,0.0,220.0,402.3326606116742,820.0
856,112.23450142438469,0.0,0.0,220.0,380.4720010077597,820.0
857,15.481854146924206,0.0,105.68815454378688,220.0,323.1575086907111,706.3568230711969
858,0.0,0.0,139.5731219706127,220.0,259.4106223872377,556.2781972963446
859,0.0,0.0,139.68561355009228,220.0,197.14311355009227,406.0786128338798
860,0.0,0.0,142.34061525497594,220.0,146.21811567160103,253.0241878285293
861,0.0,0.0,159.05249468053228,220.0,95.82249426390729,82.0
862,160.78499256138355,83.48499256138348,0.0,220.0,0.0,160.47589300770045
863,187.44748685883957,61.117486858839584,0.0,220.0,0.0,217.92633065500965
864,193.60686410912615,41.027035640074295,0.0,220.0,42.53232846905184,256.4917441566795
865,212.55748980308243,0.0,0.0,220.0,108.07748980308241,256.4917441566795
866,231.7724943455953,146.72249476222032,0.0,220.0,0.0,394.4108892331666
867,236.94187315620576,212.75437315620576,0.0,220.0,0.0,594.4
868,258.96936658435163,240.0,0.0,220.0,23.48186700097665,820.0
869,261.5568649516688,0.0,0.0,220.0,337.9693645350437,820.0
870,279.15186691770816,0.0,0.0,220.0,388.8143669177082,820.0
871,230.79233449452795,0.0,0.0,220.0,450.8223344945279,820.0
872,201.789,0.0,0.0,220.0,481.07399999999996,820.0
873,188.19865396490286,0.0,0.0,220.0,474.8161543815279,820.0
874,149.8518088905612,0.0,0.0,220.0,520.3518088905612,820.0
875,139.12633557021059,0.0,0.0,220.0,505.06883598683567,820.0
876,117.5006283877583,0.0,0.0,220.0,522.1231279711333,820.0
877,113.69583189055686,0.0,0.0,220.0,494.0833314739318,820.0
878,117.51749743493406,0.0,0.0,220.0,447.954997851559,820.0
879,119.82258993620229,0.0,0.0,220.0,406.1838399362023,820.0
880,109.2105012400628,0.0,0.0,220.0,385.8480012400628,820.0
881,0.0,0.0,127.27666650104243,220.0,314.12666650104245,683.1433693537178
882,0.0,0.0,135.31523504268495,220.0,264.9652350426849,537.643116619648
883,0.0,0.0,150.30561267958018,220.0,184.1631126795802,376.024178254508
884,0.0,0.0,140.4674905682292,220.0,148.5074905682293,224.98386581555184
885,0.0,0.0,132.9749952084632,220.0,127.69499562508827,82.0
886,151.64436779678755,94.65686821341257,0.0,220.0,0.0,170.97745612060783
887,177.54186255328148,0.0,0.0,220.0,73.22436255328148,170.97745612060783
888,195.84561417067198,80.82311375404709,0.0,220.0,0.0,246.95118304941207
889,224.06623925097875,3.982658311702228,0.0,220.0,90.02858093927647,250.69488186241216
890,233.60624430234185,144.48124471896682,0.0,220.0,0.0,386.50725189824095
891,230.06249839721977,221.16249798059476,0.0,220.0,0.0,594.4
892,263.058741454421,240.0,0.0,220.0,18.48374187104605,820.0
893,260.1956148174588,0.0,0.0,220.0,339.6331148174588,820.0
894,261.1124922525215,0.0,0.0,220.0,410.8624926691465,820.0
895,233.73724612825663,0.0,0.0,220.0,446.4672465448816,820.0
896,203.99399985001503,0.0,0.0,220.0,477.15400026663997,820.0
897,177.71426291327566,0.0,0.0,220.0,496.8192629132757,820.0
898,151.0907702396945,0.0,0.0,220.0,517.3782698230696,820.0
899,120.00755312332888,0.0,0.0,220.0,555.1875527067039,820.0
900,122.12100340406016,0.0,0.0,220.0,509.63100340406015,820.0
901,118.39596639025115,0.0,0.0,220.0,481.7622163902512,820.0
902,115.09104536065865,0.0,0.0,220.0,453.7785449440337,820.0
903,117.53732364395773,0.0,0.0,220.0,410.97982322733264,820.0
904,119.95830136210185,0.0,0.0,220.0,366.7408013621018,820.0
905,0.0,0.0,119.04200754089692,220.0,326.30450712427194,691.9978413538743
906,0.0,0.0,130.26937234753143,220.0,270.7818723475315,551.9232474317974
907,0.0,0.0,146.8068629663697,220.0,188.43936296636969,394.0664055324752
908,0.0,0.0,142.7174902296705,220.0,145.75749064629554,240.606738618851
909,0.0,0.0,147.50426691553145,220.0,112.27426691553143,82.0
910,160.36311776838255,26.030162291819863,0.0,220.0,57.970455059937706,106.46835255431067
911,188.27436161338954,0.0,0.0,220.0,60.106862030014554,106.46835255431067
912,199.07436361408418,76.87686403070927,0.0,220.0,0.0,178.73260474317738
913,225.6243641762316,92.10686417623157,0.0,220.0,0.0,265.31305706883506
914,226.73811965182466,152.8756196518247,0.0,220.0,0.0,409.0161395415503
915,249.654373244763,197.21687282813804,0.0,220.0,0.0,594.4
916,251.61186681811967,240.0,0.0,220.0,32.47436723474459,820.0
917,264.0431146668901,0.0,0.0,220.0,334.93061466689005,820.0
918,268.53186722518933,0.0,0.0,220.0,401.7943672251894,820.0
919,241.09448297556298,0.0,0.0,220.0,435.5869833921879,820.0
920,207.25199985001495,0.0,0.0,220.0,471.3620002666398,820.0
921,171.99000316219872,0.0,0.0,220.0,508.8325031621987,820.0
922,151.4841494977104,0.0,0.0,220.0,516.4341494977105,820.0
923,123.62144808421169,0.0,0.0,220.0,545.7139485008368,820.0
924,130.0556287377226,0.0,0.0,220.0,488.1781283210976,820.0
925,114.98986175547964,0.0,0.0,220.0,490.6911113388546,820.0
926,114.36715362951747,0.0,0.0,220.0,455.5159036295174,820.0
927,114.91965469346792,0.0,0.0,220.0,416.47340469346796,820.0
928,115.4254514606173,0.0,0.0,220.0,374.7992010439923,820.0
929,0.0,0.0,131.24523784725676,220.0,308.2577374306318,678.876088336283
930,0.0,0.0,134.39249726357883,220.0,265.7424972635788,534.3680267625424
931,0.0,0.0,146.07852833042514,220.0,217.94852833042515,377.2943403857412
932,0.0,0.0,132.45749129354652,220.0,158.2974908769216,234.86693039268042
933,0.0,0.0,142.1662452651928,220.0,116.46124484856784,82.0
934,152.6568679374261,0.0,0.0,220.0,93.41936793742616,82.0
935,180.185612180458,69.99311259708298,0.0,220.0,0.0,147.793525841258
936,195.71061399078485,80.98811399078488,0.0,220.0,0.0,223.9223529925958
937,220.76998940910818,53.183288793087094,0.0,220.0,44.856700616021065,273.91464445809765
938,230.09624457261503,148.77124457261505,0.0,220.0,0.0,413.75961435635577
939,253.78312302515337,192.17062302515342,0.0,220.0,0.0,594.4
940,256.37624185422357,240.0,0.0,220.0,26.651241854223656,820.0
941,257.66436472903604,0.0,0.0,220.0,342.726865145661,820.0
942,255.39749260546932,0.0,0.0,220.0,417.84749260546926,820.0
943,239.63211255712417,0.0,0.0,220.0,437.7496125571241,820.0
944,207.494999850015,0.0,0.0,220.0,470.9300002666399,820.0
945,178.6985612778019,0.0,0.0,220.0,494.75356127780196,820.0
946,141.10187500539098,0.0,0.0,220.0,541.351875005391,820.0
947,127.64263996337218,0.0,0.0,220.0,535.1726403799971,820.0
948,119.88675322929282,0.0,0.0,220.0,515.6717536459178,820.0
949,117.57101815182341,0.0,0.0,220.0,483.92476773519843,820.0
950,116.06714083022382,0.0,0.0,220.0,451.4358908302238,820.0
951,118.21059957384301,0.0,0.0,220.0,409.566849990468,820.0
952,114.48900144998407,0.0,0.0,220.0,376.46400103335907,820.0
953,0.0,0.0,115.09864931236768,220.0,332.1361497289927,696.2380114920777
954,0.0,0.0,123.7724976672983,220.0,278.7224972506733,563.1493043229398
955,0.0,0.0,179.49949151270798,220.0,226.26949151270796,370.1390983952968
956,0.0,0.0,135.34874109941188,220.0,154.76374068278693,224.60281764324102
957,0.0,0.0,132.62062040821417,220.0,128.12812040821416,82.0
958,185.8443665895087,52.856866172883656,0.0,220.0,0.0,131.68545420251064
959,189.88311168808804,58.140611688088086,0.0,220.0,0.0,186.33762918931345
960,194.30436425737122,82.70686384074622,0.0,220.0,0.0,264.0820811996149
961,211.1624896825228,109.78249009914788,0.0,220.0,0.0,367.2776218928139
962,226.67061984089804,44.78767789388322,0.0,220.0,108.17044153038981,409.3780391130641
963,249.9693728673493,196.83187328397435,0.0,220.0,0.0,594.4
964,250.37436704491967,240.0,0.0,220.0,33.98686704491962,820.0
965,269.2968642738077,0.0,0.0,220.0,328.5093646904327,820.0
966,260.9887424435857,0.0,0.0,220.0,411.01374244358567,820.0
967,236.80318203887725,0.0,0.0,220.0,441.9331816222523,820.0
968,212.32350000000008,0.0,0.0,220.0,462.346,820.0
969,178.30322846256854,0.0,0.0,220.0,495.58322804594354,820.0
970,162.39583187704682,0.0,0.0,220.0,490.24583146042187,820.0
971,127.09037349760979,0.0,0.0,220.0,536.6203730809848,820.0
972,118.64104091954687,0.0,0.0,220.0,519.0397905029217,820.0
973,117.350456416351,0.0,0.0,220.0,484.502956832976,820.0
974,116.27559502057727,0.0,0.0,220.0,450.9355954372022,820.0
975,114.10196095173512,0.0,0.0,220.0,418.1894609517351,820.0
976,117.00900132861318,0.0,0.0,220.0,371.9840013286132,820.0
977,0.0,0.0,145.88440312200586,220.0,354.15940353863084,663.1350504064453
978,0.0,0.0,121.75312252093431,220.0,281.1906225209343,532.2177143624299
979,0.0,0.0,136.50748881060036,220.0,201.02748881060035,385.43546832952626
980,0.0,0.0,138.22874053107012,220.0,151.2437409476952,236.8024139950423
981,0.0,0.0,143.96624501538935,220.0,114.26124501538936,82.0
982,161.7524925166228,82.3024925166228,0.0,220.0,0.0,159.36434296562544
983,193.39311144201662,53.85061144201666,0.0,220.0,0.0,209.9839177211211
984,193.12311413633824,84.15061413633833,0.0,220.0,0.0,289.0854950092791
985,213.3224899538647,107.14248953723973,0.0,220.0,0.0,389.79943517428444
986,228.30749461480713,150.9574946148071,0.0,220.0,0.0,531.6994801122031
987,238.58999833086193,66.7026807316988,0.0,220.0,144.03731718253812,594.4
988,252.24749217288655,240.0,0.0,220.0,31.697491756261513,820.0
989,269.69061425839857,0.0,0.0,220.0,328.0281146750235,820.0
990,267.3674920714203,0.0,0.0,220.0,403.2174924880453,820.0
991,229.51149973510428,0.0,0.0,220.0,452.71649931847924,820.0
992,202.45949985001505,0.0,0.0,220.0,479.88200026664003,820.0
993,185.74597620742213,0.0,0.0,220.0,479.9634762074221,820.0
994,153.3481058792844,0.0,0.0,220.0,511.96060629590943,820.0
995,126.14806821772709,0.0,0.0,220.0,539.090568634352,820.0
996,118.71900330923131,0.0,0.0,220.0,518.8290033092312,820.0
997,114.23256584023795,0.0,0.0,220.0,492.67631625686295,820.0
998,108.75506340776451,0.0,0.0,220.0,468.9850638243895,820.0
999,116.63572250297443,0.0,0.0,220.0,412.8719720863494,820.0
1000,108.91800138672653,0.0,0.0,220.0,386.36800097010155,820.0
1001,0.0,0.0,123.83253149857234,220.0,319.2200319151974,686.8467403241158
1002,0.0,0.0,131.48437232279235,220.0,269.29687232279235,545.4656948157369
1003,0.0,0.0,130.84873946192437,220.0,207.94373904529937,404.7681255018398
1004,0.0,0.0,138.11061591396418,220.0,151.38811549733924,256.262086884674
1005,0.0,0.0,162.06374080274682,220.0,146.38374080274687,82.0
1006,158.8274928394273,85.87749242280233,0.0,220.0,0.0,162.72484287743418
1007,176.02311284723595,0.0,0.0,220.0,75.08061243061093,162.72484287743418
1008,186.92998967219836,91.71998925557341,0.0,220.0,0.0,248.9416327776732
1009,223.02561430090014,3.5632832599389985,0.0,220.0,91.71983104096114,252.29111904201585
1010,225.85499467265532,153.95499467265535,0.0,220.0,0.0,397.00881403431185
1011,239.2031229511283,209.9906233677533,0.0,220.0,0.0,594.4
1012,263.6099918118688,240.0,0.0,220.0,17.809991395243742,820.0
1013,259.5374898432141,0.0,0.0,220.0,340.43748984321405,820.0
1014,263.42999256038536,0.0,0.0,220.0,408.0299921437603,820.0
1015,242.5669392126067,0.0,0.0,220.0,433.4094387959817,820.0
1016,196.56899985001508,0.0,0.0,220.0,490.35400026664,820.0
1017,179.5416693031542,0.0,0.0,220.0,492.9841693031542,820.0
1018,151.53929613984394,0.0,0.0,220.0,516.301796139844,820.0
1019,136.7446856744441,0.0,0.0,220.0,511.312185257819,820.0
1020,118.65487841993263,0.0,0.0,220.0,519.0023780033075,820.0
1021,112.69346763599913,0.0,0.0,220.0,496.71096805262414,820.0
1022,115.87780389792056,0.0,0.0,220.0,451.8903043145456,820.0
1023,116.98506746363842,0.0,0.0,220.0,412.13881788026333,820.0
1024,114.30000129785299,0.0,0.0,220.0,376.800001297853,820.0
1025,0.0,0.0,127.08565262799064,220.0,371.3606522113656,683.3487606150638
1026,0.0,0.0,138.70124717584656,220.0,260.4762471758466,534.2076346195299
1027,0.0,0.0,119.42436539837036,220.0,221.90686498174534,405.79433849224995
1028,0.0,0.0,141.09186552630518,220.0,147.74436552630527,254.08265513063145
1029,0.0,0.0,160.03686927148726,220.0,94.61936968811233,82.0
1030,151.04249282463292,95.39249324125791,0.0,220.0,0.0,171.66894364678242
1031,178.77373765440115,71.71873723777617,0.0,220.0,0.0,239.08455665029203
1032,199.20936360649011,76.71186402311514,0.0,220.0,0.0,311.19370883202026
1033,224.9043642107718,92.98686421077178,0.0,220.0,0.0,398.6013611901457
1034,232.74561951012305,145.53311951012307,0.0,220.0,0.0,535.4024935296613
1035,246.16687327190147,62.7633047556794,0.0,220.0,138.7160680995971,594.4
1036,243.3768672672494,240.0,0.0,220.0,42.53936726724942,820.0
1037,282.734988935399,0.0,0.0,220.0,312.084988935399,820.0
1038,253.29374266637922,0.0,0.0,220.0,420.4187426663792,820.0
1039,235.48200568575123,0.0,0.0,220.0,443.8870056857512,820.0
1040,200.538,0.0,0.0,220.0,483.298,820.0
1041,179.44485293612445,0.0,0.0,220.0,493.18735335274937,820.0
1042,153.19001883850194,0.0,0.0,220.0,512.340019255127,820.0
1043,124.11848811047696,0.0,0.0,220.0,544.410988527102,820.0
1044,118.46250330208136,0.0,0.0,220.0,519.5225033020813,820.0
1045,108.74821276977684,0.0,0.0,220.0,507.0532123531518,820.0
1046,112.96606123724007,0.0,0.0,220.0,458.8785612372401,820.0
1047,119.6733314473131,0.0,0.0,220.0,406.4970818639381,820.0
1048,112.19040142388394,0.0,0.0,220.0,380.550401007259,820.0
1049,0.0,0.0,121.33137371955553,220.0,322.91887371955556,689.5361572908005
1050,0.0,0.0,155.50302603265902,220.0,315.67802603265903,522.3286024169736
1051,0.0,0.0,134.8593639456957,220.0,203.0418639456957,377.31853365816096
1052,0.0,0.0,128.79561635194398,220.0,162.773116351944,238.8286236023072
1053,0.0,0.0,145.8506199501457,220.0,111.95811995014571,82.0
1054,154.73249302887984,90.88249261225485,0.0,220.0,0.0,167.42954305551956
1055,177.1143623957705,15.413908000335473,0.0,220.0,58.33295481206006,181.9186165758349
1056,185.46748956698644,0.0,0.0,220.0,93.50748956698646,181.9186165758349
1057,222.28873914876863,96.18373956539364,0.0,220.0,0.0,272.3313317673049
1058,232.43061933007186,145.9181197466968,0.0,220.0,0.0,409.49436432919987
1059,250.07062305404264,196.7081230540427,0.0,220.0,0.0,594.4
1060,259.1381167664712,240.0,0.0,220.0,23.275616766471273,820.0
1061,278.76373909081065,0.0,0.0,220.0,316.9387390908106,820.0
1062,255.46499241603362,0.0,0.0,220.0,417.76499283265866,820.0
1063,238.21512588536746,0.0,0.0,220.0,439.84512588536745,820.0
1064,199.332000149985,0.0,0.0,220.0,485.4419997333599,820.0
1065,170.82014021744772,0.0,0.0,220.0,511.28764063407266,820.0
1066,156.88116766370422,0.0,0.0,220.0,503.48116724707927,820.0
1067,135.4019870400698,0.0,0.0,220.0,514.8319874566948,820.0
1068,122.84325331170373,0.0,0.0,220.0,507.67825372832874,820.0
1069,114.98295830693382,0.0,0.0,220.0,490.70920830693376,820.0
1070,118.5476369828558,0.0,0.0,220.0,445.4826365662308,820.0
1071,119.01659482224943,0.0,0.0,220.0,407.8753448222494,820.0
1072,116.28270147035113,0.0,0.0,220.0,373.27520105372616,820.0
1073,0.0,0.0,113.1874824200633,220.0,334.96248242006334,698.2930296558459
1074,0.0,0.0,127.63124758872868,220.0,274.0062471721037,561.0551290228043
1075,0.0,0.0,127.60873935254182,220.0,211.90373976916686,423.84143079426474
1076,0.0,0.0,135.37124091041989,220.0,154.73624091041995,278.2809566970391
1077,0.0,0.0,182.54128972824634,220.0,133.48628931162142,82.0
1078,160.93124236713618,14.59891268151567,0.0,220.0,68.70733010224548,95.72297792062473
1079,168.05811303066628,84.81561344729135,0.0,220.0,0.0,175.4496545610786
1080,187.27873946509902,0.0,0.0,220.0,91.29373946509907,175.4496545610786
1081,223.58811446139686,94.59561404477182,0.0,220.0,0.0,264.3695317631641
1082,235.5637442561694,142.08874467279435,0.0,220.0,0.0,397.9329517555908
1083,240.00749813235024,209.00749813235024,0.0,220.0,0.0,594.4
1084,250.2562420486728,240.0,0.0,220.0,34.13124204867279,820.0
1085,266.5687395680519,0.0,0.0,220.0,331.8437395680519,820.0
1086,254.7112424378571,0.0,0.0,220.0,418.6862428544821,820.0
1087,229.8039735162629,0.0,0.0,220.0,452.2839739328879,820.0
1088,193.59900000000005,0.0,0.0,220.0,495.6339999999999,820.0
1089,181.68776259305025,0.0,0.0,220.0,488.4802621764252,820.0
1090,144.6092013225409,0.0,0.0,220.0,532.9342017391659,820.0
1091,133.0859186993913,0.0,0.0,220.0,520.9034186993913,820.0
1092,118.34201579872285,0.0,0.0,220.0,519.8482657987228,820.0
1093,116.99769618945015,0.0,0.0,220.0,485.4276961894502,820.0
1094,119.16491162459022,0.0,0.0,220.0,444.0011616245903,820.0
1095,120.20138330124917,0.0,0.0,220.0,405.38888371787414,820.0
1096,107.91450107536201,0.0,0.0,220.0,388.152001491987,820.0
1097,0.0,0.0,116.86357965149716,220.0,329.5260792348722,694.340236933874
1098,0.0,0.0,148.41707034587085,220.0,258.5170703458708,534.751989250142
1099,0.0,0.0,132.9018642936315,220.0,205.4343638770065,391.8467588268823
1100,0.0,0.0,126.88311629287858,220.0,165.1106167095037,255.413300447443
1101,0.0,0.0,161.274369416122,220.0,93.10686941612204,82.0
1102,161.83124251297943,82.20624251297943,0.0,220.0,0.0,159.27386796220065
1103,190.5693616399779,57.301861639977915,0.0,220.0,0.0,213.1376179037799
1104,195.2099892064275,81.59998878980258,0.0,220.0,0.0,289.84160736619435
1105,238.73623854722194,0.0,0.0,220.0,76.08123854722197,289.84160736619435
1106,234.26999447416688,143.66999447416697,0.0,220.0,0.0,424.8914021719113
1107,254.09249783526468,180.3282955617965,0.0,220.0,11.464202690093202,594.4
1108,254.50874191355922,240.0,0.0,220.0,28.933741913559174,820.0
1109,256.6068651453828,0.0,0.0,220.0,344.01936472875786,820.0
1110,249.1199925997406,0.0,0.0,220.0,425.51999301636556,820.0
1111,237.3225757299483,0.0,0.0,220.0,441.1650753133233,820.0
1112,207.96749999999997,0.0,0.0,220.0,470.0899999999999,820.0
1113,182.16377546764363,0.0,0.0,220.0,487.4812758842686,820.0
1114,160.96569550185075,0.0,0.0,220.0,493.6781955018507,820.0
1115,132.3161971070939,0.0,0.0,220.0,522.921196690469,820.0
1116,115.11112820866344,0.0,0.0,220.0,528.5836282086634,820.0
1117,111.66210961082197,0.0,0.0,220.0,499.414610027447,820.0
1118,115.54324759328335,0.0,0.0,220.0,452.6932480099084,820.0
1119,125.294723930582,0.0,0.0,220.0,394.69972393058197,820.0
1120,109.00575123773797,0.0,0.0,220.0,386.2120012377379,820.0
1121,0.0,0.0,134.26578948093845,220.0,303.79078906431346,675.6281833538296
1122,0.0,0.0,122.16937251245889,220.0,280.6818725124589,544.2632666737663
1123,0.0,0.0,115.99311567962684,220.0,226.10061526300183,419.53948637309236
1124,0.0,0.0,132.32811630223347,220.0,158.45561588560855,277.25118927391657
1125,0.0,0.0,181.5836060247424,220.0,134.8036064413674,82.0
1126,160.54874238483228,83.77374280145727,0.0,220.0,0.0,160.74731823336984
1127,172.6312378975449,79.22623789754493,0.0,220.0,0.0,235.21998185706207
1128,198.84936381422227,77.15186381422234,0.0,220.0,0.0,307.74273384243105
1129,210.62249008339052,110.44248966676548,0.0,220.0,0.0,411.5586741291906
1130,236.29499461388355,141.19499419725855,0.0,220.0,0.0,544.2819686746136
1131,240.72187293930995,53.317054601474865,0.0,220.0,154.81731875446008,594.4
1132,253.8449919346483,240.0,0.0,220.0,29.744991934648397,820.0
1133,276.12561400657023,0.0,0.0,220.0,320.1631144231952,820.0
1134,259.9874926600562,0.0,0.0,220.0,412.23749224343123,820.0
1135,233.61622252365157,0.0,0.0,220.0,446.64622252365166,820.0
1136,203.80950014998507,0.0,0.0,220.0,477.48199973336,820.0
1137,163.80903137504345,0.0,0.0,220.0,526.0015317916684,820.0
1138,147.03565382148327,0.0,0.0,220.0,527.1106534048583,820.0
1139,131.88128696906767,0.0,0.0,220.0,524.0612869690677,820.0
1140,117.43987816108745,0.0,0.0,220.0,522.2873785777124,820.0
1141,115.78616104483058,0.0,0.0,220.0,488.60366146145554,820.0
1142,115.08663350663312,0.0,0.0,220.0,453.7891335066331,820.0
1143,115.84626669384329,0.0,0.0,220.0,414.5287666938433,820.0
1144,113.48100128855344,0.0,0.0,220.0,378.2560012885534,820.0
1145,0.0,0.0,136.44002809459724,220.0,335.52752767797233,673.2902923714008
1146,0.0,0.0,133.2787472862563,220.0,267.1037472862563,529.9798114184371
1147,0.0,0.0,138.83061343269463,220.0,198.18811384931962,380.69958192091593
1148,0.0,0.0,129.0037415254505,220.0,162.51874110882557,241.9858813559154
1149,0.0,0.0,148.78686966100133,220.0,108.36937007762634,82.0
1150,168.31686702544488,74.27936744206988,0.0,220.0,0.0,151.82260539554568
1151,185.6362369858187,63.33123698581875,0.0,220.0,0.0,211.3539681622153
1152,198.83248862769034,77.1724890443154,0.0,220.0,0.0,283.89610786387175
1153,219.50998965703474,99.57998924040976,0.0,220.0,0.0,377.5012977498569
1154,217.04624488043135,41.13017725723931,0.0,220.0,123.59106762319199,416.16366437166187
1155,255.87562300887026,189.61312300887033,0.0,220.0,0.0,594.4
1156,247.55624232194043,240.0,0.0,220.0,37.43124190531546,820.0
1157,250.1043652123717,0.0,0.0,220.0,351.96686521237166,820.0
1158,265.2243675084328,0.0,0.0,220.0,405.8368670918078,820.0
1159,245.50680802106876,0.0,0.0,220.0,429.0618084376938,820.0
1160,203.773500149985,0.0,0.0,220.0,477.5459997333601,820.0
1161,179.945070406676,0.0,0.0,220.0,492.1375699900509,820.0
1162,157.076018887504,0.0,0.0,220.0,503.013519304129,820.0
1163,126.80043348228855,0.0,0.0,220.0,537.3804330656635,820.0
1164,119.53575333199763,0.0,0.0,220.0,516.6207533319977,820.0
1165,113.36171043402283,0.0,0.0,220.0,494.9592104340229,820.0
1166,121.98584626797663,0.0,0.0,220.0,437.23084626797663,820.0
1167,115.61874868802181,0.0,0.0,220.0,415.00624827139677,820.0
1168,112.16700127363322,0.0,0.0,220.0,380.5920012736332,820.0
1169,0.0,0.0,125.32011569437549,220.0,317.0201152777505,685.2471874254027
1170,0.0,0.0,136.05187222979157,220.0,263.7143722297916,538.954851694444
1171,0.0,0.0,130.78123927997603,220.0,208.02623927997604,398.32986322135145
1172,0.0,0.0,153.24677767568826,220.0,166.1992776756883,233.54838184964365
1173,0.0,0.0,140.9399951201686,220.0,117.95999512016863,82.0
1174,137.0137434736642,0.0,0.0,220.0,112.53874389028914,82.0
1175,183.11061235036095,66.41811193373599,0.0,220.0,0.0,144.43302521771182
1176,197.03811391610964,79.36561391610974,0.0,220.0,0.0,219.03670229885495
1177,222.6374893195195,95.7574893195195,0.0,220.0,0.0,309.04874225920327
1178,242.15061910080175,106.25204475146357,0.0,220.0,27.786074765963193,408.925664325579
1179,249.57562305789457,197.31312305789464,0.0,220.0,0.0,594.4
1180,252.7256167827327,240.0,0.0,220.0,31.113117199357703,820.0
1181,253.82249006686584,0.0,0.0,220.0,347.42249006686586,820.0
1182,250.95374273412938,0.0,0.0,220.0,423.2787427341293,820.0
1183,232.76401345771967,0.0,0.0,220.0,447.9065134577196,820.0
1184,192.18149985001503,0.0,0.0,220.0,498.15400026663997,820.0
1185,174.38620478401003,0.0,0.0,220.0,503.803705200635,820.0
1186,142.70112750472447,0.0,0.0,220.0,537.5136279213496,820.0
1187,131.50850683432475,0.0,0.0,220.0,525.0385072509497,820.0
1188,112.69462802881617,0.0,0.0,220.0,535.117128445441,820.0
1189,113.33892943346677,0.0,0.0,220.0,495.0189294334667,820.0
1190,117.75609882474146,0.0,0.0,220.0,447.3823484081165,820.0
1191,116.90196713521107,0.0,0.0,220.0,412.313216718586,820.0
1192,111.98610127157917,0.0,0.0,220.0,380.9136012715792,820.0
1193,0.0,0.0,116.58623350817078,220.0,329.9362330915458,694.6384585933647
1194,0.0,0.0,121.57874733700362,220.0,281.40374775362864,563.9086227471242
1195,0.0,0.0,126.14623984738415,220.0,213.6912394307592,428.2675046316574
1196,0.0,0.0,165.47378491539956,220.0,211.17628533202463,250.33870364735682
1197,0.0,0.0,156.55499439204186,220.0,98.87499480866688,82.0
1198,165.96561732170522,77.15311732170528,0.0,220.0,0.0,154.52393028240294
1199,190.99686161000773,9.563283289436395,0.0,220.0,47.216078320571356,163.51341657447315
1200,190.36123929170066,0.0,0.0,220.0,87.52623929170073,163.51341657447315
1201,218.7674895051731,100.48748950517313,0.0,220.0,0.0,257.9716567093359
1202,220.18499461891497,160.88499503554,0.0,220.0,0.0,409.20355204274347
1203,249.81749824349367,197.01749782686863,0.0,220.0,0.0,594.4
1204,252.48936697772024,240.0,0.0,220.0,31.40186697772026,820.0
1205,259.4418646594751,0.0,0.0,220.0,340.5543650761001,820.0
1206,271.72124232032854,0.0,0.0,220.0,397.8962419037035,820.0
1207,221.93238597122388,0.0,0.0,220.0,463.92488555459886,820.0
1208,199.20600000000002,0.0,0.0,220.0,485.66599999999994,820.0
1209,174.81380994567576,0.0,0.0,220.0,502.90630994567573,820.0
1210,146.98418337708722,0.0,0.0,220.0,527.2341837937122,820.0
1211,133.19637215360547,0.0,0.0,220.0,520.6138717369804,820.0
1212,114.79286581228098,0.0,0.0,220.0,529.4441153956559,820.0
1213,114.84074975183944,0.0,0.0,220.0,491.0819993352145,820.0
1214,116.04067031874956,0.0,0.0,220.0,451.49942073537454,820.0
1215,118.53896795360163,0.0,0.0,220.0,408.8777183702266,820.0
1216,113.52060143898802,0.0,0.0,220.0,378.185601022363,820.0
1217,0.0,0.0,122.13819903184947,220.0,321.7256986152245,688.6686031915597
1218,0.0,0.0,133.7399970893834,220.0,266.5399975060084,544.8621547083517
1219,0.0,0.0,125.26873954434956,220.0,214.7637399609746,410.1645853058253
1220,0.0,0.0,153.45869458798768,220.0,174.48619500461268,245.15523628648373
1221,0.0,0.0,151.73436974642988,220.0,104.7668697464299,82.0
1222,164.5481171998037,78.8856176164287,0.0,220.0,0.0,156.15248055944298
1223,171.73686277276454,33.22203361708217,0.0,220.0,47.09732957230732,187.38119215950022
1224,197.7299886897087,78.51998910633381,0.0,220.0,0.0,261.189981919454
1225,215.03248968435042,0.0,0.0,220.0,105.05248968435046,261.189981919454
1226,232.9481195053466,145.28561950534657,0.0,220.0,0.0,397.7584642544798
1227,239.855623133532,209.19312313353208,0.0,220.0,0.0,594.4
1228,266.33249135040495,240.0,0.0,220.0,14.482491767030012,820.0
1229,251.82561514501197,0.0,0.0,220.0,349.863115145012,820.0
1230,250.95374254664807,0.0,0.0,220.0,423.2787429632731,820.0
1231,226.03206610257632,0.0,0.0,220.0,457.86206610257636,820.0
1232,207.08999999999992,0.0,0.0,220.0,471.64999999999986,820.0
1233,164.20436459363737,0.0,0.0,220.0,525.1718641770124,820.0
1234,142.58348145737557,0.0,0.0,220.0,537.7959814573757,820.0
1235,128.81620669205415,0.0,0.0,220.0,532.0962071086791,820.0
1236,117.46012838662944,0.0,0.0,220.0,522.2326279700044,820.0
1237,116.26628788988467,0.0,0.0,220.0,487.34503830650965,820.0
1238,115.97339153606708,0.0,0.0,220.0,451.6608915360671,820.0
1239,113.71469616657168,0.0,0.0,220.0,419.0021957499466,820.0
1240,117.5895013352046,0.0,0.0,220.0,370.9520013352046,820.0
1241,0.0,0.0,117.11066985191513,220.0,329.1606694352902,694.0745485463278
1242,0.0,0.0,132.56999711320628,220.0,267.9699975298313,551.526164553633
1243,0.0,0.0,150.13872242817587,220.0,225.05872201155086,390.08667807172344
1244,0.0,0.0,131.7712409646627,220.0,159.13624138128773,248.39717165810768
1245,0.0,0.0,154.74936964204016,220.0,101.08186964204015,82.0
1246,152.72999274656183,0.0,0.0,220.0,93.32999316318683,82.0
1247,173.96998799117193,0.0,0.0,220.0,77.58998757454697,82.0
1248,183.92623946620438,95.39123988282944,0.0,220.0,0.0,171.66776548985968
1249,214.39123952763157,93.40765029662937,0.0,220.0,12.42858964762722,259.4709567686913
1250,223.53749472731926,156.78749472731926,0.0,220.0,0.0,406.8512018123714
1251,247.76999807194528,199.51999807194528,0.0,220.0,0.0,594.4
1252,255.4481170711939,240.0,0.0,220.0,27.785616654568912,820.0
1253,259.1437400461044,0.0,0.0,220.0,340.91873962947943,820.0
1254,276.38999218515414,0.0,0.0,220.0,392.1899917685291,820.0
1255,234.81133227883436,0.0,0.0,220.0,444.87883227883435,820.0
1256,216.68850014998497,0.0,0.0,220.0,454.5859997333599,820.0
1257,170.2674810242778,0.0,0.0,220.0,512.4474810242777,820.0
1258,156.43999440410096,0.0,0.0,220.0,504.539994404101,820.0
1259,131.58099183815511,0.0,0.0,220.0,524.84849225478,820.0
1260,119.70112833660755,0.0,0.0,220.0,516.1736283366074,820.0
1261,118.56993050954202,0.0,0.0,220.0,481.306180092917,820.0
1262,114.86678209819274,0.0,0.0,220.0,454.31678251481776,820.0
1263,113.59367561028421,0.0,0.0,220.0,419.2561760269092,820.0
1264,118.10700134108072,0.0,0.0,220.0,370.0320013410807,820.0
1265,0.0,0.0,134.230490712807,220.0,303.842990712807,675.6661390184871
1266,0.0,0.0,140.7082842123849,220.0,292.3582837957599,524.3669086825894
1267,0.0,0.0,128.88561424787747,220.0,210.34311466450254,385.7802266956244
1268,0.0,0.0,135.0281161209404,220.0,155.15561570431544,240.58870398493573
1269,0.0,0.0,147.48749470599023,220.0,109.95749512261523,82.0
1270,169.3012421673846,73.07624216738463,0.0,220.0,0.0,150.69166763734154
1271,178.4981122987616,0.0,0.0,220.0,72.05561271538659,150.69166763734154
1272,196.07061378305275,61.08453377706275,0.0,220.0,19.463580422615046,208.11112938778052
1273,219.9487392610243,99.04373967764934,0.0,220.0,0.0,301.2122446847709
1274,248.1524941467141,126.70249414671406,0.0,220.0,0.0,420.3125891826821
1275,259.4868727932876,185.19937320991266,0.0,220.0,0.0,594.4
1276,258.22686679542414,240.0,0.0,220.0,24.389366795424166,820.0
1277,248.38874046699232,0.0,0.0,220.0,354.0637400503674,820.0
1278,256.9387423733642,0.0,0.0,220.0,415.96374278998917,820.0
1279,230.6511402611435,0.0,0.0,220.0,451.0311398445185,820.0
1280,195.678,0.0,0.0,220.0,491.938,820.0
1281,164.47464297400586,0.0,0.0,220.0,524.6046433906308,820.0
1282,152.83340388603915,0.0,0.0,220.0,513.1959043026641,820.0
1283,127.97745164773141,0.0,0.0,220.0,534.2949520643564,820.0
1284,117.90900328665293,0.0,0.0,220.0,521.0190032866528,820.0
1285,113.34583276696867,0.0,0.0,220.0,495.00083276696864,820.0
1286,109.7510119141051,0.0,0.0,220.0,466.5947619141051,820.0
1287,118.33928447942412,0.0,0.0,220.0,409.2967848960491,820.0
1288,109.63170124484549,0.0,0.0,220.0,385.0992012448455,820.0
1289,0.0,0.0,119.47567571977282,220.0,325.66317613639785,691.5315314841152
1290,0.0,0.0,134.09437226964906,220.0,266.1068722696491,547.3440344199764
1291,0.0,0.0,143.50498842450264,220.0,192.47498800787764,393.03759525384453
1292,0.0,0.0,149.71498994730052,220.0,137.20498994730065,232.0537350954569
1293,6.452521118631154,0.0,139.5499736387749,220.0,111.77249517403101,82.0
1294,173.7618671484979,67.6243667318729,0.0,220.0,0.0,145.56690472796052
1295,163.9518635060196,89.8343635060196,0.0,220.0,0.0,230.01120642361894
1296,179.3081149134668,101.03561491346682,0.0,220.0,0.0,324.98468444227774
1297,207.0787402533931,89.93141477349654,0.0,220.0,24.84232506327153,409.5202143293645
1298,241.67811911194684,0.0,0.0,220.0,134.6156195285718,409.5202143293645
1299,250.0931230538676,196.68062305386758,0.0,220.0,0.0,594.4
1300,259.10436695502483,240.0,0.0,220.0,23.316866538399836,820.0
1301,260.4262399959148,0.0,0.0,220.0,339.35123957928977,820.0
1302,263.2499925655968,0.0,0.0,220.0,408.24999214897184,820.0
1303,238.87067148877156,0.0,0.0,220.0,438.8756710721466,820.0
1304,202.32000014998493,0.0,0.0,220.0,480.1299997333599,820.0
1305,168.12138773438187,0.0,0.0,220.0,516.9513881510068,820.0
1306,152.90325654447975,0.0,0.0,220.0,513.0282561278548,820.0
1307,133.29301882537936,0.0,0.0,220.0,520.3605184087544,820.0
1308,125.17537837671057,0.0,0.0,220.0,501.37287879333553,820.0
1309,113.13769726188764,0.0,0.0,220.0,495.5464472618877,820.0
1310,120.88033976297459,0.0,0.0,220.0,439.88409017959964,820.0
1311,113.598516556233,0.0,0.0,220.0,419.24601655623303,820.0
1312,116.49150132273701,0.0,0.0,220.0,372.90400132273703,820.0
1313,0.0,0.0,154.4231522278798,220.0,349.8106526445048,653.953599754968
1314,0.0,0.0,122.90624730997382,220.0,279.78124772659885,521.7963445829531
1315,0.0,0.0,123.03561510235932,220.0,217.49311468573433,389.49998425783554
1316,0.0,0.0,139.94436541587356,220.0,149.14686583249863,239.02217198270267
1317,0.0,0.0,146.0306199439135,220.0,111.73811994391349,82.0
1318,149.54061808159747,97.22811808159747,0.0,220.0,0.0,173.3944309967016
1319,199.1193610405732,46.851861040573226,0.0,220.0,0.0,217.43518037484043
1320,184.54498943139816,94.63498984802317,0.0,220.0,0.0,306.3920708319822
1321,219.95436426075446,99.03686467737953,0.0,220.0,0.0,399.48672362871895
1322,229.03874441007753,150.06374482670253,0.0,220.0,0.0,540.5466437658193
1323,246.5774978937436,57.29080450444749,0.0,220.0,143.68669380592118,594.4
1324,252.90561715197612,240.0,0.0,220.0,30.8931167353511,820.0
1325,251.84248995687028,0.0,0.0,220.0,349.84249037349525,820.0
1326,269.2518673918245,0.0,0.0,220.0,400.9143669751995,820.0
1327,222.53750466653582,0.0,0.0,220.0,463.0300046665358,820.0
1328,207.19799985001498,0.0,0.0,220.0,471.45800026663994,820.0
1329,178.6783910948949,0.0,0.0,220.0,494.7958915115199,820.0
1330,154.4289801876355,0.0,0.0,220.0,509.3664801876355,820.0
1331,131.61550862168974,0.0,0.0,220.0,524.7580086216897,820.0
1332,129.7282537285971,0.0,0.0,220.0,489.06325331197206,820.0
1333,126.8383980963456,0.0,0.0,220.0,459.6308980963456,820.0
1334,117.85462737214277,0.0,0.0,220.0,447.14587737214276,820.0
1335,104.58573221960978,0.0,0.0,220.0,438.1607326362348,820.0
1336,109.75500139623045,0.0,0.0,220.0,384.8800009796055,820.0
1337,0.0,0.0,99.83452611511512,220.0,354.70952653174015,712.6510471880482
1338,0.0,0.0,162.38612524937415,220.0,318.88612483274915,538.0423103607642
1339,0.0,0.0,137.4581135451972,220.0,199.8656139618222,390.23788719388546
1340,0.0,0.0,153.26436470897573,220.0,132.86686470897575,225.4374950336965
1341,0.0,0.0,133.39687038133775,220.0,127.17937038133778,82.0
1342,181.3387417979585,58.36374138133351,0.0,220.0,0.0,136.8619168984535
1343,175.10623753655176,76.20123795317681,0.0,220.0,0.0,208.4910805744397
1344,203.06811338942572,0.0,0.0,220.0,71.99561380605076,208.4910805744397
1345,209.25561514896287,58.345161098194325,0.0,220.0,53.767953634143595,263.33553200674237
1346,237.90374438845595,139.228744388456,0.0,220.0,0.0,394.21055173189103
1347,236.76749815756267,212.96749815756272,0.0,220.0,0.0,594.4
1348,251.5162421961204,240.0,0.0,220.0,32.59124177949536,820.0
1349,255.8193649887197,0.0,0.0,220.0,344.98186498871974,820.0
1350,250.1156175709142,0.0,0.0,220.0,424.3031179875393,820.0
1351,223.29390307769359,0.0,0.0,220.0,461.9114034943186,820.0
1352,200.28150000000005,0.0,0.0,220.0,483.7539999999999,820.0
1353,175.9917409098082,0.0,0.0,220.0,500.4342404931831,820.0
1354,153.55031035630952,0.0,0.0,220.0,511.4753103563095,820.0
1355,136.86894568101036,0.0,0.0,220.0,510.98644526438534,820.0
1356,118.87054092594394,0.0,0.0,220.0,518.4192905093189,820.0
1357,113.79523977793951,0.0,0.0,220.0,493.82273977793943,820.0
1358,119.19138213606448,0.0,0.0,220.0,443.9376317194394,820.0
1359,117.8531864595667,0.0,0.0,220.0,410.3169364595667,820.0
1360,102.40650131278983,0.0,0.0,220.0,397.94400089616477,820.0
1361,0.0,0.0,120.39848197847692,220.0,324.2984823951019,690.5392666898098
1362,0.0,0.0,133.98187227193972,220.0,266.2443722719397,546.4727373651434
1363,0.0,0.0,129.75186436435303,220.0,209.284364364353,406.95460364003264
1364,0.0,0.0,156.89716141638806,220.0,174.8996614163881,238.24797846112077
1365,0.0,0.0,145.31061996884233,220.0,112.6181199688424,82.0
1366,166.71374209961243,76.2387425162375,0.0,220.0,0.0,153.66441796526323
1367,184.82061204299873,64.32811204299878,0.0,220.0,0.0,214.13284328568207
1368,197.15623890946483,79.22123890946489,0.0,220.0,0.0,288.60080786057904
1369,216.12373981948167,103.71873940285667,0.0,220.0,0.0,386.0964228992643
1370,220.54499479790474,160.44499479790477,0.0,220.0,0.0,536.9147180092948
1371,237.071248155199,61.15455530926083,0.0,220.0,151.44169284593823,594.4
1372,254.93061690015503,240.0,0.0,220.0,28.4181169001551,820.0
1373,260.8087399809459,0.0,0.0,220.0,338.8837395643209,820.0
1374,256.62374238248447,0.0,0.0,220.0,416.34874279910946,820.0
1375,232.99597552061164,0.0,0.0,220.0,447.5634759372366,820.0
1376,200.54700014998502,0.0,0.0,220.0,483.28199973335995,820.0
1377,172.98640369025065,0.0,0.0,220.0,506.74140327362556,820.0
1378,150.24151195083982,0.0,0.0,220.0,519.4165115342148,820.0
1379,128.3019083315436,0.0,0.0,220.0,533.4444087481685,820.0
1380,116.87962814547086,0.0,0.0,220.0,523.8021285620957,820.0
1381,113.63542760737153,0.0,0.0,220.0,494.24167760737146,820.0
1382,117.75242213676165,0.0,0.0,220.0,447.3911725533867,820.0
1383,112.28988384869388,0.0,0.0,220.0,421.99238384869386,820.0
1384,110.95740125989846,0.0,0.0,220.0,382.74240125989843,820.0
1385,0.0,0.0,149.8725272902483,220.0,336.2850272902483,658.8467448491954
1386,0.0,0.0,122.99062268321836,220.0,279.6781222665934,526.5987634693906
1387,0.0,0.0,136.535613808295,220.0,200.993113808295,379.78627550348205
1388,0.0,0.0,128.93061653036057,220.0,162.6081161137356,241.15120396545993
1389,0.0,0.0,148.01061968787775,220.0,109.31812010450284,82.0
1390,155.89686797501076,89.4593675583858,0.0,220.0,0.0,166.09180550488264
1391,172.37248772820357,79.54248814482855,0.0,220.0,0.0,240.86174436102147
1392,190.18123948930736,87.74623907268244,0.0,220.0,0.0,323.34320908934296
1393,204.3506151967868,118.1081151967868,0.0,220.0,0.0,434.3648373743225
1394,237.8081193907115,139.34561939071153,0.0,220.0,0.0,565.3497196015913
1395,252.7424980332512,30.904553615328332,0.0,220.0,162.5379444179228,594.4
1396,251.12249202114964,240.0,0.0,220.0,33.072492021149685,820.0
1397,267.11998954647925,0.0,0.0,220.0,331.1699895464792,820.0
1398,271.69874213349874,0.0,0.0,220.0,397.92374213349876,820.0
1399,232.678288285407,0.0,0.0,220.0,448.033288285407,820.0
1400,218.33100014998502,0.0,0.0,220.0,451.66599973335997,820.0
1401,169.50908733688334,0.0,0.0,220.0,514.0390869202583,820.0
1402,141.34819655105105,0.0,0.0,220.0,540.760696967676,820.0
1403,126.39658846094778,0.0,0.0,220.0,538.4390880443227,820.0
1404,125.3441286063919,0.0,0.0,220.0,500.9166281897668,820.0
1405,115.96771883097347,0.0,0.0,220.0,488.12771883097344,820.0
1406,115.25317624783429,0.0,0.0,220.0,453.3894266644593,820.0
1407,120.29214865123788,0.0,0.0,220.0,405.19839865123777,820.0
1408,116.0955014682255,0.0,0.0,220.0,373.60800105160047,820.0
1409,0.0,0.0,119.34456680190857,220.0,325.85706680190856,691.672508815152
1410,0.0,0.0,140.88937213129327,220.0,257.8018721312933,540.1785602868797
1411,0.0,0.0,132.4181139583216,220.0,206.0256143749466,397.7934915144909
1412,0.0,0.0,150.9592020502407,220.0,159.98670205024072,235.4717688798235
1413,0.0,0.0,142.72874505823586,220.0,115.77374505823593,82.0
1414,153.0281181077317,55.32514969923848,0.0,220.0,37.64046799186825,134.00564071728417
1415,174.54936295055433,0.0,0.0,220.0,76.8818625339294,134.00564071728417
1416,215.38686269646507,0.0,0.0,220.0,56.93936311309011,134.00564071728417
1417,203.7881152237714,118.79561522377139,0.0,220.0,0.0,245.67351902762928
1418,227.72249444112447,151.67249485774954,0.0,220.0,0.0,388.24566419391385
1419,231.57562319796392,219.313123197964,0.0,220.0,0.0,594.4
1420,265.77561674306094,240.0,0.0,220.0,15.163116326435897,820.0
1421,245.00249041202926,0.0,0.0,220.0,358.2024904120292,820.0
1422,258.4293675176874,0.0,0.0,220.0,414.1418675176874,820.0
1423,246.25816411117523,0.0,0.0,220.0,427.95066411117523,820.0
1424,213.0569999999999,0.0,0.0,220.0,461.0419999999999,820.0
1425,181.3368036155074,0.0,0.0,220.0,489.2168036155074,820.0
1426,151.52459024607253,0.0,0.0,220.0,516.3370906626975,820.0
1427,131.14953371211004,0.0,0.0,220.0,525.979533295485,820.0
1428,108.13837801430168,0.0,0.0,220.0,547.4358780143017,820.0
1429,112.32413940869401,0.0,0.0,220.0,497.679139408694,820.0
1430,118.7862380050558,0.0,0.0,220.0,444.90998800505577,820.0
1431,119.16464297381128,0.0,0.0,220.0,407.56464297381126,820.0
1432,108.17550137829562,0.0,0.0,220.0,387.6880009616706,820.0
1433,0.0,0.0,116.66691585452133,220.0,329.8169158545213,694.5517033822351
1434,0.0,0.0,125.97187224755339,220.0,276.03437266417836,559.0980773095971
1435,0.0,0.0,149.27061295189947,220.0,185.42811253527452,398.5920418774472
1436,0.0,0.0,147.73499008024874,220.0,139.62499008024884,239.73721383416898
1437,3.28376075393561,0.0,146.69560886577716,220.0,106.91187003633786,82.0
1438,160.48686757517612,83.84936757517613,0.0,220.0,0.0,160.81840552066558
1439,172.4118627254431,79.4943631420681,0.0,220.0,0.0,235.54310687420957
1440,196.42498895059947,51.855159285723424,0.0,220.0,28.259829664876044,284.2869566027896
1441,210.0093651128036,0.0,0.0,220.0,111.19186469617864,284.2869566027896
1442,230.731869370141,147.99436978676601,0.0,220.0,0.0,423.4016642023496
1443,262.17562277236476,181.9131231889898,0.0,220.0,0.0,594.4
1444,253.1418671444698,240.0,0.0,220.0,30.60436672784482,820.0
1445,269.94373943597407,0.0,0.0,220.0,327.71873943597404,820.0
1446,261.5174922407956,0.0,0.0,220.0,410.3674926574206,820.0
1447,233.7473316107181,0.0,0.0,220.0,446.45233161071815,820.0
1448,206.40150014998505,0.0,0.0,220.0,472.87399973336005,820.0
1449,178.13783393079711,0.0,0.0,220.0,495.93033393079713,820.0
1450,142.04672080727698,0.0,0.0,220.0,539.084220807277,820.0
1451,130.34529522123387,0.0,0.0,220.0,528.0877952212338,820.0
1452,114.78375308704938,0.0,0.0,220.0,529.4687535036743,820.0
1453,113.98749750092213,0.0,0.0,220.0,493.31874791754706,820.0
1454,116.51015220065005,0.0,0.0,220.0,450.37265220065,820.0
1455,116.45701574415591,0.0,0.0,220.0,413.2470157441559,820.0
1456,118.18350134194941,0.0,0.0,220.0,369.8960013419494,820.0
1457,0.0,0.0,124.08466435614173,220.0,318.84716477276675,686.5756297245788
1458,0.0,0.0,138.2091116108013,220.0,299.14661119417633,537.9636817559752
1459,0.0,0.0,141.44061340623648,220.0,194.99811340623648,385.87700067400056
1460,0.0,0.0,135.3206157263379,220.0,154.79811614296295,240.37096225858346
1461,0.0,0.0,147.28499490048262,220.0,110.20499490048269,82.0
1462,158.60249284983678,57.59328744690032,0.0,220.0,28.559204986311443,136.1376902000863
1463,184.92186222338177,0.0,0.0,220.0,64.20436180675682,136.1376902000863
1464,210.84748795181633,62.487488368441404,0.0,220.0,0.0,194.87592926642122
1465,214.734364511171,105.41686492779598,0.0,220.0,0.0,293.9677822985494
1466,244.41749442229445,131.2674940056694,0.0,220.0,0.0,417.35922666387864
1467,256.9162478132913,188.34124822991635,0.0,220.0,0.0,594.4
1468,246.09374218092682,240.0,0.0,220.0,39.218742180926824,820.0
1469,268.79061448110065,0.0,0.0,220.0,329.1281144811006,820.0
1470,261.28124224763565,0.0,0.0,220.0,410.6562426642606,820.0
1471,235.35593925587966,0.0,0.0,220.0,444.07343925587963,820.0
1472,197.40150000000006,0.0,0.0,220.0,488.874,820.0
1473,171.4091057667407,0.0,0.0,220.0,510.05160576674075,820.0
1474,149.08710878631098,0.0,0.0,220.0,522.187108786311,820.0
1475,129.60318673364088,0.0,0.0,220.0,530.0331871502659,820.0
1476,118.4996281906275,0.0,0.0,220.0,519.4221286072525,820.0
1477,113.87393777986063,0.0,0.0,220.0,493.6164377798606,820.0
1478,114.12450827504699,0.0,0.0,220.0,456.0982586916721,820.0
1479,113.91841338142137,0.0,0.0,220.0,418.57466379804634,820.0
1480,112.77900143056735,0.0,0.0,220.0,379.50400101394234,820.0
1481,0.0,0.0,122.16341231760634,220.0,321.68841190098135,688.6414921316061
1482,0.0,0.0,127.56937258998852,220.0,274.08187217336354,551.4701237552744
1483,0.0,0.0,138.61123863815783,220.0,198.4562386381578,402.4257811335993
1484,0.0,0.0,163.85098128629355,220.0,179.3034812862936,226.24193028812238
1485,0.0,0.0,134.14499516795382,220.0,126.26499558457886,82.0
1486,152.17311795980652,94.0106179598065,0.0,220.0,0.0,170.3699808822181
1487,169.61623792143268,82.91123833805773,0.0,220.0,0.0,248.30654491999235
1488,208.30498828231964,65.5949882823196,0.0,220.0,0.0,309.9658339053728
1489,216.74248960231745,102.96248960231748,0.0,220.0,0.0,406.7505741315512
1490,217.7718696758344,163.8343700924595,0.0,220.0,0.0,560.7548820184631
1491,252.0618730385475,35.79267870376258,0.0,220.0,158.4816943347849,594.4
1492,246.16124217878217,240.0,0.0,220.0,39.1362421787822,820.0
1493,247.9274902975618,0.0,0.0,220.0,354.62749029756174,820.0
1494,261.5624926144551,0.0,0.0,220.0,410.3124921978301,820.0
1495,232.16393708345902,0.0,0.0,220.0,448.793937500084,820.0
1496,195.28650000000005,0.0,0.0,220.0,492.634,820.0
1497,180.25972302809555,0.0,0.0,220.0,491.4772230280955,820.0
1498,152.34443699245605,0.0,0.0,220.0,514.3694374090811,820.0
1499,136.38571232214133,0.0,0.0,220.0,512.2532119055163,820.0
1500,117.69300328063196,0.0,0.0,220.0,521.6030032806319,820.0
1501,113.73483560979821,0.0,0.0,220.0,493.98108560979813,820.0
1502,115.93074467579731,0.0,0.0,220.0,451.76324509242227,820.0
1503,115.08585602259052,0.0,0.0,220.0,416.1246056059655,820.0
1504,112.76550113044414,0.0,0.0,220.0,379.52800154706915,820.0
1505,0.0,0.0,119.55635823419505,220.0,325.5438586508201,691.4447760922634
1506,0.0,0.0,144.21116688598912,220.0,273.2111668859891,536.3790052471138
1507,0.0,0.0,133.008739284871,220.0,205.303738868246,393.3588554784353
1508,0.0,0.0,140.422490758732,220.0,148.56249034210708,242.36692993141168
1509,0.0,0.0,149.14124483621288,220.0,107.93624483621295,82.0
1510,166.8093670951884,0.0,0.0,220.0,76.12186751181343,82.0
1511,179.93811238529042,70.2956123852905,0.0,220.0,0.0,148.07787564217307
1512,208.2712382842181,12.220163072563501,0.0,220.0,53.416075211654665,159.56482893038276
1513,211.16811468225302,109.775615098878,0.0,220.0,0.0,262.7539071233281
1514,231.5024945394452,147.05249453944515,0.0,220.0,0.0,400.98325199040653
1515,242.6624982991712,205.76249788254626,0.0,220.0,0.0,594.4
1516,238.58436760700147,240.0,0.0,220.0,48.3968671903765,820.0
1517,254.5818648496671,0.0,0.0,220.0,346.4943652662921,820.0
1518,263.7337423641096,0.0,0.0,220.0,407.65874236410957,820.0
1519,250.0855410901487,0.0,0.0,220.0,422.29054067352365,820.0
1520,196.06499985001506,0.0,0.0,220.0,491.25000026664,820.0
1521,173.2244102620009,0.0,0.0,220.0,506.24190984537586,820.0
1522,151.962086940331,0.0,0.0,220.0,515.287087356956,820.0
1523,136.2338387506943,0.0,0.0,220.0,512.6513391673193,820.0
1524,119.80912845210662,0.0,0.0,220.0,515.8816280354815,820.0
1525,117.29730074838676,0.0,0.0,220.0,484.64230116501176,820.0
1526,114.48075571537788,0.0,0.0,220.0,455.2432557153778,820.0
1527,116.54011620703682,0.0,0.0,220.0,413.0726166236618,820.0
1528,117.52020118443272,0.0,0.0,220.0,371.07520160105776,820.0
1529,0.0,0.0,126.17232458488837,220.0,315.7598245848884,684.3308337796899
1530,0.0,0.0,133.5824970925903,220.0,266.7324975092153,540.6937401317433
1531,0.0,0.0,133.59936404897684,220.0,204.58186404897685,397.03850997155314
1532,0.0,0.0,127.86186622715991,220.0,163.91436664378494,259.55263230794037
1533,0.0,0.0,165.12394804638456,220.0,109.54394804638463,82.0
1534,172.642492200285,68.99249178366006,0.0,220.0,0.0,146.85294227664045
1535,176.31561263924874,0.0,0.0,220.0,74.72311263924877,146.85294227664045
1536,200.0699889330403,3.54078333822647,0.0,220.0,72.11920517818888,150.18127861457333
1537,209.00248978614349,112.42249020276842,0.0,220.0,0.0,255.85841940517565
1538,219.77437000356304,161.38686958693802,0.0,220.0,0.0,407.5620768168974
1539,248.3887480671304,198.7637480671304,0.0,220.0,0.0,594.4
1540,239.9456171887884,240.0,0.0,220.0,46.73311760541338,820.0
1541,257.23123993346724,0.0,0.0,220.0,343.2562399334672,820.0
1542,260.36999264898157,0.0,0.0,220.0,411.76999223235657,820.0
1543,231.68488498609054,0.0,0.0,220.0,449.50238456946556,820.0
1544,195.677999850015,0.0,0.0,220.0,491.93800026663996,820.0
1545,180.8769266452233,0.0,0.0,220.0,490.1819262285983,820.0
1546,150.63856765166463,0.0,0.0,220.0,518.4635676516647,820.0
1547,138.2772256403848,0.0,0.0,220.0,507.29472564038474,820.0
1548,115.51275310736992,0.0,0.0,220.0,527.4977535239948,820.0
1549,118.00489254737101,0.0,0.0,220.0,482.78739254737104,820.0
1550,109.93262831630113,0.0,0.0,220.0,466.1588778996761,820.0
1551,114.30769557473513,0.0,0.0,220.0,417.7576951581102,820.0
1552,118.58850119656307,0.0,0.0,220.0,369.1760016131881,820.0
1553,0.0,0.0,141.77815274379583,220.0,348.8531527437958,667.5503733937679
1554,0.0,0.0,122.57437250421253,220.0,280.18687250421254,535.749972851604
1555,0.0,0.0,126.37686464099875,220.0,213.40936464099877,399.86087108708915
1556,0.0,0.0,148.86561519181356,220.0,138.24311477518864,239.79031711739717
1557,0.0,0.0,146.74499491917936,220.0,110.86499491917937,82.0
1558,160.76811756216426,83.50561756216428,0.0,220.0,0.0,160.4952805084344
1559,184.55623687405176,64.65123729067676,0.0,220.0,0.0,221.26744356167055
1560,198.44436402448576,77.64686360786084,0.0,220.0,0.0,294.2554953530597
1561,207.73124022209095,113.97623980546598,0.0,220.0,0.0,401.3931607701977
1562,230.87249436682401,147.82249478344903,0.0,220.0,0.0,540.3463058666398
1563,241.62187293230647,57.50392992910658,0.0,220.0,149.53044341982488,594.4
1564,267.1537413243116,240.0,0.0,220.0,13.478741740936641,820.0
1565,250.44749038642487,0.0,0.0,220.0,351.5474899697999,820.0
1566,260.18436765435604,0.0,0.0,220.0,411.99686723773107,820.0
1567,232.3908568252997,0.0,0.0,220.0,448.4583568252997,820.0
1568,203.30549985001505,0.0,0.0,220.0,478.3780002666399,820.0
1569,178.80344552975953,0.0,0.0,220.0,494.53344552975955,820.0
1570,160.00982024900213,0.0,0.0,220.0,495.9723206656272,820.0
1571,132.03316042547067,0.0,0.0,220.0,523.6631600088456,820.0
1572,113.48437816331875,0.0,0.0,220.0,532.9818781633187,820.0
1573,118.88644812051393,0.0,0.0,220.0,480.47644853713894,820.0
1574,111.91312786582375,0.0,0.0,220.0,461.4056282824488,820.0
1575,117.47035895048703,0.0,0.0,220.0,411.120358950487,820.0
1576,107.01270121510726,0.0,0.0,220.0,389.75520121510726,820.0
1577,0.0,0.0,134.02127865380012,220.0,344.7337786538002,675.8910982217203
1578,0.0,0.0,122.99624730814133,220.0,279.6712477247663,543.6370688581275
1579,0.0,0.0,123.21561471264243,220.0,217.27311512926747,411.1471605649636
1580,0.0,0.0,150.31686471940606,220.0,136.46936513603112,249.51612323226894
1581,0.0,0.0,155.7899946060101,220.0,99.80999460601015,82.0
1582,162.97311764763253,80.81061723100754,0.0,220.0,0.0,157.96198019714708
1583,173.9024876209416,77.67248803756661,0.0,220.0,0.0,230.9741189524597
1584,192.15561419076255,85.33311419076256,0.0,220.0,0.0,311.1872462917765
1585,209.16561477831794,112.22311519494292,0.0,220.0,0.0,416.6769745750228
1586,225.42749449525775,154.47749491188273,0.0,220.0,0.0,561.8858197921926
1587,234.88874817218243,34.58955341256105,0.0,220.0,180.67419475962137,594.4
1588,256.0443666772869,240.0,0.0,220.0,27.056867093911933,820.0
1589,265.3312396164805,0.0,0.0,220.0,333.3562396164805,820.0
1590,255.3299924199424,0.0,0.0,220.0,417.9299928365674,820.0
1591,227.15657882510277,0.0,0.0,220.0,456.1990784084778,820.0
1592,204.48000014998502,0.0,0.0,220.0,476.28999973336,820.0
1593,177.2019436825591,0.0,0.0,220.0,497.894443682559,820.0
1594,144.76361192051468,0.0,0.0,220.0,532.5636123371396,820.0
1595,141.38372580454313,0.0,0.0,220.0,499.15122580454306,820.0
1596,115.0503780944814,0.0,0.0,220.0,528.7478785111064,820.0
1597,113.3354776516718,0.0,0.0,220.0,495.02797806829676,820.0
1598,116.5634606228175,0.0,0.0,220.0,450.2447106228175,820.0
1599,120.51240557427002,0.0,0.0,220.0,404.73615557427,820.0
1600,119.01150120136617,0.0,0.0,220.0,368.42400161799117,820.0
1601,0.0,0.0,131.93608187699704,220.0,307.236081460372,678.1332452935516
1602,0.0,0.0,151.84519251616265,220.0,297.65769293278765,514.858844738538
1603,0.0,0.0,125.2856147304476,220.0,214.7431147304476,380.1431299746158
1604,0.0,0.0,133.3237408604192,220.0,157.23874127704426,236.78426883438016
1605,0.0,0.0,143.94937001597356,220.0,114.2818700159736,82.0
1606,167.87249223348482,74.82249223348481,0.0,220.0,0.0,152.33314269947573
1607,167.9849880357928,9.76453319542694,0.0,220.0,75.14045525699086,161.51180390317705
1608,192.7743639684751,84.57686438510012,0.0,220.0,0.0,241.01405642517116
1609,226.6706139385591,0.0,0.0,220.0,90.82811435518408,241.01405642517116
1610,222.82311974416956,157.66061974416954,0.0,220.0,0.0,389.2150389846905
1611,232.41937300391692,218.28187342054196,0.0,220.0,0.0,594.4
1612,272.9306161407645,240.0,0.0,220.0,6.418116557389453,820.0
1613,263.9137396719532,0.0,0.0,220.0,335.08873967195314,820.0
1614,260.79186744928586,0.0,0.0,220.0,411.25436744928584,820.0
1615,235.35593942395144,0.0,0.0,220.0,444.07343900732644,820.0
1616,200.91150000000005,0.0,0.0,220.0,482.634,820.0
1617,179.92490035822254,0.0,0.0,220.0,492.17989994159745,820.0
1618,145.74522227302543,0.0,0.0,220.0,530.2077222730254,820.0
1619,141.29398246646747,0.0,0.0,220.0,499.38648246646744,820.0
1620,113.44050316209575,0.0,0.0,220.0,533.1005031620957,820.0
1621,115.35608336766495,0.0,0.0,220.0,489.7310837842899,820.0
1622,113.96164197675398,0.0,0.0,220.0,456.4891419767539,820.0
1623,110.87717382846131,0.0,0.0,220.0,424.95717341183627,820.0
1624,109.02600123796788,0.0,0.0,220.0,386.17600123796785,820.0
1625,0.0,0.0,115.8701760246019,220.0,330.99517602460196,695.4084128767722
1626,0.0,0.0,129.88124735543425,220.0,271.25624735543425,555.7511576558752
1627,0.0,0.0,148.494363015528,220.0,186.37686259890302,396.0797995746623
1628,0.0,0.0,137.01936561227433,220.0,152.7218660288994,248.74714837866838
1629,4.939521280104714,0.0,155.0748479921616,220.0,94.64686968889134,82.0
1630,152.7637429324816,93.28874293248157,0.0,220.0,0.0,169.69141835653267
1631,189.71436188739966,58.346861470774684,0.0,220.0,0.0,224.53746813906088
1632,216.37686282825632,15.685785550552113,0.0,220.0,40.04357727770429,239.28210655657986
1633,222.6543641312287,0.0,0.0,220.0,95.73686454785366,239.28210655657986
1634,217.91249485999873,163.66249485999867,0.0,220.0,0.0,393.1248517249786
1635,235.82249816491628,214.12249816491635,0.0,220.0,0.0,594.4
1636,252.17999198755,240.0,0.0,220.0,31.77999198754992,820.0
1637,266.4956147583948,0.0,0.0,220.0,331.93311434176974,820.0
1638,265.3593673170428,0.0,0.0,220.0,405.6718673170428,820.0
1639,232.95059177392966,0.0,0.0,220.0,447.6305917739296,820.0
1640,202.7969999999999,0.0,0.0,220.0,479.2819999999999,820.0
1641,176.10065890254953,0.0,0.0,220.0,500.2056593191745,820.0
1642,148.35917298761387,0.0,0.0,220.0,523.9341734042389,820.0
1643,129.9725153165789,0.0,0.0,220.0,529.0650148999539,820.0
1644,113.54175327740677,0.0,0.0,220.0,532.8267528607818,820.0
1645,117.12885964102963,0.0,0.0,220.0,485.0838592244046,820.0
1646,114.05649432631878,0.0,0.0,220.0,456.26149390969374,820.0
1647,115.21897833870878,0.0,0.0,220.0,415.84522792208384,820.0
1648,108.89550138647104,0.0,0.0,220.0,386.40800096984606,820.0
1649,0.0,0.0,163.69877694952353,220.0,389.3262769495236,643.9798097316951
1650,0.0,0.0,121.21312253192951,220.0,281.8506225319295,513.6431188371473
1651,0.0,0.0,136.27686364202327,220.0,201.30936405864827,367.1088568564771
1652,0.0,0.0,121.2412418591868,220.0,172.00624185918684,236.74193012616868
1653,0.0,0.0,143.90999501733688,220.0,114.32999501733696,82.0
1654,156.38061795263042,0.0,0.0,220.0,88.8681175360054,82.0
1655,173.31186266234783,78.3943630789729,0.0,220.0,0.0,155.69070129423454
1656,194.129989079699,82.91998907969906,0.0,220.0,0.0,233.63549102915167
1657,206.2518651055791,115.78436510557913,0.0,220.0,0.0,342.472794228396
1658,229.08374459649735,75.472667686999,0.0,220.0,74.53607690949836,413.4171018541751
1659,253.48499802747324,192.5349980274733,0.0,220.0,0.0,594.4
1660,256.5168670372368,240.0,0.0,220.0,26.479366620611813,820.0
1661,259.6218646524309,0.0,0.0,220.0,340.3343650690558,820.0
1662,259.5712422971453,0.0,0.0,220.0,412.74624271377024,820.0
1663,234.79116181812662,0.0,0.0,220.0,444.9086614015016,820.0
1664,191.00249985001494,0.0,0.0,220.0,500.25000026664,820.0
1665,184.7334399095147,0.0,0.0,220.0,482.0884394928896,820.0
1666,154.20104061094798,0.0,0.0,220.0,509.91354102757305,820.0
1667,140.53461575967322,0.0,0.0,220.0,501.3771157596732,820.0
1668,117.97312828844031,0.0,0.0,220.0,520.8456282884403,820.0
1669,117.32940147925842,0.0,0.0,220.0,484.55815106263344,820.0
1670,114.96604630178308,0.0,0.0,220.0,454.07854588515806,820.0
1671,115.1939673448635,0.0,0.0,220.0,415.8977173448634,820.0
1672,112.90410113201779,0.0,0.0,220.0,379.2816015486428,820.0
1673,0.0,0.0,103.66694588631378,220.0,349.0419454696888,708.530165713641
1674,0.0,0.0,143.16187189754072,220.0,255.0243723141657,554.5926690496187
1675,0.0,0.0,155.1561963446017,220.0,181.3386967612267,387.7580493242406
1676,0.0,0.0,131.69811615705396,220.0,159.225616157054,246.14717173601048
1677,0.0,0.0,152.65686971448974,220.0,103.63936971448982,82.0
1678,157.11749291853937,87.96749250191436,0.0,220.0,0.0,164.6894429517995
1679,176.11311284092636,74.97061242430141,0.0,220.0,0.0,235.1618186306428
1680,204.4124883138012,70.35248873042633,0.0,220.0,0.0,301.29315803724353
1681,207.98999002219688,113.6599900221969,0.0,220.0,0.0,408.1335486581086
1682,228.98249459888558,150.13249459888556,0.0,220.0,0.0,549.2580935810611
1683,236.71687334543782,48.023304700998835,0.0,220.0,165.00606822781413,594.4
1684,266.02311673519716,240.0,0.0,220.0,14.86061631857217,820.0
1685,265.29748943031996,0.0,0.0,220.0,333.39748984694495,820.0
1686,268.9424924007818,0.0,0.0,220.0,401.29249198415675,820.0
1687,233.7775875538872,0.0,0.0,220.0,446.4075875538872,820.0
1688,210.42899985001497,0.0,0.0,220.0,465.7140002666399,820.0
1689,174.95500028484958,0.0,0.0,220.0,502.61000028484955,820.0
1690,139.08350802584346,0.0,0.0,220.0,546.1960076092184,820.0
1691,128.53662190736804,0.0,0.0,220.0,532.829121490743,820.0
1692,114.28425307312602,0.0,0.0,220.0,530.819253489751,820.0
1693,118.85089618306756,0.0,0.0,220.0,480.5696457664426,820.0
1694,119.36564552990853,0.0,0.0,220.0,443.5193951132835,820.0
1695,120.62051689654294,0.0,0.0,220.0,404.5092673131679,820.0
1696,106.36650120776972,0.0,0.0,220.0,390.90400120776974,820.0
1697,1.99764692649552,0.0,120.44815419158863,220.0,321.27080070145917,690.4858557079692
1698,0.0,0.0,132.13124712213983,220.0,268.5062475387648,548.4092458992168
1699,0.0,0.0,141.74998838087726,220.0,194.61998838087726,395.98990355418755
1700,0.0,0.0,135.1912409225061,220.0,154.95624092250614,250.6229778310627
1701,0.0,0.0,156.81936938288834,220.0,98.55186979951338,82.0
1702,171.7481168667003,70.08561728332523,0.0,220.0,0.0,147.8804802463257
1703,168.65436298886573,84.0868634054907,0.0,220.0,0.0,226.92213184748698
1704,193.25248912906062,83.99248912906069,0.0,220.0,0.0,305.875071628804
1705,221.38311456717622,97.29061415055128,0.0,220.0,0.0,397.32824893032216
1706,219.4424948239099,161.79249482390992,0.0,220.0,0.0,549.4131940647975
1707,259.35187298181944,47.858304186385624,0.0,220.0,137.50606879543375,594.4
1708,250.50374222829026,240.0,0.0,220.0,33.828741811665225,820.0
1709,258.1649900844069,0.0,0.0,220.0,342.11498966778186,820.0
1710,257.7599925370678,0.0,0.0,220.0,414.9599925370678,820.0
1711,231.28651473155276,0.0,0.0,220.0,450.0915151481778,820.0
1712,206.1495,0.0,0.0,220.0,473.3219999999999,820.0
1713,180.93743679058355,0.0,0.0,220.0,490.0549363739585,820.0
1714,152.63487621943045,0.0,0.0,220.0,513.6723758028055,820.0
1715,134.01786874863888,0.0,0.0,220.0,518.4603687486389,820.0
1716,123.63637833381176,0.0,0.0,220.0,505.53387875043666,820.0
1717,113.89844461379221,0.0,0.0,220.0,493.55219461379215,820.0
1718,114.84398815216252,0.0,0.0,220.0,454.3714885687875,820.0
1719,119.04362255197748,0.0,0.0,220.0,407.8186229686024,820.0
1720,118.3815014941826,0.0,0.0,220.0,369.5440010775576,820.0
1721,0.0,0.0,135.3431537677033,220.0,345.8931537677033,674.4697271315018
1722,0.0,0.0,130.1174973506238,220.0,270.96749735062383,534.5584396577128
1723,0.0,0.0,144.55123815126126,220.0,191.19623815126124,379.1270007853889
1724,0.0,0.0,133.05374087854852,220.0,157.5687412951736,236.05846220630448
1725,0.0,0.0,143.27436985186318,220.0,115.1068702684882,82.0
1726,175.978116671002,64.91561708762697,0.0,220.0,0.0,143.02068006236937
1727,184.2693622691258,65.00186185250084,0.0,220.0,0.0,204.12243020372014
1728,201.65623846884728,73.7212388854723,0.0,220.0,0.0,273.42039475606407
1729,209.86874011954973,111.36373970292476,0.0,220.0,0.0,378.10231007681335
1730,225.88874448437804,29.48392714210611,0.0,220.0,124.42981775889687,405.8172015903931
1731,246.8699978914675,200.61999830809248,0.0,220.0,0.0,594.4
1732,264.09936660883875,240.0,0.0,220.0,17.211866608838704,820.0
1733,255.59999018478618,0.0,0.0,220.0,345.2499897681612,820.0
1734,269.78061700155297,0.0,0.0,220.0,400.268117418178,820.0
1735,245.47655224597133,0.0,0.0,220.0,429.10655224597133,820.0
1736,205.25400000000002,0.0,0.0,220.0,474.914,820.0
1737,184.8060519494934,0.0,0.0,220.0,481.9360519494934,820.0
1738,149.47313540378082,0.0,0.0,220.0,521.2606349871558,820.0
1739,128.60565524434924,0.0,0.0,220.0,532.6481548277243,820.0
1740,121.79025350732945,0.0,0.0,220.0,510.5252530907044,820.0
1741,117.72392687384558,0.0,0.0,220.0,483.52392687384554,820.0
1742,115.67707023767423,0.0,0.0,220.0,452.37207023767417,820.0
1743,116.37835269181221,0.0,0.0,220.0,413.4121022751872,820.0
1744,113.37300143731215,0.0,0.0,220.0,378.4480010206871,820.0
1745,0.0,0.0,117.11066968384347,220.0,329.1606696838435,694.07454872705
1746,0.0,0.0,130.3312475337529,220.0,270.7062471171279,553.9334223466706
1747,0.0,0.0,134.27998880570533,220.0,203.74998922233033,409.54633760935303
1748,0.0,0.0,150.70684949312067,220.0,185.50934949312074,247.49596181029855
1749,0.0,0.0,153.91124448357766,220.0,102.10624490020268,82.0
1750,158.52936785321987,0.0,0.0,220.0,86.24186743659487,82.0
1751,161.90436364956122,92.33686364956128,0.0,220.0,0.0,168.7966518305876
1752,194.85561403888073,16.26266220127005,0.0,220.0,65.7704518376108,184.08355429978144
1753,211.8712400234848,108.91623960685979,0.0,220.0,0.0,286.46481953022965
1754,229.57311977243546,149.41061935581047,0.0,220.0,0.0,426.9108017246915
1755,265.22999774859676,178.17999816522178,0.0,220.0,0.0,594.4
1756,237.3412422715365,240.0,0.0,220.0,49.9162426881615,820.0
1757,270.19123923880704,0.0,0.0,220.0,327.41623965543204,820.0
1758,250.23936756733144,0.0,0.0,220.0,424.15186798395644,820.0
1759,227.227176025831,0.0,0.0,220.0,456.094675609206,820.0
1760,204.0615001499849,0.0,0.0,220.0,477.0339997333599,820.0
1761,166.7982326902919,0.0,0.0,220.0,519.7282326902919,820.0
1762,154.18633496224834,0.0,0.0,220.0,509.9488349622484,820.0
1763,127.17321350198745,0.0,0.0,220.0,536.4032130853624,820.0
1764,114.8512532014197,0.0,0.0,220.0,529.2862532014196,820.0
1765,113.71861289111291,0.0,0.0,220.0,494.0236124744879,820.0
1766,117.74102540881825,0.0,0.0,220.0,447.4185249921933,820.0
1767,112.1527275229962,0.0,0.0,220.0,422.28022752299614,820.0
1768,121.95000153470215,0.0,0.0,220.0,363.2000011180771,820.0
1769,0.0,0.0,163.02940179850495,220.0,371.02940221512995,644.6995679585968
1770,0.0,0.0,121.63499733585832,220.0,281.3349977524833,513.9092482426202
1771,0.0,0.0,130.0387395283193,220.0,208.9337391116943,374.0826465992661
1772,0.0,0.0,130.9162412095534,220.0,160.18124120955343,233.31249476103667
1773,0.0,0.0,140.7206201277641,220.0,118.2281201277641,82.0
1774,172.14749203570466,0.0,0.0,220.0,69.5974920357047,82.0
1775,194.32123618946844,0.0,0.0,220.0,52.7162366060935,82.0
1776,189.47811452885992,88.60561411223489,0.0,220.0,0.0,165.2892772655008
1777,200.18811539647243,103.09452622054022,0.0,220.0,20.10108917593226,262.1981319128086
1778,246.56624399664838,128.6412444132734,0.0,220.0,0.0,383.1209016612856
1779,227.11499823267485,224.76499823267488,0.0,220.0,0.0,594.4
1780,263.1206166399364,240.0,0.0,220.0,18.40811663993628,820.0
1781,258.37873988856086,0.0,0.0,220.0,341.85373988856077,820.0
1782,283.6293666005897,0.0,0.0,220.0,383.3418670172148,820.0
1783,235.33576862710015,0.0,0.0,220.0,444.1032686271002,820.0
1784,196.08300014998497,0.0,0.0,220.0,491.2179997333599,820.0
1785,180.36460714559973,0.0,0.0,220.0,491.25710756222475,820.0
1786,147.5356499209572,0.0,0.0,220.0,525.9106499209572,820.0
1787,132.78562368352277,0.0,0.0,220.0,521.6906236835227,820.0
1788,117.51412838813474,0.0,0.0,220.0,522.0866279715096,820.0
1789,108.23391430884453,0.0,0.0,220.0,508.40141430884455,820.0
1790,116.39655023732553,0.0,0.0,220.0,450.64529982070053,820.0
1791,120.16749775523613,0.0,0.0,220.0,405.45999775523615,820.0
1792,117.57600148503627,0.0,0.0,220.0,370.9760010684113,820.0
1793,0.0,0.0,101.44313374640797,220.0,352.330634163033,710.9213615630022
1794,0.0,0.0,130.67999715168935,220.0,270.27999756831434,570.4052355934438
1795,0.0,0.0,144.50623815494987,220.0,191.25123815494987,415.02218381392777
1796,0.0,0.0,153.48751154342028,220.0,137.99001112679537,249.98184882100276
1797,0.0,0.0,156.22311940353256,220.0,99.2806198201576,82.0
1798,156.63374256595728,88.55874298258226,0.0,220.0,0.0,165.24521840362732
1799,163.33311354939752,90.59061354939757,0.0,220.0,0.0,250.40039514006105
1800,182.8293647153876,0.0,0.0,220.0,96.7318647153877,250.40039514006105
1801,212.4843648065904,108.16686480659041,0.0,220.0,0.0,352.07724805825603
1802,231.19874473409112,147.42374431746606,0.0,220.0,0.0,490.6555677166741
1803,233.88187318001758,110.3664173226871,0.0,220.0,106.12795585733043,594.4
1804,258.3899919777225,240.0,0.0,220.0,24.189991561097486,820.0
1805,258.2437398938439,0.0,0.0,220.0,342.0187398938439,820.0
1806,253.10811748427238,0.0,0.0,220.0,420.6456179008974,820.0
1807,229.56696896424774,0.0,0.0,220.0,452.63446854762276,820.0
1808,201.97350014998494,0.0,0.0,220.0,480.7459997333599,820.0
1809,180.05802240910793,0.0,0.0,220.0,491.9005228257329,820.0
1810,144.9805222913111,0.0,0.0,220.0,532.043021874686,820.0
1811,137.2727907023509,0.0,0.0,220.0,509.9277902857259,820.0
1812,115.67137833676895,0.0,0.0,220.0,527.0688779201439,820.0
1813,116.81130629994425,0.0,0.0,220.0,485.9163058833193,820.0
1814,117.68036397829871,0.0,0.0,220.0,447.5641139782988,820.0
1815,110.12039363137637,0.0,0.0,220.0,426.54539321475136,820.0
1816,117.50400148421886,0.0,0.0,220.0,371.1040010675938,820.0
1817,8.947990678953744,0.0,120.33565320026955,220.0,311.15864429584826,690.6068245158392
1818,0.0,0.0,156.35812162884645,220.0,238.89562204547144,522.4798120117032
1819,0.0,0.0,133.66123923138622,220.0,204.50623881476122,378.75804939730943
1820,0.0,0.0,126.9899912857025,220.0,164.97999170232754,242.2096716707476
1821,0.0,0.0,148.9949946537953,220.0,108.11499507042038,82.0
1822,167.29311726028925,75.53061726028932,0.0,220.0,0.0,152.99878022467198
1823,178.39686230585983,0.0,0.0,220.0,72.17936272248483,152.99878022467198
1824,209.68311301731535,63.9106134339404,0.0,220.0,0.0,213.07475685257594
1825,208.08561520509073,113.54311478846569,0.0,220.0,0.0,319.8052847537337
1826,234.4837444691251,99.51828969726068,0.0,220.0,43.89045477186437,413.35247706915874
1827,253.4287482153922,192.6037477987673,0.0,220.0,0.0,594.4
1828,254.90811671338872,240.0,0.0,220.0,28.445617130013716,820.0
1829,267.547489342268,0.0,0.0,220.0,330.647489758893,820.0
1830,265.3087423185086,0.0,0.0,220.0,405.7337423185086,820.0
1831,245.67825853376587,0.0,0.0,220.0,428.80825853376587,820.0
1832,203.22000014998503,0.0,0.0,220.0,478.52999973336,820.0
1833,177.46012016830912,0.0,0.0,220.0,497.35262058493413,820.0
1834,140.63129032585243,0.0,0.0,220.0,542.4812903258523,820.0
1835,126.19639178370221,0.0,0.0,220.0,538.9638913670772,820.0
1836,127.9462535664361,0.0,0.0,220.0,493.88125356643604,820.0
1837,116.77471851734038,0.0,0.0,220.0,486.01221851734044,820.0
1838,114.09068512282829,0.0,0.0,220.0,456.1794351228283,820.0
1839,118.74228217085403,0.0,0.0,220.0,408.451032170854,820.0
1840,114.45660114964613,0.0,0.0,220.0,376.5216015662711,820.0
1841,0.0,0.0,111.29648598829266,220.0,337.7589859882927,700.3263591523735
1842,0.0,0.0,159.2885392051012,220.0,298.0135396217262,529.0483600071034
1843,0.0,0.0,127.30498975240238,220.0,212.27498933577738,392.1612742518321
1844,0.0,0.0,146.70561496188554,220.0,140.88311537851052,234.41330117453583
1845,0.0,0.0,141.74437009231832,220.0,116.97687009231834,82.0
1846,153.9674930642721,0.0,0.0,220.0,91.8174926476471,82.0
1847,184.03873728529402,65.28373686866905,0.0,220.0,0.0,143.3667126565489
1848,195.08061383874275,81.75811425536773,0.0,220.0,0.0,220.21934005659458
1849,219.10498930150112,100.07498971812612,0.0,220.0,0.0,314.28983039163313
1850,222.6374949360292,157.88749451940419,0.0,220.0,0.0,462.7040752398731
1851,243.7649981031107,140.10204761715627,0.0,220.0,64.31295048595442,594.4
1852,263.9249916143791,240.0,0.0,220.0,17.42499161437911,820.0
1853,261.461239955411,0.0,0.0,220.0,338.0862395387859,820.0
1854,267.09186726688176,0.0,0.0,220.0,403.55436726688174,820.0
1855,225.35130738126975,0.0,0.0,220.0,458.8688073812698,820.0
1856,201.96000014998504,0.0,0.0,220.0,480.76999973336,820.0
1857,178.34356829056833,0.0,0.0,220.0,495.4985687071933,820.0
1858,155.41794330322818,0.0,0.0,220.0,506.99294330322823,820.0
1859,136.0129321873983,0.0,0.0,220.0,513.2304321873983,820.0
1860,116.61772825065918,0.0,0.0,220.0,524.5102282506591,820.0
1861,112.5001742979473,0.0,0.0,220.0,497.21767471457224,820.0
1862,113.04914884696302,0.0,0.0,220.0,458.679148846963,820.0
1863,110.93929744152956,0.0,0.0,220.0,424.8267974415296,820.0
1864,109.86345124747686,0.0,0.0,220.0,384.6872012474769,820.0
1865,0.0,0.0,114.66498113349189,220.0,332.7774807168669,696.7043213618367
1866,0.0,0.0,139.33124716301893,220.0,259.70624716301893,546.8857760252572
1867,0.0,0.0,118.32749030079896,220.0,223.24749030079897,419.6519154867637
1868,0.0,0.0,164.28441158692686,220.0,169.7744111703019,243.00201055458427
1869,0.0,0.0,149.7318698157634,220.0,107.2143698157634,82.0
1870,154.58624303564608,91.06124261902107,0.0,220.0,0.0,167.5975680618798
1871,175.87123748292078,75.26623789954579,0.0,220.0,0.0,238.34783168745284
1872,190.8449892644885,86.93498926448859,0.0,220.0,0.0,320.0667215960721
1873,207.91123983849343,113.75624025511843,0.0,220.0,0.0,426.9975874358834
1874,225.12374487738492,154.84874446075986,0.0,220.0,0.0,572.5554072289976
1875,240.49124831606707,23.238928479789724,0.0,220.0,185.17731941965243,594.4
1876,247.46624232479996,240.0,0.0,220.0,37.54124190817504,820.0
1877,248.21999047359634,0.0,0.0,220.0,354.2699900569713,820.0
1878,267.02436708135485,0.0,0.0,220.0,403.6368674979798,820.0
1879,236.37455617731382,0.0,0.0,220.0,442.56705576068885,820.0
1880,213.57000014998505,0.0,0.0,220.0,460.1299997333599,820.0
1881,176.7864408188724,0.0,0.0,220.0,498.76644040224744,820.0
1882,148.9657861736173,0.0,0.0,220.0,522.4782861736173,820.0
1883,125.6510281914617,0.0,0.0,220.0,540.3935286080867,820.0
1884,121.41495338437937,0.0,0.0,220.0,511.5399533843794,820.0
1885,113.3630911007233,0.0,0.0,220.0,494.95559110072327,820.0
1886,118.1384486421124,0.0,0.0,220.0,446.46469905873744,820.0
1887,119.53173784553161,0.0,0.0,220.0,406.7942378455316,820.0
1888,106.33950120746312,0.0,0.0,220.0,390.9520012074631,820.0
1889,0.0,0.0,120.5951457754528,220.0,324.00764577545283,690.3278002414486
1890,0.0,0.0,138.00937218993414,220.0,261.32187218993414,541.93062584367
1891,0.0,0.0,120.57186530431073,220.0,220.50436488768577,412.2834588497875
1892,0.0,0.0,130.0781160783485,220.0,161.20561649497358,272.41451683005795
1893,0.0,0.0,177.0855006519539,220.0,154.96800023532893,82.0
1894,145.37811846165414,0.0,0.0,220.0,102.31561804502911,82.0
1895,186.75561171986277,61.96311213648778,0.0,220.0,0.0,140.24532540829853
1896,193.14561432255385,0.0,0.0,220.0,84.12311390592885,140.24532540829853
1897,207.69748984874758,114.0174902653726,0.0,220.0,0.0,247.42176625774877
1898,221.3999949652187,149.82640760813038,0.0,220.0,9.573586940463343,388.25858940939133
1899,231.58687338535765,219.29937296873265,0.0,220.0,0.0,594.4
1900,264.92624158256666,240.0,0.0,220.0,16.201241582566638,820.0
1901,255.48186518940884,0.0,0.0,220.0,345.3943647727838,820.0
1902,256.3256175785973,0.0,0.0,220.0,416.71311757859735,820.0
1903,226.90948862255448,0.0,0.0,220.0,456.5644882059295,820.0
1904,193.82400014998495,0.0,0.0,220.0,495.23399973335995,820.0
1905,172.67578467516114,0.0,0.0,220.0,507.3932850917861,820.0
1906,159.39953086526145,0.0,0.0,220.0,497.4370308652615,820.0
1907,133.17566203746708,0.0,0.0,220.0,520.668162037467,820.0
1908,120.12300323587817,0.0,0.0,220.0,515.0330036525031,820.0
1909,116.0422748327934,0.0,0.0,220.0,487.9322748327934,820.0
1910,118.08955207397048,0.0,0.0,220.0,446.58205207397043,820.0
1911,113.93091894557085,0.0,0.0,220.0,418.5484189455709,820.0
1912,112.95450128257511,0.0,0.0,220.0,379.1920012825751,820.0
1913,0.0,0.0,117.74604431684662,220.0,328.2210447334717,693.3913501969391
1914,0.0,0.0,120.04874755563782,220.0,283.27374755563784,564.3066754059307
1915,0.0,0.0,138.65623844698803,220.0,198.401238863613,415.2139458930404
1916,0.0,0.0,132.68249109095757,220.0,158.0224910909576,272.54460063394623
1917,0.0,0.0,177.20647858957,220.0,139.57647817294503,82.0
1918,162.28686749190024,0.0,0.0,220.0,81.64936749190025,82.0
1919,189.033736560153,59.17873697677794,0.0,220.0,0.0,137.62801275817125
1920,209.64936301921387,11.250788750953719,0.0,220.0,52.701074684885185,148.20375418406775
1921,217.2374897660523,102.35748934942728,0.0,220.0,0.0,244.41979417252938
1922,223.51499454036872,156.81499495699376,0.0,220.0,0.0,391.8258894321035
1923,234.6918733611957,215.50437294457072,0.0,220.0,0.0,594.4
1924,258.789366777552,240.0,0.0,220.0,23.701866777552027,820.0
1925,258.7781150604128,0.0,0.0,220.0,341.3656146437878,820.0
1926,261.4949924289282,0.0,0.0,220.0,410.39499242892816,820.0
1927,233.1623833761139,0.0,0.0,220.0,447.31738337611387,820.0
1928,219.928499850015,0.0,0.0,220.0,448.82600026664,820.0
1929,168.63370723400544,0.0,0.0,220.0,515.8762068173804,820.0
1930,153.22678326659093,0.0,0.0,220.0,512.2517836832159,820.0
1931,132.84775368680596,0.0,0.0,220.0,521.5277536868059,820.0
1932,121.68900327952963,0.0,0.0,220.0,510.7990036961546,820.0
1933,119.03072790574686,0.0,0.0,220.0,480.09822790574685,820.0
1934,117.45683637202205,0.0,0.0,220.0,448.10058595539704,820.0
1935,115.18993333528408,0.0,0.0,220.0,415.906183335284,820.0
1936,108.7875013852447,0.0,0.0,220.0,386.6000009686197,820.0
1937,0.0,0.0,126.1370259848286,220.0,315.81202598482867,684.3687892636251
1938,0.0,0.0,128.69800032997512,220.0,294.71050074660013,545.983842672254
1939,0.0,0.0,140.9062384500387,220.0,195.6512384500387,394.47175831737366
1940,0.0,0.0,144.61874010200995,220.0,143.43374051863498,238.9677367023092
1941,0.0,0.0,145.97999513314755,220.0,111.79999471652258,82.0
1942,164.98686755446766,0.0,0.0,220.0,78.3493671378427,82.0
1943,169.81873790723625,82.66373832386125,0.0,220.0,0.0,159.7039140244296
1944,194.65873886247425,82.27373927909923,0.0,220.0,0.0,237.04122894678287
1945,206.0099903046637,32.56516252981871,0.0,220.0,83.51482735821995,267.65248172481245
1946,231.57561953772034,146.9631195377204,0.0,220.0,0.0,405.7978140902696
1947,246.85312289159884,200.64062330822384,0.0,220.0,0.0,594.4
1948,250.8806170288347,240.0,0.0,220.0,33.36811702883466,820.0
1949,252.483740306738,0.0,0.0,220.0,349.058739890113,820.0
1950,260.16749246736345,0.0,0.0,220.0,412.01749246736335,820.0
1951,223.82842507649275,0.0,0.0,220.0,461.1209246598678,820.0
1952,211.8554999999999,0.0,0.0,220.0,463.1779999999999,820.0
1953,174.07558603782752,0.0,0.0,220.0,504.4555864544525,820.0
1954,147.77829514634436,0.0,0.0,220.0,525.3282951463443,820.0
1955,137.86647740039018,0.0,0.0,220.0,508.3714769837652,820.0
1956,115.7861282274788,0.0,0.0,220.0,526.7586282274788,820.0
1957,116.82787407026069,0.0,0.0,220.0,485.8728744868856,820.0
1958,115.1358978416016,0.0,0.0,220.0,453.6708978416016,820.0
1959,110.95583674635145,0.0,0.0,220.0,424.7920871629764,820.0
1960,117.74250133694193,0.0,0.0,220.0,370.6800013369419,820.0
1961,0.0,0.0,133.3278552507802,220.0,305.17785483415526,676.6367147841073
1962,0.0,0.0,140.08499714767146,220.0,258.78499714767145,526.0076855930628
1963,0.0,0.0,131.22561424355098,220.0,207.48311424355097,384.90487457849184
1964,0.0,0.0,121.45499203231572,220.0,171.74499161569076,254.30810895234592
1965,0.0,0.0,160.2465413256817,220.0,137.99154090905674,82.0
1966,178.07624157393354,0.0,0.0,220.0,62.35124199055849,82.0
1967,182.0531120495354,67.7106124661604,0.0,220.0,0.0,145.64797571819076
1968,199.8899887556845,24.423287902243285,0.0,220.0,51.45670085344122,168.60586634629945
1969,211.55623966363368,109.30124008025865,0.0,220.0,0.0,271.3490320217426
1970,235.47936963312208,142.19186921649708,0.0,220.0,0.0,405.00938908524984
1971,246.1668728969389,201.479373313564,0.0,220.0,0.0,594.4
1972,260.21811691963796,240.0,0.0,220.0,21.955616503012948,820.0
1973,252.0393649491657,0.0,0.0,220.0,349.6018653657907,820.0
1974,271.70999213317305,0.0,0.0,220.0,397.9099921331731,820.0
1975,240.1111649906362,0.0,0.0,220.0,437.04116499063616,820.0
1976,205.6679999999999,0.0,0.0,220.0,474.1779999999999,820.0
1977,169.3194886125142,0.0,0.0,220.0,514.4369890291392,820.0
1978,142.69745118445144,0.0,0.0,220.0,537.5224511844515,820.0
1979,120.45281803181433,0.0,0.0,220.0,554.0203180318142,820.0
1980,121.5202533873146,0.0,0.0,220.0,511.2552533873145,820.0
1981,118.67658701214566,0.0,0.0,220.0,481.0265865955207,820.0
1982,117.4682333450371,0.0,0.0,220.0,448.07323292841215,820.0
1983,112.12771679805792,0.0,0.0,220.0,422.3327163814329,820.0
1984,114.31350129800637,0.0,0.0,220.0,376.77600129800635,820.0
1985,0.0,0.0,106.5916870341191,220.0,344.71668661749413,705.3852827590117
1986,0.0,0.0,131.73749731763837,220.0,268.9874973176384,563.7320598368199
1987,0.0,0.0,130.48311430441305,220.0,208.39061430441308,423.42763585358
1988,0.0,0.0,153.69748949241205,220.0,132.33748990903712,258.16151811980365
1989,0.0,0.0,163.8302118514174,220.0,127.42521185141743,82.0
1990,149.3156179045257,97.50311832115068,0.0,220.0,0.0,173.65293122188163
1991,177.57561255091542,73.18311255091544,0.0,220.0,0.0,242.44505701974214
1992,203.38873837138976,71.60373878801477,0.0,220.0,0.0,309.75257148047604
1993,199.1137404480129,124.50874044801293,0.0,220.0,0.0,426.7907875016082
1994,226.41186984700136,153.27436943037634,0.0,220.0,0.0,570.868694766162
1995,242.72999811116472,25.03330344025319,0.0,220.0,180.6466946709116,594.4
1996,246.89249215554833,240.0,0.0,220.0,38.24249215554835,820.0
1997,264.6449896433362,0.0,0.0,220.0,334.19498964333616,820.0
1998,273.28499208757205,0.0,0.0,220.0,395.984992087572,820.0
1999,241.94164938430004,0.0,0.0,220.0,434.33414980092505,820.0
2000,199.76850014998502,0.0,0.0,220.0,484.66599973335997,820.0
2001,173.51082481558558,0.0,0.0,220.0,505.6408248155856,820.0
2002,154.381186308584,0.0,0.0,220.0,509.481186725209,820.0
2003,124.52923658055965,0.0,0.0,220.0,543.3342365805597,820.0
2004,119.71159072441037,0.0,0.0,220.0,516.1453411410353,820.0
2005,112.32068774194306,0.0,0.0,220.0,497.688187741943,820.0
2006,118.47190201387718,0.0,0.0,220.0,445.66440243050215,820.0
2007,114.41701709988183,0.0,0.0,220.0,417.52826709988176,820.0
2008,113.8171512923704,0.0,0.0,220.0,377.6584012923704,820.0
2009,0.0,0.0,118.06373171738414,220.0,327.7512321340091,693.0497508415224
2010,0.0,0.0,124.05937247397583,220.0,278.3718724739758,559.6525761383226
2011,0.0,0.0,119.36811502801862,220.0,221.9756154446436,431.2997642802381
2012,0.0,0.0,164.0081139875805,220.0,119.73561398758056,254.94695354090425
2013,0.0,0.0,160.84066679304095,220.0,112.78566720966597,82.0
2014,157.53936752405906,87.45186794068411,0.0,220.0,0.0,164.20475586424305
2015,166.87123848883562,86.26623807221063,0.0,220.0,0.0,245.29501965212103
2016,202.50561360854903,72.68311360854909,0.0,220.0,0.0,313.6171464441572
2017,205.93686530817172,116.1693648915467,0.0,220.0,0.0,422.81634944221105
2018,234.30374466085203,0.0,0.0,220.0,143.6287442442271,422.81634944221105
2019,240.19874831834323,182.5357984657329,0.0,220.0,26.237949435985286,594.4
2020,256.20186667228273,240.0,0.0,220.0,26.864367088907727,820.0
2021,257.9793650916713,0.0,0.0,220.0,342.3418646750463,820.0
2022,272.4974922978538,0.0,0.0,220.0,396.94749188122876,820.0
2023,235.52234711138192,0.0,0.0,220.0,443.8273466947569,820.0
2024,194.17949999999996,0.0,0.0,220.0,494.60199999999986,820.0
2025,170.8806504972614,0.0,0.0,220.0,511.1606504972614,820.0
2026,150.93268307637618,0.0,0.0,220.0,517.7576830763762,820.0
2027,137.99764074065456,0.0,0.0,220.0,508.02764032402956,820.0
2028,126.70762853191002,0.0,0.0,220.0,497.23012853190994,820.0
2029,115.10618269489783,0.0,0.0,220.0,490.38618311152277,820.0
2030,120.01306712602513,0.0,0.0,220.0,441.96556670940015,820.0
2031,120.52813807717592,0.0,0.0,220.0,404.7031384938009,820.0
2032,114.47055129978958,0.0,0.0,220.0,376.4968012997896,820.0
2033,28.249300846102813,0.0,96.68252991147227,220.0,317.5943311742001,716.0402904177718
2034,0.0,0.0,146.9024970088575,220.0,250.45249700885756,558.0806162146991
2035,0.0,0.0,140.42248830221,220.0,196.24248871883503,407.0886933090969
2036,0.0,0.0,151.9649899837043,220.0,134.45498956707934,243.68547827285573
2037,0.0,0.0,150.36749479375584,220.0,106.43749479375589,82.0
2038,184.2524914756745,54.802491475674515,0.0,220.0,0.0,133.51434198713403
2039,182.71686219048382,66.89936219048388,0.0,220.0,0.0,196.3997424461889
2040,202.88811377451373,0.015172456361889826,0.0,220.0,72.20044090152685,196.41400455516907
2041,215.52748966060403,104.4474896606041,0.0,220.0,0.0,294.5946448361369
2042,246.67874418147608,128.50374418147612,0.0,220.0,0.0,415.3881643667245
2043,255.20062301412293,190.43812301412288,0.0,220.0,0.0,594.4
2044,264.3862417872052,240.0,0.0,220.0,16.86124137058016,820.0
2045,282.3806141367485,0.0,0.0,220.0,312.51811372012344,820.0
2046,269.313742390033,0.0,0.0,220.0,400.838741973408,820.0
2047,240.07082390114908,0.0,0.0,220.0,437.1008234845241,820.0
2048,203.67899985001497,0.0,0.0,220.0,477.7140002666399,820.0
2049,174.99937439144708,0.0,0.0,220.0,502.516874391447,820.0
2050,145.2930198075312,0.0,0.0,220.0,531.2930198075312,820.0
2051,140.1549324062761,0.0,0.0,220.0,502.37243240627606,820.0
2052,115.01325331842406,0.0,0.0,220.0,528.848252901799,820.0
2053,112.1884887903384,0.0,0.0,220.0,498.0347392069634,820.0
2054,113.43921943951261,0.0,0.0,220.0,457.74296943951265,820.0
2055,113.38673118777103,0.0,0.0,220.0,419.690480771146,820.0
2056,109.36350139178501,0.0,0.0,220.0,385.57600097516,820.0
2057,0.0,0.0,117.196394855417,220.0,329.0338948554171,693.9823711232075
2058,0.0,0.0,121.938747704636,220.0,280.963747288011,562.8654381074698
2059,0.0,0.0,165.8592467026039,220.0,244.34174628597896,384.5221620831645
2060,0.0,0.0,144.7931152777827,220.0,143.2206152777827,228.83064027909708
2061,0.0,0.0,136.5524954595603,220.0,123.32249504293532,82.0
2062,173.14874217686372,68.37374176023877,0.0,220.0,0.0,146.27131725462445
2063,185.3493620059303,0.0,0.0,220.0,63.68186200593033,146.27131725462445
2064,196.18873896388914,80.40373896388923,0.0,220.0,0.0,221.85083188068032
2065,217.1137397719889,102.5087393553639,0.0,220.0,0.0,318.2090468747224
2066,227.26686982683407,152.22936941020907,0.0,220.0,0.0,461.3046541203189
2067,242.92124810967647,141.59079348902242,0.0,220.0,63.85545462065403,594.4
2068,257.5124918181218,240.0,0.0,220.0,25.262491818121816,820.0
2069,254.85186521406342,0.0,0.0,220.0,346.16436479743834,820.0
2070,270.18561698982705,0.0,0.0,220.0,399.773117406452,820.0
2071,241.79036983652588,0.0,0.0,220.0,434.5578698365259,820.0
2072,207.67050014998495,0.0,0.0,220.0,470.61799973335997,820.0
2073,172.13926165520752,0.0,0.0,220.0,508.51926123858254,820.0
2074,150.79665469244708,0.0,0.0,220.0,518.0841546924471,820.0
2075,131.70525207480944,0.0,0.0,220.0,524.5227516581845,820.0
2076,116.58600336226368,0.0,0.0,220.0,524.5960029456387,820.0
2077,115.66914977206227,0.0,0.0,220.0,488.9103993554372,820.0
2078,114.17781681975032,0.0,0.0,220.0,455.97031681975034,820.0
2079,117.99034265081093,0.0,0.0,220.0,410.02909306743584,820.0
2080,118.28070134305301,0.0,0.0,220.0,369.723201343053,820.0
2081,0.0,0.0,108.04901478279851,220.0,342.56151478279855,703.8182636744102
2082,0.0,0.0,134.67937207025642,220.0,265.3918724868814,559.0017345666076
2083,0.0,0.0,134.02123901439603,220.0,204.06623901439605,414.8928754113431
2084,0.0,0.0,136.95749080391022,220.0,152.79749080391025,267.6267562673536
2085,0.0,0.0,172.63288332863885,220.0,126.01538374526388,82.0
2086,164.6887425682603,78.7137421516353,0.0,220.0,0.0,155.99091762253718
2087,177.11998777033864,54.211409464500306,0.0,220.0,19.528577889213366,206.94964251916747
2088,199.37811378447878,76.50561378447878,0.0,220.0,0.0,278.86491947657754
2089,224.72436403192563,0.0,0.0,220.0,93.20686444855062,278.86491947657754
2090,229.21874459331303,149.84374459331303,0.0,220.0,0.0,419.7180393942918
2091,258.9693729847959,185.83187298479595,0.0,220.0,0.0,594.4
2092,255.50436669444417,240.0,0.0,220.0,27.716867111069234,820.0
2093,268.1268646945572,0.0,0.0,220.0,329.9393642779322,820.0
2094,281.4299916642684,0.0,0.0,220.0,386.0299920808934,820.0
2095,236.4098546096061,0.0,0.0,220.0,442.5148546096061,820.0
2096,192.70799985001497,0.0,0.0,220.0,497.21800026663993,820.0
2097,179.20684649882764,0.0,0.0,220.0,493.68684649882766,820.0
2098,148.67534731425053,0.0,0.0,220.0,523.1753468976256,820.0
2099,130.76639869186386,0.0,0.0,220.0,526.9838982752387,820.0
2100,113.79825328455661,0.0,0.0,220.0,532.1332528679314,820.0
2101,115.1641708113574,0.0,0.0,220.0,490.23417081135744,820.0
2102,118.42999068726067,0.0,0.0,220.0,445.7649906872607,820.0
2103,116.63572236852076,0.0,0.0,220.0,412.8719723685208,820.0
2104,108.86670108617409,0.0,0.0,220.0,386.45920150279903,820.0
2105,0.0,0.0,132.87905859623487,220.0,305.8415585962349,677.1192918320055
2106,0.0,0.0,136.58062203154424,220.0,263.0681224481693,530.2584079271193
2107,0.0,0.0,131.07936425553896,220.0,207.661864255539,389.31285496417416
2108,0.0,0.0,145.8453347749497,220.0,158.44783477494977,232.4899143459487
2109,0.0,0.0,139.9556203417323,220.0,119.16311992510731,82.0
2110,147.0937431948006,100.2187431948006,0.0,220.0,0.0,176.20561860311255
2111,176.84436241469905,74.07686283132409,0.0,220.0,0.0,245.83786966455722
2112,195.9862389752803,80.65123897528031,0.0,220.0,0.0,321.6500343013207
2113,213.1087395891563,107.40374000578134,0.0,220.0,0.0,422.6095499067552
2114,227.77874462727897,151.60374462727896,0.0,220.0,0.0,565.1170698563974
2115,238.3818733324814,31.15205334425807,0.0,220.0,179.84231957159844,594.4
2116,273.1949913198458,240.0,0.0,220.0,6.0949913198458034,820.0
2117,271.1981143868852,0.0,0.0,220.0,326.18561438688516,820.0
2118,257.23124273985786,0.0,0.0,220.0,415.6062423232329,820.0
2119,243.84273131483553,0.0,0.0,220.0,431.5227313148355,820.0
2120,200.40300000000002,0.0,0.0,220.0,483.5379999999999,820.0
2121,176.92763115804632,0.0,0.0,220.0,498.47013074142126,820.0
2122,148.24887994841868,0.0,0.0,220.0,524.1988795317936,820.0
2123,127.74273841703905,0.0,0.0,220.0,534.9102384170391,820.0
2124,118.26337829653085,0.0,0.0,220.0,520.0608782965307,820.0
2125,120.53979672429648,0.0,0.0,220.0,476.1422963076715,820.0
2126,119.84248005255347,0.0,0.0,220.0,442.3749800525534,820.0
2127,115.47675141637535,0.0,0.0,220.0,415.30425141637534,820.0
2128,111.73050126867685,0.0,0.0,220.0,381.36800126867684,820.0
2129,0.0,0.0,117.1207549981462,220.0,329.14575499814623,694.0637043030686
2130,0.0,0.0,128.87999718833987,220.0,272.47999760496486,555.4830621650688
2131,0.0,0.0,137.21061375296586,220.0,200.16811375296584,407.944767807041
2132,0.0,0.0,169.93426385968039,220.0,182.32426427630546,225.21975290415887
2133,0.0,0.0,133.19437020086775,220.0,127.4268706174928,82.0
2134,156.72374256179347,0.0,0.0,220.0,88.44874297841847,82.0
2135,172.43998772347135,0.0,0.0,220.0,79.45998814009641,82.0
2136,182.05311494653483,97.68061452990992,0.0,220.0,0.0,173.8197776581153
2137,233.36436361744308,78.36515044785406,0.0,220.0,4.2817135862140105,247.4830190790981
2138,230.41124437770378,148.38624479432877,0.0,220.0,0.0,386.96608918576715
2139,230.46187320663074,220.67437320663072,0.0,220.0,0.0,594.4
2140,266.77124152394595,240.0,0.0,220.0,13.9462415239459,820.0
2141,265.4493646118576,0.0,0.0,220.0,333.21186461185766,820.0
2142,252.79311749339251,0.0,0.0,220.0,421.03061791001755,820.0
2143,231.1503629872915,0.0,0.0,220.0,450.2928634039165,820.0
2144,207.15300000000002,0.0,0.0,220.0,471.538,820.0
2145,172.17153359827944,0.0,0.0,220.0,508.4515335982794,820.0
2146,147.62756086864385,0.0,0.0,220.0,525.6900612852688,820.0
2147,131.01491858995246,0.0,0.0,220.0,526.3324185899525,820.0
2148,120.7068783646422,0.0,0.0,220.0,513.4543783646421,820.0
2149,110.4747364785909,0.0,0.0,220.0,502.52723606196594,820.0
2150,115.43111620712216,0.0,0.0,220.0,452.96236620712216,820.0
2151,112.68441012000733,0.0,0.0,220.0,421.16440970338226,820.0
2152,114.41250114914538,0.0,0.0,220.0,376.6000015657704,820.0
2153,0.0,0.0,119.92447254238988,220.0,324.9994721257649,691.0489542554948
2154,0.0,0.0,124.75687264725497,220.0,277.51937223063,556.9017793659733
2155,0.0,0.0,125.92686467788485,220.0,213.95936467788488,421.496548529538
2156,0.0,0.0,169.54367038149135,220.0,216.1961699648664,239.19152661395592
2157,0.0,0.0,146.188119750979,220.0,111.54562016760406,82.0
2158,167.39999225534473,0.0,0.0,220.0,75.39999225534473,82.0
2159,176.18623746083745,74.88123787746247,0.0,220.0,0.0,152.3883636048147
2160,198.0506140466352,78.12811363001026,0.0,220.0,0.0,225.82879041702435
2161,212.49561499353194,108.15311457690694,0.0,220.0,0.0,327.49271811931686
2162,233.98311948093357,144.0206194809336,0.0,220.0,0.0,462.8721004313944
2163,255.2399978263353,139.92329741341018,0.0,220.0,50.466700829550064,594.4
2164,254.89686690122738,240.0,0.0,220.0,28.459366901227384,820.0
2165,250.59936538048146,0.0,0.0,220.0,351.3618649638564,820.0
2166,257.4843675450479,0.0,0.0,220.0,415.2968675450479,820.0
2167,244.35203985958844,0.0,0.0,220.0,430.7695394429635,820.0
2168,198.33749985001498,0.0,0.0,220.0,487.2100002666399,820.0
2169,180.60261385180343,0.0,0.0,220.0,490.7576138518034,820.0
2170,143.32244633942764,0.0,0.0,220.0,536.0224467560527,820.0
2171,131.22547026774544,0.0,0.0,220.0,525.7804702677454,820.0
2172,121.81050339540525,0.0,0.0,220.0,510.4705033954051,820.0
2173,114.49937968008464,0.0,0.0,220.0,491.9768800967097,820.0
2174,119.52814430644662,0.0,0.0,220.0,443.1293938898216,820.0
2175,112.4351080590967,0.0,0.0,220.0,421.68760847572173,820.0
2176,107.29080121826496,0.0,0.0,220.0,389.260801218265,820.0
2177,6.680063068583706,0.0,112.57877872982294,220.0,325.98384138178164,698.9475497528786
2178,0.0,0.0,139.02749735668493,220.0,260.0774969400599,549.4556171112819
2179,0.0,0.0,134.31373899042012,220.0,203.7087389904201,405.03224185276565
2180,0.0,0.0,149.52373996014217,220.0,137.43873996014224,244.25402684186014
2181,0.0,0.0,150.89624496292993,220.0,105.79124454630494,82.0
2182,164.1543675929828,79.3668671763578,0.0,220.0,0.0,156.60485514577633
2183,176.5012376262353,74.49623762623537,0.0,220.0,0.0,226.63131851443757
2184,196.87498911276708,30.9689108165366,0.0,220.0,48.59607787960551,255.74209468198197
2185,210.4424899045443,0.0,0.0,220.0,110.66248990454432,255.74209468198197
2186,238.4549943754534,138.55499437545342,0.0,220.0,0.0,385.9837893949082
2187,229.60687340076527,221.71937298414025,0.0,220.0,0.0,594.4
2188,261.213741700523,240.0,0.0,220.0,20.73874170052295,820.0
2189,272.21623934704166,0.0,0.0,220.0,324.9412393470416,820.0
2190,269.17311739410445,0.0,0.0,220.0,401.01061697747946,820.0
2191,229.80397368433466,0.0,0.0,220.0,452.28397368433457,820.0
2192,198.40499985001497,0.0,0.0,220.0,487.09000026664,820.0
2193,181.59901437985525,0.0,0.0,220.0,488.6665139632303,820.0
2194,152.57972957729703,0.0,0.0,220.0,513.804729160672,820.0
2195,133.7762521842485,0.0,0.0,220.0,519.0937517676234,820.0
2196,116.80537836837857,0.0,0.0,220.0,524.0028779517536,820.0
2197,116.79611885119618,0.0,0.0,220.0,485.95611885119615,820.0
2198,119.94872937513333,0.0,0.0,220.0,442.11997895850834,820.0
2199,109.32730721362395,0.0,0.0,220.0,428.2098072136239,820.0
2200,112.00500127179373,0.0,0.0,220.0,380.88000127179373,820.0
2201,0.0,0.0,159.24940119966703,220.0,361.34940078304203,648.7640847315408
2202,0.0,0.0,127.01249722636481,220.0,274.76249764298984,512.1915070687829
2203,0.0,0.0,123.96936502582071,220.0,216.35186460919567,378.89111456790044
2204,0.0,0.0,125.43749176490843,220.0,166.8774913482835,244.0120911647731
2205,0.0,0.0,150.671244783239,220.0,106.06624478323897,82.0
2206,170.94936690365392,15.862036837701828,0.0,220.0,55.19983048257708,96.91031462743972
2207,172.11373774634336,0.0,0.0,220.0,79.8587381629684,96.91031462743972
2208,194.76561385646227,82.14311427308735,0.0,220.0,0.0,174.12484204414181
2209,222.92436430575736,95.40686430575738,0.0,220.0,0.0,263.80729449155376
2210,222.181869759295,158.444369759295,0.0,220.0,0.0,412.7450020652911
2211,252.89999821950676,193.2499978028818,0.0,220.0,0.0,594.4
2212,270.0899912310189,240.0,0.0,220.0,9.889991647643967,820.0
2213,265.0049896292479,0.0,0.0,220.0,333.7549896292479,820.0
2214,273.9824918798961,0.0,0.0,220.0,395.13249229652104,820.0
2215,230.34858049330808,0.0,0.0,220.0,451.47858090993304,820.0
2216,211.014,0.0,0.0,220.0,464.674,820.0
2217,161.0618707756896,0.0,0.0,220.0,531.7668711923145,820.0
2218,153.7194267255187,0.0,0.0,220.0,511.0694267255187,820.0
2219,139.03314079537404,0.0,0.0,220.0,505.31314037874904,820.0
2220,120.81150336755854,0.0,0.0,220.0,513.1715033675584,820.0
2221,112.145688122627,0.0,0.0,220.0,498.146938539252,820.0
2222,120.71342950001849,0.0,0.0,220.0,440.2846790833935,820.0
2223,116.90600114479025,0.0,0.0,220.0,412.30475072816535,820.0
2224,114.88500130449552,0.0,0.0,220.0,375.7600013044955,820.0
2225,0.0,0.0,125.36045678351479,220.0,316.9604567835148,685.2038099101992
2226,0.0,0.0,119.94749774518067,220.0,283.3974973285557,556.2280058831232
2227,0.0,0.0,151.88623755001777,220.0,182.2312375500178,392.90947088310406
2228,0.0,0.0,149.13956258130727,220.0,166.96706216468235,232.54434982793495
2229,0.0,0.0,140.0062453399795,220.0,119.10124492335456,82.0
2230,163.64249242918316,79.99249242918313,0.0,220.0,0.0,157.19294288343212
2231,180.66936252150674,69.40186210488184,0.0,220.0,0.0,222.43069326202107
2232,208.30498828231964,65.5949882823196,0.0,220.0,0.0,284.0899822474015
2233,221.19748938859988,97.51748938859987,0.0,220.0,0.0,375.75642227268537
2234,223.95374471750097,26.77517766165503,0.0,220.0,129.503567055846,400.9250892746411
2235,242.61187311208386,205.82437311208395,0.0,220.0,0.0,594.4
2236,264.39749159936645,240.0,0.0,220.0,16.847491599366492,820.0
2237,275.3831142231086,0.0,0.0,220.0,321.0706142231086,820.0
2238,259.9874924725749,0.0,0.0,220.0,412.2374924725749,820.0
2239,246.24807862871376,0.0,0.0,220.0,427.9655790453387,820.0
2240,196.20000014998504,0.0,0.0,220.0,491.00999973336,820.0
2241,173.60764118261557,0.0,0.0,220.0,505.4376407659905,820.0
2242,152.10179201214066,0.0,0.0,220.0,514.9517915955157,820.0
2243,136.6756523374629,0.0,0.0,220.0,511.4931519208378,820.0
2244,124.75012858983439,0.0,0.0,220.0,502.52262817320945,820.0
2245,116.5593345120825,0.0,0.0,220.0,486.5768345120824,820.0
2246,110.2418170423366,0.0,0.0,220.0,465.41681704233656,820.0
2247,114.65058638897938,0.0,0.0,220.0,417.03808597235434,820.0
2248,116.13015131863403,0.0,0.0,220.0,373.546401318634,820.0
2249,0.0,0.0,148.63502773184388,220.0,332.4975277318439,660.1773895356517
2250,0.0,0.0,127.28812222075271,220.0,274.4256226373777,523.3084409111865
2251,0.0,0.0,127.34436456169362,220.0,212.22686456169367,386.37901665130084
2252,0.0,0.0,139.16249065585419,220.0,150.10249065585424,236.74192992457594
2253,0.0,0.0,143.90999482985563,220.0,114.32999524648068,82.0
2254,176.8668668173658,10.45828625932693,0.0,220.0,53.37108055803885,91.83078908376731
2255,190.61436163682316,0.0,0.0,220.0,57.24686163682321,91.83078908376731
2256,195.98061397559667,80.65811397559679,0.0,220.0,0.0,167.6494162208283
2257,214.16623953842543,106.1112399550504,0.0,220.0,0.0,267.39398177857566
2258,235.3049944497539,142.40499444975393,0.0,220.0,0.0,401.25467656134435
2259,242.89874792237032,205.47374833899534,0.0,220.0,0.0,594.4
2260,254.2837417332268,240.0,0.0,220.0,29.208742149851844,820.0
2261,258.7106148755731,0.0,0.0,220.0,341.4481148755731,820.0
2262,265.8712421147412,0.0,0.0,220.0,405.04624253136626,820.0
2263,227.52973545752275,0.0,0.0,220.0,455.6472350408977,820.0
2264,197.84249985001497,0.0,0.0,220.0,488.0900002666399,820.0
2265,180.75590635450283,0.0,0.0,220.0,490.4359059378778,820.0
2266,148.53564248751263,0.0,0.0,220.0,523.5106420708876,820.0
2267,122.61356159437275,0.0,0.0,220.0,548.3560611777477,820.0
2268,118.07775340384546,0.0,0.0,220.0,520.5627529872204,820.0
2269,114.79898458415335,0.0,0.0,220.0,491.1914841675283,820.0
2270,113.85576042100047,0.0,0.0,220.0,456.7432604210005,820.0
2271,114.22177103624165,0.0,0.0,220.0,417.9380210362416,820.0
2272,116.17650131916031,0.0,0.0,220.0,373.4640013191603,820.0
2273,0.0,0.0,118.4318458575072,220.0,327.20684585750723,692.6539291854762
2274,0.0,0.0,119.24999775938272,220.0,284.24999734275775,564.4281251431291
2275,0.0,0.0,139.47186338013188,220.0,197.4043637967569,414.4583795730949
2276,0.0,0.0,129.89249127829368,220.0,161.4324912782937,274.7890341125641
2277,0.0,0.0,179.2938017246846,220.0,137.23880130805964,82.0
2278,181.29936679978022,58.41186638315526,0.0,220.0,0.0,136.90715440016595
2279,168.9974881522919,83.66748815229192,0.0,220.0,0.0,215.55459326332036
2280,193.03873932856584,84.2537389119409,0.0,220.0,0.0,294.75310784054477
2281,223.07623911099034,95.2212395276153,0.0,220.0,0.0,384.2610729965031
2282,228.31874461454174,150.94374461454174,0.0,220.0,0.0,526.1481929341724
2283,244.97999828113734,72.60830538917833,0.0,220.0,130.32169247533398,594.4
2284,257.3043670122158,240.0,0.0,220.0,25.516866595590784,820.0
2285,244.86749060479372,0.0,0.0,220.0,358.36749018816863,820.0
2286,270.06186718089134,0.0,0.0,220.0,399.9243671808913,820.0
2287,227.97348912259895,0.0,0.0,220.0,454.9909891225989,820.0
2288,197.437499850015,0.0,0.0,220.0,488.8100002666399,820.0
2289,168.89591759499274,0.0,0.0,220.0,515.3259180116177,820.0
2290,160.25614203973396,0.0,0.0,220.0,495.38114203973396,820.0
2291,127.04205016172295,0.0,0.0,220.0,536.7470497450979,820.0
2292,121.26712826777009,0.0,0.0,220.0,511.9396286843951,820.0
2293,109.11754099708196,0.0,0.0,220.0,506.08504099708193,820.0
2294,115.44618950050949,0.0,0.0,220.0,452.9261899171345,820.0
2295,111.19747418906115,0.0,0.0,220.0,424.28497377243616,820.0
2296,114.73470130278895,0.0,0.0,220.0,376.02720130278897,820.0
2297,0.0,0.0,120.25224525723019,220.0,324.5147448406052,690.6965104760966
2298,0.0,0.0,125.52187244419724,220.0,276.58437244419724,555.7267551597555
2299,0.0,0.0,131.816239195138,220.0,206.76123919513805,413.98886355208026
2300,0.0,0.0,141.27749032636012,220.0,147.51749074298516,262.07758363126294
2301,0.0,0.0,167.47215277707454,220.0,127.45465277707456,82.0
2302,157.21311791411534,87.8506174974903,0.0,220.0,0.0,164.57958044764086
2303,188.18436180718032,0.0,0.0,220.0,60.21686180718041,164.57958044764086
2304,184.1343648294593,95.13686441283437,0.0,220.0,0.0,254.00823299570516
2305,229.2862390005622,87.63123900056223,0.0,220.0,0.0,336.3815976562337
2306,228.72374479247003,150.44874437584508,0.0,220.0,0.0,477.803417369528
2307,246.05437289781435,124.03891769199147,0.0,220.0,77.57795562244796,594.4
2308,246.93749215411856,240.0,0.0,220.0,38.18749215411856,820.0
2309,261.6862395716432,0.0,0.0,220.0,337.8112399882682,820.0
2310,271.59749213643033,0.0,0.0,220.0,398.04749213643026,820.0
2311,234.17595730420976,0.0,0.0,220.0,445.8184577208348,820.0
2312,213.31349999999998,0.0,0.0,220.0,460.586,820.0
2313,169.73095760096362,0.0,0.0,220.0,513.5734580175886,820.0
2314,148.84446343838806,0.0,0.0,220.0,522.769463855013,820.0
2315,135.40889037376792,0.0,0.0,220.0,514.8138907903929,820.0
2316,119.25562832418927,0.0,0.0,220.0,517.3781283241892,820.0
2317,116.15238300214799,0.0,0.0,220.0,487.643633002148,820.0
2318,120.12299252390574,0.0,0.0,220.0,441.7017429405307,820.0
2319,116.85597942600646,0.0,0.0,220.0,412.4097290093815,820.0
2320,115.83000116524079,0.0,0.0,220.0,374.0800015818659,820.0
2321,0.0,0.0,148.7981517395116,220.0,373.24815132288666,660.0019873768692
2322,0.0,0.0,132.05812231111003,220.0,268.59562231111,518.004006397181
2323,0.0,0.0,125.62873970232192,220.0,214.32373970232197,382.9193400505983
2324,0.0,0.0,124.94249179814551,220.0,167.48249138152056,248.5725746762483
2325,0.0,0.0,154.91249444891093,220.0,100.88249486553593,82.0
2326,145.64811826168153,0.0,0.0,220.0,101.98561826168151,82.0
2327,186.57561191996302,0.0,0.0,220.0,62.18311191996304,82.0
2328,195.67123918048105,81.03623876385609,0.0,220.0,0.0,158.17406443802471
2329,207.12373987627183,107.92077635132276,0.0,220.0,6.797963941574068,259.6195942082681
2330,233.90436948279108,144.11686948279106,0.0,220.0,0.0,395.0894515220917
2331,237.53249796412854,212.0324983807535,0.0,220.0,0.0,594.4
2332,263.23311644888065,240.0,0.0,220.0,18.270616865505644,820.0
2333,261.35998977189195,0.0,0.0,220.0,338.20998977189197,820.0
2334,260.0437426584275,0.0,0.0,220.0,412.16874224180253,820.0
2335,231.38736821159353,0.0,0.0,220.0,449.9423677949685,820.0
2336,199.971,0.0,0.0,220.0,484.3059999999999,820.0
2337,177.83528333844959,0.0,0.0,220.0,496.5652829218245,820.0
2338,146.9437426287251,0.0,0.0,220.0,527.3312426287251,820.0
2339,126.82114336833877,0.0,0.0,220.0,537.3261433683388,820.0
2340,112.69125314121072,0.0,0.0,220.0,535.1262531412107,820.0
2341,114.63088818329493,0.0,0.0,220.0,491.6321385999199,820.0
2342,111.66717395780768,0.0,0.0,220.0,461.9959239578077,820.0
2343,117.10124693952343,0.0,0.0,220.0,411.89499735614845,820.0
2344,120.32100136622023,0.0,0.0,220.0,366.0960013662202,820.0
2345,0.0,0.0,128.91048741809226,220.0,311.71048741809227,681.386572668718
2346,0.0,0.0,139.13437235450874,220.0,259.94687193788377,531.7797206746226
2347,0.0,0.0,131.23123943057112,220.0,207.47623901394616,390.670861071858
2348,0.0,0.0,144.6726555394254,220.0,156.10015553942546,235.10886586817477
2349,0.0,0.0,142.39124525740255,220.0,116.18624484077759,82.0
2350,156.08811777868152,89.22561777868151,0.0,220.0,0.0,165.87208071196062
2351,178.3574873086202,72.22748772524517,0.0,220.0,0.0,233.7659191736911
2352,186.00186453692652,92.85436453692654,0.0,220.0,0.0,321.04902183840204
2353,217.92936435789886,101.51186477452381,0.0,220.0,0.0,416.4701747264544
2354,247.75874415600157,127.18374415600164,0.0,220.0,0.0,536.0228942330959
2355,239.6418731351954,62.103304007344725,0.0,220.0,147.35106912785068,594.4
2356,250.21124223758375,240.0,0.0,220.0,34.1862418209588,820.0
2357,247.25811551123854,0.0,0.0,220.0,355.44561509461346,820.0
2358,264.4931171546423,0.0,0.0,220.0,406.7306175712672,820.0
2359,237.58983639320422,0.0,0.0,220.0,440.7698363932043,820.0
2360,203.08050000000003,0.0,0.0,220.0,478.778,820.0
2361,175.81827835865545,0.0,0.0,220.0,500.79827835865535,820.0
2362,159.53923581453535,0.0,0.0,220.0,497.1017353979104,820.0
2363,127.17666505379248,0.0,0.0,220.0,536.3941650537924,820.0
2364,116.49825324732899,0.0,0.0,220.0,524.8332532473289,820.0
2365,109.91142446483946,0.0,0.0,220.0,504.00392404821446,820.0
2366,119.49064434371223,0.0,0.0,220.0,443.2193947603372,820.0
2367,113.37019147958858,0.0,0.0,220.0,419.7251918962136,820.0
2368,113.42250113790419,0.0,0.0,220.0,378.36000155452916,820.0
2369,0.0,0.0,122.05247369220405,220.0,321.85247369220406,688.7607809761247
2370,0.0,0.0,135.9899970435702,220.0,263.7899974601952,542.5349777034686
2371,0.0,0.0,128.41873966110927,220.0,210.9137392444843,404.45031140120057
2372,0.0,0.0,140.30436557918233,220.0,148.70686557918236,253.58540217627333
2373,0.0,0.0,159.5744240239342,220.0,102.75692360730923,82.0
2374,150.70499321520958,95.80499279858464,0.0,220.0,0.0,172.05669323066957
2375,163.03498838281655,0.0,0.0,220.0,90.9549887994416,172.05669323066957
2376,195.45748919250502,81.29748877588008,0.0,220.0,0.0,248.47633267999686
2377,219.58311465352682,99.49061423690176,0.0,220.0,0.0,341.9975100626845
2378,228.3018696149398,58.660164029622706,0.0,220.0,92.3042055853171,397.13806425052985
2379,239.31562313773412,209.85312313773414,0.0,220.0,0.0,594.4
2380,261.39936650714395,240.0,0.0,220.0,20.511866923768878,820.0
2381,251.56124034283926,0.0,0.0,220.0,350.1862399262143,820.0
2382,265.6743674954039,0.0,0.0,220.0,405.28686707877887,820.0
2383,231.8361645338647,0.0,0.0,220.0,449.2786645338647,820.0
2384,221.0625,0.0,0.0,220.0,446.80999999999995,820.0
2385,171.28001732218536,0.0,0.0,220.0,510.32251773881035,820.0
2386,157.1238127665555,0.0,0.0,220.0,502.89881276655547,820.0
2387,123.2417648458586,0.0,0.0,220.0,546.7092648458586,820.0
2388,122.56312841638419,0.0,0.0,220.0,508.43562841638413,820.0
2389,116.98457974075279,0.0,0.0,220.0,485.4620801573777,820.0
2390,116.1656695001609,0.0,0.0,220.0,451.19941950016096,820.0
2391,117.19281909142819,0.0,0.0,220.0,411.7028190914282,820.0
2392,123.59700125343358,0.0,0.0,220.0,360.27200167005856,820.0
2393,0.0,0.0,115.93068774234678,220.0,330.90568815897177,695.3433465136056
2394,0.0,0.0,134.58374744716593,220.0,265.5087470305409,550.6296395811692
2395,0.0,0.0,130.83186446330757,220.0,207.9643640466826,409.950215427075
2396,0.0,0.0,131.49561635813217,220.0,159.47311594150722,268.5570795581157
2397,0.0,0.0,150.4068697923925,220.0,106.38936979239259,106.82926257704847
2398,169.88624195283876,72.36124236946375,0.0,220.0,0.0,174.8488304043444
2399,176.1074874663583,74.97748788298327,0.0,220.0,0.0,245.32766901434866
2400,0.0,23.393750000000068,0.0,0.0,0.0,267.3177940143487
2401,0.0,23.425139346437618,0.0,16.131944403562443,0.0,289.33742500000005
2402,0.0,0.0,0.0,112.81333375000008,0.0,289.33742500000005
2403,0.0,0.0,0.0,183.49625000000003,0.0,289.33742500000005
2404,0.0,85.81124999999997,0.0,220.0,0.0,370.0
2405,0.0,0.0,0.0,220.0,150.6325,370.0
2406,0.0,0.0,0.0,220.0,182.40416625,370.0
