Hour,G,Pc,Pd,S,Q,SOC
0,383.85003851860284,7.419354838709652,0.0,0.0,448.5108841398473,141.89999999999998
1,439.9660846668322,85.0,0.0,0.0,406.29208466683235,220.95
2,439.96609863129413,85.0,0.0,0.0,468.42209863129415,300.0
3,439.9661,0.0,0.0,0.0,625.7721,300.0
4,439.9661,0.0,0.0,0.0,703.4221,300.0
5,439.96609962283765,0.0,0.0,0.0,781.0721000827917,300.0
6,439.9661,0.0,0.0,0.0,853.4221,300.0
7,439.96609962283765,0.0,0.0,0.0,915.5521000827918,300.0
8,439.9661003771623,0.0,0.0,0.0,963.2320999172083,300.0
9,435.8000003735908,0.0,0.0,0.0,989.0359999136368,300.0
10,431.91790103997687,0.0,0.0,0.0,995.3739005800229,300.0
11,421.6396243662573,0.0,0.0,0.0,983.5696243662574,300.0
12,376.69574459564717,0.0,0.0,0.0,962.0893450556011,300.0
13,367.6763070679326,0.0,0.0,0.0,914.9947066079786,300.0
14,339.623463263693,0.0,0.0,0.0,859.720343263693,300.0
15,305.780890380252,0.0,0.0,0.0,796.866669920298,300.0
16,271.65858345270914,0.0,0.0,0.0,729.5276029927552,300.0
17,294.5965591037682,0.0,0.0,0.0,648.1415591037683,300.0
18,235.86628576395918,0.0,0.0,0.0,592.8646857639592,300.0
19,175.65977092136126,0.0,78.40000000000002,0.0,529.1389709213613,214.78260869565216
20,201.74743768523354,0.0,85.0,0.0,477.2454381451876,122.39130434782608
21,213.96871925981407,0.0,85.0,0.0,444.59271971976807,30.0
22,328.42426877584717,0.0,0.0,0.0,427.90686831589323,30.0
23,373.64300235103724,35.32258064516127,0.0,0.0,392.878221245922,62.84999999999998
24,386.5771949163387,85.0,0.0,0.0,370.3315949163389,141.89999999999998
25,439.96608466683233,85.0,0.0,0.0,406.29208466683235,220.95
26,439.96609863129413,85.0,0.0,0.0,468.42209863129415,300.0
27,439.9661,0.0,0.0,0.0,625.7721,300.0
28,439.96609962283765,0.0,0.0,0.0,703.4221000827918,300.0
29,439.9661,0.0,0.0,0.0,781.0721,300.0
30,439.9661003771623,0.0,0.0,0.0,853.4220999172084,300.0
31,439.96609962283765,0.0,0.0,0.0,915.5521000827918,300.0
32,439.9661,0.0,0.0,0.0,963.2321,300.0
33,435.799999626409,0.0,0.0,0.0,989.0360000863631,300.0
34,431.91790103997687,0.0,0.0,0.0,995.3739005800229,300.0
35,419.0712055839282,0.0,0.0,0.0,984.2166051239742,300.0
36,366.7573242230552,0.0,0.0,0.0,964.6675237631013,300.0
37,377.9156144481102,0.0,0.0,0.0,912.2896149080642,300.0
38,355.98409458968473,0.0,0.0,0.0,855.3713145896847,300.0
39,317.9130510324237,0.0,0.0,0.0,793.6615110324237,300.0
40,285.7663200571425,0.0,0.0,0.0,725.8678400571425,300.0
41,272.78153233234235,0.0,0.0,0.0,653.6367323323424,300.0
42,288.1008028985067,0.0,0.0,0.0,580.2116033584607,300.0
43,189.7268763879768,0.0,78.40000000000002,0.0,525.8870763879769,214.78260869565216
44,189.0395697711029,0.0,85.0,0.0,480.034970231057,122.39130434782608
45,241.3987032265071,0.0,85.0,0.0,438.57150368646114,30.0
46,321.510192767454,0.0,0.0,0.0,429.4245923075,30.0
47,350.7733664750507,35.32258064516127,0.0,0.0,397.8983853699354,62.84999999999998
48,387.8219553028916,85.0,0.0,0.0,370.05835484293766,141.89999999999998
49,439.96608466683233,85.0,0.0,0.0,406.29208466683235,220.95
50,439.9660982541317,85.0,0.0,0.0,468.4220987140858,300.0
51,439.96609999999987,0.0,0.0,0.0,625.7721,300.0
52,439.96609962283765,0.0,0.0,0.0,703.4221000827918,300.0
53,439.9661,0.0,0.0,0.0,781.0721,300.0
54,439.9661003771623,0.0,0.0,0.0,853.4220999172084,300.0
55,439.96609962283765,0.0,0.0,0.0,915.5521000827918,300.0
56,439.9661,0.0,0.0,0.0,963.2321,300.0
57,435.7999996264091,0.0,0.0,0.0,989.0360000863631,300.0
58,431.91790103997687,0.0,0.0,0.0,995.3739005800229,300.0
59,413.12966907185853,0.0,0.0,0.0,985.7132690718586,300.0
60,371.6224381229938,0.0,0.0,0.0,963.4054385829477,300.0
61,369.0375452126791,0.0,0.0,0.0,914.6350852126791,300.0
62,345.6413672364706,0.0,0.0,0.0,858.1206472364706,300.0
63,304.61177534982716,0.0,0.0,0.0,797.1755348898731,300.0
64,268.6880145265182,0.0,0.0,0.0,730.2982140665642,300.0
65,199.3449291772796,0.0,85.0,0.0,650.7239296372336,207.60869565217394
66,170.66252357628838,0.0,85.0,0.0,588.0693235762884,115.21739130434786
67,194.99503578093766,0.0,78.40000000000003,0.0,524.6692353209837,30.0
68,301.62797758468304,0.0,0.0,0.0,473.97897804463713,30.0
69,295.6870796409611,0.0,0.0,0.0,445.3130796409611,30.0
70,336.52652403135824,0.0,0.0,0.0,426.12832449131224,30.0
71,358.08350205824826,35.32258064516127,0.0,0.0,396.29372141308704,62.84999999999998
72,398.22135900418243,85.0,0.0,0.0,367.77555900418247,141.89999999999998
73,421.07968046649944,85.0,0.0,0.0,410.43788046649945,220.95
74,434.4778380217198,85.0,0.0,0.0,469.62683848167376,300.0
75,439.9661003771623,0.0,0.0,0.0,625.7720999172084,300.0
76,439.9661,0.0,0.0,0.0,703.4221,300.0
77,439.9661003771623,0.0,0.0,0.0,781.0720999172083,300.0
78,439.9661,0.0,0.0,0.0,853.4221,300.0
79,439.9661003771623,0.0,0.0,0.0,915.5520999172084,300.0
80,439.96609962283776,0.0,0.0,0.0,963.2321000827917,300.0
81,435.79999999999984,0.0,0.0,0.0,989.036,300.0
82,431.91790029945093,0.0,0.0,0.0,995.3739007594049,300.0
83,428.58427663547275,0.0,0.0,0.0,981.8202770954268,300.0
84,385.57129228686927,0.0,0.0,0.0,959.7868918269153,300.0
85,376.88513397329086,0.0,0.0,0.0,912.5618544332449,300.0
86,346.0185764347643,0.0,0.0,0.0,858.0203764347643,300.0
87,308.2883193676973,0.0,0.0,0.0,796.2042398276512,300.0
88,308.49648671332346,0.0,0.0,0.0,719.9712867133235,300.0
89,179.4259027114046,0.0,85.0,0.0,655.7415031713587,207.60869565217394
90,190.79203101519528,0.0,85.0,0.0,583.1932314751493,115.21739130434786
91,141.85388240557432,0.0,78.40000000000003,0.0,536.9538824055744,30.0
92,283.90712170442606,0.0,0.0,0.0,477.86892216438014,30.0
93,268.75500005082574,0.0,0.0,0.0,451.2249995908718,30.0
94,333.4259404047566,0.0,0.0,0.0,426.8089404047566,30.0
95,328.49216184154864,35.32258064516127,0.0,0.0,402.7893816563414,62.84999999999998
96,381.56420725568313,85.0,0.0,0.0,371.4320067957292,141.89999999999998
97,425.7871368935949,85.0,0.0,0.0,409.4045364336409,220.95
98,439.9660982541317,85.0,0.0,0.0,468.4220987140858,300.0
99,439.96609962283765,0.0,0.0,0.0,625.7721000827918,300.0
100,439.9661003771623,0.0,0.0,0.0,703.4220999172084,300.0
101,439.9661,0.0,0.0,0.0,781.0721,300.0
102,439.9661,0.0,0.0,0.0,853.4221,300.0
103,439.9661,0.0,0.0,0.0,915.5521,300.0
104,439.9661003771623,0.0,0.0,0.0,963.2320999172083,300.0
105,435.799999626409,0.0,0.0,0.0,989.0360000863631,300.0
106,431.91790103997687,0.0,0.0,0.0,995.3739005800229,300.0
107,421.60655459179725,0.0,0.0,0.0,983.5779545917973,300.0
108,399.706422631843,0.0,0.0,0.0,956.120022171889,300.0
109,381.23629447762266,0.0,0.0,0.0,911.4123344776227,300.0
110,331.99860413482077,0.0,0.0,0.0,861.7472045947749,300.0
111,320.1279294510961,0.0,0.0,0.0,793.0763689911421,300.0
112,264.1954536274465,0.0,0.0,0.0,731.4636531674926,300.0
113,183.84622937256512,0.0,85.0,0.0,654.6280293725652,207.60869565217394
114,210.23278120115754,0.0,85.0,0.0,578.4839812011576,115.21739130434786
115,189.07676352087958,0.0,78.40000000000003,0.0,526.0373630609256,30.0
116,285.3329380719539,0.0,0.0,0.0,477.55593807195396,30.0
117,277.5362160401631,0.0,0.0,0.0,449.29741558020913,30.0
118,315.45613276010477,0.0,0.0,0.0,430.75353230015077,30.0
119,350.95442171974435,35.32258064516127,0.0,0.0,397.85864153453707,62.84999999999998
120,394.0457545955194,85.0,0.0,0.0,368.69215505547345,141.89999999999998
121,424.4518488794311,85.0,0.0,0.0,409.69764841947716,220.95
122,439.966098631294,85.0,0.0,0.0,468.42209863129415,300.0
123,439.96609999999987,0.0,0.0,0.0,625.7721,300.0
124,439.9661,0.0,0.0,0.0,703.4221,300.0
125,439.96609962283765,0.0,0.0,0.0,781.0721000827917,300.0
126,439.9661003771623,0.0,0.0,0.0,853.4220999172084,300.0
127,439.9661003771623,0.0,0.0,0.0,915.5520999172084,300.0
128,439.9661,0.0,0.0,0.0,963.2321,300.0
129,435.799999626409,0.0,0.0,0.0,989.0360000863631,300.0
130,431.91790103997687,0.0,0.0,0.0,995.3739005800229,300.0
131,428.58427663547275,0.0,0.0,0.0,981.8202770954268,300.0
132,406.0617521891771,0.0,0.0,0.0,954.4713521891771,300.0
133,365.2813128886818,0.0,0.0,0.0,915.6274328886817,300.0
134,362.03579476230954,0.0,0.0,0.0,853.7626347623095,300.0
135,307.0286013791087,0.0,0.0,0.0,796.5370409191547,300.0
136,272.88472348897517,0.0,0.0,0.0,729.2095234889752,300.0
137,236.97799167868317,0.0,0.0,0.0,662.6555916786832,300.0
138,233.37786978754957,0.0,0.0,0.0,593.4674697875496,300.0
139,179.70616540219652,0.0,78.40000000000002,0.0,528.2035654021965,214.78260869565216
140,220.67910593447112,0.0,85.0,0.0,473.0897059344712,122.39130434782608
141,241.96450360298235,0.0,85.0,0.0,438.4473036029824,30.0
142,366.2762888217969,0.0,0.0,0.0,419.597888361843,30.0
143,345.171946505425,35.32258064516127,0.0,0.0,399.1279654003098,62.84999999999998
144,426.3529355935693,85.0,0.0,0.0,361.60033513361543,141.89999999999998
145,427.722172536958,85.0,0.0,0.0,408.979772536958,220.95
146,439.96609863129413,85.0,0.0,0.0,468.42209863129415,300.0
147,439.9661,0.0,0.0,0.0,625.7721,300.0
148,439.9661,0.0,0.0,0.0,703.4221,300.0
149,439.9661,0.0,0.0,0.0,781.0721,300.0
150,439.96609999999987,0.0,0.0,0.0,853.4221,300.0
151,439.96609999999987,0.0,0.0,0.0,915.5521,300.0
152,439.9661003771623,0.0,0.0,0.0,963.2320999172083,300.0
153,435.8000003735908,0.0,0.0,0.0,989.0359999136368,300.0
154,431.91790029945093,0.0,0.0,0.0,995.373900759405,300.0
155,426.52292736079335,0.0,0.0,0.0,982.3395278207474,300.0
156,405.7987726547559,0.0,0.0,0.0,954.5395731147099,300.0
157,373.1070701635116,0.0,0.0,0.0,913.5599697035576,300.0
158,335.3553302830003,0.0,0.0,0.0,860.8549102830002,300.0
159,323.48899871223347,0.0,0.0,0.0,792.1884182522795,300.0
160,279.9084585781651,0.0,0.0,0.0,727.3874590381191,300.0
161,267.2147876165893,0.0,0.0,0.0,655.0389871566354,300.0
162,273.89239277373,0.0,0.0,0.0,583.6533923137761,300.0
163,196.0710852827665,0.0,78.40000000000002,0.0,524.4204848228126,214.78260869565216
164,215.53032559210004,0.0,85.0,0.0,474.2199260520542,122.39130434782608
165,222.18413562700073,0.0,85.0,0.0,442.7893356270008,30.0
166,328.86559277638287,0.0,0.0,0.0,427.8099923164289,30.0
167,369.9992496164714,35.32258064516127,0.0,0.0,393.67806943126413,62.84999999999998
168,431.7619832572128,85.0,0.0,0.0,360.412983257213,141.89999999999998
169,434.12702860489594,85.0,0.0,0.0,407.573828604896,220.95
170,439.9660982541317,85.0,0.0,0.0,468.4220987140858,300.0
171,439.9661003771623,0.0,0.0,0.0,625.7720999172084,300.0
172,439.9661,0.0,0.0,0.0,703.4221,300.0
173,439.9661003771623,0.0,0.0,0.0,781.0720999172083,300.0
174,439.9661,0.0,0.0,0.0,853.4221,300.0
175,439.9661003771623,0.0,0.0,0.0,915.5520999172084,300.0
176,439.9661,0.0,0.0,0.0,963.2321,300.0
177,435.79999999999984,0.0,0.0,0.0,989.036,300.0
178,431.91790103997687,0.0,0.0,0.0,995.3739005800229,300.0
179,428.5842773702832,0.0,0.0,0.0,981.8202769103292,300.0
180,388.6854039489169,0.0,0.0,0.0,958.9790434889629,300.0
181,371.0275514686067,0.0,0.0,0.0,914.1093514686067,300.0
182,356.24138142515716,0.0,0.0,0.0,855.3029218851112,300.0
183,325.603448221353,0.0,0.0,0.0,791.629808221353,300.0
184,270.2253462208246,0.0,0.0,0.0,729.8994066807786,300.0
185,243.76831798697197,0.0,0.0,0.0,660.945118446926,300.0
186,227.13461147647348,0.0,0.0,0.0,594.9798119364275,300.0
187,194.99503503375587,0.0,78.40000000000002,0.0,524.66923549371,214.78260869565216
188,204.55380566627036,0.0,85.0,0.0,476.62940612622447,122.39130434782608
189,218.8346000082302,0.0,85.0,0.0,443.5245995482762,30.0
190,354.7113368077579,0.0,0.0,0.0,422.13653634780394,30.0
191,339.6497385353699,35.32258064516127,0.0,0.0,400.3401574302547,62.84999999999998
192,389.94936294177836,85.0,0.0,0.0,369.5913629417785,141.89999999999998
193,439.96608466683233,85.0,0.0,0.0,406.29208466683235,220.95
194,439.9660982541317,85.0,0.0,0.0,468.4220987140858,300.0
195,439.9661003771623,0.0,0.0,0.0,625.7720999172084,300.0
196,439.96609962283765,0.0,0.0,0.0,703.4221000827918,300.0
197,439.96609962283765,0.0,0.0,0.0,781.0721000827917,300.0
198,439.9661,0.0,0.0,0.0,853.4221,300.0
199,439.9661,0.0,0.0,0.0,915.5521,300.0
200,439.96609999999987,0.0,0.0,0.0,963.2321,300.0
201,435.799999626409,0.0,0.0,0.0,989.0360000863631,300.0
202,431.91790103997687,0.0,0.0,0.0,995.3739005800229,300.0
203,407.7503194604211,0.0,0.0,0.0,987.0683190004671,300.0
204,369.0134663455593,0.0,0.0,0.0,964.0822458856053,300.0
205,351.4222241547326,0.0,0.0,0.0,919.2888236947787,300.0
206,341.26203421964453,0.0,0.0,0.0,859.2847737596906,300.0
207,313.1787351812391,0.0,0.0,0.0,794.9122556411932,300.0
208,271.196178404073,0.0,0.0,0.0,729.6475579441191,300.0
209,226.89171098345594,0.0,0.0,0.0,665.196310983456,300.0
210,256.24019157081204,0.0,0.0,0.0,587.9293915708121,300.0
211,168.923253059545,0.0,78.40000000000002,0.0,530.696252599591,214.78260869565216
212,176.6032866094617,0.0,85.0,0.0,482.76488614950773,122.39130434782608
213,208.41256326656065,0.0,85.0,0.0,445.8123637265147,30.0
214,321.3630847672753,0.0,0.0,0.0,429.4568843073214,30.0
215,345.42089812691273,35.32258064516127,0.0,0.0,399.07331748175153,62.84999999999998
216,410.3973754732005,85.0,0.0,0.0,365.1027750132466,141.89999999999998
217,407.7607479480598,85.0,0.0,0.0,413.36154840801385,220.95
218,439.9660982541318,85.0,0.0,0.0,468.4220987140858,300.0
219,439.9661,0.0,0.0,0.0,625.7721,300.0
220,439.9661,0.0,0.0,0.0,703.4221,300.0
221,439.9661003771623,0.0,0.0,0.0,781.0720999172083,300.0
222,439.96609999999987,0.0,0.0,0.0,853.4221,300.0
223,439.96609962283765,0.0,0.0,0.0,915.5521000827918,300.0
224,439.9661,0.0,0.0,0.0,963.2321,300.0
225,435.799999626409,0.0,0.0,0.0,989.0360000863631,300.0
226,431.91790029945093,0.0,0.0,0.0,995.3739007594049,300.0
227,412.721808520184,0.0,0.0,0.0,985.816008520184,300.0
228,416.5261312653988,0.0,0.0,0.0,951.7567317253529,300.0
229,372.08423023573175,0.0,0.0,0.0,913.8301906956858,300.0
230,357.71315141849954,0.0,0.0,0.0,854.9116918784536,300.0
231,315.5060498630299,0.0,0.0,0.0,794.2974094030759,300.0
232,277.0376033194269,0.0,0.0,0.0,728.132202859473,300.0
233,177.717298519701,0.0,85.0,0.0,656.171898059747,207.60869565217394
234,165.43018462589157,0.0,85.0,0.0,589.3367846258916,115.21739130434786
235,195.33130087666825,0.0,78.40000000000003,0.0,524.5915008766683,30.0
236,284.5068697003735,0.0,0.0,0.0,477.73727016032757,30.0
237,307.84046324904153,0.0,0.0,0.0,442.64526370899557,30.0
238,310.6242003770768,0.0,0.0,0.0,431.8142003770769,30.0
239,373.88063834974866,35.32258064516127,0.0,0.0,392.82605724463343,62.84999999999998
240,398.52689100648735,85.0,0.0,0.0,367.7084910064874,141.89999999999998
241,419.3935964486147,85.0,0.0,0.0,410.80799644861474,220.95
242,439.96609863129413,85.0,0.0,0.0,468.42209863129415,300.0
243,439.9661003771623,0.0,0.0,0.0,625.7720999172084,300.0
244,439.96609962283765,0.0,0.0,0.0,703.4221000827918,300.0
245,439.9661,0.0,0.0,0.0,781.0721,300.0
246,439.96609962283765,0.0,0.0,0.0,853.4221000827918,300.0
247,439.96609999999987,0.0,0.0,0.0,915.5521,300.0
248,439.9661,0.0,0.0,0.0,963.2321,300.0
249,435.799999626409,0.0,0.0,0.0,989.0360000863631,300.0
250,431.91790103997687,0.0,0.0,0.0,995.3739005800229,300.0
251,428.5842773702832,0.0,0.0,0.0,981.8202769103292,300.0
252,410.0831423502076,0.0,0.0,0.0,953.4281418902535,300.0
253,357.7481080017436,0.0,0.0,0.0,917.6176075417897,300.0
254,334.01547412569744,0.0,0.0,0.0,861.2110745856514,300.0
255,317.38361985618087,0.0,0.0,0.0,793.8013798561809,300.0
256,283.4038908373796,0.0,0.0,0.0,726.4806903774256,300.0
257,174.76306475066025,0.0,85.0,0.0,656.9160652106143,207.60869565217394
258,170.27370857997437,0.0,85.0,0.0,588.1635085799744,115.21739130434786
259,157.916163363755,0.0,78.40000000000003,0.0,533.240762903801,30.0
260,268.77763056098337,0.0,0.0,0.0,481.19003010102944,30.0
261,311.43895162183435,0.0,0.0,0.0,441.85535162183436,30.0
262,308.4741599973045,0.0,0.0,0.0,432.2861604572586,30.0
263,376.8114819566935,35.32258064516127,0.0,0.0,392.1827013115323,62.84999999999998
264,408.12285907887934,85.0,0.0,0.0,365.6020590788794,141.89999999999998
265,434.59098423265493,85.0,0.0,0.0,407.471984692609,220.95
266,439.96609863129413,85.0,0.0,0.0,468.42209863129415,300.0
267,439.9661,0.0,0.0,0.0,625.7721,300.0
268,439.96609962283765,0.0,0.0,0.0,703.4221000827918,300.0
269,439.9661003771623,0.0,0.0,0.0,781.0720999172083,300.0
270,439.96609962283765,0.0,0.0,0.0,853.4221000827918,300.0
271,439.9661003771623,0.0,0.0,0.0,915.5520999172084,300.0
272,439.9661003771623,0.0,0.0,0.0,963.2320999172083,300.0
273,435.79999999999995,0.0,0.0,0.0,989.036,300.0
274,422.8973934436855,0.0,0.0,0.0,997.5589929837315,300.0
275,413.98948284041603,0.0,0.0,0.0,985.49668330037,300.0
276,397.4382265669924,0.0,0.0,0.0,956.7084270269463,300.0
277,356.0724852556557,0.0,0.0,0.0,918.0602852556558,300.0
278,352.0310290442029,0.0,0.0,0.0,856.4221295041569,300.0
279,289.00392558822034,0.0,0.0,0.0,801.2989255882204,300.0
280,295.48997467201843,0.0,0.0,0.0,723.3453751319724,300.0
281,161.810737449331,0.0,85.0,0.0,660.178737449331,207.60869565217394
282,156.10973371425058,0.0,85.0,0.0,591.5945337142506,115.21739130434786
283,162.46695567498153,0.0,78.40000000000003,0.0,532.1887556749816,30.0
284,241.07606274816783,0.0,0.0,0.0,487.2708622882139,30.0
285,295.53997164113974,0.0,0.0,0.0,445.34537164113976,30.0
286,355.0055520537905,0.0,0.0,0.0,422.0719525137445,30.0
287,356.8161100651209,35.32258064516127,0.0,0.0,396.57192941995964,62.84999999999998
288,405.5767594368338,85.0,0.0,0.0,366.1609589768799,141.89999999999998
289,439.6945002867893,85.0,0.0,0.0,406.3517007467433,220.95
290,439.96609900845635,85.0,0.0,0.0,468.4220985485024,300.0
291,439.9661003771623,0.0,0.0,0.0,625.7720999172084,300.0
292,439.9661003771623,0.0,0.0,0.0,703.4220999172084,300.0
293,439.9661,0.0,0.0,0.0,781.0721,300.0
294,439.9661003771623,0.0,0.0,0.0,853.4220999172084,300.0
295,439.96609962283765,0.0,0.0,0.0,915.5521000827918,300.0
296,439.9661,0.0,0.0,0.0,963.2321,300.0
297,435.7999996264091,0.0,0.0,0.0,989.0360000863631,300.0
298,431.91790066971396,0.0,0.0,0.0,995.373900669714,300.0
299,428.584277002878,0.0,0.0,0.0,981.820277002878,300.0
300,383.65373547950935,0.0,0.0,0.0,960.2843354795093,300.0
301,361.2794685272105,0.0,0.0,0.0,916.6846680672566,300.0
302,347.94386926269146,0.0,0.0,0.0,857.5085897226455,300.0
303,335.5316472892466,0.0,0.0,0.0,789.0069072892467,300.0
304,298.3937030580038,0.0,0.0,0.0,722.5921035179578,300.0
305,232.97654917336354,0.0,0.0,0.0,663.6635491733635,300.0
306,244.35356131323573,0.0,0.0,0.0,590.8087617731898,300.0
307,165.68389495789944,0.0,78.40000000000002,0.0,531.4450954178535,214.78260869565216
308,179.83966221043062,0.0,85.0,0.0,482.0544622104307,122.39130434782608
309,231.84799923810408,0.0,85.0,0.0,440.6679996980581,30.0
310,336.8207404088776,0.0,0.0,0.0,426.06374040887766,30.0
311,376.5512139581048,35.32258064516127,0.0,0.0,392.23983331294363,62.84999999999998
312,396.9087029942797,85.0,0.0,0.0,368.06370299427977,141.89999999999998
313,427.04321252975615,85.0,0.0,0.0,409.12881252975615,220.95
314,439.966098631294,85.0,0.0,0.0,468.42209863129415,300.0
315,439.96609999999987,0.0,0.0,0.0,625.7721,300.0
316,439.96609962283765,0.0,0.0,0.0,703.4221000827918,300.0
317,439.9661003771623,0.0,0.0,0.0,781.0720999172083,300.0
318,439.9661,0.0,0.0,0.0,853.4221,300.0
319,439.96609962283765,0.0,0.0,0.0,915.5521000827918,300.0
320,439.9661,0.0,0.0,0.0,963.2321,300.0
321,435.79999999999984,0.0,0.0,0.0,989.036,300.0
322,431.91790029945093,0.0,0.0,0.0,995.3739007594049,300.0
323,396.7932008559751,0.0,0.0,0.0,989.8284003960212,300.0
324,379.643303149075,0.0,0.0,0.0,961.3247031490749,300.0
325,369.44144079766204,0.0,0.0,0.0,914.5283812576162,300.0
326,361.3511495287701,0.0,0.0,0.0,853.9446290688162,300.0
327,317.54190303988355,0.0,0.0,0.0,793.7595634998376,300.0
328,277.5504127098575,0.0,0.0,0.0,727.9991722499035,300.0
329,242.0045971399112,0.0,0.0,0.0,661.3893971399112,300.0
330,266.7048694716056,0.0,0.0,0.0,585.3944694716056,300.0
331,204.0966207769817,0.0,78.40000000000002,0.0,522.5652207769817,214.78260869565216
332,196.29312572208931,0.0,85.0,0.0,478.44272618204343,122.39130434782608
333,224.09654000184088,0.0,85.0,0.0,442.3695395418869,30.0
334,290.10829197500965,0.0,0.0,0.0,436.31769243496365,30.0
335,369.12791762119633,35.32258064516127,0.0,0.0,393.86933743598905,62.84999999999998
336,409.53735871238797,85.0,0.0,0.0,365.29155917234215,141.89999999999998
337,414.9124607782444,85.0,0.0,0.0,411.79166031829044,220.95
338,439.96609863129413,85.0,0.0,0.0,468.42209863129415,300.0
339,439.9661003771623,0.0,0.0,0.0,625.7720999172084,300.0
340,439.9661003771623,0.0,0.0,0.0,703.4220999172084,300.0
341,439.9661003771623,0.0,0.0,0.0,781.0720999172083,300.0
342,439.96609962283776,0.0,0.0,0.0,853.4221000827918,300.0
343,439.9661003771623,0.0,0.0,0.0,915.5520999172084,300.0
344,439.9661003771623,0.0,0.0,0.0,963.2320999172083,300.0
345,435.8000003735908,0.0,0.0,0.0,989.0359999136368,300.0
346,431.91790066971396,0.0,0.0,0.0,995.373900669714,300.0
347,423.3372064892809,0.0,0.0,0.0,983.1420060293269,300.0
348,387.6641678099438,0.0,0.0,0.0,959.2439678099438,300.0
349,359.12026225321495,0.0,0.0,0.0,917.2551022532149,300.0
350,338.81235446736196,0.0,0.0,0.0,859.9359544673621,300.0
351,304.7449514880585,0.0,0.0,0.0,797.1403514880585,300.0
352,271.455869608546,0.0,0.0,0.0,729.5801900685,300.0
353,276.3640910492263,0.0,0.0,0.0,652.7342910492264,300.0
354,273.9035014033617,0.0,0.0,0.0,583.6507014033617,300.0
355,181.9815617446052,0.0,78.40000000000002,0.0,527.6775617446052,214.78260869565216
356,188.8924617720969,0.0,85.0,0.0,480.067262232051,122.39130434782608
357,219.50224325309495,0.0,85.0,0.0,443.378043713049,30.0
358,336.3907324083557,0.0,0.0,0.0,426.15813240835564,30.0
359,344.36851013261946,35.32258064516127,0.0,0.0,399.30432948745823,62.84999999999998
360,430.0758992444931,85.0,0.0,0.0,360.78309924449314,141.89999999999998
361,414.95772440156225,85.0,0.0,0.0,411.7817244015623,220.95
362,439.966098631294,85.0,0.0,0.0,468.42209863129415,300.0
363,439.9661,0.0,0.0,0.0,625.7721,300.0
364,439.9661003771623,0.0,0.0,0.0,703.4220999172084,300.0
365,439.9661,0.0,0.0,0.0,781.0721,300.0
366,439.9661003771623,0.0,0.0,0.0,853.4220999172084,300.0
367,439.96609962283765,0.0,0.0,0.0,915.5521000827918,300.0
368,439.9661,0.0,0.0,0.0,963.2321,300.0
369,435.79999999999995,0.0,0.0,0.0,989.036,300.0
370,431.91790029945093,0.0,0.0,0.0,995.373900759405,300.0
371,428.5842773702832,0.0,0.0,0.0,981.8202769103292,300.0
372,399.2352516203439,0.0,0.0,0.0,956.24225116039,300.0
373,361.72702853909266,0.0,0.0,0.0,916.5664285390927,300.0
374,355.92849475329984,0.0,0.0,0.0,855.3860942933459,300.0
375,305.29730648842735,0.0,0.0,0.0,796.9944264884273,300.0
376,264.9953478863688,0.0,0.0,0.0,731.2561483463228,300.0
377,273.0019978515557,0.0,0.0,0.0,653.5811973916018,300.0
378,261.7058198892602,0.0,0.0,0.0,586.6054194293063,300.0
379,206.3832255947769,0.0,78.40000000000002,0.0,522.036626054731,214.78260869565216
380,181.34468982309858,0.0,85.0,0.0,481.72409028305265,122.39130434782608
381,224.49260000135996,0.0,85.0,0.0,442.282599541406,30.0
382,313.14766800297787,0.0,0.0,0.0,431.2602684629319,30.0
383,384.68741791398526,35.32258064516127,0.0,0.0,390.45383726882403,62.84999999999998
384,391.4883393305508,85.0,0.0,0.0,369.25353887059686,141.89999999999998
385,392.94810454526294,85.0,0.0,0.0,416.6131040853089,220.95
386,439.9660982541317,85.0,0.0,0.0,468.4220987140858,300.0
387,439.9661003771623,0.0,0.0,0.0,625.7720999172084,300.0
388,439.96609999999987,0.0,0.0,0.0,703.4221,300.0
389,439.9661,0.0,0.0,0.0,781.0721,300.0
390,439.96609962283765,0.0,0.0,0.0,853.4221000827918,300.0
391,439.9661003771623,0.0,0.0,0.0,915.5520999172084,300.0
392,439.9661,0.0,0.0,0.0,963.2321,300.0
393,435.799999626409,0.0,0.0,0.0,989.0360000863631,300.0
394,431.91790029945093,0.0,0.0,0.0,995.373900759405,300.0
395,426.8095320727808,0.0,0.0,0.0,982.2673325327348,300.0
396,381.6266040183124,0.0,0.0,0.0,960.8102044782664,300.0
397,376.62642224391357,0.0,0.0,0.0,912.6302027038676,300.0
398,348.5500204599495,0.0,0.0,0.0,857.3474609199036,300.0
399,310.2892420945271,0.0,0.0,0.0,795.6756220945271,300.0
400,291.47954299010104,0.0,0.0,0.0,724.3857425301471,300.0
401,165.04055229072696,0.0,85.0,0.0,659.365151830773,207.60869565217394
402,201.9676849092487,0.0,85.0,0.0,580.4860853692028,115.21739130434786
403,175.16658156635634,0.0,78.40000000000003,0.0,529.2529815663564,30.0
404,270.395818550049,0.0,0.0,0.0,480.83481809009504,30.0
405,264.47755167885737,0.0,0.0,0.0,452.16395167885736,30.0
406,333.2788327817403,0.0,0.0,0.0,426.8412323217863,30.0
407,370.6555779900747,35.32258064516127,0.0,0.0,393.5339973449134,62.84999999999998
408,396.9313346172881,85.0,0.0,0.0,368.05873507724226,141.89999999999998
409,433.4820165980541,85.0,0.0,0.0,407.71541659805416,220.95
410,439.96609900845635,85.0,0.0,0.0,468.4220985485024,300.0
411,439.9661003771623,0.0,0.0,0.0,625.7720999172084,300.0
412,439.96609962283776,0.0,0.0,0.0,703.4221000827918,300.0
413,439.96609962283765,0.0,0.0,0.0,781.0721000827917,300.0
414,439.9661,0.0,0.0,0.0,853.4221,300.0
415,439.96609962283765,0.0,0.0,0.0,915.5521000827916,300.0
416,439.9661003771623,0.0,0.0,0.0,963.2320999172083,300.0
417,435.799999626409,0.0,0.0,0.0,989.0360000863631,300.0
418,431.91790066971396,0.0,0.0,0.0,995.373900669714,300.0
419,428.584277002878,0.0,0.0,0.0,981.820277002878,300.0
420,396.4958852744187,0.0,0.0,0.0,956.9528848144647,300.0
421,358.24369888321485,0.0,0.0,0.0,917.4866788832148,300.0
422,346.53969203240706,0.0,0.0,0.0,857.8818520324071,300.0
423,323.38857016651446,0.0,0.0,0.0,792.2149501665144,300.0
424,271.328763007499,0.0,0.0,0.0,729.613163467453,300.0
425,181.6195313393019,0.0,85.0,0.0,655.1889313393019,207.60869565217394
426,206.11134224022936,0.0,85.0,0.0,579.4823422402294,115.21739130434786
427,218.15251702102887,0.0,78.40000000000003,0.0,519.315917480983,30.0
428,280.10494610728034,0.0,0.0,0.0,478.70354610728043,30.0
429,290.8664636468145,0.0,0.0,0.0,446.37126364681455,30.0
430,325.3802647721519,0.0,0.0,0.0,428.575064312198,30.0
431,345.2624737506096,35.32258064516127,0.0,0.0,399.1080935654024,62.84999999999998
432,394.40786659825113,85.0,0.0,0.0,368.6126670582052,141.89999999999998
433,428.7632441708386,85.0,0.0,0.0,408.75124463079266,220.95
434,437.12578213385257,85.0,0.0,0.0,469.04558259380656,300.0
435,439.96609962283765,0.0,0.0,0.0,625.7721000827918,300.0
436,439.96609999999987,0.0,0.0,0.0,703.4221,300.0
437,439.96609962283765,0.0,0.0,0.0,781.0721000827917,300.0
438,439.96609962283765,0.0,0.0,0.0,853.4221000827918,300.0
439,439.9661003771623,0.0,0.0,0.0,915.5520999172084,300.0
440,439.9661003771623,0.0,0.0,0.0,963.2320999172083,300.0
441,435.799999626409,0.0,0.0,0.0,989.0360000863631,300.0
442,431.91790029945093,0.0,0.0,0.0,995.373900759405,300.0
443,391.072129874378,0.0,0.0,0.0,991.269529414424,300.0
444,383.40171377568436,0.0,0.0,0.0,960.3497137756842,300.0
445,370.07130088334964,0.0,0.0,0.0,914.3619804233957,300.0
446,344.2938804059297,0.0,0.0,0.0,858.4788399459758,300.0
447,314.347850211664,0.0,0.0,0.0,794.6033906716181,300.0
448,264.98439078597363,0.0,0.0,0.0,731.2589907859737,300.0
449,155.4503178196631,0.0,85.0,0.0,661.7809178196632,207.60869565217394
450,163.40834664505883,0.0,85.0,0.0,589.8265466450589,115.21739130434786
451,183.7749775809865,0.0,78.40000000000003,0.0,527.2629775809866,30.0
452,323.0944298167926,0.0,0.0,0.0,469.2668298167927,30.0
453,280.24073965971684,0.0,0.0,0.0,448.7037396597169,30.0
454,317.60617238555244,0.0,0.0,0.0,430.28157238555247,30.0
455,356.23899444541263,35.32258064516127,0.0,0.0,396.69861334029736,62.84999999999998
456,395.6639429848893,85.0,0.0,0.0,368.33694298488933,141.89999999999998
457,439.96608428967005,85.0,0.0,0.0,406.29208474962405,220.95
458,439.96609863129413,85.0,0.0,0.0,468.42209863129415,300.0
459,439.9661003771623,0.0,0.0,0.0,625.7720999172084,300.0
460,439.9661,0.0,0.0,0.0,703.4221,300.0
461,439.9661,0.0,0.0,0.0,781.0721,300.0
462,439.9661003771623,0.0,0.0,0.0,853.4220999172084,300.0
463,439.96609962283765,0.0,0.0,0.0,915.5521000827918,300.0
464,439.9661003771623,0.0,0.0,0.0,963.2320999172083,300.0
465,435.799999626409,0.0,0.0,0.0,989.0360000863631,300.0
466,431.91790066971396,0.0,0.0,0.0,995.373900669714,300.0
467,413.94539017520776,0.0,0.0,0.0,985.5077901752077,300.0
468,377.2764906261956,0.0,0.0,0.0,961.9386906261956,300.0
469,365.514917572592,0.0,0.0,0.0,915.565717572592,300.0
470,347.9885678258529,0.0,0.0,0.0,857.4967078258529,300.0
471,312.03254397494027,0.0,0.0,0.0,795.2150644348942,300.0
472,283.98463651457666,0.0,0.0,0.0,726.3300360546227,300.0
473,273.1122300600546,0.0,0.0,0.0,653.5534300600547,300.0
474,260.3838485315296,0.0,0.0,0.0,586.9256485315296,300.0
475,183.92069261769245,0.0,78.40000000000002,0.0,527.2292926176925,214.78260869565216
476,202.79982605528465,0.0,85.0,0.0,477.01442605528473,122.39130434782608
477,197.42472727990258,0.0,85.0,0.0,448.2243277398567,30.0
478,333.10909240437195,0.0,0.0,0.0,426.87849240437197,30.0
479,343.49717851450663,35.32258064516127,0.0,0.0,399.49559740939145,62.84999999999998
480,395.06419460320245,85.0,0.0,0.0,368.46859506315656,141.89999999999998
481,411.42713198695003,85.0,0.0,0.0,412.5567324469041,220.95
482,439.96609863129413,85.0,0.0,0.0,468.42209863129415,300.0
483,439.96609999999987,0.0,0.0,0.0,625.7721,300.0
484,439.96609962283765,0.0,0.0,0.0,703.4221000827918,300.0
485,439.96609962283765,0.0,0.0,0.0,781.0721000827917,300.0
486,439.96609962283765,0.0,0.0,0.0,853.4221000827918,300.0
487,439.9661003771623,0.0,0.0,0.0,915.5520999172084,300.0
488,439.96609962283776,0.0,0.0,0.0,963.2321000827917,300.0
489,435.8000003735908,0.0,0.0,0.0,989.0359999136368,300.0
490,431.91790029945093,0.0,0.0,0.0,995.373900759405,300.0
491,405.104737136208,0.0,0.0,0.0,987.734737136208,300.0
492,379.8514953565775,0.0,0.0,0.0,961.2706948966236,300.0
493,357.0287362047467,0.0,0.0,0.0,917.8076562047468,300.0
494,341.98156621638964,0.0,0.0,0.0,859.0935057564357,300.0
495,305.89114269435737,0.0,0.0,0.0,796.8375426943574,300.0
496,278.82367021344805,0.0,0.0,0.0,727.668869753494,300.0
497,278.9545565829731,0.0,0.0,0.0,652.0817565829732,300.0
498,253.10745323024776,0.0,0.0,0.0,588.6882536902018,300.0
499,204.42167739732582,0.0,78.40000000000002,0.0,522.4900773973259,214.78260869565216
500,199.57476645423924,0.0,85.0,0.0,477.7223659942853,122.39130434782608
501,221.75412762752285,0.0,85.0,0.0,442.88372762752294,30.0
502,318.50013676379996,0.0,0.0,0.0,430.08533630384596,30.0
503,359.9393260481848,35.32258064516127,0.0,0.0,395.8863454030236,62.84999999999998
504,386.95062291915593,85.0,0.0,0.0,370.249622919156,141.89999999999998
505,437.4991970178277,85.0,0.0,0.0,406.8335965578737,220.95
506,439.96609863129413,85.0,0.0,0.0,468.42209863129415,300.0
507,439.9661,0.0,0.0,0.0,625.7721,300.0
508,439.96609962283765,0.0,0.0,0.0,703.4221000827918,300.0
509,439.96609962283765,0.0,0.0,0.0,781.0721000827917,300.0
510,439.96609999999987,0.0,0.0,0.0,853.4221,300.0
511,439.96609999999987,0.0,0.0,0.0,915.5521,300.0
512,439.96609962283765,0.0,0.0,0.0,963.2321000827917,300.0
513,435.799999626409,0.0,0.0,0.0,989.0360000863631,300.0
514,431.91790103997687,0.0,0.0,0.0,995.3739005800229,300.0
515,428.5842770028779,0.0,0.0,0.0,981.820277002878,300.0
516,378.4379819568678,0.0,0.0,0.0,961.6373819568678,300.0
517,365.59678800919403,0.0,0.0,0.0,915.544088469148,300.0
518,345.4058836741722,0.0,0.0,0.0,858.1832441341262,300.0
519,320.4084726663035,0.0,0.0,0.0,793.0022531262575,300.0
520,271.7265193742633,0.0,0.0,0.0,729.5099793742634,300.0
521,277.3341377171825,0.0,0.0,0.0,652.4899377171826,300.0
522,244.45354268255085,0.0,0.0,0.0,590.7845426825509,300.0
523,168.22830404935638,0.0,78.40000000000002,0.0,530.8569040493564,214.78260869565216
524,207.67702202232852,0.0,85.0,0.0,475.9438220223286,122.39130434782608
525,204.37275202579053,0.0,85.0,0.0,446.6991515658366,30.0
526,323.6828647700914,0.0,0.0,0.0,428.94766431013744,30.0
527,350.7167860981952,35.32258064516127,0.0,0.0,397.91080545303396,62.84999999999998
528,390.75279857067727,85.0,0.0,0.0,369.4149990306314,141.89999999999998
529,428.08428491796127,85.0,0.0,0.0,408.9002844580073,220.95
530,405.73519755887645,85.0,0.0,0.0,475.93619709892255,300.0
531,439.96609962283765,0.0,0.0,0.0,625.7721000827918,300.0
532,439.96609962283765,0.0,0.0,0.0,703.4221000827918,300.0
533,439.9661,0.0,0.0,0.0,781.0721,300.0
534,439.9661003771623,0.0,0.0,0.0,853.4220999172084,300.0
535,439.9661003771623,0.0,0.0,0.0,915.5520999172084,300.0
536,439.9661,0.0,0.0,0.0,963.2321,300.0
537,435.799999626409,0.0,0.0,0.0,989.0360000863631,300.0
538,431.91790066971396,0.0,0.0,0.0,995.373900669714,300.0
539,411.9501800820433,0.0,0.0,0.0,986.0103805419973,300.0
540,393.52641142501136,0.0,0.0,0.0,957.7232118849653,300.0
541,360.15510953455794,0.0,0.0,0.0,916.981709074604,300.0
542,337.09637967512435,0.0,0.0,0.0,860.3920996751244,300.0
543,301.0585822464667,0.0,0.0,0.0,798.1142422464667,300.0
544,288.3018772335038,0.0,0.0,0.0,725.2100776934578,300.0
545,259.4654367957191,0.0,0.0,0.0,656.9910372556732,300.0
546,205.73363624381005,0.0,85.0,0.0,579.5738362438101,207.60869565217394
547,202.47335009653068,0.0,85.0,0.0,521.4147496365767,115.21739130434786
548,194.07796178165495,0.0,78.40000000000003,0.0,480.37776224160905,30.0
549,301.37902725688735,0.0,0.0,0.0,444.0636277168414,30.0
550,327.5642523976409,0.0,0.0,0.0,428.09565239764095,30.0
551,342.16188976742285,35.32258064516127,0.0,0.0,399.78870958221563,62.84999999999998
552,377.51307884795904,85.0,0.0,0.0,372.3212788479592,141.89999999999998
553,439.96608428966994,85.0,0.0,0.0,406.29208474962405,220.95
554,439.9660982541318,85.0,0.0,0.0,468.4220987140858,300.0
555,439.9661,0.0,0.0,0.0,625.7721,300.0
556,439.9661,0.0,0.0,0.0,703.4221,300.0
557,439.96609962283765,0.0,0.0,0.0,781.0721000827916,300.0
558,439.9661,0.0,0.0,0.0,853.4221,300.0
559,439.96609962283765,0.0,0.0,0.0,915.5521000827918,300.0
560,439.9661,0.0,0.0,0.0,963.2321,300.0
561,435.799999626409,0.0,0.0,0.0,989.0360000863631,300.0
562,429.89606238993736,0.0,0.0,0.0,995.8636628498914,300.0
563,415.63194904007787,0.0,0.0,0.0,985.0829485801239,300.0
564,376.6519150993247,0.0,0.0,0.0,962.1007150993246,300.0
565,367.13050100402575,0.0,0.0,0.0,915.1389014639799,300.0
566,352.7723654042132,0.0,0.0,0.0,856.2250654042132,300.0
567,333.84729165748973,0.0,0.0,0.0,789.4518921174438,300.0
568,275.48493007763295,0.0,0.0,0.0,728.534990077633,300.0
569,180.56129824321704,0.0,85.0,0.0,655.4554987031711,207.60869565217394
570,138.76858450838375,0.0,85.0,0.0,595.7951849683378,115.21739130434786
571,174.88636034192177,0.0,78.40000000000003,0.0,529.3177603419218,30.0
572,275.1145897638388,0.0,0.0,0.0,479.7989902237929,30.0
573,303.1556396318923,0.0,0.0,0.0,443.6736396318924,30.0
574,349.585188801535,0.0,0.0,0.0,423.2617883415811,30.0
575,351.8823337147126,35.32258064516127,0.0,0.0,397.65495352950535,62.84999999999998
576,395.58473098429164,85.0,0.0,0.0,368.3543309842918,141.89999999999998
577,433.1425365944532,85.0,0.0,0.0,407.78993659445325,220.95
578,439.9660982541317,85.0,0.0,0.0,468.4220987140858,300.0
579,439.9661,0.0,0.0,0.0,625.7721,300.0
580,439.9661003771623,0.0,0.0,0.0,703.4220999172084,300.0
581,439.96609962283765,0.0,0.0,0.0,781.0721000827917,300.0
582,439.9661,0.0,0.0,0.0,853.4221,300.0
583,439.9661003771623,0.0,0.0,0.0,915.5520999172084,300.0
584,439.9661003771623,0.0,0.0,0.0,963.2320999172083,300.0
585,435.8000003735908,0.0,0.0,0.0,989.0359999136368,300.0
586,431.91790066971396,0.0,0.0,0.0,995.373900669714,300.0
587,389.2532922790725,0.0,0.0,0.0,991.7276918191186,300.0
588,382.9634151603361,0.0,0.0,0.0,960.4634151603361,300.0
589,349.0643447383459,0.0,0.0,0.0,919.9117447383459,300.0
590,341.20643365653234,0.0,0.0,0.0,859.2995536565323,300.0
591,298.41360995043175,0.0,0.0,0.0,798.8130094904777,300.0
592,278.2977114990762,0.0,0.0,0.0,727.8053114990762,300.0
593,175.1929721640915,0.0,85.0,0.0,656.8077721640915,207.60869565217394
594,172.40663655975396,0.0,85.0,0.0,587.646836559754,115.21739130434786
595,188.11280213523366,0.0,78.40000000000003,0.0,526.2602021352337,30.0
596,272.4553301589702,0.0,0.0,0.0,480.3827301589703,30.0
597,296.79604763961447,0.0,0.0,0.0,445.0696476396146,30.0
598,325.1992087719322,0.0,0.0,0.0,428.6148083119782,30.0
599,361.10487441902677,35.32258064516127,0.0,0.0,395.6304933139116,62.84999999999998
600,387.3466832993061,85.0,0.0,0.0,370.1626828393522,141.89999999999998
601,434.96441223661594,85.0,0.0,0.0,407.39001269657007,220.95
602,439.9660982541318,85.0,0.0,0.0,468.4220987140858,300.0
603,439.9661003771623,0.0,0.0,0.0,625.7720999172084,300.0
604,439.9661003771623,0.0,0.0,0.0,703.4220999172084,300.0
605,439.96609962283765,0.0,0.0,0.0,781.0721000827917,300.0
606,439.9661003771623,0.0,0.0,0.0,853.4220999172084,300.0
607,439.9661,0.0,0.0,0.0,915.5521,300.0
608,439.9661,0.0,0.0,0.0,963.2321,300.0
609,435.799999626409,0.0,0.0,0.0,989.0360000863631,300.0
610,431.91790066971396,0.0,0.0,0.0,995.373900669714,300.0
611,428.5842770028779,0.0,0.0,0.0,981.820277002878,300.0
612,402.6101502280991,0.0,0.0,0.0,955.366750688053,300.0
613,362.414743262754,0.0,0.0,0.0,916.384743262754,300.0
614,338.5398044685951,0.0,0.0,0.0,860.008404468595,300.0
615,295.85924024872656,0.0,0.0,0.0,799.4878407086806,300.0
616,272.85185109215274,0.0,0.0,0.0,729.2180510921528,300.0
617,150.00482856999952,0.0,85.0,0.0,663.1526285699995,207.60869565217394
618,160.77551329975546,0.0,85.0,0.0,590.4643137597095,115.21739130434786
619,201.21594658979427,0.0,78.40000000000003,0.0,523.2311465897943,30.0
620,272.79481015667625,0.0,0.0,0.0,480.30821015667635,30.0
621,304.8190920070347,0.0,0.0,0.0,443.30849154708085,30.0
622,328.46953239873983,0.0,0.0,0.0,427.89693239873986,30.0
623,357.9590260589232,35.32258064516127,0.0,0.0,396.321045413762,62.84999999999998
624,400.5185073986744,85.0,0.0,0.0,367.27130693872044,141.89999999999998
625,420.1744000797346,85.0,0.0,0.0,410.63660053968863,220.95
626,439.96609863129413,85.0,0.0,0.0,468.42209863129415,300.0
627,439.9661003771623,0.0,0.0,0.0,625.7720999172084,300.0
628,439.9661,0.0,0.0,0.0,703.4221,300.0
629,439.9661003771623,0.0,0.0,0.0,781.0720999172083,300.0
630,439.96609962283765,0.0,0.0,0.0,853.4221000827918,300.0
631,439.96609962283765,0.0,0.0,0.0,915.5521000827918,300.0
632,439.96609962283765,0.0,0.0,0.0,963.2321000827917,300.0
633,435.79999999999995,0.0,0.0,0.0,989.036,300.0
634,431.91790066971396,0.0,0.0,0.0,995.373900669714,300.0
635,428.5842773702832,0.0,0.0,0.0,981.8202769103292,300.0
636,385.4288445064566,0.0,0.0,0.0,959.8238449664105,300.0
637,366.21464037748433,0.0,0.0,0.0,915.3808599175304,300.0
638,360.2729417336475,0.0,0.0,0.0,854.2312412736935,300.0
639,297.998797530985,0.0,0.0,0.0,798.922597530985,300.0
640,290.84400925444186,0.0,0.0,0.0,724.5506097143959,300.0
641,253.76641262147592,0.0,0.0,0.0,658.42661308143,300.0
642,241.84292733703688,0.0,0.0,0.0,591.4169277969909,300.0
643,202.1574899038945,0.0,78.40000000000002,0.0,523.0134899038945,214.78260869565216
644,208.8312536373669,0.0,85.0,0.0,475.690454097321,122.39130434782608
645,214.61373201335545,0.0,85.0,0.0,444.45113155340147,30.0
646,306.32412074901913,0.0,0.0,0.0,432.7581202890651,30.0
647,341.7545145239565,35.32258064516127,0.0,0.0,399.8781334188413,62.84999999999998
648,400.29218701980466,85.0,0.0,0.0,367.3209870198048,141.89999999999998
649,414.30139639460043,85.0,0.0,0.0,411.92579639460047,220.95
650,439.96609863129413,85.0,0.0,0.0,468.42209863129415,300.0
651,439.9661003771623,0.0,0.0,0.0,625.7720999172084,300.0
652,439.9661,0.0,0.0,0.0,703.4221,300.0
653,439.9661003771623,0.0,0.0,0.0,781.0720999172083,300.0
654,439.96609999999987,0.0,0.0,0.0,853.4221,300.0
655,439.9661,0.0,0.0,0.0,915.5521,300.0
656,439.96609999999987,0.0,0.0,0.0,963.2321,300.0
657,435.8000003735908,0.0,0.0,0.0,989.0359999136368,300.0
658,431.91790103997687,0.0,0.0,0.0,995.3739005800229,300.0
659,428.58427663547275,0.0,0.0,0.0,981.8202770954268,300.0
660,372.6524398690616,0.0,0.0,0.0,963.1382403290156,300.0
661,379.1338523224297,0.0,0.0,0.0,911.9677723224297,300.0
662,344.9000312398241,0.0,0.0,0.0,858.3177112398241,300.0
663,310.4540753060996,0.0,0.0,0.0,795.6320753060996,300.0
664,274.0177254327898,0.0,0.0,0.0,728.9156054327898,300.0
665,274.04920695523975,0.0,0.0,0.0,653.3174069552398,300.0
666,256.66233356681005,0.0,0.0,0.0,587.8271335668101,300.0
667,162.48937374652718,0.0,78.40000000000002,0.0,532.1835732865733,214.78260869565216
668,233.07012585074273,0.0,85.0,0.0,470.36972585074284,122.39130434782608
669,200.95532002994014,0.0,85.0,0.0,447.44931956998624,30.0
670,335.3722924071193,0.0,0.0,0.0,426.3816924071194,30.0
671,371.58348998504295,35.32258064516127,0.0,0.0,393.3303093398817,62.84999999999998
672,386.62245929384255,85.0,0.0,0.0,370.32165883388865,141.89999999999998
673,428.51429254536015,85.0,0.0,0.0,408.8058925453603,220.95
674,439.96609900845635,85.0,0.0,0.0,468.4220985485024,300.0
675,439.9661,0.0,0.0,0.0,625.7721,300.0
676,439.9661,0.0,0.0,0.0,703.4221,300.0
677,439.96609962283765,0.0,0.0,0.0,781.0721000827917,300.0
678,439.96609962283765,0.0,0.0,0.0,853.4221000827918,300.0
679,439.96609962283765,0.0,0.0,0.0,915.5521000827916,300.0
680,439.9661,0.0,0.0,0.0,963.2321,300.0
681,435.8000003735908,0.0,0.0,0.0,989.0359999136368,300.0
682,431.91790103997687,0.0,0.0,0.0,995.3739005800229,300.0
683,428.58427663547275,0.0,0.0,0.0,981.8202770954268,300.0
684,385.9767181408539,0.0,0.0,0.0,959.6817181408538,300.0
685,374.05131303137125,0.0,0.0,0.0,913.3105130313713,300.0
686,324.9995205298453,0.0,0.0,0.0,863.6077205298453,300.0
687,312.44844836889354,0.0,0.0,0.0,795.1051879089396,300.0
688,285.79261833981286,0.0,0.0,0.0,725.8610178798589,300.0
689,250.58069154525197,0.0,0.0,0.0,659.229091545252,300.0
690,270.0820054395899,0.0,0.0,0.0,584.57640543959,300.0
691,225.19167455241637,0.0,78.40000000000002,0.0,517.6886745524164,214.78260869565216
692,181.70680182065172,0.0,85.0,0.0,481.6446022806058,122.39130434782608
693,220.3848920063478,0.0,85.0,0.0,443.1842915463938,30.0
694,359.3056320590105,0.0,0.0,0.0,421.1280325189645,30.0
695,359.1585220524189,35.32258064516127,0.0,0.0,396.0577414072576,62.84999999999998
696,403.5059314212115,85.0,0.0,0.0,366.6155309612576,141.89999999999998
697,432.2033089616528,85.0,0.0,0.0,407.99610850169887,220.95
698,439.96609900845635,85.0,0.0,0.0,468.4220985485024,300.0
699,439.96609962283765,0.0,0.0,0.0,625.7721000827918,300.0
700,439.96609962283765,0.0,0.0,0.0,703.4221000827918,300.0
701,439.96609962283765,0.0,0.0,0.0,781.0721000827916,300.0
702,439.96609962283776,0.0,0.0,0.0,853.4221000827918,300.0
703,439.96609962283765,0.0,0.0,0.0,915.5521000827918,300.0
704,439.9661,0.0,0.0,0.0,963.2321,300.0
705,435.79999999999984,0.0,0.0,0.0,989.036,300.0
706,431.91790103997687,0.0,0.0,0.0,995.3739005800229,300.0
707,428.5842770028779,0.0,0.0,0.0,981.820277002878,300.0
708,380.0268144375044,0.0,0.0,0.0,961.2252144375044,300.0
709,358.56135758890605,0.0,0.0,0.0,917.4027575889061,300.0
710,356.97181542185297,0.0,0.0,0.0,855.108755881807,300.0
711,306.0952738901459,0.0,0.0,0.0,796.7836138901458,300.0
712,273.5092993938145,0.0,0.0,0.0,729.0474989338605,300.0
713,176.62599565084514,0.0,85.0,0.0,656.4467956508452,207.60869565217394
714,170.4625619484471,0.0,85.0,0.0,588.1177614884931,115.21739130434786
715,215.85470372784738,0.0,78.40000000000003,0.0,519.8471032678934,30.0
716,291.17199440966056,0.0,0.0,0.0,476.27419394970667,30.0
717,257.8803233097058,0.0,0.0,0.0,453.61212376965983,30.0
718,329.2503360225254,0.0,0.0,0.0,427.7255364824794,30.0
719,364.73731039932943,35.32258064516127,0.0,0.0,394.8331292942142,62.84999999999998
720,425.59476283352507,85.0,0.0,0.0,361.7667632934792,141.89999999999998
721,414.0637600149175,85.0,0.0,0.0,411.9779604748715,220.95
722,439.96609900845635,85.0,0.0,0.0,468.4220985485024,300.0
723,439.9661,0.0,0.0,0.0,625.7721,300.0
724,439.9661,0.0,0.0,0.0,703.4221,300.0
725,439.96609999999987,0.0,0.0,0.0,781.0721,300.0
726,439.9661,0.0,0.0,0.0,853.4221,300.0
727,439.96609962283765,0.0,0.0,0.0,915.5521000827916,300.0
728,439.9661,0.0,0.0,0.0,963.2321,300.0
729,435.8000003735908,0.0,0.0,0.0,989.0359999136368,300.0
730,429.54057477611,0.0,0.0,0.0,995.9497747761101,300.0
731,392.6815251973643,0.0,0.0,0.0,990.8641251973643,300.0
732,379.7013777156085,0.0,0.0,0.0,961.3096377156085,300.0
733,377.6721859958153,0.0,0.0,0.0,912.3539255358613,300.0
734,348.55874205991006,0.0,0.0,0.0,857.3451425198641,300.0
735,311.5598765536761,0.0,0.0,0.0,795.3399370136301,300.0
736,277.2457948007569,0.0,0.0,0.0,728.0781948007569,300.0
737,180.93608936869623,0.0,85.0,0.0,655.3610893686963,207.60869565217394
738,170.94024820339257,0.0,85.0,0.0,588.0020486633466,115.21739130434786
739,176.47801727030117,0.0,78.40000000000003,0.0,528.9498168103472,30.0
740,281.14601810024567,0.0,0.0,0.0,478.47501810024573,30.0
741,292.72228726739877,0.0,0.0,0.0,445.96388772735287,30.0
742,341.652672037581,0.0,0.0,0.0,425.003072497535,30.0
743,341.8110945236496,35.32258064516127,0.0,0.0,399.8657134185344,62.84999999999998
744,401.55957940652814,85.0,0.0,0.0,367.0427789465743,141.89999999999998
745,439.96608504399455,85.0,0.0,0.0,406.2920845840406,220.95
746,439.966098631294,85.0,0.0,0.0,468.42209863129415,300.0
747,439.96609962283765,0.0,0.0,0.0,625.7721000827918,300.0
748,439.9661,0.0,0.0,0.0,703.4221,300.0
749,439.96609962283765,0.0,0.0,0.0,781.0721000827916,300.0
750,439.9661,0.0,0.0,0.0,853.4221,300.0
751,439.9661003771623,0.0,0.0,0.0,915.5520999172084,300.0
752,439.9661003771623,0.0,0.0,0.0,963.2320999172083,300.0
753,435.799999626409,0.0,0.0,0.0,989.0360000863631,300.0
754,424.5304163706003,0.0,0.0,0.0,997.1634159106463,300.0
755,394.9192462350925,0.0,0.0,0.0,990.3004466950465,300.0
756,400.7802538742334,0.0,0.0,0.0,955.8414538742334,300.0
757,367.84550635833295,0.0,0.0,0.0,914.9500063583329,300.0
758,344.0812906801641,0.0,0.0,0.0,858.5353511401181,300.0
759,310.20300485138654,0.0,0.0,0.0,795.6984048513865,300.0
760,276.3363251553351,0.0,0.0,0.0,728.3141251553351,300.0
761,177.1330658674092,0.0,85.0,0.0,656.3190654074552,207.60869565217394
762,159.32023505407756,0.0,85.0,0.0,590.8168345941236,115.21739130434786
763,199.08626528409155,0.0,78.40000000000003,0.0,523.7234652840916,30.0
764,292.16780202576945,0.0,0.0,0.0,476.05560202576953,30.0
765,321.3065032326904,0.0,0.0,0.0,439.6893036926444,30.0
766,327.96031277528397,0.0,0.0,0.0,428.00871231533,30.0
767,345.52274174919825,35.32258064516127,0.0,0.0,399.050961563991,62.84999999999998
768,391.0356993271361,85.0,0.0,0.0,369.35289886718215,141.89999999999998
769,439.96608504399455,85.0,0.0,0.0,406.2920845840406,220.95
770,439.96609900845635,85.0,0.0,0.0,468.4220985485024,300.0
771,439.9661,0.0,0.0,0.0,625.7721,300.0
772,439.9661003771623,0.0,0.0,0.0,703.4220999172084,300.0
773,439.9661,0.0,0.0,0.0,781.0721,300.0
774,439.9661,0.0,0.0,0.0,853.4221,300.0
775,439.9661003771623,0.0,0.0,0.0,915.5520999172084,300.0
776,439.9661,0.0,0.0,0.0,963.2321,300.0
777,435.799999626409,0.0,0.0,0.0,989.0360000863631,300.0
778,431.91790029945093,0.0,0.0,0.0,995.373900759405,300.0
779,428.584277002878,0.0,0.0,0.0,981.820277002878,300.0
780,401.6678089355254,0.0,0.0,0.0,955.6112084755714,300.0
781,385.12024561413375,0.0,0.0,0.0,910.3862451541798,300.0
782,345.8888422719874,0.0,0.0,0.0,858.0548627319415,300.0
783,301.05858261030045,0.0,0.0,0.0,798.1142421503465,300.0
784,274.8976099210715,0.0,0.0,0.0,728.6873499210715,300.0
785,151.29455007548285,0.0,85.0,0.0,662.8277496155289,207.60869565217394
786,169.35166195897847,0.0,85.0,0.0,588.3868614990245,115.21739130434786
787,214.47601455644735,0.0,78.40000000000003,0.0,520.1658150164014,30.0
788,262.8706782237354,0.0,0.0,0.0,482.48667822373545,30.0
789,350.99968757379753,0.0,0.0,0.0,433.1712875737976,30.0
790,339.525264789323,0.0,0.0,0.0,425.47006432936905,30.0
791,365.07678964316403,35.32258064516127,0.0,0.0,394.75860945795677,62.84999999999998
792,418.69200353577514,85.0,0.0,0.0,363.2820030758213,141.89999999999998
793,416.39485679396853,85.0,0.0,0.0,411.4662563340146,220.95
794,439.96609863129413,85.0,0.0,0.0,468.42209863129415,300.0
795,439.9661003771623,0.0,0.0,0.0,625.7720999172084,300.0
796,439.96609999999987,0.0,0.0,0.0,703.4221,300.0
797,439.96609999999987,0.0,0.0,0.0,781.0721,300.0
798,439.96609999999987,0.0,0.0,0.0,853.4221,300.0
799,439.96609962283765,0.0,0.0,0.0,915.5521000827918,300.0
800,439.96609962283776,0.0,0.0,0.0,963.2321000827917,300.0
801,435.8000003735908,0.0,0.0,0.0,989.0359999136368,300.0
802,431.91790066971396,0.0,0.0,0.0,995.373900669714,300.0
803,428.584277002878,0.0,0.0,0.0,981.820277002878,300.0
804,419.8352861764887,0.0,0.0,0.0,950.8982861764887,300.0
805,373.2981020311952,0.0,0.0,0.0,913.5095015712412,300.0
806,341.36342245582216,0.0,0.0,0.0,859.2578224558222,300.0
807,317.4174594231997,0.0,0.0,0.0,793.7924398831537,300.0
808,277.8594125095641,0.0,0.0,0.0,727.9190129695181,300.0
809,259.16780920818314,0.0,0.0,0.0,657.0660092081832,300.0
810,266.9159404696046,0.0,0.0,0.0,585.3433404696046,300.0
811,211.7522650021251,0.0,78.40000000000002,0.0,520.7954645421712,214.78260869565216
812,208.6615136385139,0.0,85.0,0.0,475.72771409846797,122.39130434782608
813,234.81279123450406,0.0,85.0,0.0,440.0171916944581,30.0
814,319.48462838783274,0.0,0.0,0.0,429.8692283878328,30.0
815,339.1857821607234,35.32258064516127,0.0,0.0,400.44200151556225,62.84999999999998
816,419.2578031628814,85.0,0.0,0.0,363.15780316288146,141.89999999999998
817,429.46483655544284,85.0,0.0,0.0,408.5972365554429,220.95
818,439.966098631294,85.0,0.0,0.0,468.42209863129415,300.0
819,439.96609999999987,0.0,0.0,0.0,625.7721,300.0
820,439.96609962283765,0.0,0.0,0.0,703.4221000827918,300.0
821,439.96609999999987,0.0,0.0,0.0,781.0721,300.0
822,439.96609962283765,0.0,0.0,0.0,853.4221000827918,300.0
823,439.9661,0.0,0.0,0.0,915.5521,300.0
824,439.9661,0.0,0.0,0.0,963.2321,300.0
825,435.79999999999995,0.0,0.0,0.0,989.036,300.0
826,431.91790103997687,0.0,0.0,0.0,995.3739005800229,300.0
827,428.58427663547275,0.0,0.0,0.0,981.8202770954268,300.0
828,370.0555213035492,0.0,0.0,0.0,963.8119208435952,300.0
829,362.70729528681204,0.0,0.0,0.0,916.307454826858,300.0
830,343.62013608225016,0.0,0.0,0.0,858.6579365422042,300.0
831,322.48908297223795,0.0,0.0,0.0,792.452582972238,300.0
832,280.3467572024648,0.0,0.0,0.0,727.2737576624188,300.0
833,266.42111233526924,0.0,0.0,0.0,655.2389127952233,300.0
834,240.37653972120137,0.0,0.0,0.0,591.7721397212014,300.0
835,203.23353977931413,0.0,78.40000000000002,0.0,522.7647393193602,214.78260869565216
836,189.78642652038081,0.0,85.0,0.0,479.8710260604269,122.39130434782608
837,224.7189196239229,0.0,85.0,0.0,442.23291962392295,30.0
838,350.02651204774634,0.0,0.0,0.0,423.1649125077003,30.0
839,395.2452462338964,35.32258064516127,0.0,0.0,388.1362651287812,62.84999999999998
840,407.11573507128156,85.0,0.0,0.0,365.8231350712817,141.89999999999998
841,414.41455677296295,85.0,0.0,0.0,411.90095631300903,220.95
842,439.96609900845635,85.0,0.0,0.0,468.4220985485024,300.0
843,439.9661,0.0,0.0,0.0,625.7721,300.0
844,439.9661,0.0,0.0,0.0,703.4221,300.0
845,439.9661,0.0,0.0,0.0,781.0721,300.0
846,439.96609962283765,0.0,0.0,0.0,853.4221000827918,300.0
847,439.9661003771623,0.0,0.0,0.0,915.5520999172084,300.0
848,439.96609962283776,0.0,0.0,0.0,963.2321000827917,300.0
849,435.799999626409,0.0,0.0,0.0,989.0360000863631,300.0
850,431.91790066971384,0.0,0.0,0.0,995.373900669714,300.0
851,417.0759958581689,0.0,0.0,0.0,984.7191953982149,300.0
852,410.20367446942817,0.0,0.0,0.0,953.3968740094742,300.0
853,367.1850815376498,0.0,0.0,0.0,915.1244819976038,300.0
854,338.06229723411866,0.0,0.0,0.0,860.1353367741647,300.0
855,297.1680818090866,0.0,0.0,0.0,799.1420618090865,300.0
856,287.4910247785494,0.0,0.0,0.0,725.4204252385034,300.0
857,235.18120032404084,0.0,0.0,0.0,663.1082007839949,300.0
858,262.4501221416782,0.0,0.0,0.0,586.4251226016322,300.0
859,189.59237020024818,0.0,78.40000000000002,0.0,525.9181702002483,214.78260869565216
860,203.39957405123198,0.0,85.0,0.0,476.8827740512321,122.39130434782608
861,226.69921924435596,0.0,85.0,0.0,441.79821970431004,30.0
862,328.59400839889094,0.0,0.0,0.0,427.869608398891,30.0
863,356.7255820656117,35.32258064516127,0.0,0.0,396.5918014204505,62.84999999999998
864,416.91539152237243,85.0,0.0,0.0,363.67199106241856,141.89999999999998
865,416.2590644153659,85.0,0.0,0.0,411.49606441536594,220.95
866,439.96609863129413,85.0,0.0,0.0,468.42209863129415,300.0
867,439.9661003771623,0.0,0.0,0.0,625.7720999172084,300.0
868,439.9661,0.0,0.0,0.0,703.4221,300.0
869,439.96609962283765,0.0,0.0,0.0,781.0721000827917,300.0
870,439.96609962283776,0.0,0.0,0.0,853.4221000827918,300.0
871,439.96609999999987,0.0,0.0,0.0,915.5521,300.0
872,439.9661,0.0,0.0,0.0,963.2321,300.0
873,435.8000003735908,0.0,0.0,0.0,989.0359999136368,300.0
874,431.91790066971396,0.0,0.0,0.0,995.373900669714,300.0
875,428.5842770028779,0.0,0.0,0.0,981.820277002878,300.0
876,390.1843848481949,0.0,0.0,0.0,958.5901848481949,300.0
877,371.9041152024406,0.0,0.0,0.0,913.8777747424866,300.0
878,351.8402444084296,0.0,0.0,0.0,856.4728444084296,300.0
879,320.96628608386953,0.0,0.0,0.0,792.8548860838695,300.0
880,273.81610806561196,0.0,0.0,0.0,728.9679080656119,300.0
881,150.77645660132828,0.0,85.0,0.0,662.9582566013283,207.60869565217394
882,161.67534303175097,0.0,85.0,0.0,590.246342571797,115.21739130434786
883,208.40081841070582,0.0,78.40000000000003,0.0,521.5702188706599,30.0
884,263.17620984450855,0.0,0.0,0.0,482.41961030446265,30.0
885,271.9008476698436,0.0,0.0,0.0,450.53444766984364,30.0
886,375.3743524556791,0.0,0.0,0.0,417.6007524556792,30.0
887,367.1815656317506,35.32258064516127,0.0,0.0,394.29658544654336,62.84999999999998
888,415.77247513658807,85.0,0.0,0.0,363.9228751365881,141.89999999999998
889,439.96608466683233,85.0,0.0,0.0,406.29208466683235,220.95
890,439.9660982541317,85.0,0.0,0.0,468.4220987140858,300.0
891,439.96609999999987,0.0,0.0,0.0,625.7721,300.0
892,439.9661,0.0,0.0,0.0,703.4221,300.0
893,439.9661,0.0,0.0,0.0,781.0721,300.0
894,439.96609962283776,0.0,0.0,0.0,853.4221000827918,300.0
895,439.9661,0.0,0.0,0.0,915.5521,300.0
896,439.9661003771623,0.0,0.0,0.0,963.2320999172083,300.0
897,435.79999999999995,0.0,0.0,0.0,989.036,300.0
898,431.91790066971396,0.0,0.0,0.0,995.373900669714,300.0
899,418.7294842137686,0.0,0.0,0.0,984.3026842137687,300.0
900,376.9039368031497,0.0,0.0,0.0,962.0353368031497,300.0
901,377.3916413253206,0.0,0.0,0.0,912.4280417852747,300.0
902,342.1701704521728,0.0,0.0,0.0,859.0433704521729,300.0
903,307.8604083478461,0.0,0.0,0.0,796.3172883478461,300.0
904,257.6209742629515,0.0,0.0,0.0,733.1691738029975,300.0
905,166.03264473905375,0.0,85.0,0.0,659.1152451990077,207.60869565217394
906,145.75614581240382,0.0,85.0,0.0,594.1025458124038,115.21739130434786
907,188.32577026580395,0.0,78.40000000000003,0.0,526.210970265804,30.0
908,279.2109824904833,0.0,0.0,0.0,478.89978203052937,30.0
909,284.7671400313829,0.0,0.0,0.0,447.71013957142895,30.0
910,302.5445763672687,0.0,0.0,0.0,433.5877763672687,30.0
911,323.4791746230568,35.32258064516127,0.0,0.0,403.88979351794154,62.84999999999998
912,412.0834587315958,85.0,0.0,0.0,364.7326591915499,141.89999999999998
913,439.96608466683233,85.0,0.0,0.0,406.29208466683235,220.95
914,439.96609900845635,85.0,0.0,0.0,468.4220985485024,300.0
915,439.96609962283765,0.0,0.0,0.0,625.7721000827918,300.0
916,439.9661,0.0,0.0,0.0,703.4221,300.0
917,439.9661,0.0,0.0,0.0,781.0721,300.0
918,439.9661003771623,0.0,0.0,0.0,853.4220999172084,300.0
919,439.9661,0.0,0.0,0.0,915.5521,300.0
920,439.9661003771623,0.0,0.0,0.0,963.2320999172083,300.0
921,435.799999626409,0.0,0.0,0.0,989.0360000863631,300.0
922,431.91790066971396,0.0,0.0,0.0,995.373900669714,300.0
923,414.48553019212784,0.0,0.0,0.0,985.3717297321739,300.0
924,402.4238740470008,0.0,0.0,0.0,955.4150735870468,300.0
925,359.1770260081837,0.0,0.0,0.0,917.2401060081837,300.0
926,348.85309642194215,0.0,0.0,0.0,857.2668964219422,300.0
927,318.7219345408689,0.0,0.0,0.0,793.4478145408689,300.0
928,271.41642273235897,0.0,0.0,0.0,729.590423192313,300.0
929,159.27538820353618,0.0,85.0,0.0,660.8173882035362,207.60869565217394
930,169.59605921613564,0.0,85.0,0.0,588.3276596760896,115.21739130434786
931,181.66771359964753,0.0,78.40000000000003,0.0,527.7501140596016,30.0
932,293.2201900186583,0.0,0.0,0.0,475.82459001865834,30.0
933,319.84673961162514,0.0,0.0,0.0,440.0097396116252,30.0
934,345.1153680417845,0.0,0.0,0.0,424.2429685017385,30.0
935,359.59984605002575,35.32258064516127,0.0,0.0,395.9608654048645,62.84999999999998
936,379.3123228615326,85.0,0.0,0.0,371.9263228615327,141.89999999999998
937,430.2682729411274,85.0,0.0,0.0,408.42087248117343,220.95
938,438.1329065536637,85.0,0.0,0.0,468.8245065536637,300.0
939,439.96609962283765,0.0,0.0,0.0,625.7721000827918,300.0
940,439.9661003771623,0.0,0.0,0.0,703.4220999172084,300.0
941,439.96609962283765,0.0,0.0,0.0,781.0721000827917,300.0
942,439.9661,0.0,0.0,0.0,853.4221,300.0
943,439.96609962283765,0.0,0.0,0.0,915.5521000827918,300.0
944,439.96609999999987,0.0,0.0,0.0,963.2321,300.0
945,435.8000003735908,0.0,0.0,0.0,989.0359999136368,300.0
946,431.91790066971384,0.0,0.0,0.0,995.373900669714,300.0
947,420.7357171976813,0.0,0.0,0.0,983.7973171976813,300.0
948,387.96001937530355,0.0,0.0,0.0,959.1672193753036,300.0
949,377.32396182746095,0.0,0.0,0.0,912.4459218274609,300.0
950,340.2514180974887,0.0,0.0,0.0,859.5534185574428,300.0
951,315.76476122861783,0.0,0.0,0.0,794.2290612286179,300.0
952,270.72610312951156,0.0,0.0,0.0,729.7695026695576,300.0
953,190.66962582103025,0.0,85.0,0.0,652.9092258210303,207.60869565217394
954,203.37852863639966,0.0,85.0,0.0,580.1443281764457,115.21739130434786
955,188.11280213523366,0.0,78.40000000000003,0.0,526.2602021352337,30.0
956,275.7935505135755,0.0,0.0,0.0,479.6499500536216,30.0
957,310.32998324601857,0.0,0.0,0.0,442.09878370597266,30.0
958,338.325768787867,0.0,0.0,0.0,425.73336832791296,30.0
959,355.40160969562885,35.32258064516127,0.0,0.0,396.8824295104217,62.84999999999998
960,405.7125510606959,85.0,0.0,0.0,366.131151060696,141.89999999999998
961,409.4694639661846,85.0,0.0,0.0,412.98646442613864,220.95
962,438.69870695478596,85.0,0.0,0.0,468.7003064948319,300.0
963,439.96609962283765,0.0,0.0,0.0,625.7721000827918,300.0
964,439.96609999999987,0.0,0.0,0.0,703.4221,300.0
965,439.9661,0.0,0.0,0.0,781.0721,300.0
966,439.96609962283765,0.0,0.0,0.0,853.4221000827918,300.0
967,439.9661,0.0,0.0,0.0,915.5521,300.0
968,439.96609999999987,0.0,0.0,0.0,963.2321,300.0
969,435.7999996264091,0.0,0.0,0.0,989.0360000863631,300.0
970,431.91790103997687,0.0,0.0,0.0,995.3739005800229,300.0
971,384.43612809864635,0.0,0.0,0.0,992.9411280986463,300.0
972,400.3748276550365,0.0,0.0,0.0,955.9466276550364,300.0
973,368.85742981555404,0.0,0.0,0.0,914.6826693556001,300.0
974,342.32933965145276,0.0,0.0,0.0,859.0010596514528,300.0
975,327.1120541709769,0.0,0.0,0.0,791.2312541709769,300.0
976,251.44096329511376,0.0,0.0,0.0,734.7723632951138,300.0
977,268.0415312010598,0.0,0.0,0.0,654.8307316610138,300.0
978,273.63688577615227,0.0,0.0,0.0,583.7152853161983,300.0
979,197.71878570885076,0.0,78.40000000000002,0.0,524.0395857088508,214.78260869565216
980,183.5965745622068,0.0,85.0,0.0,481.22977410225286,122.39130434782608
981,237.8907439850912,0.0,85.0,0.0,439.34154352513724,30.0
982,329.62376440014106,0.0,0.0,0.0,427.64356440014103,30.0
983,365.2691623964454,35.32258064516127,0.0,0.0,394.7163812913302,62.84999999999998
984,385.2871709066069,85.0,0.0,0.0,370.61477090660696,141.89999999999998
985,421.2607360912576,85.0,0.0,0.0,410.3981365512117,220.95
986,439.96609900845635,85.0,0.0,0.0,468.4220985485024,300.0
987,439.9661,0.0,0.0,0.0,625.7721,300.0
988,439.9661003771623,0.0,0.0,0.0,703.4220999172084,300.0
989,439.96609999999987,0.0,0.0,0.0,781.0721,300.0
990,439.9661,0.0,0.0,0.0,853.4221,300.0
991,439.9661003771623,0.0,0.0,0.0,915.5520999172084,300.0
992,439.96609999999987,0.0,0.0,0.0,963.2321,300.0
993,435.8000003735908,0.0,0.0,0.0,989.0359999136368,300.0
994,431.91790066971396,0.0,0.0,0.0,995.373900669714,300.0
995,428.0220904696512,0.0,0.0,0.0,981.9618909296051,300.0
996,412.64718888478114,0.0,0.0,0.0,952.7629888847811,300.0
997,361.22488799358655,0.0,0.0,0.0,916.6990875336327,300.0
998,339.05001770292336,0.0,0.0,0.0,859.8727781628774,300.0
999,329.16755706760614,0.0,0.0,0.0,790.6882170676062,300.0
1000,281.793143027866,0.0,0.0,0.0,726.898543027866,300.0
1001,248.6626447245202,0.0,0.0,0.0,659.7122447245202,300.0
1002,260.5393749003182,0.0,0.0,0.0,586.8879744403642,300.0
1003,168.25072212090203,0.0,78.40000000000002,0.0,530.8517216609481,214.78260869565216
1004,217.0579859589397,0.0,85.0,0.0,473.8845859589398,122.39130434782608
1005,197.16445965738092,0.0,85.0,0.0,448.281459657381,30.0
1006,334.62543678337494,0.0,0.0,0.0,426.545636323421,30.0
1007,369.0713383758276,35.32258064516127,0.0,0.0,393.8817572707124,62.84999999999998
1008,401.14088702620734,85.0,0.0,0.0,367.1346870262074,141.89999999999998
1009,435.0549406147386,85.0,0.0,0.0,407.3701406147386,220.95
1010,435.7791784539901,85.0,0.0,0.0,469.3411784539901,300.0
1011,439.9661,0.0,0.0,0.0,625.7721,300.0
1012,439.96609999999987,0.0,0.0,0.0,703.4221,300.0
1013,439.9661003771623,0.0,0.0,0.0,781.0720999172083,300.0
1014,439.9661,0.0,0.0,0.0,853.4221,300.0
1015,439.96609962283765,0.0,0.0,0.0,915.5521000827918,300.0
1016,439.96609962283765,0.0,0.0,0.0,963.2321000827917,300.0
1017,435.79999999999995,0.0,0.0,0.0,989.036,300.0
1018,431.91790029945093,0.0,0.0,0.0,995.373900759405,300.0
1019,428.584277002878,0.0,0.0,0.0,981.820277002878,300.0
1020,383.97150197563667,0.0,0.0,0.0,960.2019019756367,300.0
1021,367.4470684628784,0.0,0.0,0.0,915.0552684628784,300.0
1022,341.472442455329,0.0,0.0,0.0,859.2288424553291,300.0
1023,309.3188002065274,0.0,0.0,0.0,795.9320002065274,300.0
1024,272.9395111822249,0.0,0.0,0.0,729.195310722271,300.0
1025,248.91617928169455,0.0,0.0,0.0,659.6483797416486,300.0
1026,259.08409517358854,0.0,0.0,0.0,587.2404956335425,300.0
1027,192.0695261978408,0.0,78.40000000000002,0.0,525.3455257378869,214.78260869565216
1028,187.0479537845606,0.0,85.0,0.0,480.4721542445147,122.39130434782608
1029,193.55465566176417,0.0,85.0,0.0,449.07385566176424,30.0
1030,317.15353238500296,0.0,0.0,0.0,430.380932385003,30.0
1031,353.1836737076559,35.32258064516127,0.0,0.0,397.3692935224487,62.84999999999998
1032,411.52897510457507,85.0,0.0,0.0,364.8543751045751,141.89999999999998
1033,432.88226821453014,85.0,0.0,0.0,407.8470686744842,220.95
1034,439.966098631294,85.0,0.0,0.0,468.42209863129415,300.0
1035,439.96609962283765,0.0,0.0,0.0,625.7721000827918,300.0
1036,439.96609962283765,0.0,0.0,0.0,703.4221000827918,300.0
1037,439.9661003771623,0.0,0.0,0.0,781.0720999172083,300.0
1038,439.9661,0.0,0.0,0.0,853.4221,300.0
1039,439.96609962283765,0.0,0.0,0.0,915.5521000827916,300.0
1040,439.9661,0.0,0.0,0.0,963.2321,300.0
1041,435.8000003735908,0.0,0.0,0.0,989.0359999136368,300.0
1042,431.91790029945093,0.0,0.0,0.0,995.373900759405,300.0
1043,409.27152871818043,0.0,0.0,0.0,986.6851287181805,300.0
1044,387.3135289176653,0.0,0.0,0.0,959.3349289176654,300.0
1045,363.30986437801994,0.0,0.0,0.0,916.1482639180659,300.0
1046,343.7771256082673,0.0,0.0,0.0,858.6162051483134,300.0
1047,316.12499311443133,0.0,0.0,0.0,794.1338926544773,300.0
1048,273.88185249404455,0.0,0.0,0.0,728.9508529539986,300.0
1049,170.3537624493057,0.0,85.0,0.0,658.0267619893517,207.60869565217394
1050,163.2417112763756,0.0,85.0,0.0,589.8669117363296,115.21739130434786
1051,186.64444329278746,0.0,78.40000000000003,0.0,526.5996428328335,30.0
1052,294.24994638886227,0.0,0.0,0.0,475.5985459289084,30.0
1053,273.56429929066144,0.0,0.0,0.0,450.1692997506155,30.0
1054,321.10281601263483,0.0,0.0,0.0,429.5140164725889,30.0
1055,379.71969431808554,35.32258064516127,0.0,0.0,391.5443132129704,62.84999999999998
1056,396.28632261242217,85.0,0.0,0.0,368.2003230723763,141.89999999999998
1057,430.2909045642052,85.0,0.0,0.0,408.4159045642052,220.95
1058,439.9660982541318,85.0,0.0,0.0,468.4220987140858,300.0
1059,439.9661003771623,0.0,0.0,0.0,625.7720999172084,300.0
1060,439.9661003771623,0.0,0.0,0.0,703.4220999172084,300.0
1061,439.96609962283765,0.0,0.0,0.0,781.0721000827916,300.0
1062,439.9661,0.0,0.0,0.0,853.4221,300.0
1063,439.9661,0.0,0.0,0.0,915.5521,300.0
1064,439.9661003771623,0.0,0.0,0.0,963.2320999172083,300.0
1065,435.79999999999984,0.0,0.0,0.0,989.036,300.0
1066,431.91790029945093,0.0,0.0,0.0,995.373900759405,300.0
1067,420.9561819933434,0.0,0.0,0.0,983.7417824532974,300.0
1068,388.67335000657033,0.0,0.0,0.0,958.9821704665243,300.0
1069,381.65983941854415,0.0,0.0,0.0,911.3004394185442,300.0
1070,329.9773737073276,0.0,0.0,0.0,862.2844937073277,300.0
1071,318.4293825167607,0.0,0.0,0.0,793.5251029767147,300.0
1072,267.08822381739964,0.0,0.0,0.0,730.7132242773537,300.0
1073,191.88218378857056,0.0,85.0,0.0,652.6037842485246,207.60869565217394
1074,162.89733302016634,0.0,85.0,0.0,589.9503325602124,115.21739130434786
1075,194.95019963784637,0.0,78.40000000000003,0.0,524.6796000978004,30.0
1076,264.54544621241865,0.0,0.0,0.0,482.11904621241877,30.0
1077,256.7939880653494,0.0,0.0,0.0,453.85058760539545,30.0
1078,330.2914084009514,0.0,0.0,0.0,427.4970084009515,30.0
1079,350.11703847860963,35.32258064516127,0.0,0.0,398.0424573734944,62.84999999999998
1080,376.92464684351995,85.0,0.0,0.0,372.45044684352007,141.89999999999998
1081,423.2863001127433,85.0,0.0,0.0,409.95350057269735,220.95
1082,439.9660982541317,85.0,0.0,0.0,468.4220987140858,300.0
1083,439.9661,0.0,0.0,0.0,625.7721,300.0
1084,439.96609962283765,0.0,0.0,0.0,703.4221000827918,300.0
1085,439.9661,0.0,0.0,0.0,781.0721,300.0
1086,439.96609962283765,0.0,0.0,0.0,853.4221000827918,300.0
1087,439.9661003771623,0.0,0.0,0.0,915.5520999172084,300.0
1088,439.96609962283776,0.0,0.0,0.0,963.2321000827917,300.0
1089,435.799999626409,0.0,0.0,0.0,989.0360000863631,300.0
1090,431.91790103997687,0.0,0.0,0.0,995.3739005800229,300.0
1091,428.5842773702832,0.0,0.0,0.0,981.8202769103292,300.0
1092,376.50946768412416,0.0,0.0,0.0,962.1376681440781,300.0
1093,360.03066555406167,0.0,0.0,0.0,917.0145855540617,300.0
1094,344.64274404098796,0.0,0.0,0.0,858.386104040988,300.0
1095,307.44450468156055,0.0,0.0,0.0,796.4271646815605,300.0
1096,279.21813824489305,0.0,0.0,0.0,727.5665387048471,300.0
1097,186.4366952737172,0.0,85.0,0.0,653.9754948137632,207.60869565217394
1098,178.21664350467444,0.0,85.0,0.0,586.2394435046745,115.21739130434786
1099,206.73070066025758,0.0,78.40000000000003,0.0,521.9563002003036,30.0
1100,285.5139936935682,0.0,0.0,0.0,477.51619415352224,30.0
1101,321.2159756099625,0.0,0.0,0.0,439.7091756099626,30.0
1102,322.5512643915555,0.0,0.0,0.0,429.19606439155547,30.0
1103,367.5436780069493,35.32258064516127,0.0,0.0,394.21709736178803,62.84999999999998
1104,415.27457150999413,85.0,0.0,0.0,364.03217105004023,141.89999999999998
1105,432.52015696501365,85.0,0.0,0.0,407.92655650505975,220.95
1106,439.96609863129413,85.0,0.0,0.0,468.42209863129415,300.0
1107,439.9661003771623,0.0,0.0,0.0,625.7720999172084,300.0
1108,439.96609999999987,0.0,0.0,0.0,703.4221,300.0
1109,439.9661,0.0,0.0,0.0,781.0721,300.0
1110,439.9661003771623,0.0,0.0,0.0,853.4220999172084,300.0
1111,439.96609962283765,0.0,0.0,0.0,915.5521000827918,300.0
1112,439.96609962283765,0.0,0.0,0.0,963.2321000827917,300.0
1113,435.79999999999995,0.0,0.0,0.0,989.036,300.0
1114,431.91790029945093,0.0,0.0,0.0,995.373900759405,300.0
1115,417.031902090745,0.0,0.0,0.0,984.7303025506991,300.0
1116,380.1692614874926,0.0,0.0,0.0,961.1882614874926,300.0
1117,365.71140712980423,0.0,0.0,0.0,915.5138075897582,300.0
1118,359.622091973228,0.0,0.0,0.0,854.404251973228,300.0
1119,327.40242260990584,0.0,0.0,0.0,791.1545426099059,300.0
1120,268.78663171698565,0.0,0.0,0.0,730.2726312570317,300.0
1121,179.4810197341671,0.0,85.0,0.0,655.7276192742131,207.60869565217394
1122,193.03604899392178,0.0,85.0,0.0,582.6496494538758,115.21739130434786
1123,174.15778478480098,0.0,78.40000000000003,0.0,529.486185244755,30.0
1124,308.6325822916763,0.0,0.0,0.0,472.4413818317223,30.0
1125,299.1045116368114,0.0,0.0,0.0,444.56291163681146,30.0
1126,336.9452164090287,0.0,0.0,0.0,426.0364164090288,30.0
1127,363.4699180290398,35.32258064516127,0.0,0.0,395.1113373838785,62.84999999999998
1128,398.1081990033287,85.0,0.0,0.0,367.8003990033288,141.89999999999998
1129,439.29844065975044,85.0,0.0,0.0,406.4386406597505,220.95
1130,439.96609900845635,85.0,0.0,0.0,468.4220985485024,300.0
1131,439.9661,0.0,0.0,0.0,625.7721,300.0
1132,439.96609962283765,0.0,0.0,0.0,703.4221000827918,300.0
1133,439.96609962283765,0.0,0.0,0.0,781.0721000827917,300.0
1134,439.9661,0.0,0.0,0.0,853.4221,300.0
1135,439.96609962283765,0.0,0.0,0.0,915.5521000827918,300.0
1136,439.9661,0.0,0.0,0.0,963.2321,300.0
1137,435.79999999999995,0.0,0.0,0.0,989.036,300.0
1138,431.91790029945093,0.0,0.0,0.0,995.373900759405,300.0
1139,428.584277002878,0.0,0.0,0.0,981.820277002878,300.0
1140,364.6863629003236,0.0,0.0,0.0,965.2047629003235,300.0
1141,357.80814622489606,0.0,0.0,0.0,917.6017462248961,300.0
1142,352.9522484033994,0.0,0.0,0.0,856.1772484033994,300.0
1143,299.5925491130767,0.0,0.0,0.0,798.5015491130767,300.0
1144,272.7970641293276,0.0,0.0,0.0,729.2322636693737,300.0
1145,249.45631963843505,0.0,0.0,0.0,659.5123191784811,300.0
1146,248.83048901131986,0.0,0.0,0.0,589.7242885513659,300.0
1147,196.67636312754513,0.0,78.40000000000002,0.0,524.2805626675912,214.78260869565216
1148,198.2055304634914,0.0,85.0,0.0,478.0229300035375,122.39130434782608
1149,237.48336760842363,0.0,85.0,0.0,439.43096760842366,30.0
1150,337.89576078734495,0.0,0.0,0.0,425.82776032739093,30.0
1151,329.03533059292783,35.32258064516127,0.0,0.0,402.6701494878126,62.84999999999998
1152,355.4468790586539,85.0,0.0,0.0,377.1650785987,141.89999999999998
1153,420.06124083285886,85.0,0.0,0.0,410.66144037290485,220.95
1154,439.966098631294,85.0,0.0,0.0,468.42209863129415,300.0
1155,439.96609962283765,0.0,0.0,0.0,625.7721000827918,300.0
1156,439.96609999999987,0.0,0.0,0.0,703.4221,300.0
1157,439.96609962283765,0.0,0.0,0.0,781.0721000827916,300.0
1158,439.96609999999987,0.0,0.0,0.0,853.4221,300.0
1159,439.9661,0.0,0.0,0.0,915.5521,300.0
1160,439.96609962283776,0.0,0.0,0.0,963.2321000827917,300.0
1161,435.79999999999984,0.0,0.0,0.0,989.036,300.0
1162,431.91790066971396,0.0,0.0,0.0,995.373900669714,300.0
1163,428.58427663547275,0.0,0.0,0.0,981.8202770954268,300.0
1164,364.99317229627945,0.0,0.0,0.0,965.1251718363255,300.0
1165,363.81200455969224,0.0,0.0,0.0,916.0156050196463,300.0
1166,343.76622360831675,0.0,0.0,0.0,858.6191031483627,300.0
1167,333.316769598242,0.0,0.0,0.0,789.592049138288,300.0
1168,263.15449439473485,0.0,0.0,0.0,731.7336939347808,300.0
1169,265.80380991020604,0.0,0.0,0.0,655.3944103701601,300.0
1170,260.6282465292128,0.0,0.0,0.0,586.8664465292128,300.0
1171,191.91260193856652,0.0,78.40000000000002,0.0,525.3818019385666,214.78260869565216
1172,214.43267435384166,0.0,85.0,0.0,474.46087389388777,122.39130434782608
1173,187.55717566904661,0.0,85.0,0.0,450.3903756690467,30.0
1174,351.90496842718886,0.0,0.0,0.0,422.75256842718886,30.0
1175,338.28050254279475,35.32258064516127,0.0,0.0,400.6407214376795,62.84999999999998
1176,358.7058863289153,85.0,0.0,0.0,376.4496867888694,141.89999999999998
1177,439.96608428966994,85.0,0.0,0.0,406.29208474962405,220.95
1178,439.96609863129413,85.0,0.0,0.0,468.42209863129415,300.0
1179,439.9661003771623,0.0,0.0,0.0,625.7720999172084,300.0
1180,439.9661,0.0,0.0,0.0,703.4221,300.0
1181,439.9661003771623,0.0,0.0,0.0,781.0720999172083,300.0
1182,439.96609962283765,0.0,0.0,0.0,853.4221000827918,300.0
1183,439.9661,0.0,0.0,0.0,915.5521,300.0
1184,439.9661003771623,0.0,0.0,0.0,963.2320999172083,300.0
1185,435.79999999999995,0.0,0.0,0.0,989.036,300.0
1186,431.91790066971396,0.0,0.0,0.0,995.373900669714,300.0
1187,418.7074373300567,0.0,0.0,0.0,984.3082377900107,300.0
1188,408.746331573396,0.0,0.0,0.0,953.774931113442,300.0
1189,356.89119289618066,0.0,0.0,0.0,917.8439933561347,300.0
1190,322.0494393431901,0.0,0.0,0.0,864.3919193431901,300.0
1191,312.6165556848163,0.0,0.0,0.0,795.0607761447703,300.0
1192,285.9569803239252,0.0,0.0,0.0,725.8183798639712,300.0
1193,264.0841824609122,0.0,0.0,0.0,655.8275820009583,300.0
1194,236.71057012621822,0.0,0.0,0.0,592.6601696662642,300.0
1195,192.86535410164407,0.0,78.40000000000002,0.0,525.1615541016441,214.78260869565216
1196,171.0018666473115,0.0,85.0,0.0,483.99446618735755,122.39130434782608
1197,231.2595672388186,0.0,85.0,0.0,440.7971676987726,30.0
1198,347.6841000449027,0.0,0.0,0.0,423.67910050485676,30.0
1199,402.77038581592814,35.32258064516127,0.0,0.0,386.48440517076693,62.84999999999998
1200,401.43510302842685,85.0,0.0,0.0,367.07010302842696,141.89999999999998
1201,393.0725805465832,85.0,0.0,0.0,416.58578008662926,220.95
1202,439.9660982541317,85.0,0.0,0.0,468.4220987140858,300.0
1203,439.9661,0.0,0.0,0.0,625.7721,300.0
1204,439.9661,0.0,0.0,0.0,703.4221,300.0
1205,439.9661003771623,0.0,0.0,0.0,781.0720999172083,300.0
1206,439.9661,0.0,0.0,0.0,853.4221,300.0
1207,439.96609962283765,0.0,0.0,0.0,915.5521000827918,300.0
1208,439.9661,0.0,0.0,0.0,963.2321,300.0
1209,435.7999996264091,0.0,0.0,0.0,989.0360000863631,300.0
1210,431.91790029945093,0.0,0.0,0.0,995.373900759405,300.0
1211,428.584277002878,0.0,0.0,0.0,981.820277002878,300.0
1212,395.5754578169756,0.0,0.0,0.0,957.1916578169755,300.0
1213,342.51468033964295,0.0,0.0,0.0,921.642080799597,300.0
1214,348.5947193864746,0.0,0.0,0.0,857.3355789265206,300.0
1215,323.5119221725257,0.0,0.0,0.0,792.1823621725257,300.0
1216,268.2387580713986,0.0,0.0,0.0,730.4147580713986,300.0
1217,154.9983642584562,0.0,85.0,0.0,661.8947642584562,207.60869565217394
1218,211.1437191925217,0.0,85.0,0.0,578.2633191925217,115.21739130434786
1219,159.76562307143217,0.0,78.40000000000003,0.0,532.8132230714323,30.0
1220,267.69129456832394,0.0,0.0,0.0,481.42849410837,30.0
1221,287.7998276505382,0.0,0.0,0.0,447.04442765053824,30.0
1222,335.72308840754516,0.0,0.0,0.0,426.3046884075452,30.0
1223,373.3035219757158,35.32258064516127,0.0,0.0,392.9527413305546,62.84999999999998
1224,423.6484111960041,85.0,0.0,0.0,362.1940111960042,141.89999999999998
1225,439.96608428966994,85.0,0.0,0.0,406.29208474962405,220.95
1226,439.96609863129413,85.0,0.0,0.0,468.42209863129415,300.0
1227,439.9661,0.0,0.0,0.0,625.7721,300.0
1228,439.9661,0.0,0.0,0.0,703.4221,300.0
1229,439.9661003771623,0.0,0.0,0.0,781.0720999172083,300.0
1230,439.96609962283776,0.0,0.0,0.0,853.4221000827918,300.0
1231,439.9661,0.0,0.0,0.0,915.5521,300.0
1232,439.9661003771623,0.0,0.0,0.0,963.2320999172083,300.0
1233,435.79999999999984,0.0,0.0,0.0,989.036,300.0
1234,431.91790103997687,0.0,0.0,0.0,995.3739005800229,300.0
1235,424.48362496982577,0.0,0.0,0.0,982.8532249698258,300.0
1236,385.2973556522767,0.0,0.0,0.0,959.8579551923227,300.0
1237,357.6476798198755,0.0,0.0,0.0,917.6441393599216,300.0
1238,345.7874540358098,0.0,0.0,0.0,858.0818140358099,300.0
1239,299.0139954565639,0.0,0.0,0.0,798.654395456564,300.0
1240,275.3720681818758,0.0,0.0,0.0,728.5642681818758,300.0
1241,150.57803833210608,0.0,85.0,0.0,663.0082378721521,207.60869565217394
1242,160.7532952999661,0.0,85.0,0.0,590.4696957599201,115.21739130434786
1243,153.06273138295728,0.0,78.40000000000003,0.0,534.3627313829573,30.0
1244,292.06595764929534,0.0,0.0,0.0,476.07795810924944,30.0
1245,318.5001356132603,0.0,0.0,0.0,440.3053356132603,30.0
1246,352.59524405086455,0.0,0.0,0.0,422.60104451081855,30.0
1247,371.3911183632484,35.32258064516127,0.0,0.0,393.37253725813315,62.84999999999998
1248,399.7263870155363,85.0,0.0,0.0,367.4451870155364,141.89999999999998
1249,439.96608504399455,85.0,0.0,0.0,406.2920845840406,220.95
1250,439.966098631294,85.0,0.0,0.0,468.42209863129415,300.0
1251,439.96609962283765,0.0,0.0,0.0,625.7721000827918,300.0
1252,439.9661003771623,0.0,0.0,0.0,703.4220999172084,300.0
1253,439.96609999999987,0.0,0.0,0.0,781.0721,300.0
1254,439.9661,0.0,0.0,0.0,853.4221,300.0
1255,439.96609999999987,0.0,0.0,0.0,915.5521,300.0
1256,439.9661003771623,0.0,0.0,0.0,963.2320999172083,300.0
1257,435.8000003735908,0.0,0.0,0.0,989.0359999136368,300.0
1258,431.91790066971396,0.0,0.0,0.0,995.373900669714,300.0
1259,424.97967158672725,0.0,0.0,0.0,982.7282715867273,300.0
1260,406.993137112004,0.0,0.0,0.0,954.22973665205,300.0
1261,370.62365515595604,0.0,0.0,0.0,914.21605561591,300.0
1262,354.3368020337727,0.0,0.0,0.0,855.8092024937267,300.0
1263,322.20744778252407,0.0,0.0,0.0,792.5269873225701,300.0
1264,260.9257451597463,0.0,0.0,0.0,732.3118656197004,300.0
1265,181.05734556959595,0.0,85.0,0.0,655.330545109642,207.60869565217394
1266,179.4830694926685,0.0,85.0,0.0,585.9326694926685,115.21739130434786
1267,192.62996789952803,0.0,78.40000000000003,0.0,525.2159683594821,30.0
1268,300.76796196765656,0.0,0.0,0.0,474.1677619676567,30.0
1269,296.08313964048017,0.0,0.0,0.0,445.2261396404802,30.0
1270,318.66987676400606,0.0,0.0,0.0,430.048076304052,30.0
1271,348.45358611046765,35.32258064516127,0.0,0.0,398.4076054653064,62.84999999999998
1272,380.05917924432913,85.0,0.0,0.0,371.76237878437524,141.89999999999998
1273,405.5428123016959,85.0,0.0,0.0,413.84841230169593,220.95
1274,439.9660982541317,85.0,0.0,0.0,468.4220987140858,300.0
1275,439.96609962283765,0.0,0.0,0.0,625.7721000827918,300.0
1276,439.9661003771623,0.0,0.0,0.0,703.4220999172084,300.0
1277,439.9661,0.0,0.0,0.0,781.0721,300.0
1278,439.9661,0.0,0.0,0.0,853.4221,300.0
1279,439.96609962283765,0.0,0.0,0.0,915.5521000827918,300.0
1280,439.9661,0.0,0.0,0.0,963.2321,300.0
1281,435.8000003735908,0.0,0.0,0.0,989.0359999136368,300.0
1282,431.91790103997687,0.0,0.0,0.0,995.3739005800229,300.0
1283,422.3010202228645,0.0,0.0,0.0,983.4030197629105,300.0
1284,397.25195002068176,0.0,0.0,0.0,956.7567500206818,300.0
1285,349.1844219123185,0.0,0.0,0.0,919.8800219123185,300.0
1286,355.31035099273237,0.0,0.0,0.0,855.5504109927324,300.0
1287,304.64561491684594,0.0,0.0,0.0,797.166594916846,300.0
1288,274.378225686064,0.0,0.0,0.0,728.822086146018,300.0
1289,164.19176145626523,0.0,85.0,0.0,659.5789609963113,207.60869565217394
1290,175.17277716326765,0.0,85.0,0.0,586.9767776232217,115.21739130434786
1291,171.93843306087012,0.0,78.40000000000003,0.0,529.9992330608702,30.0
1292,297.80316961052796,0.0,0.0,0.0,474.81857007048205,30.0
1293,295.47207564122215,0.0,0.0,0.0,445.3602756412222,30.0
1294,324.09024039342364,0.0,0.0,0.0,428.8582403934237,30.0
1295,365.7557500166446,35.32258064516127,0.0,0.0,394.6095693714833,62.84999999999998
1296,431.8525112578959,85.0,0.0,0.0,360.39311125789595,141.89999999999998
1297,416.37222479372855,85.0,0.0,0.0,411.47122433377456,220.95
1298,439.9660982541317,85.0,0.0,0.0,468.4220987140858,300.0
1299,439.9661,0.0,0.0,0.0,625.7721,300.0
1300,439.9661003771623,0.0,0.0,0.0,703.4220999172084,300.0
1301,439.96609962283765,0.0,0.0,0.0,781.0721000827916,300.0
1302,439.9661003771623,0.0,0.0,0.0,853.4220999172084,300.0
1303,439.9661003771623,0.0,0.0,0.0,915.5520999172084,300.0
1304,439.96609962283765,0.0,0.0,0.0,963.2321000827917,300.0
1305,435.799999626409,0.0,0.0,0.0,989.0360000863631,300.0
1306,431.91790066971396,0.0,0.0,0.0,995.373900669714,300.0
1307,425.02376498674596,0.0,0.0,0.0,982.717164526792,300.0
1308,380.73904932223263,0.0,0.0,0.0,961.0404497821867,300.0
1309,346.60822108910384,0.0,0.0,0.0,920.5606206291499,300.0
1310,338.454768505616,0.0,0.0,0.0,860.03100896557,300.0
1311,319.4642294344477,0.0,0.0,0.0,793.2517098944018,300.0
1312,270.52886838336445,0.0,0.0,0.0,729.8206683833645,300.0
1313,260.3803675431285,0.0,0.0,0.0,656.7605675431286,300.0
1314,256.9844949340189,0.0,0.0,0.0,587.7490944740649,300.0
1315,186.39784861528494,0.0,78.40000000000002,0.0,526.656648155331,214.78260869565216
1316,196.57602609734,0.0,85.0,0.0,478.38062609734004,122.39130434782608
1317,247.4301312191834,0.0,85.0,0.0,437.2475316791375,30.0
1318,335.21386878408924,0.0,0.0,0.0,426.4164683241353,30.0
1319,335.49676618072755,35.32258064516127,0.0,0.0,401.2517855355664,62.84999999999998
1320,384.09899127480554,85.0,0.0,0.0,370.8755908148516,141.89999999999998
1321,439.96608466683233,85.0,0.0,0.0,406.29208466683235,220.95
1322,439.96609863129413,85.0,0.0,0.0,468.42209863129415,300.0
1323,439.96609962283765,0.0,0.0,0.0,625.7721000827918,300.0
1324,439.96609999999987,0.0,0.0,0.0,703.4221,300.0
1325,439.96609962283765,0.0,0.0,0.0,781.0721000827917,300.0
1326,439.96609962283765,0.0,0.0,0.0,853.4221000827918,300.0
1327,439.9661003771623,0.0,0.0,0.0,915.5520999172084,300.0
1328,439.9661003771623,0.0,0.0,0.0,963.2320999172083,300.0
1329,435.79999999999995,0.0,0.0,0.0,989.036,300.0
1330,431.91790029945093,0.0,0.0,0.0,995.373900759405,300.0
1331,428.584277002878,0.0,0.0,0.0,981.820277002878,300.0
1332,374.2949642952907,0.0,0.0,0.0,962.7121442952906,300.0
1333,372.3538584356678,0.0,0.0,0.0,913.7589584356678,300.0
1334,335.80558251759976,0.0,0.0,0.0,860.7352229775538,300.0
1335,317.4294678682667,0.0,0.0,0.0,793.7892674083128,300.0
1336,267.26354326711953,0.0,0.0,0.0,730.6677437270736,300.0
1337,261.8023681396968,0.0,0.0,0.0,656.4023676797428,300.0
1338,266.79374110050014,0.0,0.0,0.0,585.3729415604541,300.0
1339,200.7900103286537,0.0,78.40000000000002,0.0,523.3296103286538,214.78260869565216
1340,190.88407813580153,0.0,85.0,0.0,479.63007813580157,122.39130434782608
1341,230.16191561731364,0.0,85.0,0.0,441.03811561731374,30.0
1342,318.8509323870635,0.0,0.0,0.0,430.00833238706355,30.0
1343,356.7821624424672,35.32258064516127,0.0,0.0,396.579381337352,62.84999999999998
1344,399.4887510137436,85.0,0.0,0.0,367.4973510137437,141.89999999999998
1345,428.9556169272037,85.0,0.0,0.0,408.7090164672498,220.95
1346,439.96609863129413,85.0,0.0,0.0,468.42209863129415,300.0
1347,439.96609999999987,0.0,0.0,0.0,625.7721,300.0
1348,439.9661003771623,0.0,0.0,0.0,703.4220999172084,300.0
1349,439.9661003771623,0.0,0.0,0.0,781.0720999172083,300.0
1350,439.96609962283765,0.0,0.0,0.0,853.4221000827918,300.0
1351,439.96609962283765,0.0,0.0,0.0,915.5521000827918,300.0
1352,439.96609999999987,0.0,0.0,0.0,963.2321,300.0
1353,435.799999626409,0.0,0.0,0.0,989.0360000863631,300.0
1354,431.91790103997687,0.0,0.0,0.0,995.3739005800229,300.0
1355,406.460597889072,0.0,0.0,0.0,987.3931978890721,300.0
1356,403.70589713168135,0.0,0.0,0.0,955.0824971316814,300.0
1357,376.30003101667637,0.0,0.0,0.0,912.7164310166764,300.0
1358,346.6072844321012,0.0,0.0,0.0,857.8638844321013,300.0
1359,315.5966535488612,0.0,0.0,0.0,794.2734730889072,300.0
1360,264.55924112040293,0.0,0.0,0.0,731.369281120403,300.0
1361,249.8090635139231,0.0,0.0,0.0,659.4234635139231,300.0
1362,274.1478997713078,0.0,0.0,0.0,583.5914993113538,300.0
1363,186.17367088855548,0.0,78.40000000000002,0.0,526.7084713485095,214.78260869565216
1364,208.25413839559116,0.0,85.0,0.0,475.8171379356372,122.39130434782608
1365,226.26921162204042,0.0,85.0,0.0,441.8926116220405,30.0
1366,309.8433959989667,0.0,0.0,0.0,431.98559645892067,30.0
1367,307.8744107076755,35.32258064516127,0.0,0.0,407.31522960256024,62.84999999999998
1368,416.48538314196617,85.0,0.0,0.0,363.76638314196634,141.89999999999998
1369,426.9526845287959,85.0,0.0,0.0,409.1486845287959,220.95
1370,439.9660982541317,85.0,0.0,0.0,468.4220987140858,300.0
1371,439.96609962283765,0.0,0.0,0.0,625.7721000827917,300.0
1372,439.9661,0.0,0.0,0.0,703.4221,300.0
1373,439.96609999999987,0.0,0.0,0.0,781.0721,300.0
1374,439.96609962283765,0.0,0.0,0.0,853.4221000827918,300.0
1375,439.96609962283765,0.0,0.0,0.0,915.5521000827918,300.0
1376,439.9661003771623,0.0,0.0,0.0,963.2320999172083,300.0
1377,435.8000003735908,0.0,0.0,0.0,989.0359999136368,300.0
1378,431.91790029945093,0.0,0.0,0.0,995.373900759405,300.0
1379,414.66190158777124,0.0,0.0,0.0,985.3273020477253,300.0
1380,397.81078112046293,0.0,0.0,0.0,956.6117806605089,300.0
1381,356.4218006708488,0.0,0.0,0.0,917.9680006708488,300.0
1382,362.7095379958981,0.0,0.0,0.0,853.5835384558521,300.0
1383,306.85176008630305,0.0,0.0,0.0,796.5837600863031,300.0
1384,280.8617580860169,0.0,0.0,0.0,727.140158545971,300.0
1385,169.58213441797682,0.0,85.0,0.0,658.2211339580228,207.60869565217394
1386,162.7306980217461,0.0,85.0,0.0,589.9906975617921,115.21739130434786
1387,180.2217724551561,0.0,78.40000000000003,0.0,528.0843724551562,30.0
1388,267.46497419269093,0.0,0.0,0.0,481.478174192691,30.0
1389,313.43056761941597,0.0,0.0,0.0,441.41816761941607,30.0
1390,320.7407043893575,0.0,0.0,0.0,429.5935043893576,30.0
1391,367.0005103870569,35.32258064516127,0.0,0.0,394.33632928194174,62.84999999999998
1392,392.337038959791,85.0,0.0,0.0,369.06723895979115,141.89999999999998
1393,425.84371651703276,85.0,0.0,0.0,409.3921165170328,220.95
1394,439.96609863129413,85.0,0.0,0.0,468.42209863129415,300.0
1395,439.9661003771623,0.0,0.0,0.0,625.7720999172084,300.0
1396,439.9661,0.0,0.0,0.0,703.4221,300.0
1397,439.96609962283765,0.0,0.0,0.0,781.0721000827917,300.0
1398,439.96609962283765,0.0,0.0,0.0,853.4221000827918,300.0
1399,439.9661003771623,0.0,0.0,0.0,915.5520999172084,300.0
1400,439.96609962283776,0.0,0.0,0.0,963.2321000827917,300.0
1401,435.79999999999984,0.0,0.0,0.0,989.036,300.0
1402,431.91790066971384,0.0,0.0,0.0,995.373900669714,300.0
1403,420.49320551830726,0.0,0.0,0.0,983.8584055183072,300.0
1404,383.0510748834058,0.0,0.0,0.0,960.4406748834058,300.0
1405,356.52332046338927,0.0,0.0,0.0,917.9411804633893,300.0
1406,343.58633988240297,0.0,0.0,0.0,858.666920342357,300.0
1407,325.1875449189011,0.0,0.0,0.0,791.7396844589472,300.0
1408,277.27866719757935,0.0,0.0,0.0,728.0696671975794,300.0
1409,177.11101898482315,0.0,85.0,0.0,656.3246189848232,207.60869565217394
1410,142.645625841892,0.0,85.0,0.0,594.856025841892,115.21739130434786
1411,185.10883098288593,0.0,78.40000000000003,0.0,526.954630522932,30.0
1412,278.0793824981297,0.0,0.0,0.0,479.1481820381758,30.0
1413,304.5814556301611,0.0,0.0,0.0,443.3606556301611,30.0
1414,345.42090079647994,0.0,0.0,0.0,424.17590033652596,30.0
1415,374.0616943487668,35.32258064516127,0.0,0.0,392.7863132436516,62.84999999999998
1416,395.358410605422,85.0,0.0,0.0,368.4040110653761,141.89999999999998
1417,439.9660846668322,85.0,0.0,0.0,406.29208466683235,220.95
1418,439.966098631294,85.0,0.0,0.0,468.42209863129415,300.0
1419,439.96609999999987,0.0,0.0,0.0,625.7721,300.0
1420,439.9661003771623,0.0,0.0,0.0,703.4220999172084,300.0
1421,439.96609962283765,0.0,0.0,0.0,781.0721000827917,300.0
1422,439.9661,0.0,0.0,0.0,853.4221,300.0
1423,439.9661003771623,0.0,0.0,0.0,915.5520999172084,300.0
1424,439.9661,0.0,0.0,0.0,963.2321,300.0
1425,435.8000003735908,0.0,0.0,0.0,989.0359999136368,300.0
1426,431.91790029945093,0.0,0.0,0.0,995.373900759405,300.0
1427,403.6606899507118,0.0,0.0,0.0,988.0984904106658,300.0
1428,376.3604465201182,0.0,0.0,0.0,962.1763265201182,300.0
1429,363.8425700223555,0.0,0.0,0.0,916.0075300223555,300.0
1430,345.68715563626347,0.0,0.0,0.0,858.1084756362635,300.0
1431,319.9620042650171,0.0,0.0,0.0,793.120204265017,300.0
1432,301.28647470880617,0.0,0.0,0.0,721.8416742488522,300.0
1433,185.68711375756914,0.0,85.0,0.0,654.1643132976152,207.60869565217394
1434,167.00766224067394,0.0,85.0,0.0,588.954662700628,115.21739130434786
1435,210.5080823920448,0.0,78.40000000000003,0.0,521.0830823920448,30.0
1436,293.8312536373669,0.0,0.0,0.0,475.690454097321,30.0
1437,305.88279600574316,0.0,0.0,0.0,443.07499554578925,30.0
1438,315.4561323829424,0.0,0.0,0.0,430.75353238294247,30.0
1439,365.4841663952795,35.32258064516127,0.0,0.0,394.6691852901643,62.84999999999998
1440,394.3965505981658,85.0,0.0,0.0,368.61515105811986,141.89999999999998
1441,429.1932529297244,85.0,0.0,0.0,408.65685246977046,220.95
1442,437.68026653449556,85.0,0.0,0.0,468.9238665344957,300.0
1443,439.96609962283765,0.0,0.0,0.0,625.7721000827918,300.0
1444,439.9661003771623,0.0,0.0,0.0,703.4220999172084,300.0
1445,439.9661,0.0,0.0,0.0,781.0721,300.0
1446,439.96609962283765,0.0,0.0,0.0,853.4221000827918,300.0
1447,439.9661,0.0,0.0,0.0,915.5521,300.0
1448,439.9661,0.0,0.0,0.0,963.2321,300.0
1449,435.8000003735908,0.0,0.0,0.0,989.0359999136368,300.0
1450,431.91790066971396,0.0,0.0,0.0,995.373900669714,300.0
1451,428.58427663547286,0.0,0.0,0.0,981.8202770954268,300.0
1452,396.145246016928,0.0,0.0,0.0,957.043846016928,300.0
1453,365.8424011381693,0.0,0.0,0.0,915.4792006782153,300.0
1454,346.55168386898913,0.0,0.0,0.0,857.8786643289432,300.0
1455,312.8752681419058,0.0,0.0,0.0,794.9924276819518,300.0
1456,273.8489804624345,0.0,0.0,0.0,728.9593804624345,300.0
1457,178.72041422561819,0.0,85.0,0.0,655.9192146855722,207.60869565217394
1458,166.82991898288498,0.0,85.0,0.0,588.997718522931,115.21739130434786
1459,193.50425849335483,0.0,78.40000000000003,0.0,525.0138584933549,30.0
1460,250.0496499332071,0.0,0.0,0.0,485.3010503931612,30.0
1461,305.1133080066775,0.0,0.0,0.0,443.24390754672356,30.0
1462,322.1325720138849,0.0,0.0,0.0,429.2879724738389,30.0
1463,367.7926300055993,35.32258064516127,0.0,0.0,394.1624493604381,62.84999999999998
1464,427.39400760142325,85.0,0.0,0.0,361.3718071414693,141.89999999999998
1465,439.96608466683233,85.0,0.0,0.0,406.29208466683235,220.95
1466,439.9660982541317,85.0,0.0,0.0,468.4220987140858,300.0
1467,439.9661,0.0,0.0,0.0,625.7721,300.0
1468,439.96609999999987,0.0,0.0,0.0,703.4221,300.0
1469,439.96609962283765,0.0,0.0,0.0,781.0721000827917,300.0
1470,439.96609962283765,0.0,0.0,0.0,853.4221000827918,300.0
1471,439.96609999999987,0.0,0.0,0.0,915.5521,300.0
1472,439.9661003771623,0.0,0.0,0.0,963.2320999172083,300.0
1473,435.8000003735908,0.0,0.0,0.0,989.0359999136368,300.0
1474,431.91790103997687,0.0,0.0,0.0,995.3739005800229,300.0
1475,416.9657629092301,0.0,0.0,0.0,984.7469629092301,300.0
1476,377.85723629153176,0.0,0.0,0.0,961.7880362915316,300.0
1477,371.0493836820564,0.0,0.0,0.0,914.1035836820564,300.0
1478,334.28911468782314,0.0,0.0,0.0,861.1383346878232,300.0
1479,311.61554942564965,0.0,0.0,0.0,795.3252289656957,300.0
1480,286.5048532390875,0.0,0.0,0.0,725.6762532390875,300.0
1481,252.6751108548355,0.0,0.0,0.0,658.7015103948816,300.0
1482,250.6079282539436,0.0,0.0,0.0,589.2937287138976,300.0
1483,162.45574682600414,0.0,78.40000000000002,0.0,532.1913468260042,214.78260869565216
1484,216.74113796108065,0.0,85.0,0.0,473.9541379610808,122.39130434782608
1485,231.0558796162282,0.0,85.0,0.0,440.84187961622825,30.0
1486,339.8534280353968,0.0,0.0,0.0,425.3980284953509,30.0
1487,365.6991703941136,35.32258064516127,0.0,0.0,394.6219892889984,62.84999999999998
1488,394.91708735641726,85.0,0.0,0.0,368.5008868964633,141.89999999999998
1489,439.9660846668322,85.0,0.0,0.0,406.29208466683235,220.95
1490,439.96609900845635,85.0,0.0,0.0,468.4220985485024,300.0
1491,439.9661003771623,0.0,0.0,0.0,625.7720999172084,300.0
1492,439.9661003771623,0.0,0.0,0.0,703.4220999172084,300.0
1493,439.9661003771623,0.0,0.0,0.0,781.0720999172083,300.0
1494,439.96609962283765,0.0,0.0,0.0,853.4221000827918,300.0
1495,439.9661003771623,0.0,0.0,0.0,915.5520999172084,300.0
1496,439.96609962283765,0.0,0.0,0.0,963.2321000827917,300.0
1497,435.799999626409,0.0,0.0,0.0,989.0360000863631,300.0
1498,431.91790029945093,0.0,0.0,0.0,995.373900759405,300.0
1499,415.52171609113907,0.0,0.0,0.0,985.1107160911391,300.0
1500,367.6558360193063,0.0,0.0,0.0,964.4344360193064,300.0
1501,370.35293570918157,0.0,0.0,0.0,914.2875761691355,300.0
1502,331.6715448630275,0.0,0.0,0.0,861.8341444030737,300.0
1503,303.40882002471574,0.0,0.0,0.0,797.4933400247157,300.0
1504,267.1430111454372,0.0,0.0,0.0,730.6990116053912,300.0
1505,232.06161842595412,0.0,0.0,0.0,663.8940188859082,300.0
1506,280.26895834301644,0.0,0.0,0.0,582.1087583430165,300.0
1507,186.22971550703335,0.0,78.40000000000002,0.0,526.6955155070334,214.78260869565216
1508,214.25161760074053,0.0,85.0,0.0,474.5006180606946,122.39130434782608
1509,196.66655565798555,0.0,85.0,0.0,448.39075565798555,30.0
1510,309.628392375868,0.0,0.0,0.0,432.032792375868,30.0
1511,350.9431064741302,35.32258064516127,0.0,0.0,397.861125369015,62.84999999999998
1512,403.1551346642405,85.0,0.0,0.0,366.6925351241946,141.89999999999998
1513,439.96608466683233,85.0,0.0,0.0,406.29208466683235,220.95
1514,439.96609863129413,85.0,0.0,0.0,468.42209863129415,300.0
1515,439.9661,0.0,0.0,0.0,625.7721,300.0
1516,439.96609962283765,0.0,0.0,0.0,703.4221000827918,300.0
1517,439.9661003771623,0.0,0.0,0.0,781.0720999172083,300.0
1518,439.9661003771623,0.0,0.0,0.0,853.4220999172084,300.0
1519,439.96609962283765,0.0,0.0,0.0,915.5521000827918,300.0
1520,439.9661003771623,0.0,0.0,0.0,963.2320999172083,300.0
1521,435.8000003735908,0.0,0.0,0.0,989.0359999136368,300.0
1522,431.91790103997687,0.0,0.0,0.0,995.3739005800229,300.0
1523,411.35492414176144,0.0,0.0,0.0,986.1603246017155,300.0
1524,379.2050041685146,0.0,0.0,0.0,961.4384046284686,300.0
1525,369.7394505112486,0.0,0.0,0.0,914.4496509712027,300.0
1526,351.96343700787236,0.0,0.0,0.0,856.4400970078724,300.0
1527,312.8534355646187,0.0,0.0,0.0,794.9981955646186,300.0
1528,273.37780907609994,0.0,0.0,0.0,729.081609536054,300.0
1529,254.1852967773168,0.0,0.0,0.0,658.3210967773168,300.0
1530,213.79270297321938,0.0,0.0,0.0,598.2117029732194,300.0
1531,163.29641087289878,0.0,78.40000000000002,0.0,531.9970104129449,214.78260869565216
1532,177.06724185200204,0.0,85.0,0.0,482.66304231195613,122.39130434782608
1533,225.54498762291985,0.0,85.0,0.0,442.0515876229199,30.0
1534,347.9896324224359,0.0,0.0,0.0,423.61203242243596,30.0
1535,361.6819904158973,35.32258064516127,0.0,0.0,395.50380931078206,62.84999999999998
1536,385.66059853226176,85.0,0.0,0.0,370.5327989922158,141.89999999999998
1537,430.6643329453285,85.0,0.0,0.0,408.3339324853746,220.95
1538,439.9660982541317,85.0,0.0,0.0,468.4220987140858,300.0
1539,439.96609962283765,0.0,0.0,0.0,625.7721000827918,300.0
1540,439.9661003771623,0.0,0.0,0.0,703.4220999172084,300.0
1541,439.9661,0.0,0.0,0.0,781.0721,300.0
1542,439.9661,0.0,0.0,0.0,853.4221,300.0
1543,439.96609962283765,0.0,0.0,0.0,915.5521000827918,300.0
1544,439.9661,0.0,0.0,0.0,963.2321,300.0
1545,435.8000003735908,0.0,0.0,0.0,989.0359999136368,300.0
1546,431.91790103997687,0.0,0.0,0.0,995.3739005800229,300.0
1547,380.28036014223255,0.0,0.0,0.0,993.9879596822785,300.0
1548,393.8113062554121,0.0,0.0,0.0,957.6493057954581,300.0
1549,352.5684146331671,0.0,0.0,0.0,918.9860150931211,300.0
1550,344.47376304175236,0.0,0.0,0.0,858.4310230417524,300.0
1551,314.24742239361257,0.0,0.0,0.0,794.6299223936126,300.0
1552,279.9851612026298,0.0,0.0,0.0,727.3675612026299,300.0
1553,155.0534801790031,0.0,85.0,0.0,661.8808806389571,207.60869565217394
1554,181.59377984292172,0.0,85.0,0.0,585.4213793829678,115.21739130434786
1555,190.83655206314677,0.0,78.40000000000003,0.0,525.6305525231008,30.0
1556,297.83711836462317,0.0,0.0,0.0,474.81111790466923,30.0
1557,301.8995640105798,0.0,0.0,0.0,443.9493635506259,30.0
1558,341.3810884144136,0.0,0.0,0.0,425.0626884144136,30.0
1559,356.25030969102664,35.32258064516127,0.0,0.0,396.69612950581944,62.84999999999998
1560,400.1450793958572,85.0,0.0,0.0,367.3532789359033,141.89999999999998
1561,401.5369478820423,85.0,0.0,0.0,414.7277483419964,220.95
1562,439.9660982541317,85.0,0.0,0.0,468.4220987140858,300.0
1563,439.96609962283765,0.0,0.0,0.0,625.7721000827917,300.0
1564,439.9661003771623,0.0,0.0,0.0,703.4220999172084,300.0
1565,439.9661003771623,0.0,0.0,0.0,781.0720999172083,300.0
1566,439.9661003771623,0.0,0.0,0.0,853.4220999172084,300.0
1567,439.9661003771623,0.0,0.0,0.0,915.5520999172084,300.0
1568,439.9661,0.0,0.0,0.0,963.2321,300.0
1569,435.799999626409,0.0,0.0,0.0,989.0360000863631,300.0
1570,431.91790066971384,0.0,0.0,0.0,995.373900669714,300.0
1571,428.584277002878,0.0,0.0,0.0,981.820277002878,300.0
1572,373.20031313824666,0.0,0.0,0.0,962.9961135982006,300.0
1573,380.2298294375978,0.0,0.0,0.0,911.6782294375978,300.0
1574,340.1860068245119,0.0,0.0,0.0,859.5708063645579,300.0
1575,313.1831023515975,0.0,0.0,0.0,794.9111018916435,300.0
1576,279.28388376896277,0.0,0.0,0.0,727.5494833090088,300.0
1577,162.94613298114342,0.0,85.0,0.0,659.8927329811435,207.60869565217394
1578,184.2932660768043,0.0,85.0,0.0,584.7674665367583,115.21739130434786
1579,199.89330241046315,0.0,78.40000000000003,0.0,523.5369024104632,30.0
1580,264.79439858789874,0.0,0.0,0.0,482.06439812794486,30.0
1581,279.9465236600741,0.0,0.0,0.0,448.76832366007415,30.0
1582,302.0693043666917,0.0,0.0,0.0,433.69210436669175,30.0
1583,364.6580976454344,35.32258064516127,0.0,0.0,394.8505174602272,62.84999999999998
1584,412.0947747316812,85.0,0.0,0.0,364.7301751916353,141.89999999999998
1585,439.96608428966994,85.0,0.0,0.0,406.29208474962405,220.95
1586,439.96609863129413,85.0,0.0,0.0,468.42209863129415,300.0
1587,439.9661003771623,0.0,0.0,0.0,625.7720999172084,300.0
1588,439.9661003771623,0.0,0.0,0.0,703.4220999172084,300.0
1589,439.9661003771623,0.0,0.0,0.0,781.0720999172083,300.0
1590,439.9661003771623,0.0,0.0,0.0,853.4220999172084,300.0
1591,439.96609999999987,0.0,0.0,0.0,915.5521,300.0
1592,439.9661003771623,0.0,0.0,0.0,963.2320999172083,300.0
1593,435.799999626409,0.0,0.0,0.0,989.0360000863631,300.0
1594,431.91790066971384,0.0,0.0,0.0,995.373900669714,300.0
1595,396.83729352118337,0.0,0.0,0.0,989.8172935211834,300.0
1596,408.94356558509025,0.0,0.0,0.0,953.7237655850903,300.0
1597,378.08808893436174,0.0,0.0,0.0,912.2440493943158,300.0
1598,348.5838173865239,0.0,0.0,0.0,857.3384769265699,300.0
1599,309.94101865378053,0.0,0.0,0.0,795.7676181938266,300.0
1600,271.3430080780011,0.0,0.0,0.0,729.6094680780011,300.0
1601,183.9674848386544,0.0,85.0,0.0,654.5974852986085,207.60869565217394
1602,195.97993433627624,0.0,85.0,0.0,581.9365343362763,115.21739130434786
1603,190.1640214980947,0.0,78.40000000000003,0.0,525.7860214980948,30.0
1604,272.53454253559727,0.0,0.0,0.0,480.3653420756433,30.0
1605,300.7340160119951,0.0,0.0,0.0,444.2052155520411,30.0
1606,330.2461447780588,0.0,0.0,0.0,427.50694431810484,30.0
1607,372.4887703572962,35.32258064516127,0.0,0.0,393.13158925218096,62.84999999999998
1608,397.80266737818613,85.0,0.0,0.0,367.86746691823214,141.89999999999998
1609,423.03734848726486,85.0,0.0,0.0,410.0081484872649,220.95
1610,439.96609900845635,85.0,0.0,0.0,468.4220985485024,300.0
1611,439.96609962283765,0.0,0.0,0.0,625.7721000827918,300.0
1612,439.96609999999987,0.0,0.0,0.0,703.4221,300.0
1613,439.96609999999987,0.0,0.0,0.0,781.0721,300.0
1614,439.9661,0.0,0.0,0.0,853.4221,300.0
1615,439.9661003771623,0.0,0.0,0.0,915.5520999172084,300.0
1616,439.9661003771623,0.0,0.0,0.0,963.2320999172083,300.0
1617,435.8000003735908,0.0,0.0,0.0,989.0359999136368,300.0
1618,431.91790029945093,0.0,0.0,0.0,995.373900759405,300.0
1619,428.584277002878,0.0,0.0,0.0,981.820277002878,300.0
1620,395.8296706486652,0.0,0.0,0.0,957.1257111086192,300.0
1621,360.6943652067622,0.0,0.0,0.0,916.8392447468083,300.0
1622,336.3103454786801,0.0,0.0,0.0,860.6010454786801,300.0
1623,292.79181425853614,0.0,0.0,0.0,800.2982147184902,300.0
1624,287.086694297633,0.0,0.0,0.0,725.525314757587,300.0
1625,182.3250198250882,0.0,85.0,0.0,655.0112198250882,207.60869565217394
1626,174.8617251662165,0.0,85.0,0.0,587.0521256261706,115.21739130434786
1627,182.50837727295124,0.0,78.40000000000003,0.0,527.5557777329053,30.0
1628,292.72228639918495,0.0,0.0,0.0,475.93388593923106,30.0
1629,284.9595120311493,0.0,0.0,0.0,447.66791157119536,30.0
1630,344.6627284183973,0.0,0.0,0.0,424.3423284183973,30.0
1631,342.8069017639252,35.32258064516127,0.0,0.0,399.647121578718,62.84999999999998
1632,406.83283506914745,85.0,0.0,0.0,365.8852350691475,141.89999999999998
1633,417.7640920541678,85.0,0.0,0.0,411.1656925141219,220.95
1634,439.9660982541317,85.0,0.0,0.0,468.4220987140858,300.0
1635,439.96609962283765,0.0,0.0,0.0,625.7721000827918,300.0
1636,439.96609962283765,0.0,0.0,0.0,703.4221000827918,300.0
1637,439.96609999999987,0.0,0.0,0.0,781.0721,300.0
1638,439.9661,0.0,0.0,0.0,853.4221,300.0
1639,439.96609962283765,0.0,0.0,0.0,915.5521000827918,300.0
1640,439.96609962283765,0.0,0.0,0.0,963.2321000827917,300.0
1641,435.799999626409,0.0,0.0,0.0,989.0360000863631,300.0
1642,431.91790103997687,0.0,0.0,0.0,995.3739005800229,300.0
1643,428.5842773702832,0.0,0.0,0.0,981.8202769103292,300.0
1644,387.5765084520864,0.0,0.0,0.0,959.2667079921324,300.0
1645,376.9189739041376,0.0,0.0,0.0,912.5529143640917,300.0
1646,338.9824253032291,0.0,0.0,0.0,859.8907457631831,300.0
1647,320.54383238971405,0.0,0.0,0.0,792.966492849668,300.0
1648,285.4748518371955,0.0,0.0,0.0,725.9434513772416,300.0
1649,291.32265196682096,0.0,0.0,0.0,648.9662515068669,300.0
1650,254.7738032144506,0.0,0.0,0.0,588.2846036744046,300.0
1651,210.53050008999952,0.0,78.40000000000002,0.0,521.0779000899996,214.78260869565216
1652,239.66735380616416,0.0,85.0,0.0,468.9215538061642,122.39130434782608
1653,219.16276363066947,0.0,85.0,0.0,443.4525636306695,30.0
1654,309.9112923762114,0.0,0.0,0.0,431.97069237621145,30.0
1655,365.54074601781036,35.32258064516127,0.0,0.0,394.6567653726492,62.84999999999998
1656,359.5093227121388,85.0,0.0,0.0,376.2733227121388,141.89999999999998
1657,433.7083369776171,85.0,0.0,0.0,407.6657365176631,220.95
1658,439.96609863129413,85.0,0.0,0.0,468.42209863129415,300.0
1659,439.9661,0.0,0.0,0.0,625.7721,300.0
1660,439.9661,0.0,0.0,0.0,703.4221,300.0
1661,439.9661,0.0,0.0,0.0,781.0721,300.0
1662,439.9661,0.0,0.0,0.0,853.4221,300.0
1663,439.96609962283765,0.0,0.0,0.0,915.5521000827918,300.0
1664,439.96609962283765,0.0,0.0,0.0,963.2321000827917,300.0
1665,435.799999626409,0.0,0.0,0.0,989.0360000863631,300.0
1666,431.91790103997687,0.0,0.0,0.0,995.3739005800229,300.0
1667,428.5842773702832,0.0,0.0,0.0,981.8202769103292,300.0
1668,398.42439845152546,0.0,0.0,0.0,956.4525989114794,300.0
1669,364.3818260583935,0.0,0.0,0.0,915.8650655984395,300.0
1670,341.3863166557186,0.0,0.0,0.0,859.2517366557187,300.0
1671,311.5675178283846,0.0,0.0,0.0,795.3379182883386,300.0
1672,279.90845894337735,0.0,0.0,0.0,727.3874589433774,300.0
1673,237.59529447115142,0.0,0.0,0.0,662.5000940111975,300.0
1674,253.47405059703544,0.0,0.0,0.0,588.5994505970355,300.0
1675,187.77653703950307,0.0,78.40000000000002,0.0,526.3379365795491,214.78260869565216
1676,204.5651220433562,0.0,85.0,0.0,476.62692204335633,122.39130434782608
1677,211.75078326250718,0.0,85.0,0.0,445.0795837224613,30.0
1678,342.53532041581474,0.0,0.0,0.0,424.8093204158148,30.0
1679,373.64300197387496,35.32258064516127,0.0,0.0,392.8782213287137,62.84999999999998
1680,398.2892546275323,85.0,0.0,0.0,367.7606550874864,141.89999999999998
1681,419.60860007373304,85.0,0.0,0.0,410.760800533687,220.95
1682,439.9660982541318,85.0,0.0,0.0,468.4220987140858,300.0
1683,439.96609962283765,0.0,0.0,0.0,625.7721000827918,300.0
1684,439.9661,0.0,0.0,0.0,703.4221,300.0
1685,439.9661003771623,0.0,0.0,0.0,781.0720999172083,300.0
1686,439.96609962283765,0.0,0.0,0.0,853.4221000827918,300.0
1687,439.96609962283765,0.0,0.0,0.0,915.5521000827918,300.0
1688,439.96609962283765,0.0,0.0,0.0,963.2321000827917,300.0
1689,435.8000003735908,0.0,0.0,0.0,989.0359999136368,300.0
1690,431.91790066971396,0.0,0.0,0.0,995.373900669714,300.0
1691,428.2976726582957,0.0,0.0,0.0,981.8924721983417,300.0
1692,386.43693205218165,0.0,0.0,0.0,959.5623315922276,300.0
1693,370.8812756384948,0.0,0.0,0.0,914.1479956384948,300.0
1694,349.32515338317046,0.0,0.0,0.0,857.1414129232165,300.0
1695,298.4605484816887,0.0,0.0,0.0,798.8006089416427,300.0
1696,287.5677277682266,0.0,0.0,0.0,725.4005273082726,300.0
1697,269.70604383202243,0.0,0.0,0.0,654.4114433720684,300.0
1698,237.9992141140017,0.0,0.0,0.0,592.3480136540477,300.0
1699,179.86308891428888,0.0,78.40000000000002,0.0,528.167289374243,214.78260869565216
1700,175.31326186385405,0.0,85.0,0.0,483.04806232380815,122.39130434782608
1701,230.28639161716256,0.0,85.0,0.0,441.0107916171626,30.0
1702,322.98127276923975,0.0,0.0,0.0,429.10167230928573,30.0
1703,348.27252973428716,35.32258064516127,0.0,0.0,398.44734954907995,62.84999999999998
1704,386.2716632911962,85.0,0.0,0.0,370.39866283124223,141.89999999999998
1705,407.96443632738266,85.0,0.0,0.0,413.3168363273827,220.95
1706,439.9660982541317,85.0,0.0,0.0,468.4220987140858,300.0
1707,439.96609962283765,0.0,0.0,0.0,625.7721000827918,300.0
1708,439.96609962283765,0.0,0.0,0.0,703.4221000827918,300.0
1709,439.9661003771623,0.0,0.0,0.0,781.0720999172083,300.0
1710,439.9661003771623,0.0,0.0,0.0,853.4220999172084,300.0
1711,439.96609962283765,0.0,0.0,0.0,915.5521000827918,300.0
1712,439.9661,0.0,0.0,0.0,963.2321,300.0
1713,435.79999999999995,0.0,0.0,0.0,989.036,300.0
1714,431.91790066971396,0.0,0.0,0.0,995.373900669714,300.0
1715,417.5720417402599,0.0,0.0,0.0,984.594242200214,300.0
1716,380.50894291438715,0.0,0.0,0.0,961.1001429143872,300.0
1717,362.9660070161892,0.0,0.0,0.0,916.2391065562354,300.0
1718,339.8927426624749,0.0,0.0,0.0,859.648762662475,300.0
1719,319.093082533409,0.0,0.0,0.0,793.349762073455,300.0
1720,262.5616951401572,0.0,0.0,0.0,731.8874751401572,300.0
1721,180.60539200838906,0.0,85.0,0.0,655.4443915484351,207.60869565217394
1722,157.7760833281904,0.0,85.0,0.0,591.1908837881444,115.21739130434786
1723,207.1118015254886,0.0,78.40000000000003,0.0,521.8682010655347,30.0
1724,267.12549381782253,0.0,0.0,0.0,481.55269427777665,30.0
1725,292.6883400217646,0.0,0.0,0.0,445.9713395618106,30.0
1726,315.33165675995366,0.0,0.0,0.0,430.78085629999964,30.0
1727,391.92965749755103,35.32258064516127,0.0,0.0,388.8640773123438,62.84999999999998
1728,401.60484265254513,85.0,0.0,0.0,367.0328431124992,141.89999999999998
1729,384.8797964596802,85.0,0.0,0.0,418.38419599972633,220.95
1730,422.980781912015,85.0,0.0,0.0,472.150581912015,300.0
1731,439.9661003771623,0.0,0.0,0.0,625.7720999172084,300.0
1732,439.96609962283776,0.0,0.0,0.0,703.4221000827918,300.0
1733,439.9661003771623,0.0,0.0,0.0,781.0720999172083,300.0
1734,439.96609962283765,0.0,0.0,0.0,853.4221000827918,300.0
1735,439.96609962283765,0.0,0.0,0.0,915.5521000827918,300.0
1736,439.9661,0.0,0.0,0.0,963.2321,300.0
1737,435.799999626409,0.0,0.0,0.0,989.0360000863631,300.0
1738,431.91790066971396,0.0,0.0,0.0,995.373900669714,300.0
1739,397.80734023867967,0.0,0.0,0.0,989.5729402386796,300.0
1740,409.7105885271617,0.0,0.0,0.0,953.5247880672077,300.0
1741,379.7746277871744,0.0,0.0,0.0,911.7984877871744,300.0
1742,335.9451281169685,0.0,0.0,0.0,860.6981285769225,300.0
1743,324.5915247639581,0.0,0.0,0.0,791.897145223912,300.0
1744,276.3691975521575,0.0,0.0,0.0,728.3055975521576,300.0
1745,183.2068804323212,0.0,85.0,0.0,654.7890804323213,207.60869565217394
1746,194.29136598202115,0.0,85.0,0.0,582.3455664419752,115.21739130434786
1747,186.99191686390446,0.0,78.40000000000003,0.0,526.5193173238586,30.0
1748,256.1829222689258,0.0,0.0,0.0,483.9547222689259,30.0
1749,277.66069204001195,0.0,0.0,0.0,449.270091580058,30.0
1750,348.102792045411,0.0,0.0,0.0,423.587192505365,30.0
1751,367.87184200516987,35.32258064516127,0.0,0.0,394.1450613600086,62.84999999999998
1752,400.6995630228779,85.0,0.0,0.0,367.23156302287805,141.89999999999998
1753,409.39025196534436,85.0,0.0,0.0,413.0038524252984,220.95
1754,439.96609900845635,85.0,0.0,0.0,468.4220985485024,300.0
1755,439.9661,0.0,0.0,0.0,625.7721,300.0
1756,439.9661,0.0,0.0,0.0,703.4221,300.0
1757,439.96609962283765,0.0,0.0,0.0,781.0721000827917,300.0
1758,439.9661,0.0,0.0,0.0,853.4221,300.0
1759,439.9661003771623,0.0,0.0,0.0,915.5520999172084,300.0
1760,439.96609999999987,0.0,0.0,0.0,963.2321,300.0
1761,435.7999996264091,0.0,0.0,0.0,989.0360000863631,300.0
1762,431.91790066971396,0.0,0.0,0.0,995.373900669714,300.0
1763,424.494647860574,0.0,0.0,0.0,982.850448320528,300.0
1764,426.02625411827955,0.0,0.0,0.0,949.2922541182795,300.0
1765,359.7501212474009,0.0,0.0,0.0,917.088701707355,300.0
1766,341.1388412568381,0.0,0.0,0.0,859.3175212568381,300.0
1767,319.6661781365585,0.0,0.0,0.0,793.1983576766045,300.0
1768,275.33919541984096,0.0,0.0,0.0,728.572795879795,300.0
1769,144.58799979007085,0.0,85.0,0.0,664.5171197900709,207.60869565217394
1770,169.7849129548713,0.0,85.0,0.0,588.2819124949173,115.21739130434786
1771,193.8517324380628,0.0,78.40000000000003,0.0,524.9335328980169,30.0
1772,271.3689941663107,0.0,0.0,0.0,480.62119416631083,30.0
1773,297.67869563854276,0.0,0.0,0.0,444.87589563854283,30.0
1774,349.8454560475265,0.0,0.0,0.0,423.20465650748054,30.0
1775,358.9095700537688,35.32258064516127,0.0,0.0,396.1123894086076,62.84999999999998
1776,394.81524335564893,85.0,0.0,0.0,368.52324289569503,141.89999999999998
1777,439.96608466683233,85.0,0.0,0.0,406.29208466683235,220.95
1778,439.96609900845635,85.0,0.0,0.0,468.4220985485024,300.0
1779,439.9661,0.0,0.0,0.0,625.7721,300.0
1780,439.96609962283765,0.0,0.0,0.0,703.4221000827918,300.0
1781,439.9661,0.0,0.0,0.0,781.0721,300.0
1782,439.96609999999987,0.0,0.0,0.0,853.4221,300.0
1783,439.9661003771623,0.0,0.0,0.0,915.5520999172084,300.0
1784,439.96609962283765,0.0,0.0,0.0,963.2321000827917,300.0
1785,435.8000003735908,0.0,0.0,0.0,989.0359999136368,300.0
1786,431.91790066971384,0.0,0.0,0.0,995.373900669714,300.0
1787,428.584277002878,0.0,0.0,0.0,981.820277002878,300.0
1788,386.52459141003885,0.0,0.0,0.0,959.5395914100388,300.0
1789,364.28139714885776,0.0,0.0,0.0,915.8915976088118,300.0
1790,331.3586574644429,0.0,0.0,0.0,861.917317004489,300.0
1791,319.34087742843644,0.0,0.0,0.0,793.2842978883905,300.0
1792,271.9741580969926,0.0,0.0,0.0,729.4457380969926,300.0
1793,149.29933971680782,0.0,85.0,0.0,663.3303401767619,207.60869565217394
1794,176.7058191487343,0.0,85.0,0.0,586.6054196086883,115.21739130434786
1795,183.1809085851852,0.0,78.40000000000003,0.0,527.4003085851853,30.0
1796,278.00016974434044,0.0,0.0,0.0,479.1655702042945,30.0
1797,279.18835203815695,0.0,0.0,0.0,448.934751578203,30.0
1798,328.7863800219622,0.0,0.0,0.0,427.82738048191624,30.0
1799,364.1262460254807,35.32258064516127,0.0,0.0,394.96726538031953,62.84999999999998
1800,361.84041835256227,85.0,0.0,0.0,375.7616188125163,141.89999999999998
1801,437.6236722648234,85.0,0.0,0.0,406.8062727247775,220.95
1802,439.9660982541317,85.0,0.0,0.0,468.4220987140858,300.0
1803,439.96609962283765,0.0,0.0,0.0,625.7721000827917,300.0
1804,439.96609962283765,0.0,0.0,0.0,703.4221000827918,300.0
1805,439.9661003771623,0.0,0.0,0.0,781.0720999172083,300.0
1806,439.96609962283765,0.0,0.0,0.0,853.4221000827918,300.0
1807,439.96609962283765,0.0,0.0,0.0,915.5521000827918,300.0
1808,439.9661,0.0,0.0,0.0,963.2321,300.0
1809,435.799999626409,0.0,0.0,0.0,989.0360000863631,300.0
1810,431.91790066971384,0.0,0.0,0.0,995.373900669714,300.0
1811,411.47618034885375,0.0,0.0,0.0,986.1297803488537,300.0
1812,385.69401589916663,0.0,0.0,0.0,959.7550554392127,300.0
1813,371.1279792866409,0.0,0.0,0.0,914.082819746595,300.0
1814,348.4824280602553,0.0,0.0,0.0,857.3654285202093,300.0
1815,315.02246560737126,0.0,0.0,0.0,794.4251660673253,300.0
1816,299.2374286402053,0.0,0.0,0.0,722.3732281802513,300.0
1817,259.9394376069171,0.0,0.0,0.0,656.8716371469632,300.0
1818,269.47101081564523,0.0,0.0,0.0,584.7244103556912,300.0
1819,210.1381900022002,0.0,78.40000000000002,0.0,521.1685904621543,214.78260869565216
1820,159.36901834875442,0.0,85.0,0.0,486.5480183487545,122.39130434782608
1821,220.62252762889688,0.0,85.0,0.0,443.13212762889697,30.0
1822,313.50978038057974,0.0,0.0,0.0,431.18078038057973,30.0
1823,333.70883856758513,35.32258064516127,0.0,0.0,401.6442574624699,62.84999999999998
1824,393.9439113490756,85.0,0.0,0.0,368.7145108891217,141.89999999999998
1825,439.96608504399455,85.0,0.0,0.0,406.2920845840406,220.95
1826,439.966098631294,85.0,0.0,0.0,468.42209863129415,300.0
1827,439.9661003771623,0.0,0.0,0.0,625.7720999172084,300.0
1828,439.9661003771623,0.0,0.0,0.0,703.4220999172084,300.0
1829,439.9661,0.0,0.0,0.0,781.0721,300.0
1830,439.9661,0.0,0.0,0.0,853.4221,300.0
1831,439.96609962283765,0.0,0.0,0.0,915.5521000827918,300.0
1832,439.9661,0.0,0.0,0.0,963.2321,300.0
1833,435.79999999999984,0.0,0.0,0.0,989.036,300.0
1834,431.91790066971396,0.0,0.0,0.0,995.373900669714,300.0
1835,428.58427663547275,0.0,0.0,0.0,981.8202770954268,300.0
1836,369.79254213434024,0.0,0.0,0.0,963.8801416743863,300.0
1837,368.48628218691135,0.0,0.0,0.0,914.7807217269575,300.0
1838,341.47571305531426,0.0,0.0,0.0,859.2279730553142,300.0
1839,300.19293534687665,0.0,0.0,0.0,798.3429348869226,300.0
1840,272.2491901185283,0.0,0.0,0.0,729.3743905784823,300.0
1841,254.71441314165656,0.0,0.0,0.0,658.1878131416566,300.0
1842,270.52636543537744,0.0,0.0,0.0,584.4687654353775,300.0
1843,180.44594943470378,0.0,78.40000000000002,0.0,528.0325494347038,214.78260869565216
1844,193.69044611683842,0.0,85.0,0.0,479.0140461168385,122.39130434782608
1845,212.54290363870763,0.0,85.0,0.0,444.9057036387077,30.0
1846,339.1631524117212,0.0,0.0,0.0,425.5495524117212,30.0
1847,341.9468861457511,35.32258064516127,0.0,0.0,399.83590550058983,62.84999999999998
1848,402.34038341241865,85.0,0.0,0.0,366.87138295246467,141.89999999999998
1849,408.5641843337443,85.0,0.0,0.0,413.18518433374436,220.95
1850,439.96609900845635,85.0,0.0,0.0,468.4220985485024,300.0
1851,439.9661003771623,0.0,0.0,0.0,625.7720999172084,300.0
1852,439.9661,0.0,0.0,0.0,703.4221,300.0
1853,439.96609962283765,0.0,0.0,0.0,781.0721000827917,300.0
1854,439.9661,0.0,0.0,0.0,853.4221,300.0
1855,439.9661,0.0,0.0,0.0,915.5521,300.0
1856,439.9661003771623,0.0,0.0,0.0,963.2320999172083,300.0
1857,435.8000003735908,0.0,0.0,0.0,989.0359999136368,300.0
1858,431.91790103997687,0.0,0.0,0.0,995.3739005800229,300.0
1859,411.54231989777384,0.0,0.0,0.0,986.1131198977739,300.0
1860,396.92322569395844,0.0,0.0,0.0,956.8420261539125,300.0
1861,357.8157874996034,0.0,0.0,0.0,917.5997274996034,300.0
1862,363.64165971840885,0.0,0.0,0.0,853.3357592584549,300.0
1863,299.9451389965139,0.0,0.0,0.0,798.4083994564679,300.0
1864,258.8153376489557,0.0,0.0,0.0,732.8593376489557,300.0
1865,272.4287880894491,0.0,0.0,0.0,653.7255880894492,300.0
1866,261.0170611552637,0.0,0.0,0.0,586.7722616152178,300.0
1867,186.99191761108625,0.0,78.40000000000002,0.0,526.5193171511323,214.78260869565216
1868,178.51568984221467,0.0,85.0,0.0,482.3450903021687,122.39130434782608
1869,218.94775963093048,0.0,85.0,0.0,443.49975963093055,30.0
1870,322.5173163915142,0.0,0.0,0.0,429.20351639151426,30.0
1871,368.177374003513,35.32258064516127,0.0,0.0,394.07799335835176,62.84999999999998
1872,358.4116707038581,85.0,0.0,0.0,376.51427070385813,141.89999999999998
1873,438.64211227562623,85.0,0.0,0.0,406.58271273558034,220.95
1874,439.96609863129413,85.0,0.0,0.0,468.42209863129415,300.0
1875,439.9661,0.0,0.0,0.0,625.7721,300.0
1876,439.9661003771623,0.0,0.0,0.0,703.4220999172084,300.0
1877,439.96609999999987,0.0,0.0,0.0,781.0721,300.0
1878,439.9661003771623,0.0,0.0,0.0,853.4220999172084,300.0
1879,439.9661,0.0,0.0,0.0,915.5521,300.0
1880,439.9661,0.0,0.0,0.0,963.2321,300.0
1881,435.8000003735908,0.0,0.0,0.0,989.0359999136368,300.0
1882,431.91790103997687,0.0,0.0,0.0,995.3739005800229,300.0
1883,428.58427663547275,0.0,0.0,0.0,981.8202770954268,300.0
1884,396.999928682069,0.0,0.0,0.0,956.822128222115,300.0
1885,353.9875085073886,0.0,0.0,0.0,918.6111089673427,300.0
1886,335.81430411756014,0.0,0.0,0.0,860.7329045775143,300.0
1887,315.47220956834343,0.0,0.0,0.0,794.3063495683434,300.0
1888,283.12995419719226,0.0,0.0,0.0,726.5517537372383,300.0
1889,273.37678824222456,0.0,0.0,0.0,653.4867882422246,300.0
1890,160.51015136483994,0.0,78.40000000000002,0.0,592.127351824794,214.78260869565216
1891,143.12249401410622,0.0,85.0,0.0,535.1348944740603,122.39130434782608
1892,205.10829041684815,0.0,85.0,0.0,476.5076899568943,30.0
1893,297.35053163894116,0.0,0.0,0.0,444.94793163894127,30.0
1894,350.96574004888646,0.0,0.0,0.0,422.9587405088405,30.0
1895,355.28845045056704,35.32258064516127,0.0,0.0,396.9072693454518,62.84999999999998
1896,382.71843851006605,85.0,0.0,0.0,371.17863897002013,141.89999999999998
1897,432.70121296693424,85.0,0.0,0.0,407.8868125069803,220.95
1898,439.96609900845635,85.0,0.0,0.0,468.4220985485024,300.0
1899,439.96609962283765,0.0,0.0,0.0,625.7721000827917,300.0
1900,439.96609999999987,0.0,0.0,0.0,703.4221,300.0
1901,439.96609962283765,0.0,0.0,0.0,781.0721000827917,300.0
1902,439.9661003771623,0.0,0.0,0.0,853.4220999172084,300.0
1903,439.96609962283765,0.0,0.0,0.0,915.5521000827918,300.0
1904,439.96609962283765,0.0,0.0,0.0,963.2321000827917,300.0
1905,435.79999999999984,0.0,0.0,0.0,989.036,300.0
1906,431.91790066971396,0.0,0.0,0.0,995.373900669714,300.0
1907,408.75343595237734,0.0,0.0,0.0,986.8156354924234,300.0
1908,389.1215103407636,0.0,0.0,0.0,958.8659108007176,300.0
1909,366.45151989341207,0.0,0.0,0.0,915.3182794334581,300.0
1910,340.8357652948455,0.0,0.0,0.0,859.3980857547995,300.0
1911,309.711780048687,0.0,0.0,0.0,795.828180048687,300.0
1912,298.2731716667459,0.0,0.0,0.0,722.623371206792,300.0
1913,147.96552554836796,0.0,85.0,0.0,663.666326008322,207.60869565217394
1914,175.5727019000023,0.0,85.0,0.0,586.8799014400483,115.21739130434786
1915,166.0762046721079,0.0,78.40000000000003,0.0,531.354405132062,30.0
1916,288.35430967437566,0.0,0.0,0.0,476.8927101343297,30.0
1917,309.8547120009203,0.0,0.0,0.0,442.20311154096635,30.0
1918,342.3995287928122,0.0,0.0,0.0,424.8391283328582,30.0
1919,359.23773442915154,35.32258064516127,0.0,0.0,396.04035332403635,62.84999999999998
1920,415.953531137954,85.0,0.0,0.0,363.883131137954,141.89999999999998
1921,439.96608504399455,85.0,0.0,0.0,406.2920845840406,220.95
1922,435.6773340725149,85.0,0.0,0.0,469.363534532469,300.0
1923,439.96609962283765,0.0,0.0,0.0,625.7721000827918,300.0
1924,439.9661003771623,0.0,0.0,0.0,703.4220999172084,300.0
1925,439.96609962283765,0.0,0.0,0.0,781.0721000827917,300.0
1926,439.96609962283776,0.0,0.0,0.0,853.4221000827918,300.0
1927,439.9661,0.0,0.0,0.0,915.5521,300.0
1928,439.9661003771623,0.0,0.0,0.0,963.2320999172083,300.0
1929,435.79999999999995,0.0,0.0,0.0,989.036,300.0
1930,431.91790066971396,0.0,0.0,0.0,995.373900669714,300.0
1931,413.0304593810731,0.0,0.0,0.0,985.7382598410271,300.0
1932,380.53085784515474,0.0,0.0,0.0,961.0944578451547,300.0
1933,363.68537844935247,0.0,0.0,0.0,916.0490579893984,300.0
1934,343.30397844704385,0.0,0.0,0.0,858.741978447044,300.0
1935,306.65745375040245,0.0,0.0,0.0,796.6350932904485,300.0
1936,285.42006377873344,0.0,0.0,0.0,725.9576642386875,300.0
1937,212.29725758082435,0.0,85.0,0.0,647.4612571208704,207.60869565217394
1938,147.98905479123567,0.0,85.0,0.0,593.5616547912357,115.21739130434786
1939,188.14642868216572,0.0,78.40000000000003,0.0,526.2524286821658,30.0
1940,294.1594180123118,0.0,0.0,0.0,475.6184180123118,30.0
1941,308.621268002418,0.0,0.0,0.0,442.47386754246406,30.0
1942,326.36475677334704,0.0,0.0,0.0,428.3589563133931,30.0
1943,338.09944654377654,35.32258064516127,0.0,0.0,400.6804654386613,62.84999999999998
1944,378.225986476175,85.0,0.0,0.0,372.1647869361291,141.89999999999998
1945,414.00718076864183,85.0,0.0,0.0,411.9903803086879,220.95
1946,439.96609863129413,85.0,0.0,0.0,468.42209863129415,300.0
1947,439.96609962283765,0.0,0.0,0.0,625.7721000827918,300.0
1948,439.9661,0.0,0.0,0.0,703.4221,300.0
1949,439.9661003771623,0.0,0.0,0.0,781.0720999172083,300.0
1950,439.96609962283765,0.0,0.0,0.0,853.4221000827918,300.0
1951,439.9661003771623,0.0,0.0,0.0,915.5520999172084,300.0
1952,439.9661003771623,0.0,0.0,0.0,963.2320999172083,300.0
1953,435.8000003735908,0.0,0.0,0.0,989.0359999136368,300.0
1954,431.91790066971384,0.0,0.0,0.0,995.373900669714,300.0
1955,428.5842773702832,0.0,0.0,0.0,981.8202769103292,300.0
1956,397.5149291898906,0.0,0.0,0.0,956.6885291898906,300.0
1957,362.695286841747,0.0,0.0,0.0,916.3106273017011,300.0
1958,341.2511322196938,0.0,0.0,0.0,859.2876717597399,300.0
1959,317.5419037675513,0.0,0.0,0.0,793.7595633075973,300.0
1960,261.0386074207158,0.0,0.0,0.0,732.2825874207158,300.0
1961,150.75441045355262,0.0,85.0,0.0,662.9638099935986,207.60869565217394
1962,191.5807700077179,0.0,85.0,0.0,583.0021704676719,115.21739130434786
1963,178.4507739431387,0.0,78.40000000000003,0.0,528.4937744030927,30.0
1964,286.181638066219,0.0,0.0,0.0,477.3696380662191,30.0
1965,293.0504520213249,0.0,0.0,0.0,445.8918515613709,30.0
1966,310.14892837649984,0.0,0.0,0.0,431.91852837649986,30.0
1967,395.06418948055364,35.32258064516127,0.0,0.0,388.17600929534643,62.84999999999998
1968,396.04868698779165,85.0,0.0,0.0,368.2524869877918,141.89999999999998
1969,434.04781660405575,85.0,0.0,0.0,407.5912166040558,220.95
1970,439.9660982541317,85.0,0.0,0.0,468.4220987140858,300.0
1971,439.96609999999987,0.0,0.0,0.0,625.7721,300.0
1972,439.96609962283765,0.0,0.0,0.0,703.4221000827918,300.0
1973,439.9661003771623,0.0,0.0,0.0,781.0720999172083,300.0
1974,439.9661003771623,0.0,0.0,0.0,853.4220999172084,300.0
1975,439.9661003771623,0.0,0.0,0.0,915.5520999172084,300.0
1976,439.9661,0.0,0.0,0.0,963.2321,300.0
1977,435.799999626409,0.0,0.0,0.0,989.0360000863631,300.0
1978,418.82038988562397,0.0,0.0,0.0,998.546590345578,300.0
1979,428.58427663547275,0.0,0.0,0.0,981.8202770954268,300.0
1980,366.0231740423475,0.0,0.0,0.0,964.8579735823934,300.0
1981,349.7957235250724,0.0,0.0,0.0,919.7185239850264,300.0
1982,331.25726813817425,0.0,0.0,0.0,861.9442685981284,300.0
1983,308.38874754958243,0.0,0.0,0.0,796.1777080095364,300.0
1984,284.5927758557924,0.0,0.0,0.0,726.1722753958385,300.0
1985,252.06883168736277,0.0,0.0,0.0,658.8542312274088,300.0
1986,268.9266694505427,0.0,0.0,0.0,584.8562694505428,300.0
1987,182.4411241790869,0.0,78.40000000000002,0.0,527.571324639041,214.78260869565216
1988,173.03874587922337,0.0,85.0,0.0,483.54734633917747,122.39130434782608
1989,209.4196872653377,0.0,85.0,0.0,445.59128772529175,30.0
1990,296.36604073693064,0.0,0.0,0.0,434.9440402769767,30.0
1991,350.3659904772597,35.32258064516127,0.0,0.0,397.98780937214445,62.84999999999998
1992,397.76871937793,85.0,0.0,0.0,367.87491891797606,141.89999999999998
1993,429.97405693800664,85.0,0.0,0.0,408.48545647805264,220.95
1994,438.2913309375348,85.0,0.0,0.0,468.78973047758086,300.0
1995,439.9661003771623,0.0,0.0,0.0,625.7720999172084,300.0
1996,439.96609962283765,0.0,0.0,0.0,703.4221000827918,300.0
1997,439.9661003771623,0.0,0.0,0.0,781.0720999172083,300.0
1998,439.9661003771623,0.0,0.0,0.0,853.4220999172084,300.0
1999,439.96609962283765,0.0,0.0,0.0,915.5521000827918,300.0
2000,439.9661,0.0,0.0,0.0,963.2321,300.0
2001,435.79999999999995,0.0,0.0,0.0,989.036,300.0
2002,431.91790066971396,0.0,0.0,0.0,995.373900669714,300.0
2003,416.67915856464776,0.0,0.0,0.0,984.8191581046938,300.0
2004,386.3383148637282,0.0,0.0,0.0,959.5879144037743,300.0
2005,378.72340707341175,0.0,0.0,0.0,912.0762066134578,300.0
2006,345.5628728368258,0.0,0.0,0.0,858.1415128368258,300.0
2007,313.9210308024855,0.0,0.0,0.0,794.7161508024856,300.0
2008,252.7449017024053,0.0,0.0,0.0,734.4341017024053,300.0
2009,244.90371425359473,0.0,0.0,0.0,660.6591137936408,300.0
2010,231.78928317287262,0.0,0.0,0.0,593.8522827129186,300.0
2011,186.55477175378644,0.0,78.40000000000002,0.0,526.6203722137406,214.78260869565216
2012,214.56846559859952,0.0,85.0,0.0,474.4310660585536,122.39130434782608
2013,209.14810364282977,0.0,85.0,0.0,445.6509036428298,30.0
2014,325.28973639487975,0.0,0.0,0.0,428.5949363948798,30.0
2015,359.0453624301947,35.32258064516127,0.0,0.0,396.0825813250795,62.84999999999998
2016,396.28632261242217,85.0,0.0,0.0,368.20032307237625,141.89999999999998
2017,439.96608428966994,85.0,0.0,0.0,406.29208474962405,220.95
2018,439.96609863129413,85.0,0.0,0.0,468.42209863129415,300.0
2019,439.96609999999987,0.0,0.0,0.0,625.7721,300.0
2020,439.96609999999987,0.0,0.0,0.0,703.4221,300.0
2021,439.96609999999987,0.0,0.0,0.0,781.0721,300.0
2022,439.9661,0.0,0.0,0.0,853.4221,300.0
2023,439.9661,0.0,0.0,0.0,915.5521,300.0
2024,439.9661003771623,0.0,0.0,0.0,963.2320999172083,300.0
2025,435.79999999999995,0.0,0.0,0.0,989.036,300.0
2026,431.91790066971384,0.0,0.0,0.0,995.373900669714,300.0
2027,428.5842773702832,0.0,0.0,0.0,981.8202769103292,300.0
2028,398.3148237976883,0.0,0.0,0.0,956.4810242576424,300.0
2029,362.272833511498,0.0,0.0,0.0,916.422233971452,300.0
2030,336.8608961128259,0.0,0.0,0.0,860.45469657278,300.0
2031,311.21165274909566,0.0,0.0,0.0,795.4319332090497,300.0
2032,258.6948058924856,0.0,0.0,0.0,732.8906054325316,300.0
2033,242.28238323118956,0.0,0.0,0.0,661.3194232311896,300.0
2034,249.64144563336896,0.0,0.0,0.0,589.527845633369,300.0
2035,169.00171462879575,0.0,78.40000000000002,0.0,530.6781146287958,214.78260869565216
2036,173.0953266331656,0.0,85.0,0.0,483.53492617321166,122.39130434782608
2037,216.99009125614532,0.0,85.0,0.0,443.9294917160994,30.0
2038,318.23986876348397,0.0,0.0,0.0,430.14246830353,30.0
2039,365.97075439264097,35.32258064516127,0.0,0.0,394.56237328752576,62.84999999999998
2040,399.18321938860095,85.0,0.0,0.0,367.564418928647,141.89999999999998
2041,428.876404172039,85.0,0.0,0.0,408.726404631993,220.95
2042,439.96609863129413,85.0,0.0,0.0,468.42209863129415,300.0
2043,439.96609999999987,0.0,0.0,0.0,625.7721,300.0
2044,439.96609962283765,0.0,0.0,0.0,703.4221000827918,300.0
2045,439.96609999999987,0.0,0.0,0.0,781.0721,300.0
2046,439.96609962283765,0.0,0.0,0.0,853.4221000827918,300.0
2047,439.96609962283765,0.0,0.0,0.0,915.5521000827918,300.0
2048,439.9661,0.0,0.0,0.0,963.2321,300.0
2049,435.8000003735908,0.0,0.0,0.0,989.0359999136368,300.0
2050,431.91790103997687,0.0,0.0,0.0,995.3739005800229,300.0
2051,424.93557818670865,0.0,0.0,0.0,982.7393786466627,300.0
2052,387.4888487290168,0.0,0.0,0.0,959.2894482690629,300.0
2053,377.6721852681476,0.0,0.0,0.0,912.3539257281017,300.0
2054,356.17487995218534,0.0,0.0,0.0,855.3205994922314,300.0
2055,301.24961447801695,0.0,0.0,0.0,798.063774018063,300.0
2056,300.4756215234271,0.0,0.0,0.0,722.0520219833811,300.0
2057,259.23394875372566,0.0,0.0,0.0,657.0493487537257,300.0
2058,249.0637780091082,0.0,0.0,0.0,589.6677775491543,300.0
2059,161.41332349751661,0.0,78.40000000000002,0.0,532.4323239574707,214.78260869565216
2060,155.88369037230547,0.0,85.0,0.0,487.3130903723055,122.39130434782608
2061,205.3572440245951,0.0,85.0,0.0,446.48304356464115,30.0
2062,318.183288386253,0.0,0.0,0.0,430.15488838625305,30.0
2063,352.83287846388265,35.32258064516127,0.0,0.0,397.4462973587675,62.84999999999998
2064,356.1145226865284,85.0,0.0,0.0,377.01852268652846,141.89999999999998
2065,407.95312032726264,85.0,0.0,0.0,413.3193203272627,220.95
2066,439.96609900845635,85.0,0.0,0.0,468.4220985485024,300.0
2067,439.9661,0.0,0.0,0.0,625.7721,300.0
2068,439.9661003771623,0.0,0.0,0.0,703.4220999172084,300.0
2069,439.9661,0.0,0.0,0.0,781.0721,300.0
2070,439.9661003771623,0.0,0.0,0.0,853.4220999172084,300.0
2071,439.96609962283765,0.0,0.0,0.0,915.5521000827918,300.0
2072,439.9661,0.0,0.0,0.0,963.2321,300.0
2073,435.79999999999995,0.0,0.0,0.0,989.036,300.0
2074,431.91790066971396,0.0,0.0,0.0,995.373900669714,300.0
2075,416.2382282385131,0.0,0.0,0.0,984.9302277785591,300.0
2076,393.29630538237814,0.0,0.0,0.0,957.7829049224241,300.0
2077,372.2305064296777,0.0,0.0,0.0,913.7915464296777,300.0
2078,334.7382770857914,0.0,0.0,0.0,861.0189370857914,300.0
2079,301.54216541062374,0.0,0.0,0.0,797.9864858705778,300.0
2080,269.0386534259579,0.0,0.0,0.0,730.2072529660039,300.0
2081,173.90325139341837,0.0,85.0,0.0,657.1326509334644,207.60869565217394
2082,186.5150664260044,0.0,85.0,0.0,584.2292664260044,115.21739130434786
2083,150.70887309770688,0.0,78.40000000000003,0.0,534.9068730977069,30.0
2084,252.25626991829654,0.0,0.0,0.0,484.81667037825065,30.0
2085,332.15854797383776,0.0,0.0,0.0,437.3071475138838,30.0
2086,288.89748035070204,0.0,0.0,0.0,436.5834803507021,30.0
2087,348.19331848904125,35.32258064516127,0.0,0.0,398.46473738392604,62.84999999999998
2088,412.1626711093556,85.0,0.0,0.0,364.71527110935574,141.89999999999998
2089,425.83240089407496,85.0,0.0,0.0,409.39460043412106,220.95
2090,439.96609863129413,85.0,0.0,0.0,468.42209863129415,300.0
2091,439.96609962283765,0.0,0.0,0.0,625.7721000827918,300.0
2092,439.9661,0.0,0.0,0.0,703.4221,300.0
2093,439.96609962283765,0.0,0.0,0.0,781.0721000827917,300.0
2094,439.9661003771623,0.0,0.0,0.0,853.4220999172084,300.0
2095,439.9661003771623,0.0,0.0,0.0,915.5520999172084,300.0
2096,439.96609999999987,0.0,0.0,0.0,963.2321,300.0
2097,435.79999999999995,0.0,0.0,0.0,989.036,300.0
2098,431.91790066971396,0.0,0.0,0.0,995.373900669714,300.0
2099,418.740507471922,0.0,0.0,0.0,984.299907471922,300.0
2100,388.44214821739877,0.0,0.0,0.0,959.0421477574448,300.0
2101,363.55001872596506,0.0,0.0,0.0,916.0848182660111,300.0
2102,332.48156309599983,0.0,0.0,0.0,861.6188230959998,300.0
2103,310.50319815020345,0.0,0.0,0.0,795.6190976902494,300.0
2104,275.59121749402567,0.0,0.0,0.0,728.5074174940257,300.0
2105,152.7385964524217,0.0,85.0,0.0,662.4639964524217,207.60869565217394
2106,165.1635686284191,0.0,85.0,0.0,589.4013686284192,115.21739130434786
2107,209.80192453287873,0.0,78.40000000000003,0.0,521.2463249928328,30.0
2108,260.369842240634,0.0,0.0,0.0,483.03564224063405,30.0
2109,300.5529596350526,0.0,0.0,0.0,444.24495963505274,30.0
2110,318.78303676414333,0.0,0.0,0.0,430.02323630418937,30.0
2111,340.24948615495543,35.32258064516127,0.0,0.0,400.2085055097942,62.84999999999998
2112,391.13754257357976,85.0,0.0,0.0,369.3305430335339,141.89999999999998
2113,439.96608466683233,85.0,0.0,0.0,406.29208466683235,220.95
2114,439.966098631294,85.0,0.0,0.0,468.42209863129415,300.0
2115,439.9661003771623,0.0,0.0,0.0,625.7720999172084,300.0
2116,439.9661003771623,0.0,0.0,0.0,703.4220999172084,300.0
2117,439.9661,0.0,0.0,0.0,781.0721,300.0
2118,439.9661,0.0,0.0,0.0,853.4221,300.0
2119,439.96609962283765,0.0,0.0,0.0,915.5521000827918,300.0
2120,439.9661,0.0,0.0,0.0,963.2321,300.0
2121,435.799999626409,0.0,0.0,0.0,989.0360000863631,300.0
2122,431.91790103997687,0.0,0.0,0.0,995.3739005800229,300.0
2123,393.18859507241905,0.0,0.0,0.0,990.7363950724191,300.0
2124,379.97202674537357,0.0,0.0,0.0,961.2394272053276,300.0
2125,363.4954374646735,0.0,0.0,0.0,916.0992379246276,300.0
2126,348.0223640257001,0.0,0.0,0.0,857.4877240257001,300.0
2127,308.9509270460053,0.0,0.0,0.0,796.0291875059593,300.0
2128,267.0115215581473,0.0,0.0,0.0,730.7331220181013,300.0
2129,160.5430631938388,0.0,85.0,0.0,660.4980627338848,207.60869565217394
2130,153.88793373531348,0.0,85.0,0.0,592.1327337353135,115.21739130434786
2131,208.13180640883962,0.0,78.40000000000003,0.0,521.6324064088396,30.0
2132,279.24492973592936,0.0,0.0,0.0,478.8923301958834,30.0
2133,304.19671200779044,0.0,0.0,0.0,443.4451115478366,30.0
2134,307.72730399639795,0.0,0.0,0.0,432.45010445635194,30.0
2135,379.2783695661542,35.32258064516127,0.0,0.0,391.64118938094697,62.84999999999998
2136,392.9028389640594,85.0,0.0,0.0,368.94303896405955,141.89999999999998
2137,439.96608466683233,85.0,0.0,0.0,406.29208466683235,220.95
2138,439.9660982541317,85.0,0.0,0.0,468.4220987140858,300.0
2139,439.9661,0.0,0.0,0.0,625.7721,300.0
2140,439.96609999999987,0.0,0.0,0.0,703.4221,300.0
2141,439.96609962283765,0.0,0.0,0.0,781.0721000827917,300.0
2142,439.9661,0.0,0.0,0.0,853.4221,300.0
2143,439.9661,0.0,0.0,0.0,915.5521,300.0
2144,439.96609962283765,0.0,0.0,0.0,963.2321000827917,300.0
2145,435.799999626409,0.0,0.0,0.0,989.0360000863631,300.0
2146,431.91790066971396,0.0,0.0,0.0,995.373900669714,300.0
2147,412.5564592804783,0.0,0.0,0.0,985.8576597404324,300.0
2148,412.03357118850624,0.0,0.0,0.0,952.9221707285523,300.0
2149,357.4893959085325,0.0,0.0,0.0,917.6859559085325,300.0
2150,317.8161923989758,0.0,0.0,0.0,865.5172128589298,300.0
2151,324.42232547352876,0.0,0.0,0.0,791.9418454735288,300.0
2152,279.20718150971027,0.0,0.0,0.0,727.5693810497563,300.0
2153,274.4791140012657,0.0,0.0,0.0,653.2091140012658,300.0
2154,264.27199812440654,0.0,0.0,0.0,585.9837985843606,300.0
2155,165.89686383565163,0.0,78.40000000000002,0.0,531.3958633756977,214.78260869565216
2156,192.9209584992002,0.0,85.0,0.0,479.1829580392463,122.39130434782608
2157,215.56427525787666,0.0,85.0,0.0,444.2424757178307,30.0
2158,349.4720284242354,0.0,0.0,0.0,423.28662842423546,30.0
2159,365.43890239552496,35.32258064516127,0.0,0.0,394.67912129040974,62.84999999999998
2160,393.41205934506326,85.0,0.0,0.0,368.8312588851094,141.89999999999998
2161,439.96608504399455,85.0,0.0,0.0,406.2920845840406,220.95
2162,439.96609863129413,85.0,0.0,0.0,468.42209863129415,300.0
2163,439.96609962283765,0.0,0.0,0.0,625.7721000827918,300.0
2164,439.9661,0.0,0.0,0.0,703.4221,300.0
2165,439.96609962283765,0.0,0.0,0.0,781.0721000827916,300.0
2166,439.9661003771623,0.0,0.0,0.0,853.4220999172084,300.0
2167,439.9661003771623,0.0,0.0,0.0,915.5520999172084,300.0
2168,439.9661,0.0,0.0,0.0,963.2321,300.0
2169,435.7999996264091,0.0,0.0,0.0,989.0360000863631,300.0
2170,431.91790029945093,0.0,0.0,0.0,995.373900759405,300.0
2171,428.5842773702832,0.0,0.0,0.0,981.8202769103292,300.0
2172,371.3485014884013,0.0,0.0,0.0,963.4765019483552,300.0
2173,368.55396132093745,0.0,0.0,0.0,914.7628417808914,300.0
2174,359.49889937378526,0.0,0.0,0.0,854.4369993737853,300.0
2175,313.63939561277164,0.0,0.0,0.0,794.7905551528177,300.0
2176,277.89228527159895,0.0,0.0,0.0,727.910485271599,300.0
2177,255.6734365520224,0.0,0.0,0.0,657.9462365520225,300.0
2178,267.9601864597051,0.0,0.0,0.0,585.0903864597051,300.0
2179,172.84634982803817,0.0,78.40000000000002,0.0,529.7893498280382,214.78260869565216
2180,188.02113053230926,0.0,85.0,0.0,480.2585300723553,122.39130434782608
2181,184.86396729515462,0.0,85.0,0.0,450.98156775510864,30.0
2182,334.52359240608905,0.0,0.0,0.0,426.5679924060891,30.0
2183,359.0114140532165,35.32258064516127,0.0,0.0,396.0900334080553,62.84999999999998
2184,407.3986350734158,85.0,0.0,0.0,365.7610350734159,141.89999999999998
2185,419.6991280746933,85.0,0.0,0.0,410.7409285346473,220.95
2186,439.96609863129413,85.0,0.0,0.0,468.42209863129415,300.0
2187,439.9661003771623,0.0,0.0,0.0,625.7720999172084,300.0
2188,439.9661,0.0,0.0,0.0,703.4221,300.0
2189,439.9661,0.0,0.0,0.0,781.0721,300.0
2190,439.9661,0.0,0.0,0.0,853.4221,300.0
2191,439.96609999999987,0.0,0.0,0.0,915.5521,300.0
2192,439.96609962283765,0.0,0.0,0.0,963.2321000827917,300.0
2193,435.79999999999984,0.0,0.0,0.0,989.036,300.0
2194,431.91790103997687,0.0,0.0,0.0,995.3739005800229,300.0
2195,394.20273445512373,0.0,0.0,0.0,990.4809349150777,300.0
2196,409.17367199293574,0.0,0.0,0.0,953.6640724528897,300.0
2197,352.48108577936875,0.0,0.0,0.0,919.0090862393228,300.0
2198,339.84695426268195,0.0,0.0,0.0,859.6609342626821,300.0
2199,316.86728764417626,0.0,0.0,0.0,793.9377881041303,300.0
2200,295.7091239841682,0.0,0.0,0.0,723.2885244441222,300.0
2201,259.57566973902834,0.0,0.0,0.0,656.9632697390284,300.0
2202,224.57954150069594,0.0,0.0,0.0,595.5987419606499,300.0
2203,191.06072941628543,0.0,78.40000000000002,0.0,525.5787294162855,214.78260869565216
2204,202.33587005841974,0.0,85.0,0.0,477.1162700584198,122.39130434782608
2205,187.81744366873056,0.0,85.0,0.0,450.33324366873063,30.0
2206,319.76752876533845,0.0,0.0,0.0,429.8071283053845,30.0
2207,346.12248974594604,35.32258064516127,0.0,0.0,398.9193095607388,62.84999999999998
2208,390.8433269485226,85.0,0.0,0.0,369.3951269485226,141.89999999999998
2209,424.84790812930765,85.0,0.0,0.0,409.6107085892617,220.95
2210,439.96609863129413,85.0,0.0,0.0,468.42209863129415,300.0
2211,439.96609999999987,0.0,0.0,0.0,625.7721,300.0
2212,439.9661003771623,0.0,0.0,0.0,703.4220999172084,300.0
2213,439.9661003771623,0.0,0.0,0.0,781.0720999172083,300.0
2214,439.9661,0.0,0.0,0.0,853.4221,300.0
2215,439.9661003771623,0.0,0.0,0.0,915.5520999172084,300.0
2216,439.96609962283765,0.0,0.0,0.0,963.2321000827917,300.0
2217,435.8000003735908,0.0,0.0,0.0,989.0359999136368,300.0
2218,431.91790029945093,0.0,0.0,0.0,995.3739007594049,300.0
2219,412.9643201995581,0.0,0.0,0.0,985.7549201995581,300.0
2220,388.23395600989613,0.0,0.0,0.0,959.0961560098962,300.0
2221,375.58065921967943,0.0,0.0,0.0,912.9064796796334,300.0
2222,327.5941968814718,0.0,0.0,0.0,862.9179964215177,300.0
2223,335.4978069945601,0.0,0.0,0.0,789.0158474545142,300.0
2224,284.9160207260012,0.0,0.0,0.0,726.0884207260012,300.0
2225,256.4671110985321,0.0,0.0,0.0,657.7463110985321,300.0
2226,258.37311955059164,0.0,0.0,0.0,587.4127195505916,300.0
2227,188.01192286802814,0.0,78.40000000000002,0.0,526.2835224080742,214.78260869565216
2228,195.63679848084882,0.0,85.0,0.0,478.5867980208949,122.39130434782608
2229,185.3731872945362,0.0,85.0,0.0,450.8697877544903,30.0
2230,316.5085200070577,0.0,0.0,0.0,430.5225204670117,30.0
2231,310.8731506914144,35.32258064516127,0.0,0.0,406.6569695862992,62.84999999999998
2232,409.46946308903813,85.0,0.0,0.0,365.3064630890382,141.89999999999998
2233,430.99249619448483,85.0,0.0,0.0,408.26189665443894,220.95
2234,439.9660982541318,85.0,0.0,0.0,468.4220987140858,300.0
2235,439.96609962283765,0.0,0.0,0.0,625.7721000827918,300.0
2236,439.9661,0.0,0.0,0.0,703.4221,300.0
2237,439.96609999999987,0.0,0.0,0.0,781.0721,300.0
2238,439.96609999999987,0.0,0.0,0.0,853.4221,300.0
2239,439.9661003771623,0.0,0.0,0.0,915.5520999172084,300.0
2240,439.9661,0.0,0.0,0.0,963.2321,300.0
2241,435.79999999999995,0.0,0.0,0.0,989.036,300.0
2242,431.91790066971384,0.0,0.0,0.0,995.373900669714,300.0
2243,407.92669159087495,0.0,0.0,0.0,987.023891130921,300.0
2244,392.47449511338823,0.0,0.0,0.0,957.9960951133883,300.0
2245,373.5011412524424,0.0,0.0,0.0,913.4558612524423,300.0
2246,338.3424786328512,0.0,0.0,0.0,860.0608581728973,300.0
2247,316.13590885732407,0.0,0.0,0.0,794.1310088573241,300.0
2248,272.2163177217059,0.0,0.0,0.0,729.3829181816599,300.0
2249,156.44241063539505,0.0,85.0,0.0,661.5310110953491,207.60869565217394
2250,146.3560321769798,0.0,85.0,0.0,593.9572317170258,115.21739130434786
2251,171.176231703999,0.0,78.40000000000003,0.0,530.1754312440451,30.0
2252,248.48804194375919,0.0,0.0,0.0,485.6438424037133,30.0
2253,294.66863926503544,0.0,0.0,0.0,445.53663972498947,30.0
2254,335.0893920296136,0.0,0.0,0.0,426.4437924895676,30.0
2255,378.9615219450346,35.32258064516127,0.0,0.0,391.7107412998734,62.84999999999998
2256,379.43679848530934,85.0,0.0,0.0,371.89899894526343,141.89999999999998
2257,427.6429605361177,85.0,0.0,0.0,408.9971605361178,220.95
2258,439.96609900845635,85.0,0.0,0.0,468.4220985485024,300.0
2259,439.9661,0.0,0.0,0.0,625.7721,300.0
2260,439.96609962283765,0.0,0.0,0.0,703.4221000827918,300.0
2261,439.96609999999987,0.0,0.0,0.0,781.0721,300.0
2262,439.9661,0.0,0.0,0.0,853.4221,300.0
2263,439.9661003771623,0.0,0.0,0.0,915.5520999172084,300.0
2264,439.9661,0.0,0.0,0.0,963.2321,300.0
2265,435.79999999999995,0.0,0.0,0.0,989.036,300.0
2266,431.91790066971396,0.0,0.0,0.0,995.373900669714,300.0
2267,428.5842773702832,0.0,0.0,0.0,981.8202769103292,300.0
2268,394.97279722087205,0.0,0.0,0.0,957.347997220872,300.0
2269,361.53053861804665,0.0,0.0,0.0,916.6183386180467,300.0
2270,356.1628877522395,0.0,0.0,0.0,855.3237872922856,300.0
2271,317.03539605160057,0.0,0.0,0.0,793.8933760516006,300.0
2272,285.0332656080014,0.0,0.0,0.0,726.0580056080014,300.0
2273,187.00990466841864,0.0,85.0,0.0,653.8311042084647,207.60869565217394
2274,151.2439921306414,0.0,85.0,0.0,592.7731916706874,115.21739130434786
2275,165.66147763353564,0.0,78.40000000000003,0.0,531.4502776335357,30.0
2276,280.13889410705093,0.0,0.0,0.0,478.696094107051,30.0
2277,289.62170364832593,0.0,0.0,0.0,446.644503648326,30.0
2278,319.3714680105331,0.0,0.0,0.0,429.8940684704871,30.0
2279,370.55373436778916,35.32258064516127,0.0,0.0,393.55635326267395,62.84999999999998
2280,388.26327892905863,85.0,0.0,0.0,369.9614789290587,141.89999999999998
2281,439.96608504399455,85.0,0.0,0.0,406.2920845840406,220.95
2282,439.96609900845635,85.0,0.0,0.0,468.4220985485024,300.0
2283,439.9661003771623,0.0,0.0,0.0,625.7720999172084,300.0
2284,439.9661003771623,0.0,0.0,0.0,703.4220999172084,300.0
2285,439.9661,0.0,0.0,0.0,781.0721,300.0
2286,439.9661003771623,0.0,0.0,0.0,853.4220999172084,300.0
2287,439.96609962283765,0.0,0.0,0.0,915.5521000827918,300.0
2288,439.96609962283765,0.0,0.0,0.0,963.2321000827917,300.0
2289,435.79999999999995,0.0,0.0,0.0,989.036,300.0
2290,431.91790029945093,0.0,0.0,0.0,995.3739007594049,300.0
2291,426.35757885589805,0.0,0.0,0.0,982.381178855898,300.0
2292,381.0787307491273,0.0,0.0,0.0,960.9523312090814,300.0
2293,381.1140340823051,0.0,0.0,0.0,911.4446340823051,300.0
2294,336.6134210773091,0.0,0.0,0.0,860.5204810773091,300.0
2295,298.19092100937416,0.0,0.0,0.0,798.8718410093742,300.0
2296,288.4640480897069,0.0,0.0,0.0,725.168008089707,300.0
2297,170.1884128506391,0.0,85.0,0.0,658.0684133105932,207.60869565217394
2298,159.49797868212966,0.0,85.0,0.0,590.7737786821297,115.21739130434786
2299,185.84861426821135,0.0,78.40000000000003,0.0,526.7836147281654,30.0
2300,272.18374616080536,0.0,0.0,0.0,480.4423461608054,30.0
2301,303.08774325481255,0.0,0.0,0.0,443.6885437147666,30.0
2302,353.1384128058485,0.0,0.0,0.0,422.48181234589447,30.0
2303,350.45651847676885,35.32258064516127,0.0,0.0,397.9679373716536,62.84999999999998
2304,386.24903129102535,85.0,0.0,0.0,370.4036308310715,141.89999999999998
2305,420.71756846265833,85.0,0.0,0.0,410.51736846265845,220.95
2306,439.96609900845635,85.0,0.0,0.0,468.4220985485024,300.0
2307,439.9661,0.0,0.0,0.0,625.7721,300.0
2308,439.96609962283765,0.0,0.0,0.0,703.4221000827918,300.0
2309,439.96609962283765,0.0,0.0,0.0,781.0721000827917,300.0
2310,439.9661003771623,0.0,0.0,0.0,853.4220999172084,300.0
2311,439.9661,0.0,0.0,0.0,915.5521,300.0
2312,439.9661,0.0,0.0,0.0,963.2321,300.0
2313,435.79999999999995,0.0,0.0,0.0,989.036,300.0
2314,431.91790066971396,0.0,0.0,0.0,995.373900669714,300.0
2315,428.584277002878,0.0,0.0,0.0,981.820277002878,300.0
2316,370.9091074917271,0.0,0.0,0.0,963.5904874917271,300.0
2317,366.09347122900533,0.0,0.0,0.0,915.4128712290054,300.0
2318,350.5603499775829,0.0,0.0,0.0,856.813069517629,300.0
2319,304.24281057863226,0.0,0.0,0.0,797.2730105786322,300.0
2320,278.25388163664616,0.0,0.0,0.0,727.8166816366462,300.0
2321,251.44050563730406,0.0,0.0,0.0,659.0125056373041,300.0
2322,256.59567956744195,0.0,0.0,0.0,587.843279567442,300.0
2323,172.51008473230752,0.0,78.40000000000002,0.0,529.8670842723536,214.78260869565216
2324,177.76883460158587,0.0,85.0,0.0,482.50903414163196,122.39130434782608
2325,222.9762556260389,0.0,85.0,0.0,442.61545562603897,30.0
2326,306.5391243721177,0.0,0.0,0.0,432.7109243721178,30.0
2327,371.7305976070829,35.32258064516127,0.0,0.0,393.2980174218757,62.84999999999998
2328,382.2771145067368,85.0,0.0,0.0,371.2755149666908,141.89999999999998
2329,419.2125400695319,85.0,0.0,0.0,410.8477405294859,220.95
2330,439.96609900845635,85.0,0.0,0.0,468.4220985485024,300.0
2331,439.9661,0.0,0.0,0.0,625.7721,300.0
2332,439.9661003771623,0.0,0.0,0.0,703.4220999172084,300.0
2333,439.9661,0.0,0.0,0.0,781.0721,300.0
2334,439.96609962283765,0.0,0.0,0.0,853.4221000827918,300.0
2335,439.9661,0.0,0.0,0.0,915.5521,300.0
2336,439.9661003771623,0.0,0.0,0.0,963.2320999172083,300.0
2337,435.799999626409,0.0,0.0,0.0,989.0360000863631,300.0
2338,431.91790066971396,0.0,0.0,0.0,995.373900669714,300.0
2339,428.58427663547275,0.0,0.0,0.0,981.8202770954268,300.0
2340,412.74580607323446,0.0,0.0,0.0,952.7374060732344,300.0
2341,362.50425533789723,0.0,0.0,0.0,916.3610953378973,300.0
2342,331.9081182619575,0.0,0.0,0.0,861.7712578020034,300.0
2343,299.6525880639073,0.0,0.0,0.0,798.4856876039532,300.0
2344,263.60374975421735,0.0,0.0,0.0,731.6171502141714,300.0
2345,277.86325408152237,0.0,0.0,0.0,652.3566540815224,300.0
2346,252.89638260251178,0.0,0.0,0.0,588.7393826025118,300.0
2347,177.643737563949,0.0,78.40000000000002,0.0,528.680337103995,214.78260869565216
2348,195.96496210146904,0.0,85.0,0.0,478.51476210146916,122.39130434782608
2349,246.10615959795325,0.0,85.0,0.0,437.5381595979534,30.0
2350,273.98299233259684,0.0,0.0,0.0,439.8573923325969,30.0
2351,396.8634334707971,35.32258064516127,0.0,0.0,387.78105328558985,62.84999999999998
2352,355.4808266817477,85.0,0.0,0.0,377.15762668174784,141.89999999999998
2353,439.96608466683233,85.0,0.0,0.0,406.29208466683235,220.95
2354,439.96609900845635,85.0,0.0,0.0,468.4220985485024,300.0
2355,439.96609999999987,0.0,0.0,0.0,625.7721,300.0
2356,439.9661,0.0,0.0,0.0,703.4221,300.0
2357,439.9661003771623,0.0,0.0,0.0,781.0720999172083,300.0
2358,439.9661,0.0,0.0,0.0,853.4221,300.0
2359,439.9661,0.0,0.0,0.0,915.5521,300.0
2360,439.9661,0.0,0.0,0.0,963.2321,300.0
2361,435.79999999999995,0.0,0.0,0.0,989.036,300.0
2362,431.91790066971396,0.0,0.0,0.0,995.373900669714,300.0
2363,420.1073914829394,0.0,0.0,0.0,983.9555914829394,300.0
2364,370.2308400192637,0.0,0.0,0.0,963.7664404792177,300.0
2365,366.0912880076604,0.0,0.0,0.0,915.4134480076605,300.0
2366,338.88866810365323,0.0,0.0,0.0,859.9156685636073,300.0
2367,318.564742604005,0.0,0.0,0.0,793.4893426040051,300.0
2368,269.53721774588644,0.0,0.0,0.0,730.0779177458865,300.0
2369,261.592926245479,0.0,0.0,0.0,656.4551257855251,300.0
2370,270.35973006669417,0.0,0.0,0.0,584.5091305266482,300.0
2371,191.755678426474,0.0,78.40000000000002,0.0,525.4180779665201,214.78260869565216
2372,201.74743806239587,0.0,85.0,0.0,477.2454380623959,122.39130434782608
2373,216.36771201122565,0.0,85.0,0.0,444.06611155127166,30.0
2374,313.7474163808682,0.0,0.0,0.0,431.1286163808682,30.0
2375,352.9799857087604,35.32258064516127,0.0,0.0,397.4140055235532,62.84999999999998
2376,409.75236271400996,85.0,0.0,0.0,365.2443631739641,141.89999999999998
2377,394.99630018982634,85.0,0.0,0.0,416.1635001898264,220.95
2378,439.96609900845635,85.0,0.0,0.0,468.4220985485024,300.0
2379,439.96609962283765,0.0,0.0,0.0,625.7721000827918,300.0
2380,439.96609999999987,0.0,0.0,0.0,703.4221,300.0
2381,439.9661,0.0,0.0,0.0,781.0721,300.0
2382,439.9661,0.0,0.0,0.0,853.4221,300.0
2383,439.96609962283765,0.0,0.0,0.0,915.5521000827918,300.0
2384,439.9661003771623,0.0,0.0,0.0,963.2320999172083,300.0
2385,435.799999626409,0.0,0.0,0.0,989.0360000863631,300.0
2386,431.91790029945093,0.0,0.0,0.0,995.373900759405,300.0
2387,428.58427663547275,0.0,0.0,0.0,981.8202770954268,300.0
2388,358.1995437583852,0.0,0.0,0.0,966.8875432984312,300.0
2389,375.97473103627794,0.0,0.0,0.0,912.8023710362779,300.0
2390,332.05311486130165,0.0,0.0,0.0,861.7327144013476,300.0
2391,318.3289543348755,0.0,0.0,0.0,793.5516347948295,300.0
2392,283.502508027847,0.0,0.0,0.0,726.455107567893,300.0
2393,229.11840901671928,0.0,0.0,0.0,664.6354090167193,300.0
2394,252.95192760198518,0.0,0.0,0.0,588.7259276019852,300.0
2395,185.43388722963908,0.0,78.40000000000002,0.0,526.8794872296392,214.78260869565216
2396,178.62884984144995,0.0,85.0,0.0,482.3202503014041,122.39130434782608
2397,231.3614119930195,0.0,85.0,0.0,440.77481153306553,30.0
2398,332.3056567805589,85.0,0.0,0.0,342.0548563206049,109.05
2399,372.2963983583394,85.0,0.0,0.0,343.4963978983854,188.1
2400,0.0,0.0,0.0,0.0,58.57092046000014,188.1
2401,0.0,35.32258064516128,0.0,0.0,43.95117935483876,220.95
2402,0.0,85.0,0.0,0.0,58.73503954,300.0
2403,-0.0,0.0,0.0,0.0,224.79376000000008,300.0
2404,-0.0,0.0,0.0,0.0,308.34740000000005,300.0
2405,-0.0,0.0,0.0,0.0,377.36228046,300.0
2406,-0.0,0.0,0.0,0.0,458.70344000000006,300.0
