Hour,RegionA|RealTimeInference,RegionA|BatchInference,RegionA|AITraining,RegionB|RealTimeInference,RegionB|BatchInference,RegionB|AITraining,RegionC|RealTimeInference,RegionC|BatchInference,RegionC|AITraining,RegionD|RealTimeInference,RegionD|BatchInference,RegionD|AITraining,RegionE|RealTimeInference,RegionE|BatchInference,RegionE|AITraining,RegionF|RealTimeInference,RegionF|BatchInference,RegionF|AITraining
0,0,22,9,85,0,12,0,13,4,312,0,0,61,23,0,116,0,0
1,0,22,2,0,0,9,177,17,0,173,16,4,139,0,0,194,0,0
2,0,26,17,139,38,15,0,16,1,308,59,0,73,23,0,194,0,0
3,0,18,23,59,28,7,0,0,0,93,21,0,156,9,0,118,0,0
4,0,18,11,0,42,2,0,12,5,147,0,0,191,0,0,0,10,0
5,0,0,15,0,0,7,0,36,3,163,6,3,56,12,3,145,6,0
6,0,0,7,0,57,27,86,6,8,124,0,0,0,0,0,139,9,0
7,18,14,6,21,18,2,107,0,0,293,11,0,170,20,0,53,37,0
8,80,22,6,31,0,22,0,0,21,147,0,0,90,11,4,129,13,0
9,0,0,0,0,23,19,0,29,0,107,12,0,120,34,5,0,10,0
10,0,0,5,0,7,14,0,31,2,123,0,0,280,48,0,290,0,0
11,0,16,13,0,23,12,0,10,11,234,67,0,0,21,0,238,24,0
12,0,16,6,119,0,7,49,17,7,100,20,0,107,20,0,0,17,8
13,45,56,7,0,28,2,28,40,6,0,25,0,281,12,0,219,0,4
14,0,0,17,0,5,21,0,0,15,230,16,2,147,16,0,92,22,0
15,0,0,13,98,7,28,0,37,15,267,0,0,65,22,3,211,23,0
16,50,39,9,118,33,1,0,0,15,0,0,6,0,23,0,0,0,0
17,0,19,9,33,42,16,0,20,9,87,6,0,213,0,7,365,8,0
18,41,17,12,109,12,11,40,48,7,158,18,0,0,0,0,110,20,0
19,255,40,7,155,5,7,23,0,1,195,21,0,29,16,0,34,41,0
20,0,39,2,52,23,2,0,0,5,151,25,1,85,40,0,152,0,0
21,59,11,15,122,50,0,0,12,1,95,0,0,334,0,0,406,0,0
22,0,0,20,0,0,19,45,4,10,135,0,0,0,0,0,0,11,5
23,88,22,17,0,19,18,0,9,7,98,8,0,0,17,0,99,27,6
24,0,21,6,0,13,3,0,0,0,173,18,0,63,37,0,314,28,0
25,0,7,4,127,15,12,0,7,2,0,0,0,170,0,0,46,15,0
26,0,0,14,0,0,5,79,18,0,65,35,0,105,49,6,273,37,2
27,0,0,12,0,23,14,115,0,9,169,9,9,117,0,7,230,13,0
28,0,12,19,0,19,4,0,38,7,556,0,0,169,22,0,336,7,7
29,105,23,7,0,0,10,0,35,12,300,53,0,351,0,0,116,8,4
30,151,4,9,102,0,15,0,6,2,0,31,0,76,0,0,0,0,0
31,63,5,18,0,9,11,0,7,4,17,22,0,0,22,0,0,0,0
32,0,4,0,0,44,25,172,61,6,119,60,0,214,22,0,473,0,5
33,0,65,2,0,0,6,76,0,7,30,33,0,313,22,0,165,8,4
34,51,25,15,0,37,2,97,52,11,307,0,0,303,15,0,188,37,0
35,0,17,4,0,8,0,0,42,12,201,21,0,68,34,0,0,12,4
36,68,15,10,74,14,3,0,12,0,364,0,0,0,0,0,131,0,0
37,56,24,3,0,22,10,33,0,6,65,17,0,150,0,0,99,19,0
38,0,4,1,0,10,19,111,0,19,53,13,0,229,35,0,48,0,0
39,0,48,20,0,22,4,0,10,9,136,55,3,121,0,6,97,0,0
40,0,22,16,0,8,7,0,27,4,150,7,0,0,12,1,465,0,0
41,0,23,11,37,18,0,180,11,2,123,19,2,125,0,1,112,0,0
42,0,26,28,0,0,9,0,7,10,54,19,1,146,0,0,121,45,7
43,0,67,8,59,0,13,125,34,3,126,18,5,52,0,0,63,12,0
44,111,0,1,66,15,8,44,13,4,359,32,5,129,4,0,125,0,0
45,0,23,7,0,19,4,21,0,12,75,28,0,203,0,6,87,19,0
46,53,21,0,0,13,0,0,24,19,24,0,0,109,38,0,78,32,7
47,69,4,11,0,36,2,0,0,0,0,24,0,204,0,0,27,7,1
48,53,17,4,0,80,0,74,34,0,107,33,0,219,0,0,125,47,7
49,0,20,5,22,22,24,108,22,5,227,32,0,64,0,0,113,0,0
50,88,16,0,0,28,7,0,10,3,66,20,0,157,0,0,85,7,1
51,86,0,12,0,24,14,75,49,0,41,0,0,0,0,5,243,23,0
52,0,21,13,24,0,4,0,0,14,0,31,0,115,0,2,53,13,5
53,0,11,10,0,7,12,32,9,0,365,0,0,312,16,0,71,5,0
54,0,22,6,0,30,21,0,22,11,124,5,0,0,7,0,289,0,0
55,0,7,5,115,0,4,0,8,4,151,0,0,202,22,0,0,5,0
56,0,9,11,0,9,12,0,36,14,230,35,0,124,33,0,0,23,0
57,0,41,7,85,24,1,0,17,12,293,92,0,0,41,0,246,4,0
58,0,46,5,0,29,7,125,12,1,349,6,0,0,12,0,42,0,0
59,0,0,0,0,16,13,0,14,7,44,7,1,33,0,0,0,7,0
60,0,7,8,0,33,14,92,18,7,246,0,0,97,0,0,0,20,4
61,0,4,23,0,43,0,0,13,7,308,23,6,182,0,6,242,0,0
62,100,17,10,0,42,5,0,0,0,176,20,5,0,0,6,132,0,0
63,97,35,6,0,20,1,0,18,7,411,8,0,82,14,0,25,15,6
64,0,18,2,0,23,1,57,18,3,201,23,0,0,0,0,99,24,0
65,0,9,0,0,4,17,0,0,5,168,12,0,65,18,0,79,36,0
66,92,67,1,0,9,6,0,20,1,290,80,0,60,0,0,126,20,0
67,102,13,23,0,15,4,43,27,4,196,14,0,63,18,2,213,15,12
68,0,9,5,0,0,6,0,29,7,120,9,4,97,0,0,0,0,0
69,92,15,0,104,4,15,0,32,0,288,31,0,291,19,0,174,19,0
70,23,16,5,0,30,5,80,26,5,0,0,0,208,21,0,28,9,3
71,0,48,4,0,11,12,61,0,10,0,26,0,159,0,0,318,0,0
72,120,0,5,0,22,2,0,16,17,77,38,7,62,10,0,116,7,0
73,0,44,14,0,12,14,0,22,5,0,18,0,151,20,1,60,35,0
74,0,19,6,0,42,6,0,15,15,380,0,0,355,20,0,0,0,6
75,0,0,7,0,15,7,0,22,7,310,20,0,220,15,0,224,21,6
76,0,22,3,0,0,6,0,27,1,303,15,4,147,23,0,78,20,0
77,117,61,19,0,0,20,67,0,8,121,7,0,0,14,0,197,8,0
78,0,36,15,0,0,12,0,0,4,138,22,0,99,13,0,0,0,0
79,0,25,8,0,32,5,125,18,3,0,5,0,100,17,0,56,0,6
80,0,0,0,54,14,20,0,34,13,105,32,0,27,0,6,189,0,5
81,0,60,8,0,0,6,0,11,17,35,55,2,141,27,0,25,0,0
82,92,21,5,91,0,0,0,42,8,231,11,0,121,0,5,92,21,3
83,47,13,3,124,18,14,66,18,7,70,0,0,108,25,0,114,0,0
84,0,17,8,106,0,1,0,0,9,161,54,0,109,0,0,116,0,0
85,0,17,4,0,13,6,135,35,13,0,58,0,0,0,0,108,9,5
86,0,18,18,0,32,7,0,0,7,93,0,7,117,0,3,44,34,0
87,0,0,19,0,72,0,121,4,0,18,11,0,285,38,7,140,18,0
88,0,18,7,0,22,18,183,0,2,238,40,0,82,16,0,48,0,6
89,0,61,8,0,7,15,0,12,4,166,9,0,229,0,0,59,0,0
90,0,17,14,0,15,5,0,0,6,57,50,0,115,13,0,102,21,0
91,120,0,18,0,47,0,0,0,9,216,0,0,0,9,0,154,0,0
92,0,33,14,0,16,3,0,17,5,265,0,0,434,33,0,0,18,0
93,0,32,19,0,4,6,0,31,10,0,60,0,78,6,0,0,29,0
94,0,32,33,0,6,12,0,54,6,268,5,5,81,0,5,99,19,10
95,0,4,4,81,37,7,22,30,7,200,29,0,320,0,7,177,0,0
96,0,0,11,72,23,7,0,40,3,265,14,0,0,8,0,42,22,0
97,0,27,25,0,36,0,0,42,5,125,19,0,71,0,0,389,0,0
98,0,32,15,0,0,5,19,11,0,91,15,0,108,18,0,96,15,0
99,0,12,9,0,9,10,39,0,5,46,21,0,103,10,0,0,13,0
100,0,0,15,66,39,0,0,0,13,102,0,0,0,0,0,23,12,0
101,0,31,13,0,4,10,0,22,1,153,0,5,175,9,0,0,23,0
102,184,13,0,0,25,8,0,0,0,122,22,0,0,23,0,124,14,0
103,0,28,4,0,26,0,24,18,27,117,0,1,199,0,0,88,0,0
104,0,12,13,0,16,6,0,65,6,204,72,0,230,12,4,171,26,0
105,0,25,4,44,0,5,0,10,23,93,0,4,59,15,0,224,0,0
106,0,39,3,0,20,18,0,56,10,0,0,0,43,13,0,0,0,0
107,0,0,8,48,28,14,50,16,9,0,26,0,170,9,6,200,0,6
108,0,24,4,109,33,5,0,0,8,37,0,0,128,0,2,183,0,0
109,0,64,5,23,10,4,98,23,7,307,0,0,0,8,0,363,21,0
110,0,42,7,0,0,4,96,19,12,406,13,0,65,10,5,55,0,0
111,0,0,4,61,0,15,99,14,17,212,0,0,0,6,0,89,0,0
112,0,41,5,0,28,0,78,22,0,358,30,4,277,16,0,0,16,0
113,0,33,9,0,15,3,76,0,7,41,58,0,0,22,3,97,0,6
114,37,0,8,0,11,0,96,8,9,255,19,0,127,14,0,220,0,0
115,0,0,6,83,33,14,0,0,7,265,12,0,133,0,0,214,14,5
116,0,0,13,77,19,5,0,0,6,298,33,0,153,23,0,114,0,0
117,0,22,7,0,25,1,0,10,8,233,42,4,204,7,0,0,17,0
118,63,28,10,18,13,14,0,23,11,143,44,0,119,17,3,125,13,0
119,114,8,16,0,11,15,0,8,39,180,40,0,118,29,7,189,0,0
120,0,27,6,0,4,7,16,12,13,230,0,0,154,18,0,272,0,0
121,0,49,12,47,27,9,127,0,0,435,0,0,107,0,0,28,66,0
122,0,46,14,0,23,4,103,39,0,234,0,0,199,16,4,133,0,0
123,0,42,2,0,15,8,0,21,5,259,55,0,248,33,6,42,0,0
124,0,41,24,100,0,0,229,0,0,262,0,0,72,5,0,137,26,3
125,0,0,3,108,0,10,23,5,0,75,5,0,0,19,0,188,0,5
126,18,20,8,115,15,7,0,9,0,355,37,0,122,0,7,0,0,0
127,0,22,6,0,33,9,76,0,6,296,14,0,110,14,0,239,23,0
128,0,14,22,0,0,9,39,14,12,274,0,0,131,0,0,53,0,0
129,0,0,4,0,0,12,0,27,7,217,0,3,0,32,0,173,24,0
130,0,24,10,0,23,10,0,0,8,0,0,0,118,0,0,0,0,0
131,0,0,23,0,10,17,0,6,11,154,47,0,38,26,0,325,19,2
132,0,13,1,100,0,3,0,38,13,148,12,0,19,14,0,202,39,3
133,0,0,0,103,45,1,0,5,7,412,27,0,127,0,0,203,13,1
134,0,0,12,51,0,11,82,0,0,114,20,0,0,62,0,95,26,0
135,0,0,11,0,17,0,0,14,11,196,12,3,235,0,0,119,0,0
136,52,9,8,79,40,0,0,9,0,119,45,0,0,17,1,0,5,16
137,0,38,9,54,0,29,0,0,5,212,43,7,99,23,0,0,29,0
138,0,76,10,52,12,1,0,0,7,306,17,0,142,28,0,0,6,0
139,0,47,6,0,7,12,0,0,6,132,18,0,176,0,0,125,0,0
140,93,35,7,139,25,1,41,22,0,0,0,0,44,0,0,214,27,3
141,52,9,0,0,57,10,0,14,4,321,0,8,151,0,0,0,30,0
142,27,0,7,147,10,13,0,0,15,33,37,0,110,25,5,37,0,0
143,0,0,8,0,14,12,0,44,9,0,0,0,115,40,0,136,0,0
144,0,33,15,0,10,4,0,0,0,302,0,1,140,0,0,354,0,0
145,0,33,2,66,33,4,0,56,0,95,0,0,171,16,0,0,0,0
146,0,43,14,0,26,3,0,0,3,113,20,6,229,16,0,109,9,3
147,0,0,18,112,0,1,0,37,9,230,20,0,108,40,0,375,0,0
148,161,20,0,118,10,10,50,20,3,207,4,0,0,35,0,168,0,0
149,0,10,17,0,37,21,19,20,16,223,15,0,53,0,0,126,0,5
150,193,11,7,64,21,2,54,23,7,127,27,0,58,15,0,29,42,0
151,0,23,6,92,51,25,0,93,6,87,35,0,158,23,0,100,6,0
152,0,39,19,47,21,4,0,26,0,207,38,7,455,12,0,94,17,0
153,0,31,34,122,19,12,126,28,0,305,28,0,0,0,0,0,0,5
154,76,0,17,101,0,15,0,0,7,129,44,0,159,21,5,103,32,0
155,0,0,4,0,8,3,0,0,8,0,18,0,70,0,4,160,0,0
156,0,10,0,0,0,19,0,38,4,0,16,6,107,0,0,334,7,0
157,84,78,0,55,20,5,72,22,5,93,0,0,107,0,0,0,11,0
158,0,0,2,0,23,0,0,0,11,166,37,0,277,0,0,179,36,0
159,0,27,6,0,24,2,69,39,7,71,35,0,125,23,0,87,23,4
160,0,10,7,0,0,3,106,34,0,67,14,0,151,0,0,0,40,0
161,0,31,21,0,21,6,0,0,9,595,30,0,18,0,1,150,16,0
162,0,21,9,0,34,21,0,0,6,118,24,0,63,0,0,24,28,5
163,91,32,5,0,24,1,0,11,5,326,0,6,44,0,0,112,22,9
164,36,43,26,125,12,4,0,7,10,0,13,0,157,13,0,0,38,0
165,0,74,14,128,27,3,86,0,7,0,0,0,116,29,0,162,0,0
166,56,42,14,0,44,17,0,0,3,30,10,0,391,4,0,186,7,0
167,0,48,8,0,34,7,0,13,2,46,15,0,91,4,0,0,11,4
168,107,7,13,0,8,10,0,8,2,183,23,0,223,0,0,210,40,0
169,0,9,6,0,0,0,0,21,0,86,43,0,0,0,0,269,4,0
170,122,7,12,162,21,8,78,7,0,408,6,3,57,33,0,124,32,0
171,0,23,5,0,20,12,0,23,10,213,20,0,88,0,0,379,0,0
172,0,0,8,124,0,11,36,0,6,117,38,0,0,38,3,87,16,0
173,95,0,0,107,15,0,101,0,0,110,10,2,20,14,0,299,0,0
174,0,6,5,0,4,20,90,0,0,131,0,0,255,43,0,0,6,0
175,230,17,0,0,8,17,0,0,0,67,7,1,96,21,0,231,29,0
176,0,0,13,0,21,6,0,17,1,0,25,0,148,0,0,127,0,5
177,79,13,16,0,4,12,0,43,8,0,25,0,136,23,0,106,9,0
178,0,16,1,23,10,0,0,0,5,158,0,0,105,0,0,129,11,0
179,0,97,8,58,20,14,29,39,18,0,11,0,123,30,0,153,0,0
180,0,21,12,0,27,5,0,19,9,363,0,0,102,48,11,0,0,0
181,0,65,12,0,19,4,0,19,5,228,34,0,89,19,0,68,18,0
182,0,0,16,0,17,18,0,5,4,389,26,0,85,0,0,120,17,0
183,35,26,8,92,12,12,45,42,12,225,7,0,167,15,1,112,11,0
184,106,0,19,0,16,28,0,20,0,296,0,0,250,19,0,153,20,0
185,0,36,15,21,0,5,47,15,19,155,0,1,148,0,2,87,19,0
186,0,20,6,0,52,6,110,35,2,0,41,0,38,0,0,0,18,0
187,0,0,3,0,47,6,0,4,5,291,0,0,0,28,0,193,0,0
188,0,47,0,0,14,14,121,26,10,241,5,0,28,8,5,192,23,0
189,0,15,4,52,23,11,0,39,0,290,0,0,0,12,6,17,22,0
190,63,59,12,0,35,14,207,0,0,110,40,0,204,18,0,51,0,0
191,0,29,4,0,9,10,48,32,0,0,0,3,422,23,0,0,21,0
192,0,35,9,86,44,11,176,13,10,416,33,0,75,0,0,64,18,6
193,0,23,8,19,13,20,0,20,19,89,19,4,124,18,5,103,7,0
194,0,0,3,0,0,9,0,0,4,0,30,0,243,7,7,323,0,0
195,0,10,3,0,0,0,65,17,3,656,30,0,153,0,5,58,23,0
196,0,28,6,0,8,4,66,43,0,115,23,4,45,20,4,119,23,1
197,0,0,0,111,32,0,47,8,0,110,19,7,205,17,0,36,0,0
198,0,0,2,0,38,0,0,45,12,64,19,0,114,25,0,183,12,0
199,0,6,0,90,49,0,97,20,5,505,0,0,0,0,7,0,18,0
200,0,0,16,0,8,10,0,6,5,118,32,1,107,0,0,100,22,2
201,0,25,8,0,31,11,0,34,5,320,13,0,114,31,0,84,6,0
202,134,41,1,68,7,0,0,5,8,321,4,0,165,0,0,20,16,0
203,79,18,20,0,0,9,0,31,20,188,0,0,0,8,0,0,25,0
204,0,63,13,57,30,5,0,4,11,289,0,0,153,0,0,74,0,0
205,0,20,5,0,0,24,0,40,3,301,21,0,0,20,6,127,20,0
206,0,0,10,88,0,22,0,0,3,64,10,6,216,0,0,117,0,7
207,0,0,8,0,43,0,0,6,4,119,7,0,0,20,0,37,18,0
208,0,36,13,0,23,8,51,20,10,176,61,6,118,0,0,51,0,0
209,117,8,3,0,10,12,0,33,3,49,27,0,225,0,0,0,21,0
210,0,0,16,51,34,0,122,16,8,247,51,0,93,23,0,0,0,0
211,0,14,5,83,27,6,0,4,5,68,29,0,151,16,0,0,10,0
212,0,6,10,0,0,17,0,0,12,363,40,0,138,41,7,151,0,0
213,68,39,1,0,0,16,0,37,0,33,21,0,211,48,2,88,0,0
214,0,52,4,0,43,5,0,0,3,193,0,0,0,35,1,351,0,6
215,0,18,14,0,21,4,108,12,7,72,26,0,167,16,0,205,0,0
216,0,0,8,0,0,0,0,9,0,91,17,0,74,8,0,292,23,4
217,90,12,3,0,34,5,0,0,5,147,42,0,238,23,0,263,0,4
218,0,22,8,0,63,0,0,23,0,277,20,0,418,14,0,0,20,0
219,39,18,8,0,27,14,0,0,9,121,23,0,433,35,0,216,0,0
220,0,16,19,0,57,9,115,16,0,90,0,0,124,17,0,190,18,0
221,45,11,6,0,22,0,0,0,10,191,29,0,111,18,0,77,16,4
222,0,22,10,0,0,0,0,26,4,158,18,4,126,26,3,315,0,4
223,0,0,34,74,20,11,34,0,13,524,35,0,105,21,0,57,0,0
224,25,53,19,0,40,12,52,39,3,298,0,0,59,37,0,75,0,0
225,87,0,21,108,4,7,0,9,0,64,27,0,0,0,0,94,30,0
226,0,0,15,0,33,21,0,27,19,289,29,0,0,0,0,204,4,0
227,115,13,3,0,14,2,0,0,0,114,0,0,101,20,0,468,32,0
228,0,21,10,0,35,12,0,22,0,189,22,0,273,0,0,382,39,0
229,0,0,5,116,11,8,0,39,11,287,50,0,160,7,0,427,0,0
230,52,12,7,63,0,7,0,10,5,37,25,0,65,16,0,251,10,0
231,0,15,3,0,0,7,22,0,2,63,4,6,142,16,0,0,4,3
232,133,23,0,0,34,17,90,37,6,81,6,7,177,17,7,126,0,0
233,0,0,5,0,30,9,103,10,7,143,22,0,111,14,0,167,0,5
234,0,20,3,0,25,6,0,12,4,0,28,0,126,7,0,60,39,0
235,0,25,9,96,6,0,0,0,0,532,9,0,111,0,0,258,0,0
236,0,0,15,0,34,0,0,7,6,299,21,0,178,0,0,282,0,0
237,0,33,15,73,20,6,185,35,1,0,35,0,0,0,0,0,0,0
238,121,5,6,51,0,2,0,47,10,121,23,6,80,0,0,0,0,0
239,0,21,12,0,13,10,0,18,3,31,24,2,0,10,0,200,19,0
240,0,28,2,0,18,3,39,0,15,135,24,0,156,0,0,228,14,4
241,0,0,13,78,17,6,0,42,12,78,22,0,129,11,0,302,0,0
242,0,29,13,0,14,9,0,12,5,117,22,0,60,34,0,212,5,3
243,0,0,4,0,0,11,0,7,8,265,22,3,280,18,0,126,23,5
244,0,45,7,0,0,30,63,0,5,156,26,0,222,14,0,0,0,0
245,183,6,6,77,9,12,26,13,0,105,26,0,187,0,6,142,30,0
246,0,0,12,0,0,2,123,0,11,225,12,0,140,0,0,149,0,0
247,0,6,9,0,21,12,0,0,6,282,72,0,73,0,4,0,27,0
248,0,6,4,0,23,9,0,0,3,90,26,0,39,30,0,77,25,0
249,27,11,15,0,38,3,107,0,9,212,6,0,0,28,7,230,28,0
250,0,6,11,0,0,22,0,22,5,569,0,0,305,22,0,39,0,0
251,0,22,14,22,0,5,0,0,11,63,75,0,0,13,3,277,33,0
252,59,26,0,0,18,7,25,6,12,359,36,4,0,0,1,150,23,5
253,81,6,17,89,7,11,86,0,5,287,21,0,31,4,0,197,0,0
254,0,19,20,0,0,12,0,27,14,121,0,0,80,31,0,0,29,4
255,127,10,11,243,24,10,0,0,0,291,0,0,0,9,0,123,22,0
256,37,23,5,0,8,5,26,22,2,144,5,0,0,0,0,0,0,0
257,0,0,13,0,19,12,59,14,0,264,11,1,76,0,0,81,20,0
258,0,26,9,90,0,11,0,11,9,339,22,6,282,40,7,0,32,0
259,0,0,2,86,39,15,118,29,9,147,40,0,120,9,8,142,7,0
260,232,19,44,0,8,15,0,0,0,228,45,0,121,33,3,91,19,0
261,0,12,7,0,8,26,0,37,14,87,8,0,173,5,0,57,78,0
262,45,23,7,0,38,2,0,17,8,160,36,0,99,5,0,45,9,0
263,0,0,23,0,42,17,92,0,5,49,43,0,87,0,0,203,55,0
264,0,70,13,72,5,7,0,0,0,145,9,2,0,0,0,0,15,4
265,0,94,0,91,19,4,76,27,10,340,0,0,0,0,0,55,0,0
266,0,0,24,42,53,7,0,12,7,347,0,0,456,0,0,37,31,0
267,0,21,5,89,0,18,0,0,9,85,0,0,155,0,0,122,12,0
268,0,0,11,50,14,8,0,17,3,224,28,0,47,10,0,140,12,0
269,0,47,11,0,23,6,0,0,0,73,26,0,171,0,0,241,4,0
270,127,33,9,86,0,5,0,18,10,453,0,0,50,23,0,166,12,5
271,0,28,0,65,34,0,0,30,5,117,8,0,422,0,5,278,0,0
272,0,25,11,0,0,14,0,19,0,38,39,0,0,8,0,200,0,0
273,17,21,10,105,7,14,0,7,11,101,5,0,122,0,0,285,0,0
274,26,11,19,0,19,21,0,23,15,0,15,0,93,0,0,16,5,0
275,0,51,12,87,27,11,68,16,9,416,31,0,156,15,0,206,16,6
276,0,39,7,0,0,8,22,14,17,125,104,0,139,27,1,0,0,0
277,0,30,7,85,42,2,0,22,4,68,23,0,129,37,5,60,0,0
278,0,9,3,0,17,4,56,27,6,395,0,0,160,33,0,19,22,0
279,95,0,6,53,0,8,52,35,0,166,20,0,105,0,0,124,7,0
280,46,42,9,0,5,4,0,0,0,164,38,0,179,7,0,53,0,0
281,41,26,3,0,0,3,16,45,4,206,19,0,113,18,0,104,32,0
282,90,4,14,338,10,12,0,0,3,111,9,0,0,0,0,0,10,0
283,0,27,7,0,20,1,0,44,6,389,31,0,0,0,0,16,0,0
284,0,35,11,23,61,6,47,21,12,220,45,0,69,0,0,0,9,0
285,0,5,10,22,36,10,0,22,10,173,0,0,0,17,0,0,0,0
286,0,0,10,127,64,11,0,43,0,69,27,0,0,17,0,38,21,0
287,0,19,7,86,26,10,0,40,7,105,44,0,110,0,0,29,0,0
288,0,53,4,0,24,17,0,0,5,179,14,0,98,23,0,279,17,0
289,0,5,17,21,6,3,0,6,7,33,49,0,294,0,0,202,0,1
290,0,28,13,115,40,10,127,26,2,352,13,0,173,11,0,64,18,3
291,0,18,9,0,48,0,0,26,7,84,0,0,70,16,0,0,0,0
292,0,23,4,0,66,5,0,43,7,0,5,0,0,0,0,723,0,0
293,0,6,11,126,0,7,0,0,0,322,0,2,0,0,2,180,0,0
294,0,15,1,0,17,1,0,45,11,231,16,5,0,21,0,280,0,0
295,22,44,0,0,34,10,0,0,7,215,0,0,55,0,0,0,0,0
296,60,8,0,0,0,2,0,0,6,0,23,2,61,0,0,0,0,5
297,82,10,10,0,56,12,0,0,3,97,37,0,104,0,0,64,0,0
298,0,9,7,0,36,12,0,36,6,322,10,0,0,0,0,79,0,0
299,0,16,6,0,22,6,116,14,0,221,17,0,56,0,0,243,4,0
300,0,15,8,0,4,22,0,0,14,0,4,0,301,19,0,81,0,1
301,51,58,18,0,0,19,0,37,10,261,0,0,119,5,0,199,14,0
302,0,0,8,0,20,2,0,14,0,311,0,0,0,7,0,56,0,0
303,0,0,20,0,0,15,63,40,2,237,0,0,177,0,0,21,14,0
304,0,0,9,57,28,14,247,9,7,91,67,0,0,37,0,246,4,5
305,50,15,0,0,59,15,0,0,19,95,0,0,287,15,1,233,0,0
306,36,22,0,0,20,19,0,0,4,101,7,0,0,48,0,190,0,0
307,0,17,12,0,12,5,0,32,7,115,27,4,132,0,0,174,0,0
308,72,0,1,0,0,1,0,12,0,267,61,13,346,35,0,67,0,0
309,0,21,0,80,0,7,0,0,6,0,36,0,185,0,0,0,20,0
310,0,27,2,0,33,0,0,7,0,152,10,0,16,15,0,27,0,2
311,0,9,9,0,0,6,80,0,6,202,69,0,77,18,0,80,16,0
312,20,0,5,0,14,8,0,8,4,118,19,3,0,7,0,288,0,0
313,0,37,8,52,71,3,0,0,8,246,0,0,208,20,2,0,0,7
314,110,16,7,199,45,9,0,8,0,240,5,0,284,21,0,364,0,5
315,0,0,5,0,0,9,108,36,0,159,20,0,361,0,0,95,0,0
316,95,10,8,80,0,0,21,17,0,228,7,3,107,27,0,0,0,5
317,0,0,8,0,34,3,158,0,19,360,0,6,135,0,0,0,15,4
318,125,0,0,46,25,6,112,16,14,485,64,6,0,0,1,174,21,0
319,0,29,10,0,0,0,0,30,12,218,20,6,118,11,0,45,33,0
320,43,52,5,17,36,0,0,5,0,129,12,5,108,0,0,247,0,0
321,29,50,6,0,36,5,132,17,2,49,77,0,110,0,0,178,13,4
322,0,0,17,0,23,5,0,0,0,276,0,7,56,15,0,211,27,0
323,0,11,13,0,95,10,0,0,4,102,23,0,93,27,0,149,0,0
324,0,0,15,0,0,24,0,0,3,0,46,0,256,16,13,99,43,0
325,81,14,13,61,0,10,0,28,8,214,38,0,17,20,0,254,46,0
326,0,24,0,0,4,11,0,0,3,285,10,0,194,36,0,21,0,0
327,107,18,0,0,0,13,0,17,0,465,32,0,121,21,0,109,10,0
328,107,15,3,259,14,10,0,20,1,26,8,0,179,13,0,184,0,2
329,0,0,7,0,26,4,0,0,1,106,0,6,247,46,1,240,50,0
330,0,39,6,0,23,11,0,0,16,34,18,0,355,23,0,0,0,0
331,0,20,12,34,9,11,0,0,0,299,0,0,191,17,0,0,0,0
332,0,42,10,0,41,9,0,19,3,0,18,0,0,0,0,81,0,5
333,117,31,22,0,10,0,0,0,7,155,8,6,0,37,0,273,0,0
334,0,44,25,0,8,13,0,9,7,114,30,0,286,17,0,85,10,0
335,0,45,32,0,34,7,73,0,12,80,10,0,118,15,0,120,0,0
336,0,9,16,0,7,7,0,35,20,221,21,0,0,0,0,0,0,4
337,156,14,5,19,76,6,0,0,11,126,38,0,46,0,1,59,0,3
338,0,10,20,35,0,7,0,19,10,215,15,0,62,0,0,296,18,1
339,0,21,17,0,0,8,0,29,5,26,64,0,179,0,0,0,24,0
340,0,15,9,0,7,27,0,46,2,0,31,0,0,10,1,24,0,5
341,0,0,10,0,23,5,84,50,7,120,23,6,124,22,0,174,0,0
342,0,0,5,152,32,20,0,21,10,229,0,0,421,43,0,205,0,0
343,0,0,5,0,15,15,0,19,0,82,33,0,120,0,0,115,0,0
344,0,16,3,0,16,0,0,0,6,367,0,0,0,0,13,126,0,0
345,0,15,10,0,12,6,22,0,0,0,71,0,202,9,0,196,0,0
346,121,19,9,59,15,9,0,10,7,212,45,0,217,0,0,147,0,0
347,0,43,18,69,0,10,100,28,7,361,29,6,223,0,0,29,0,10
348,56,0,16,106,41,12,0,7,18,79,24,0,272,42,0,68,0,0
349,50,14,0,0,11,11,0,7,17,132,49,0,135,12,0,115,16,0
350,0,33,2,115,0,0,0,0,10,143,35,0,89,21,0,117,19,0
351,0,51,20,56,53,6,0,16,1,120,40,0,273,19,0,82,17,0
352,0,0,15,0,15,5,55,0,11,147,0,0,0,0,0,89,0,0
353,0,12,3,144,0,16,0,23,2,0,36,0,49,4,1,366,0,0
354,0,9,4,0,20,18,87,0,15,23,41,0,16,14,0,256,0,0
355,0,28,3,0,22,7,0,27,5,239,0,7,149,0,0,0,30,0
356,91,10,7,0,28,1,21,45,13,126,51,0,0,0,0,450,16,7
357,0,14,9,0,34,8,0,0,7,232,23,1,56,17,0,49,0,3
358,0,0,14,70,35,11,0,0,3,213,21,0,66,22,0,76,16,1
359,0,0,4,75,6,18,0,25,0,93,15,0,17,17,0,275,12,0
360,0,65,7,81,0,0,0,0,4,113,0,0,111,0,6,269,10,0
361,30,40,14,0,0,14,100,16,13,129,35,0,0,27,1,124,0,0
362,0,37,7,0,0,9,0,0,4,191,6,0,154,13,0,231,7,0
363,0,26,11,0,14,15,0,0,2,172,21,0,16,0,0,223,0,5
364,126,26,24,0,0,15,66,0,4,253,47,0,64,0,0,0,0,0
365,74,0,21,64,17,0,0,18,17,248,0,0,0,24,0,194,10,0
366,112,15,5,106,0,4,0,37,12,232,8,0,115,0,0,0,22,0
367,0,29,0,0,6,6,0,47,13,174,40,1,186,0,0,0,23,0
368,0,0,24,201,11,6,0,16,14,31,0,4,145,6,0,0,0,0
369,0,68,20,0,38,5,0,0,22,376,30,0,158,12,0,53,50,0
370,107,5,3,0,0,15,0,22,25,297,0,10,0,9,0,189,0,0
371,0,0,14,0,0,4,0,13,3,338,21,0,243,0,4,49,13,0
372,0,5,5,0,0,0,0,20,9,43,12,0,93,15,0,205,22,0
373,66,18,6,0,33,5,0,0,6,185,13,0,0,31,0,52,11,5
374,0,0,12,22,0,18,0,17,5,52,13,0,122,11,7,51,0,0
375,0,6,10,0,19,1,0,0,0,51,0,0,120,0,0,358,0,2
376,0,37,3,0,41,21,0,8,17,126,0,0,0,19,0,0,16,0
377,47,36,7,0,0,7,101,0,10,56,24,10,103,9,0,48,28,0
378,0,8,2,0,14,4,0,55,6,60,29,0,167,0,0,22,14,0
379,0,0,7,0,9,0,0,0,0,323,0,0,168,12,0,53,19,0
380,0,34,8,83,37,1,0,15,9,502,21,0,52,19,0,155,11,0
381,50,30,9,0,56,10,104,0,15,170,40,0,42,0,3,0,13,5
382,0,20,16,0,0,10,113,0,5,649,15,3,27,0,0,237,0,0
383,0,30,9,0,4,5,93,0,5,232,19,0,47,0,7,339,12,0
384,0,10,27,0,30,2,0,0,0,236,40,0,0,17,0,66,0,4
385,0,19,1,0,0,0,0,20,12,124,39,0,26,8,0,190,0,0
386,0,0,0,0,9,0,0,0,7,75,11,0,206,39,0,66,0,0
387,77,5,12,0,10,18,0,0,5,253,25,0,207,0,0,0,8,0
388,0,70,6,0,5,1,0,19,0,441,0,0,77,26,2,47,6,0
389,0,19,2,52,20,4,0,20,16,141,0,0,26,23,0,154,17,0
390,50,23,3,0,13,2,0,0,11,280,0,0,0,18,0,151,16,0
391,0,22,4,0,16,4,0,36,7,330,20,0,62,45,0,193,10,0
392,0,34,8,0,0,12,0,18,0,297,48,7,111,14,0,126,20,0
393,0,31,28,0,23,3,0,8,6,324,6,0,368,27,0,76,0,0
394,0,0,11,0,0,9,0,0,4,223,28,0,0,0,0,477,9,0
395,0,6,13,0,0,9,91,0,16,81,9,0,60,0,0,139,16,0
396,0,28,4,0,6,6,0,0,9,0,0,3,269,0,0,0,54,0
397,0,4,9,0,47,23,0,0,0,49,36,0,81,0,3,96,0,0
398,0,34,7,0,0,6,0,29,15,55,17,0,243,11,0,113,12,0
399,0,20,2,0,7,10,0,4,4,113,26,0,133,10,0,222,5,5
400,0,60,0,0,13,8,0,7,17,463,0,0,117,34,0,186,21,0
401,0,20,1,0,0,4,0,20,26,161,19,0,42,13,0,175,10,0
402,30,20,3,0,41,0,117,0,9,24,55,0,132,0,0,264,20,0
403,0,38,3,0,0,0,0,23,11,426,13,0,42,11,0,94,19,2
404,0,35,11,0,22,5,174,23,0,18,0,0,0,0,2,83,0,0
405,0,25,8,38,24,0,0,0,8,167,49,0,325,19,0,47,0,0
406,0,33,9,0,16,8,0,0,11,264,28,0,224,0,0,118,0,5
407,94,4,0,22,58,15,0,10,14,0,13,0,117,18,0,64,13,0
408,43,24,18,150,38,0,87,0,22,328,0,0,34,8,0,75,0,0
409,0,27,3,0,4,1,75,19,4,168,31,12,159,19,4,153,34,0
410,91,0,12,0,41,1,49,6,14,100,7,0,142,17,6,261,0,0
411,56,16,17,45,60,2,0,20,16,143,17,3,213,23,0,185,12,0
412,0,20,0,0,29,14,0,0,4,82,0,0,160,18,0,0,21,0
413,0,0,12,27,23,13,0,8,3,336,0,0,124,0,0,319,0,0
414,0,15,14,0,0,15,83,27,0,512,0,0,246,0,6,63,9,0
415,0,28,14,0,16,7,0,0,16,0,0,0,161,22,0,68,29,0
416,19,32,3,0,48,12,0,0,0,0,0,0,184,0,3,142,10,0
417,26,20,9,0,10,5,0,22,10,101,29,0,123,0,14,177,13,0
418,0,41,10,0,8,7,0,16,0,69,20,0,153,36,3,76,47,0
419,40,0,28,54,36,13,0,37,11,286,29,0,0,6,0,53,21,0
420,0,19,0,0,9,19,0,22,9,143,15,0,100,32,0,122,21,0
421,0,44,26,0,0,0,47,20,5,172,42,0,190,0,0,60,0,0
422,0,45,14,0,18,12,115,0,11,327,54,0,19,0,0,79,39,0
423,52,20,3,0,22,9,0,18,5,241,20,1,135,0,4,168,7,0
424,0,0,10,0,44,8,126,41,5,32,39,0,237,0,2,262,0,0
425,0,19,9,89,0,23,0,12,15,190,0,0,147,0,5,126,0,4
426,0,14,0,0,58,2,0,0,7,250,13,0,119,22,4,0,0,0
427,0,37,20,112,54,8,0,19,2,234,13,2,0,0,0,0,0,0
428,0,66,16,0,0,7,0,22,4,247,16,0,0,9,0,177,19,0
429,0,7,18,0,41,9,0,19,11,587,23,0,0,9,0,116,0,0
430,0,0,11,0,16,0,0,15,6,136,33,9,423,0,0,88,39,0
431,0,22,10,38,16,1,0,0,5,355,0,0,67,0,0,0,0,0
432,0,0,7,26,10,7,0,0,7,155,37,0,199,0,0,325,10,0
433,0,52,15,0,0,8,230,21,5,0,34,4,0,8,0,198,0,0
434,116,27,14,0,15,13,0,36,1,212,50,0,104,0,0,203,34,0
435,292,5,11,0,21,7,0,24,15,0,50,0,225,64,0,130,0,0
436,0,4,7,46,40,5,0,20,15,0,51,0,118,0,0,109,0,4
437,46,41,6,0,17,5,133,0,1,276,13,0,56,0,6,153,0,0
438,122,16,17,0,39,4,0,18,7,97,12,0,189,8,0,100,24,0
439,0,49,2,0,0,5,0,9,10,223,28,0,155,0,0,0,0,0
440,0,0,2,0,23,9,0,4,0,172,39,0,134,18,0,227,27,3
441,0,26,6,0,29,10,57,0,0,389,39,0,210,7,2,93,20,0
442,0,47,9,0,17,2,0,11,7,167,23,0,119,19,0,290,0,0
443,91,24,16,0,0,7,0,21,6,120,14,0,0,23,0,0,7,0
444,0,33,5,0,6,12,0,20,21,164,35,0,64,4,0,129,36,0
445,0,0,15,0,30,0,0,22,0,561,39,0,127,8,0,230,34,0
446,34,0,9,0,6,2,0,36,5,79,24,0,0,0,0,200,23,0
447,95,28,0,21,0,16,0,13,8,250,47,5,166,37,0,219,36,0
448,26,22,16,0,17,8,0,8,5,0,0,0,115,44,0,109,43,0
449,139,0,8,126,55,10,0,0,4,188,30,0,42,0,0,71,17,0
450,0,26,24,35,0,7,0,20,8,0,0,0,55,4,1,100,44,0
451,0,44,15,106,33,11,0,15,7,98,0,0,93,0,5,75,18,4
452,0,26,6,0,23,0,0,0,9,163,44,0,94,8,7,144,0,0
453,126,0,27,101,0,15,63,38,0,0,29,0,254,7,0,225,22,0
454,0,21,21,0,16,0,0,35,7,124,16,5,189,56,0,67,0,0
455,0,21,11,0,0,14,30,7,12,285,25,6,113,0,3,108,5,0
456,0,20,4,0,25,23,0,9,1,159,0,4,68,13,0,108,17,0
457,103,4,7,0,0,3,0,0,2,70,0,0,30,22,0,70,8,0
458,0,20,2,0,22,11,0,15,9,0,7,0,22,0,0,67,13,6
459,55,11,7,0,30,0,0,17,6,173,0,0,173,0,6,101,0,0
460,0,0,17,0,6,7,0,7,12,214,22,0,122,0,1,213,28,5
461,0,38,18,0,22,12,0,0,7,151,18,0,0,15,0,38,4,7
462,38,0,5,0,7,4,71,0,3,464,24,0,46,46,0,0,4,0
463,0,33,27,0,0,8,0,0,6,0,0,0,0,22,0,96,6,0
464,0,0,10,0,19,0,0,0,0,218,0,0,288,7,0,94,34,0
465,0,0,4,0,7,7,0,0,12,304,9,0,0,0,0,219,49,0
466,0,0,8,0,13,6,0,0,3,291,19,0,18,10,4,94,0,0
467,183,0,8,69,58,0,0,0,8,128,0,0,17,18,0,148,11,0
468,0,14,7,174,0,8,0,30,7,98,19,0,0,49,0,21,0,3
469,0,24,19,0,0,14,0,16,6,448,66,0,73,25,0,77,19,0
470,0,29,0,0,52,10,0,15,6,241,21,4,0,18,0,19,10,0
471,0,0,0,0,29,16,102,21,10,168,26,0,341,0,0,127,6,0
472,0,20,0,0,0,1,0,0,21,51,7,0,214,0,0,206,24,4
473,0,10,6,0,24,13,0,0,13,0,37,0,0,12,0,237,0,3
474,0,39,10,91,68,2,0,20,4,90,23,0,434,0,4,76,15,6
475,96,0,23,0,16,11,0,13,6,119,0,0,76,0,0,102,42,0
476,0,33,11,0,28,11,127,51,13,245,36,0,0,18,0,125,4,0
477,0,0,14,160,51,6,0,0,13,28,44,6,204,0,0,137,0,4
478,0,6,4,0,9,9,0,65,14,0,23,0,88,12,0,0,0,0
479,0,12,15,0,0,3,0,28,11,114,19,0,162,19,0,0,0,7
480,0,23,14,0,54,21,0,17,5,369,0,0,83,10,0,222,14,1
481,0,7,18,46,53,24,0,0,9,230,29,0,234,0,0,199,0,0
482,0,16,3,0,0,19,0,0,6,320,0,5,168,43,5,125,0,0
483,0,0,18,126,33,21,0,21,12,201,0,0,0,0,0,0,0,1
484,152,40,2,0,54,2,285,17,7,23,28,0,32,14,0,354,33,5
485,0,36,27,0,0,0,0,21,1,24,16,0,178,0,5,0,0,0
486,0,0,1,17,52,0,93,43,6,123,14,0,0,0,0,323,0,0
487,0,7,6,22,30,7,108,0,1,109,0,0,16,0,0,227,19,0
488,0,24,6,51,44,17,0,0,19,62,0,0,72,0,0,83,10,0
489,0,24,6,51,0,0,0,29,10,95,14,0,256,14,0,0,16,0
490,0,0,0,0,0,4,0,8,0,271,25,0,257,0,5,157,10,1
491,0,0,9,0,35,8,0,18,5,83,14,0,196,13,0,78,35,0
492,0,0,10,99,19,18,0,35,11,205,31,0,41,34,3,34,0,0
493,0,0,8,117,16,10,66,19,9,0,19,0,176,12,3,158,16,0
494,0,46,7,0,47,14,0,30,13,0,21,0,194,15,0,134,29,0
495,73,34,7,97,0,17,0,8,2,177,38,1,148,20,6,0,0,0
496,0,22,4,0,36,6,120,19,6,124,0,0,0,0,0,50,0,0
497,0,60,3,0,0,13,0,5,7,216,49,5,156,15,2,45,0,0
498,0,0,0,0,0,16,0,0,0,60,14,0,120,8,0,72,0,0
499,130,13,0,0,11,15,104,22,0,0,17,0,0,0,9,181,47,0
500,0,24,5,124,0,7,0,13,2,215,33,0,105,14,0,0,12,0
501,176,0,12,0,11,0,0,18,0,0,8,0,0,17,0,364,5,0
502,0,0,17,0,16,5,0,18,0,171,8,0,0,13,0,0,0,0
503,18,6,28,0,6,14,23,15,5,379,21,0,64,8,0,355,0,0
504,0,13,12,0,53,0,0,17,5,80,29,0,26,0,7,126,22,0
505,33,0,4,92,32,0,0,0,13,335,0,1,183,46,3,149,0,0
506,0,38,0,34,16,6,17,13,2,136,0,0,344,0,0,63,8,0
507,0,7,2,63,0,0,0,4,13,276,15,0,220,9,0,226,0,0
508,105,14,14,58,38,1,0,6,5,38,0,0,227,32,0,69,0,0
509,0,57,0,0,24,8,0,0,4,252,4,0,75,18,7,149,21,0
510,73,0,4,34,28,1,0,56,16,309,0,0,248,10,0,173,0,0
511,0,22,11,0,8,3,0,58,6,112,22,0,120,0,0,62,0,0
512,0,47,9,81,30,2,0,0,6,149,10,0,124,42,1,298,0,0
513,0,24,0,0,20,0,0,0,1,85,54,0,23,0,5,74,0,7
514,88,0,9,0,27,11,0,36,8,0,10,6,48,0,0,61,19,0
515,0,0,10,0,25,6,0,0,6,191,36,0,214,0,4,47,6,0
516,0,27,10,0,36,9,0,33,8,120,0,0,38,8,0,144,16,0
517,88,35,15,0,14,18,0,9,7,202,0,0,93,22,0,122,36,0
518,59,0,6,0,8,9,0,19,2,232,13,0,17,12,0,247,19,0
519,0,48,12,46,23,18,133,0,12,120,18,5,252,0,7,35,12,0
520,0,32,5,0,16,26,0,20,18,127,8,0,116,0,0,177,33,0
521,0,70,4,75,71,0,0,0,2,84,0,0,228,0,0,119,0,0
522,155,54,6,59,17,6,0,11,2,284,33,0,0,0,7,164,15,5
523,0,6,16,0,0,8,0,0,7,79,73,0,44,23,0,86,0,0
524,0,0,4,0,22,9,57,62,4,71,0,0,58,21,0,0,0,0
525,0,0,23,117,9,6,91,12,3,171,4,0,97,33,0,104,0,0
526,75,0,34,54,23,5,81,0,5,60,21,0,251,10,0,62,0,0
527,119,0,30,42,20,5,0,57,10,123,44,5,90,0,2,179,9,0
528,99,0,11,0,34,0,0,0,3,142,18,0,0,0,0,124,0,6
529,0,10,5,0,0,19,0,13,3,516,0,0,167,0,0,0,0,4
530,0,11,2,0,0,13,120,5,0,221,12,0,21,22,0,57,34,4
531,0,17,11,0,58,0,0,0,13,464,16,0,345,23,4,205,5,0
532,0,17,24,26,44,9,0,13,7,147,9,0,141,43,0,51,0,0
533,65,27,9,0,0,12,109,7,13,0,6,0,0,19,0,125,16,0
534,72,22,7,44,24,22,28,24,14,213,8,0,16,0,2,156,22,0
535,110,55,13,0,39,19,145,12,14,26,0,0,275,0,6,0,0,0
536,0,47,0,51,50,0,0,26,0,126,0,3,174,18,0,0,0,0
537,0,0,17,0,5,3,105,0,7,33,24,3,75,0,2,238,22,0
538,0,18,19,0,0,0,0,0,7,145,0,0,138,0,0,85,22,0
539,0,24,9,114,16,6,108,11,10,350,14,0,234,12,6,37,0,0
540,0,4,7,120,17,10,0,19,1,0,55,0,32,5,0,222,0,0
541,0,0,5,0,18,11,89,52,5,60,22,0,105,10,6,179,0,3
542,0,19,4,0,23,12,0,47,0,0,34,0,172,27,0,0,22,0
543,0,0,21,39,11,12,160,8,13,400,20,0,278,12,1,271,31,0
544,0,6,3,0,15,0,0,7,6,0,15,0,329,0,0,210,22,0
545,0,20,15,0,6,4,0,20,7,37,34,7,384,10,0,139,24,0
546,0,30,0,0,0,7,40,17,13,117,26,0,67,78,0,90,10,0
547,0,16,28,0,0,9,0,0,10,220,0,0,356,22,0,0,13,3
548,0,51,18,0,0,13,0,14,8,284,11,0,213,0,0,74,0,0
549,0,0,0,0,49,18,108,0,5,27,0,0,312,0,0,75,20,0
550,0,17,12,0,10,13,0,33,10,227,28,0,171,30,1,0,4,0
551,56,47,10,0,24,25,0,20,3,111,38,0,69,0,0,121,15,0
552,0,8,15,0,0,6,0,0,0,110,9,0,0,0,0,125,0,3
553,80,21,7,41,18,15,0,18,0,316,49,5,20,0,0,245,22,0
554,0,0,15,0,0,5,0,0,0,284,17,0,248,9,2,92,0,0
555,0,42,5,51,0,10,120,39,2,148,14,0,51,39,0,213,10,0
556,0,6,15,75,0,16,0,0,12,123,0,0,324,12,0,396,12,0
557,0,39,1,0,15,10,71,23,0,58,0,0,0,14,0,142,34,6
558,0,39,32,34,20,10,0,13,6,149,15,1,123,4,0,24,0,0
559,121,0,11,0,37,14,0,20,10,48,0,0,0,0,0,109,24,0
560,0,17,13,0,20,15,54,33,12,225,0,0,52,16,8,96,5,0
561,0,20,0,0,15,10,0,42,21,29,21,0,299,18,0,0,23,0
562,112,21,0,0,47,9,0,16,7,233,5,0,86,0,5,125,6,0
563,0,77,12,43,23,4,0,22,10,336,32,0,72,13,0,117,11,0
564,0,7,8,0,20,6,117,16,7,95,67,0,0,30,0,123,0,0
565,59,0,16,0,0,8,0,6,0,361,13,0,113,0,0,304,10,5
566,111,13,25,0,32,8,0,45,10,102,12,0,67,0,5,0,16,0
567,0,27,11,0,0,6,0,0,9,192,33,0,100,13,0,0,47,0
568,100,8,23,0,35,11,0,9,4,213,19,0,122,30,0,123,4,5
569,0,0,9,0,30,9,0,14,7,27,9,6,0,0,0,50,0,5
570,118,0,4,0,27,20,89,6,22,214,23,0,24,0,0,19,14,0
571,0,0,20,0,0,0,123,39,0,178,0,5,249,39,0,104,19,0
572,121,16,17,0,19,6,0,21,7,217,35,0,208,19,0,0,36,7
573,34,0,2,21,0,13,0,0,5,184,39,1,311,29,6,138,21,0
574,69,0,35,0,11,16,0,16,0,117,47,0,0,0,0,64,0,0
575,0,31,23,122,57,5,0,0,5,298,22,0,0,26,0,127,21,2
576,117,7,22,25,22,39,0,7,10,0,6,0,52,0,0,58,42,6
577,0,46,19,0,0,3,0,0,25,196,0,0,120,0,0,209,0,0
578,0,48,11,0,45,7,35,0,7,0,5,0,18,9,0,55,0,0
579,0,0,9,0,22,11,0,19,12,29,6,0,123,0,1,310,35,0
580,0,55,27,0,0,24,96,16,17,68,7,0,105,0,2,0,5,0
581,0,19,8,0,18,13,0,20,3,69,22,0,0,0,0,210,10,4
582,41,69,12,106,17,12,0,20,3,176,12,0,0,0,0,27,0,0
583,0,30,5,0,19,15,0,26,10,125,32,0,144,44,0,0,7,0
584,0,17,14,0,31,14,0,9,11,42,21,0,68,0,0,32,33,0
585,0,5,10,0,17,3,26,0,22,125,0,0,66,0,0,0,0,0
586,0,11,15,0,0,13,0,7,10,105,0,5,140,9,0,239,31,0
587,0,0,8,0,0,7,103,0,10,33,0,0,0,5,0,81,0,0
588,0,54,8,0,5,6,116,22,0,588,9,6,57,0,0,135,34,0
589,0,0,0,0,0,17,32,0,6,380,0,0,0,0,0,71,12,0
590,0,8,16,111,18,7,25,0,16,80,36,0,0,0,0,124,0,0
591,0,16,6,0,37,3,74,5,13,122,39,2,0,17,0,78,0,0
592,0,0,6,0,19,7,0,19,5,122,6,0,242,32,5,106,7,0
593,0,22,10,127,0,9,0,39,0,32,0,0,119,47,0,130,31,0
594,0,16,5,0,19,17,94,44,16,123,0,0,184,0,0,37,23,0
595,90,0,22,0,7,5,38,0,16,200,0,0,216,0,0,43,16,0
596,59,20,9,0,37,5,126,62,10,297,0,0,127,40,0,184,0,0
597,0,32,29,60,23,7,0,0,11,0,23,4,0,4,0,327,0,0
598,0,0,13,105,39,8,69,22,6,287,0,5,0,0,0,0,0,0
599,0,0,2,0,20,6,0,21,7,270,38,0,0,15,0,87,0,1
600,119,54,17,0,18,12,118,8,1,142,14,0,49,9,0,258,14,0
601,47,16,5,0,36,6,0,0,4,290,0,0,196,27,5,108,15,0
602,0,40,11,42,19,13,80,21,0,82,40,0,75,0,0,0,0,0
603,79,0,6,0,48,22,0,70,10,286,0,0,264,16,0,185,8,0
604,0,0,2,71,34,0,0,20,7,323,36,0,98,37,0,120,25,0
605,48,17,19,51,32,17,0,0,0,197,9,0,276,20,0,233,29,0
606,0,19,0,0,24,19,0,10,10,220,23,0,102,12,0,162,0,0
607,83,0,6,0,42,11,84,14,4,0,59,0,74,0,0,55,0,0
608,0,23,14,53,16,22,0,11,15,357,0,0,104,29,3,147,6,0
609,71,23,30,0,0,7,0,17,19,115,0,0,151,14,0,31,9,0
610,0,0,8,102,49,17,0,27,5,260,9,5,0,21,4,422,0,0
611,0,20,20,0,6,2,103,0,6,116,46,7,126,21,0,291,6,0
612,0,19,1,39,23,20,62,43,9,185,4,0,274,0,0,99,0,0
613,0,27,11,108,8,7,0,0,7,128,6,0,191,30,0,159,0,0
614,0,0,17,0,0,22,0,27,13,257,30,0,149,7,0,92,0,5
615,0,0,5,0,28,5,34,0,0,82,31,7,76,14,3,124,12,0
616,0,0,17,0,38,18,0,12,4,181,32,0,0,6,13,153,7,0
617,0,34,3,0,0,7,36,29,15,0,0,7,144,18,0,114,0,0
618,0,0,3,98,0,14,0,18,11,419,14,0,110,21,0,111,22,0
619,28,77,19,0,0,8,0,12,0,96,9,0,116,14,0,25,8,0
620,0,11,8,0,52,3,50,20,3,119,16,0,137,0,0,38,0,0
621,112,40,15,152,32,13,0,39,11,111,23,0,0,17,6,71,0,0
622,0,0,21,0,16,6,116,13,0,288,0,0,167,0,0,248,0,0
623,89,17,13,0,8,14,0,6,2,65,14,0,210,39,0,129,17,0
624,120,23,15,0,11,0,0,11,14,343,13,0,191,0,1,73,0,0
625,0,25,0,105,46,10,0,0,4,119,22,0,246,5,4,89,10,0
626,0,10,2,0,13,25,88,0,4,95,19,0,0,21,0,120,0,0
627,143,30,7,0,8,6,0,0,7,50,33,0,316,0,0,335,0,0
628,30,42,5,0,20,13,30,0,1,0,0,2,158,23,5,183,32,0
629,0,0,4,0,8,7,0,31,1,117,23,1,113,7,0,152,0,0
630,0,14,9,0,10,18,0,30,10,378,19,0,97,0,0,16,8,7
631,0,0,19,125,51,10,110,0,7,133,37,0,28,0,7,253,15,0
632,0,33,16,120,38,0,0,37,7,0,22,0,239,14,0,0,41,0
633,106,8,24,0,35,20,0,41,30,71,19,2,227,0,0,396,13,0
634,38,16,11,0,0,5,64,0,6,576,15,7,205,0,0,61,0,0
635,178,29,12,0,0,7,0,18,7,28,30,0,121,0,0,330,10,0
636,0,0,20,59,33,3,0,0,7,145,31,0,0,0,0,0,4,1
637,0,0,4,0,15,22,73,14,8,361,20,3,135,7,0,52,6,0
638,0,8,7,93,0,0,0,0,28,0,0,0,51,13,0,219,22,0
639,0,22,11,0,23,0,112,0,3,301,29,0,0,34,3,0,34,4
640,0,29,6,0,38,6,127,19,11,175,37,0,53,17,2,200,0,0
641,0,0,25,0,52,11,0,15,7,66,19,0,215,0,0,89,22,0
642,56,52,11,0,36,14,0,0,8,178,36,0,122,18,6,49,36,0
643,0,19,11,0,5,0,73,8,23,54,26,0,52,18,0,54,13,0
644,45,12,4,66,14,7,0,0,0,0,0,0,102,21,7,63,19,0
645,0,33,6,0,0,2,112,6,5,357,34,2,119,19,0,0,14,5
646,0,18,9,0,0,17,0,12,7,0,37,0,174,0,0,153,29,0
647,0,21,5,52,16,0,80,34,5,145,10,0,53,15,0,0,13,0
648,0,48,15,0,18,16,81,23,3,123,0,0,243,23,0,0,0,0
649,0,23,3,0,0,4,0,20,0,62,7,7,132,22,0,277,0,7
650,0,0,0,0,20,5,0,0,16,99,42,0,84,5,0,43,19,0
651,0,25,11,0,14,0,87,0,7,417,0,0,149,0,0,18,14,0
652,188,47,17,0,19,17,0,12,0,160,30,0,0,53,0,266,0,0
653,40,15,20,66,41,8,0,0,5,0,33,0,91,0,0,60,0,0
654,0,8,6,80,45,5,0,33,8,172,28,0,174,12,0,221,0,0
655,79,16,21,0,0,14,0,16,0,245,29,0,370,4,0,67,0,0
656,0,22,4,31,18,8,157,9,10,163,30,1,50,52,0,92,12,5
657,0,14,0,0,0,7,0,18,4,239,0,0,67,5,0,0,0,0
658,91,0,18,0,0,11,0,10,1,291,0,0,0,0,0,0,0,3
659,64,21,13,0,0,15,107,0,5,363,29,0,125,11,5,0,5,0
660,0,23,1,0,23,6,235,15,2,171,4,3,33,7,0,325,0,0
661,0,31,25,0,0,9,0,0,27,165,9,0,122,0,0,140,0,0
662,0,0,7,0,47,9,0,63,16,131,24,0,139,11,0,0,0,0
663,0,27,16,56,34,13,0,22,7,164,0,0,92,16,0,165,0,0
664,0,28,9,0,0,12,0,9,7,209,20,0,0,0,0,161,0,0
665,0,7,5,0,0,5,104,0,0,22,116,3,0,0,0,317,0,0
666,0,43,8,0,32,7,0,9,5,49,15,0,81,0,0,214,5,0
667,0,10,21,50,40,15,0,16,7,296,5,0,26,10,0,0,21,0
668,0,42,12,0,23,4,0,0,0,225,32,0,0,23,0,0,0,0
669,0,18,12,0,41,4,0,19,12,197,35,0,290,0,0,53,14,8
670,0,6,3,0,22,2,0,13,3,0,47,0,187,9,0,0,19,7
671,110,10,1,112,8,0,0,0,7,128,33,0,316,0,0,187,15,0
672,0,0,1,0,44,4,0,7,24,195,25,0,121,0,0,280,27,1
673,0,13,1,165,0,8,0,47,0,63,26,0,120,55,3,0,0,0
674,0,0,5,98,25,19,0,0,7,266,22,0,169,40,0,244,18,6
675,120,24,15,0,50,0,0,40,9,204,31,0,0,7,0,0,0,0
676,60,27,12,0,0,14,22,22,0,102,0,0,44,0,0,205,10,0
677,22,16,2,0,18,9,0,19,0,228,19,6,0,10,0,0,0,0
678,0,19,12,0,76,9,106,22,10,253,9,0,72,0,0,34,0,0
679,0,22,6,92,14,4,0,0,7,0,0,0,281,0,0,367,21,0
680,119,14,8,35,0,4,0,23,1,204,5,0,0,0,5,81,7,0
681,0,28,14,253,0,2,0,0,7,318,5,0,263,19,6,72,0,0
682,0,4,7,27,0,7,0,0,3,259,0,0,0,0,0,271,5,0
683,0,0,14,0,0,31,0,14,0,375,0,0,86,23,0,274,46,2
684,89,61,8,0,5,10,0,0,2,173,27,0,99,53,0,92,0,3
685,0,20,4,0,10,15,85,0,5,221,12,0,102,0,0,53,0,1
686,0,46,4,0,22,3,0,13,0,440,49,0,137,5,4,73,19,0
687,0,11,15,20,54,6,0,0,5,61,0,0,343,0,0,176,0,0
688,0,14,15,0,0,7,0,0,5,264,22,0,127,16,0,92,19,0
689,0,10,10,0,44,1,0,34,4,300,20,0,39,19,0,163,22,0
690,71,25,18,47,0,8,0,0,22,74,29,7,0,5,0,152,0,0
691,0,9,7,0,4,0,0,13,5,228,8,5,185,14,3,77,35,7
692,0,36,0,0,32,14,0,0,1,118,48,0,0,0,0,157,23,0
693,80,37,0,0,11,0,0,13,4,29,40,0,275,0,4,145,0,0
694,0,36,5,0,0,11,0,0,5,159,71,0,134,15,0,312,9,0
695,0,0,4,0,16,0,81,23,4,89,50,0,213,13,2,276,6,0
696,0,0,12,0,0,9,0,24,0,226,15,0,153,13,0,66,10,0
697,0,44,0,0,7,5,0,0,10,118,34,0,114,5,0,242,44,0
698,112,12,12,0,5,12,213,15,18,240,26,0,97,64,2,187,11,1
699,0,24,5,118,7,1,0,27,8,240,5,0,0,0,0,132,5,0
700,0,6,22,16,40,15,0,19,7,0,23,0,0,21,0,80,0,0
701,0,7,5,0,0,8,38,36,0,212,14,0,114,20,2,120,8,0
702,63,0,8,0,12,6,0,0,0,79,11,0,273,4,0,0,0,0
703,107,43,0,0,13,7,53,0,8,0,45,0,174,17,0,109,0,0
704,0,5,7,0,40,0,0,55,10,183,4,0,0,0,0,0,0,0
705,0,27,8,0,23,25,0,0,6,519,9,0,0,0,0,87,0,0
706,99,19,4,0,29,3,0,63,11,345,31,0,59,46,0,24,24,0
707,0,0,6,106,22,3,0,18,0,134,19,0,153,47,0,68,37,0
708,200,20,11,0,30,6,0,29,7,330,34,3,343,9,0,121,16,0
709,0,0,10,0,0,10,0,0,8,159,25,0,227,20,0,0,19,0
710,0,8,14,0,0,12,0,8,7,32,21,0,232,0,0,93,9,0
711,117,0,7,0,16,21,0,12,9,34,27,4,17,0,0,37,16,0
712,0,0,3,0,0,11,107,0,0,184,32,0,148,5,0,130,14,6
713,25,16,17,112,0,12,85,8,0,375,17,0,279,37,7,126,0,0
714,0,29,7,0,0,13,49,0,15,172,0,0,236,0,0,34,27,5
715,0,9,4,0,11,8,73,14,0,42,47,0,188,17,0,17,0,0
716,0,31,14,0,22,9,0,24,2,172,0,0,391,13,0,72,0,0
717,0,4,9,0,0,21,0,41,5,163,4,0,149,10,3,160,28,0
718,155,45,15,0,0,3,0,7,7,72,0,0,128,21,0,0,0,0
719,191,52,2,55,14,11,117,0,21,226,0,0,215,14,0,0,0,0
720,64,15,0,0,13,10,0,0,1,351,17,0,73,34,0,251,0,0
721,49,14,12,52,40,13,41,0,0,101,5,0,426,12,0,153,7,0
722,0,22,5,0,34,5,0,19,13,0,0,5,0,0,0,153,0,0
723,0,17,23,0,49,1,0,9,0,0,41,0,143,10,3,31,17,0
724,113,39,4,0,4,0,0,31,3,137,50,6,213,16,4,58,13,0
725,0,26,20,0,57,2,0,6,7,177,17,7,159,0,3,146,22,2
726,0,12,15,118,17,5,0,25,12,36,0,3,21,0,0,183,0,0
727,0,29,4,0,15,10,0,22,20,247,32,0,276,21,0,0,0,0
728,0,0,11,0,33,10,0,4,11,271,20,0,131,0,0,221,47,0
729,0,27,15,0,27,10,111,32,0,0,5,0,284,7,0,215,0,0
730,43,7,9,0,0,5,98,20,0,82,32,0,0,0,0,157,13,5
731,84,21,2,0,6,3,0,35,13,0,61,0,191,30,2,71,0,0
732,101,43,7,77,53,5,0,35,4,157,15,4,0,6,7,79,0,0
733,0,18,3,0,47,6,0,0,6,94,4,0,208,36,0,0,9,5
734,0,23,15,0,29,1,0,13,0,0,0,0,57,6,0,135,22,0
735,0,0,5,0,26,9,0,13,7,163,0,4,86,41,7,0,0,4
736,0,23,21,71,11,0,97,0,4,227,41,0,94,8,0,40,0,2
737,122,13,4,0,0,13,117,20,7,240,18,0,0,19,0,362,0,0
738,154,24,15,0,22,9,0,8,7,224,31,0,206,18,0,119,31,0
739,106,23,0,23,32,18,0,22,16,302,19,0,124,40,0,97,0,0
740,0,34,9,0,17,0,34,4,11,88,10,0,116,0,6,126,15,7
741,64,31,21,0,40,11,0,0,10,290,6,6,123,10,0,350,0,0
742,0,0,3,0,23,7,89,50,10,213,0,0,87,16,4,88,19,0
743,0,59,0,0,13,7,0,25,7,80,0,0,194,18,0,0,0,7
744,0,0,6,0,0,6,53,16,7,203,0,0,173,21,0,208,9,0
745,0,11,10,0,28,10,36,5,5,149,6,0,90,0,0,134,0,0
746,0,0,30,0,50,7,0,0,15,163,16,0,236,12,0,115,21,2
747,0,0,0,0,15,13,29,5,12,104,26,0,71,6,0,119,0,0
748,0,13,1,0,23,17,0,13,5,546,0,0,105,23,0,0,25,0
749,0,0,19,71,16,2,0,0,2,246,43,0,84,6,0,280,0,0
750,0,44,5,0,8,6,0,0,13,40,0,0,100,22,0,165,17,0
751,0,13,7,19,0,12,0,0,13,183,0,0,186,7,0,153,19,0
752,139,14,2,0,0,13,0,7,8,77,21,0,266,0,0,54,78,0
753,65,16,25,73,14,11,58,34,1,139,50,0,211,20,0,128,0,0
754,0,0,0,0,30,7,0,0,0,193,0,5,41,15,11,85,21,0
755,40,0,9,116,11,7,0,7,0,332,13,0,78,0,0,33,40,0
756,71,18,4,0,18,8,0,13,17,169,24,0,0,33,7,164,39,3
757,0,44,13,0,9,8,0,21,5,69,47,0,61,34,0,96,0,0
758,0,34,6,0,0,3,0,0,11,363,56,0,0,22,0,33,14,0
759,37,0,3,0,0,0,0,12,12,253,41,0,0,0,0,0,22,9
760,148,36,0,0,43,14,0,0,21,88,34,0,231,11,0,126,20,1
761,0,0,4,0,0,3,0,18,4,22,36,0,0,13,7,278,42,0
762,0,8,15,0,38,8,82,21,0,227,0,0,94,0,6,82,14,0
763,113,37,32,0,14,11,35,36,8,193,48,0,112,0,0,22,19,2
764,0,8,10,0,0,5,85,30,19,193,0,0,0,0,2,332,23,0
765,118,23,5,61,53,6,0,23,0,155,0,0,98,0,0,255,29,0
766,0,10,17,0,21,10,0,11,13,137,41,2,108,0,6,113,0,0
767,0,8,6,0,19,14,0,10,8,47,22,0,114,0,0,340,11,1
768,0,14,11,103,10,0,0,38,6,0,42,0,188,12,3,0,7,0
769,0,16,20,91,27,6,53,7,3,17,0,0,260,19,0,251,0,0
770,0,8,4,99,0,6,0,13,7,23,71,0,62,18,3,221,0,0
771,113,57,8,23,6,23,43,0,2,0,33,2,92,13,5,17,0,0
772,0,0,9,0,56,4,0,19,9,176,19,0,61,36,0,18,0,0
773,116,0,8,0,32,24,0,39,4,278,0,0,74,0,0,28,0,12
774,0,4,0,130,49,10,0,13,18,62,0,0,221,0,0,201,0,0
775,0,12,7,0,6,3,0,0,16,251,0,0,72,0,0,46,0,0
776,0,38,14,47,31,19,0,0,8,217,0,0,0,0,0,0,0,0
777,0,12,12,0,23,22,126,5,24,51,49,1,108,0,0,55,0,0
778,91,7,26,0,32,5,0,0,10,0,27,0,209,4,0,369,17,0
779,0,13,3,0,16,7,120,34,8,81,0,4,83,7,0,25,0,0
780,42,44,8,111,8,2,0,0,10,111,23,0,0,12,4,311,0,0
781,0,18,0,0,0,25,0,19,10,133,15,4,136,28,0,0,0,0
782,119,13,16,0,26,18,0,0,12,222,0,0,28,0,0,126,55,0
783,0,36,1,0,29,8,97,12,6,313,20,0,39,17,0,149,8,0
784,0,39,0,78,4,4,0,16,9,0,0,0,184,9,0,140,6,0
785,0,0,0,0,12,5,0,20,1,25,9,0,95,0,0,121,0,0
786,0,0,24,0,10,7,42,0,7,0,0,0,303,11,2,159,25,0
787,115,18,3,0,14,13,102,24,20,389,14,0,262,7,0,0,12,0
788,0,42,15,0,14,10,0,7,4,185,16,0,36,0,4,181,0,5
789,99,29,7,72,41,8,0,0,0,224,0,0,109,44,3,112,0,0
790,0,13,16,38,49,7,0,7,5,140,24,0,0,16,0,189,41,0
791,73,0,12,0,38,10,0,0,4,97,0,0,239,0,0,126,0,5
792,0,30,7,0,35,0,0,10,11,221,24,0,157,0,0,148,0,0
793,0,64,10,117,23,0,57,0,8,123,16,0,103,0,3,193,40,0
794,0,0,10,0,0,0,0,10,0,235,47,4,124,45,6,120,16,0
795,0,30,17,0,18,15,83,5,0,184,20,0,0,0,0,60,0,0
796,0,38,19,0,0,7,0,19,1,98,58,3,25,39,0,238,0,0
797,0,0,16,0,38,14,0,15,6,62,22,7,157,15,0,143,36,0
798,97,0,6,0,22,2,0,0,7,363,22,0,72,0,0,0,4,6
799,0,0,17,0,31,13,0,0,0,99,33,9,81,26,0,232,17,0
800,0,20,6,0,6,2,27,25,0,72,11,0,193,0,0,109,0,0
801,0,43,7,0,7,4,0,12,8,358,14,0,78,0,2,0,7,0
802,0,70,3,53,0,24,0,0,13,296,29,0,0,0,0,0,10,0
803,57,25,17,0,32,12,0,13,7,171,0,1,0,19,0,114,10,0
804,0,64,6,0,32,10,89,20,5,101,22,0,84,0,5,156,52,0
805,126,16,11,0,0,12,0,17,4,111,5,0,87,50,0,62,19,6
806,0,34,9,0,10,0,203,11,14,16,0,3,72,0,0,88,22,0
807,0,29,9,117,15,12,0,19,0,91,11,0,0,0,4,225,0,0
808,61,0,8,0,10,11,0,0,1,88,6,0,213,0,0,73,10,0
809,0,0,9,0,0,3,0,45,9,0,10,0,158,0,0,25,0,0
810,0,22,6,0,8,5,0,9,0,183,28,0,90,27,0,213,0,0
811,0,18,2,0,0,0,101,0,10,163,38,0,116,0,1,0,19,0
812,0,8,15,0,38,7,0,0,1,202,0,0,239,4,6,156,0,0
813,34,16,2,101,16,5,0,8,14,96,22,0,49,0,0,401,7,0
814,0,0,10,0,19,6,0,10,0,68,17,0,0,17,7,204,4,9
815,0,16,6,17,22,9,0,28,8,215,37,0,110,0,0,162,0,0
816,71,27,15,102,14,3,0,0,26,40,0,0,91,16,0,123,20,0
817,0,14,20,0,8,0,0,11,8,222,29,2,90,0,0,0,0,0
818,0,20,26,107,46,20,0,20,8,278,0,0,0,0,0,171,10,0
819,46,29,1,112,8,21,79,19,16,412,0,0,260,23,0,110,7,0
820,0,20,10,18,14,6,0,16,0,82,0,0,310,13,0,118,18,4
821,0,11,10,0,23,7,0,13,0,100,0,0,158,25,0,87,0,0
822,0,23,5,123,11,9,53,42,9,171,20,0,97,21,0,117,10,0
823,0,19,4,0,32,13,69,0,10,75,0,0,169,0,9,147,0,0
824,115,16,18,0,0,8,0,15,3,79,32,0,144,19,0,209,8,0
825,0,10,0,0,0,5,0,15,9,71,9,0,119,9,0,0,0,8
826,51,0,0,80,24,19,18,0,6,45,0,1,61,0,0,358,0,0
827,95,31,12,94,26,24,0,11,9,0,0,4,184,0,0,30,14,0
828,24,18,26,0,19,17,0,26,7,203,6,0,24,16,0,0,33,5
829,0,0,8,55,21,5,164,13,5,306,0,0,0,9,0,0,0,0
830,25,53,11,0,29,12,0,51,0,40,9,0,451,36,7,116,0,0
831,0,33,10,0,40,0,155,21,7,38,29,0,251,0,2,44,16,0
832,0,0,13,0,43,0,0,29,13,307,10,0,95,0,0,86,0,0
833,0,0,12,17,0,6,0,46,3,48,0,0,83,21,0,188,0,0
834,0,42,1,0,12,8,0,6,0,168,0,0,0,11,8,179,29,0
835,0,56,10,0,22,14,0,18,1,0,15,0,118,15,6,226,0,0
836,0,22,5,0,0,10,0,0,3,439,16,0,165,16,0,131,0,0
837,114,0,10,0,4,14,0,20,15,0,24,0,169,0,0,148,43,8
838,0,26,6,0,18,2,74,22,5,272,0,0,111,9,3,189,29,0
839,0,9,7,35,6,10,0,23,13,283,20,0,157,54,0,0,0,1
840,0,30,2,0,0,1,48,30,5,0,47,0,100,19,0,32,0,0
841,121,44,4,0,9,0,0,0,4,109,0,0,137,0,0,230,0,0
842,122,77,31,0,12,9,0,0,6,134,14,0,105,31,0,0,29,0
843,71,39,10,0,22,12,0,31,7,97,0,0,114,6,0,431,0,5
844,157,28,8,0,48,6,0,0,6,218,24,1,82,8,5,130,0,0
845,0,5,7,0,12,6,0,10,7,0,10,0,27,0,0,79,12,0
846,0,17,18,0,9,7,101,0,7,0,0,0,82,22,0,143,11,0
847,134,0,8,0,0,4,107,10,6,232,0,0,168,0,0,0,19,1
848,100,0,14,0,27,12,0,15,4,88,28,0,114,0,0,226,12,0
849,0,15,11,0,0,5,99,0,13,223,43,0,23,0,0,212,0,0
850,0,49,6,0,5,7,0,27,8,191,21,0,58,29,0,238,12,0
851,0,10,25,0,10,4,0,6,14,123,7,0,141,0,5,110,19,3
852,0,44,7,0,20,5,0,33,4,225,0,0,161,14,0,0,16,0
853,79,27,0,0,22,14,0,0,18,209,36,0,119,0,8,25,4,0
854,0,24,8,74,38,7,0,0,14,109,0,0,90,19,0,46,23,3
855,0,0,2,0,0,0,0,12,3,130,21,0,36,16,0,252,30,0
856,43,0,7,119,0,9,0,0,24,117,45,2,53,0,0,389,0,0
857,57,0,19,89,21,6,0,0,7,0,24,0,51,17,0,0,25,0
858,0,22,13,40,0,15,0,29,13,100,27,9,142,31,0,76,6,2
859,0,0,22,20,0,10,47,19,0,117,22,6,420,32,0,107,54,0
860,0,25,13,0,24,6,0,13,0,204,7,0,0,0,0,145,4,0
861,0,25,4,0,34,9,0,24,2,332,0,0,244,0,0,450,48,0
862,0,16,7,0,0,1,0,15,6,598,46,0,97,0,6,100,0,0
863,0,19,17,60,23,24,0,25,0,243,4,0,30,13,0,57,14,1
864,0,54,5,0,15,19,0,0,9,0,12,0,63,0,0,0,0,0
865,0,22,9,0,0,17,0,5,8,256,22,1,77,21,2,70,0,1
866,0,0,5,0,13,18,0,0,5,0,12,0,32,0,0,148,10,0
867,107,68,8,0,27,7,58,18,0,176,27,0,146,0,0,40,0,0
868,0,0,20,0,19,8,0,0,11,332,36,0,309,0,0,42,23,0
869,0,36,7,0,14,4,0,45,8,328,6,0,238,0,0,166,0,0
870,0,37,4,31,0,2,0,12,0,549,26,2,60,0,6,74,22,0
871,0,36,0,0,38,7,0,27,0,258,0,0,24,12,0,275,11,0
872,0,23,3,83,28,8,41,0,7,152,0,0,89,19,0,51,51,0
873,0,31,7,0,20,6,0,30,8,83,0,0,116,46,3,312,0,0
874,43,21,5,38,22,2,0,6,10,0,35,0,48,14,0,58,29,0
875,0,23,16,0,0,0,0,34,19,42,8,7,0,0,0,238,0,1
876,0,14,7,0,36,11,0,40,0,170,8,0,26,0,0,70,7,0
877,124,0,6,0,7,10,0,0,7,271,11,0,118,10,0,332,0,12
878,29,35,0,0,30,3,0,0,8,0,0,0,46,37,6,0,21,0
879,0,0,15,18,67,0,0,0,0,286,33,0,315,58,0,215,0,0
880,0,10,7,33,0,8,0,4,1,284,16,0,79,0,0,143,10,0
881,0,26,6,0,26,9,0,0,29,62,10,0,125,13,0,183,0,0
882,114,0,21,78,37,11,69,35,0,132,5,5,112,0,0,156,4,2
883,0,26,7,0,5,6,35,44,5,357,27,0,0,0,0,66,15,0
884,0,16,3,0,8,7,0,0,0,122,0,5,19,0,0,331,0,0
885,0,0,23,114,0,13,26,12,6,0,23,0,138,0,0,210,11,0
886,0,42,17,0,34,12,0,10,18,0,19,0,79,19,0,116,6,3
887,0,18,21,0,52,14,107,23,6,230,50,0,0,68,0,86,19,0
888,0,5,27,0,7,24,0,22,17,0,10,0,149,0,6,113,11,3
889,0,0,10,43,37,13,0,8,5,422,14,0,209,16,0,82,18,0
890,95,5,5,96,7,8,0,22,0,21,0,0,320,19,0,0,0,0
891,0,25,14,0,33,16,184,0,11,296,14,1,0,20,0,56,21,6
892,16,19,26,0,32,22,0,21,18,65,41,0,202,16,1,273,15,0
893,0,0,13,0,11,18,0,0,0,312,52,0,152,8,5,0,0,0
894,0,0,8,0,24,26,0,0,3,240,31,0,139,16,0,52,0,0
895,0,0,3,0,0,6,0,0,16,302,0,0,213,0,0,0,5,0
896,75,30,10,0,52,21,46,0,2,293,0,0,205,11,3,0,0,0
897,0,0,26,93,11,13,0,0,6,115,39,0,186,11,0,18,45,0
898,0,0,6,0,18,4,0,0,0,107,64,0,112,47,0,61,0,0
899,0,20,10,93,9,10,0,17,3,116,0,0,163,14,0,117,0,0
900,0,0,0,0,39,0,0,38,5,213,31,0,49,0,0,139,26,0
901,36,0,7,0,39,15,0,0,19,0,28,0,0,23,0,121,0,0
902,89,36,18,0,4,6,0,0,2,382,57,0,164,31,5,131,22,0
903,0,14,14,0,6,11,0,34,8,134,43,0,0,0,0,105,0,3
904,0,13,6,0,20,7,0,49,0,229,0,0,0,0,5,91,0,0
905,28,10,13,34,0,11,0,0,18,216,33,0,0,0,0,65,0,0
906,123,35,10,0,20,4,0,22,4,133,62,0,169,16,0,52,25,0
907,0,0,17,0,0,3,47,37,4,43,0,0,23,17,0,216,0,7
908,110,22,16,0,6,9,0,0,0,0,0,0,22,4,0,148,36,0
909,0,19,3,0,30,9,0,15,0,112,0,0,411,42,0,507,0,0
910,0,27,13,78,21,7,0,36,4,253,5,0,166,21,0,74,0,0
911,24,12,10,0,15,9,0,8,10,543,15,8,74,0,0,420,0,1
912,0,20,19,93,66,15,0,22,7,183,0,9,36,8,0,131,0,0
913,0,0,6,0,4,6,124,24,17,412,0,0,246,0,10,126,23,0
914,0,31,17,0,50,16,0,16,4,158,10,0,131,14,0,235,0,4
915,0,19,20,58,6,13,0,0,0,86,47,4,0,0,0,68,10,0
916,124,47,0,75,42,6,26,0,0,78,13,0,95,26,0,213,14,0
917,0,36,4,0,33,17,0,0,0,164,0,2,16,22,0,284,0,0
918,0,26,6,0,9,10,0,16,5,114,0,0,82,28,0,258,8,0
919,117,36,15,0,0,13,0,0,9,153,41,0,52,0,4,116,12,0
920,201,0,0,0,25,12,0,0,0,140,0,0,127,27,7,114,0,6
921,0,16,13,109,0,11,0,0,15,203,0,0,102,0,0,217,18,0
922,0,23,10,0,18,10,0,24,4,78,0,0,95,7,5,53,0,0
923,31,23,0,0,0,3,129,8,0,74,0,0,330,28,0,118,11,0
924,0,0,14,0,0,6,39,13,6,212,32,0,42,10,0,0,0,0
925,100,0,10,0,46,4,0,0,0,204,0,0,185,0,0,101,8,0
926,0,0,23,0,0,6,0,0,6,90,0,5,0,15,0,125,0,0
927,0,9,7,0,0,13,0,27,9,236,16,0,116,0,0,52,29,0
928,171,0,10,0,8,6,71,0,18,116,46,0,129,0,0,259,0,4
929,0,40,13,46,0,15,0,29,3,141,47,0,0,0,4,0,18,0
930,0,16,10,0,0,23,0,20,5,189,21,7,174,0,3,88,0,0
931,0,11,17,0,26,16,0,11,6,274,59,0,0,30,0,129,0,0
932,0,40,3,87,12,0,85,0,3,121,4,2,0,0,0,210,61,0
933,0,36,20,0,56,17,0,34,8,263,17,0,168,0,0,177,40,0
934,0,6,6,0,36,11,0,0,9,234,17,0,102,12,0,0,25,0
935,0,7,20,0,0,6,0,0,5,70,37,0,0,13,0,383,11,3
936,26,0,14,0,10,7,0,7,11,347,17,0,183,0,0,230,43,0
937,0,0,5,0,67,13,0,23,4,72,42,0,0,47,0,0,5,4
938,0,27,5,0,0,11,0,44,11,225,0,0,126,27,0,0,5,7
939,0,21,6,0,0,2,0,33,5,94,37,0,24,5,0,141,13,0
940,0,0,18,0,0,0,0,0,2,620,0,0,43,33,6,155,0,0
941,46,16,0,48,0,10,0,0,8,239,8,0,102,0,0,216,0,0
942,220,6,10,0,0,10,0,32,10,365,40,0,72,23,0,0,0,0
943,19,6,0,66,26,0,0,18,2,413,9,0,207,5,0,241,12,0
944,0,0,5,0,11,9,131,12,9,300,28,0,0,14,0,296,16,0
945,0,19,6,0,20,2,0,0,2,156,5,7,47,0,7,75,16,0
946,0,0,15,0,25,16,0,8,0,192,20,2,170,0,0,89,11,0
947,53,4,22,0,8,4,0,0,0,278,26,0,264,13,0,235,0,0
948,0,4,1,120,19,12,0,0,7,272,0,0,98,36,1,72,0,0
949,0,0,12,0,9,11,0,47,18,53,0,0,0,29,0,100,85,0
950,16,10,8,0,78,4,0,22,15,97,74,0,165,0,0,92,12,0
951,0,20,9,0,27,1,0,18,7,70,23,7,420,0,7,127,0,0
952,0,8,4,138,15,29,0,44,6,69,67,4,471,5,0,126,0,0
953,45,34,0,0,20,15,0,22,12,229,0,0,205,27,0,58,0,0
954,0,6,0,111,15,16,0,27,7,108,10,6,0,0,0,192,0,12
955,59,22,3,48,36,0,34,0,12,0,15,0,182,6,9,0,19,0
956,49,8,14,0,15,13,0,10,1,58,0,0,0,26,0,46,0,0
957,0,49,8,108,21,12,0,52,0,122,16,0,0,34,0,173,0,0
958,0,19,10,100,15,6,40,39,0,105,22,0,47,23,0,31,5,0
959,0,0,23,0,19,7,0,20,5,84,13,0,77,16,0,266,7,0
960,64,15,3,50,37,0,0,21,1,101,0,7,61,0,5,287,0,0
961,0,0,12,81,8,17,0,7,14,39,20,0,215,0,4,126,0,4
962,0,19,17,0,18,35,39,0,4,123,14,0,291,35,0,76,9,0
963,0,32,10,0,22,22,0,0,8,196,36,0,242,9,5,0,33,0
964,0,0,5,0,19,11,0,18,8,24,17,0,62,6,0,226,23,0
965,0,21,13,0,9,10,0,39,6,140,62,0,207,17,0,69,0,0
966,93,15,28,0,23,10,0,19,0,139,36,2,178,0,0,107,0,0
967,132,31,6,0,25,0,0,45,3,202,43,0,155,17,7,154,23,0
968,0,0,16,99,11,9,24,0,0,224,27,0,173,9,0,115,22,0
969,30,22,4,71,0,4,58,12,0,283,15,0,249,16,0,0,46,0
970,0,34,0,0,0,4,71,0,10,121,0,0,139,15,5,172,0,0
971,0,0,6,0,0,7,0,12,5,215,4,0,114,0,0,101,22,7
972,57,22,6,60,9,2,0,0,7,38,6,3,225,0,0,141,18,0
973,122,53,19,0,5,9,0,11,9,69,26,0,146,34,0,0,14,2
974,0,13,7,0,15,7,0,0,6,0,26,0,0,0,0,0,0,0
975,25,11,11,0,29,4,0,27,10,0,23,0,81,25,0,0,0,3
976,0,19,10,0,40,3,0,0,4,0,21,0,85,9,0,125,0,0
977,86,6,8,0,40,9,0,27,3,123,0,0,241,0,0,113,16,0
978,0,19,12,0,21,1,0,19,9,182,9,0,88,0,0,102,0,0
979,0,15,6,0,7,19,0,0,4,360,25,0,0,0,0,160,12,0
980,20,5,3,32,17,12,0,19,6,528,0,0,125,26,0,230,0,0
981,0,11,4,0,83,7,0,0,20,140,16,1,0,0,0,35,0,0
982,94,27,15,46,7,2,24,5,18,0,0,0,0,0,0,127,17,0
983,0,0,11,0,19,0,116,5,8,286,0,0,91,7,1,62,19,0
984,0,40,3,0,8,19,0,44,5,105,5,0,0,0,0,168,0,1
985,0,31,19,0,0,5,108,0,11,178,23,0,118,24,0,85,0,0
986,167,50,7,0,0,18,0,20,10,93,16,0,0,0,0,119,19,0
987,0,27,9,57,28,17,67,0,6,95,20,0,122,0,0,105,19,0
988,0,20,3,0,26,1,18,22,0,0,0,0,0,15,0,78,9,0
989,0,21,9,0,0,0,0,0,0,337,21,0,0,16,0,163,0,4
990,0,0,3,81,33,9,219,15,10,51,18,0,211,13,0,140,0,0
991,116,0,9,0,52,11,199,33,5,328,30,0,243,30,3,21,29,0
992,80,49,19,0,23,3,0,45,7,53,23,0,292,36,0,350,0,0
993,0,10,11,0,27,0,0,0,12,264,21,0,101,0,0,72,11,0
994,56,5,9,0,16,6,0,0,16,132,17,7,0,20,6,0,0,0
995,0,0,11,0,0,0,64,8,7,0,9,6,57,23,7,0,23,0
996,0,59,11,0,21,0,0,37,0,255,17,0,26,19,2,132,12,0
997,49,0,12,32,21,3,0,30,11,33,11,0,0,20,0,24,0,0
998,0,39,7,0,0,25,65,28,11,159,54,0,197,12,5,130,7,0
999,72,34,7,37,33,12,0,0,8,113,0,0,302,30,0,70,13,0
1000,65,56,6,190,7,7,0,5,8,0,60,0,37,16,0,83,48,0
1001,0,25,4,0,0,25,109,0,12,111,14,0,200,19,6,219,12,0
1002,112,12,15,0,38,11,0,0,2,336,4,0,158,0,0,324,0,0
1003,100,0,21,55,17,0,0,18,5,0,18,0,106,23,5,58,6,0
1004,0,0,11,0,14,5,0,0,1,236,33,0,137,0,0,53,0,0
1005,101,45,4,0,11,9,0,39,0,421,5,0,107,17,0,0,41,0
1006,119,7,15,0,58,26,0,0,9,139,5,0,170,0,12,141,0,0
1007,0,47,2,0,21,19,0,0,7,106,40,2,0,15,1,176,0,0
1008,0,19,16,0,10,13,0,0,4,0,21,1,213,0,0,215,0,0
1009,88,16,13,0,15,10,0,20,7,325,8,0,0,13,0,209,18,0
1010,102,34,9,0,11,6,0,39,0,280,18,0,133,15,0,166,9,0
1011,0,19,11,0,19,9,0,21,0,317,17,0,272,32,0,0,24,1
1012,0,30,15,0,0,5,0,18,16,0,0,5,289,23,0,238,15,0
1013,0,22,19,0,28,4,0,4,3,139,0,1,125,5,0,165,22,5
1014,0,55,5,20,0,1,0,0,1,387,37,0,79,17,0,109,0,7
1015,0,14,7,21,0,10,0,10,7,220,0,0,23,0,0,23,0,0
1016,99,25,11,0,23,13,0,55,34,219,54,0,81,8,0,203,0,0
1017,0,7,9,54,31,14,0,0,11,235,6,0,83,28,5,0,40,0
1018,0,35,4,0,19,12,0,74,15,159,17,0,186,0,0,45,14,5
1019,0,34,7,60,0,16,0,0,9,170,18,0,75,51,0,278,7,0
1020,131,28,16,0,22,5,0,6,0,88,17,2,0,47,3,0,0,0
1021,0,41,3,0,14,4,0,15,7,157,30,0,158,37,0,0,0,0
1022,194,5,29,0,0,9,0,9,6,171,5,0,19,14,7,104,25,0
1023,0,5,16,37,51,6,0,10,17,154,0,0,45,9,0,191,30,7
1024,0,19,11,0,63,7,151,5,23,270,15,0,257,6,0,183,0,1
1025,0,11,24,100,27,0,90,0,10,341,0,0,155,0,0,206,22,0
1026,0,16,8,0,0,0,0,12,0,262,45,0,308,21,2,347,21,0
1027,31,50,2,116,11,0,0,19,4,89,23,0,0,9,2,226,0,0
1028,0,32,11,0,14,20,0,28,7,184,6,0,45,0,5,151,0,0
1029,0,31,10,0,4,2,0,0,13,232,11,0,119,10,0,0,28,0
1030,0,14,16,0,39,5,0,0,2,217,9,0,55,12,0,0,8,0
1031,0,6,15,0,0,10,0,0,23,186,0,0,109,0,0,57,30,0
1032,88,27,9,0,8,5,0,0,6,489,72,0,148,0,0,85,18,1
1033,67,39,10,0,20,7,0,9,12,223,20,0,93,0,0,65,28,0
1034,118,0,5,140,24,10,0,16,14,248,0,0,0,4,0,78,0,0
1035,0,0,17,122,40,7,0,0,12,151,21,5,124,0,5,208,0,0
1036,0,9,4,106,0,4,84,18,4,161,39,0,141,28,0,103,21,0
1037,0,0,8,0,0,2,0,15,0,77,13,0,113,0,0,82,0,0
1038,0,13,20,0,7,11,0,0,5,0,17,0,0,43,0,0,0,0
1039,0,0,7,73,18,3,0,0,15,135,35,0,0,12,0,191,0,0
1040,100,0,2,98,18,4,0,0,7,157,0,0,124,9,0,108,0,0
1041,0,4,13,0,32,9,59,44,9,148,5,0,120,0,0,167,0,0
1042,0,12,28,0,14,5,0,22,7,177,0,0,168,0,0,55,8,0
1043,146,18,10,0,21,8,0,0,21,169,19,0,64,0,0,67,20,6
1044,52,61,6,31,0,3,0,0,0,0,13,0,115,0,0,359,6,0
1045,0,59,23,0,20,10,0,8,8,63,17,0,237,30,0,186,9,0
1046,0,15,34,159,34,5,0,12,7,162,0,0,135,42,0,36,5,4
1047,0,0,25,0,21,1,33,0,17,247,17,7,357,0,0,106,0,0
1048,93,25,9,0,17,20,0,0,17,87,19,0,0,5,5,116,10,2
1049,0,31,23,0,0,10,113,0,7,154,0,3,97,0,0,0,0,0
1050,0,4,6,82,22,0,0,36,0,301,5,0,115,12,0,86,17,0
1051,0,16,6,0,27,1,0,31,0,95,24,0,258,0,0,0,0,6
1052,0,19,7,40,42,0,0,17,0,16,22,0,109,43,3,0,0,7
1053,0,17,4,54,23,20,0,17,0,672,28,0,0,43,0,142,20,0
1054,22,36,2,0,11,20,0,0,1,68,0,0,240,21,0,229,31,0
1055,0,0,21,0,15,0,194,8,0,171,15,7,0,33,0,81,0,0
1056,0,8,0,0,26,5,0,21,11,227,26,0,335,22,0,0,5,0
1057,51,68,16,0,42,16,22,56,9,17,28,0,220,0,6,104,0,0
1058,0,8,13,0,15,6,76,0,17,0,0,0,151,22,0,43,23,0
1059,35,32,15,0,43,21,0,18,6,138,12,0,45,16,0,355,0,0
1060,0,29,2,0,32,1,83,0,4,68,0,0,226,23,0,0,0,0
1061,0,0,24,0,15,3,0,22,11,101,20,2,179,19,0,101,11,0
1062,0,0,15,26,6,11,0,4,0,76,0,0,0,11,0,124,19,0
1063,0,13,16,0,50,0,119,16,22,157,27,0,302,15,4,18,20,0
1064,0,0,10,0,16,0,0,9,8,40,44,0,126,0,0,122,0,0
1065,0,42,14,0,28,1,103,19,13,98,17,0,0,5,4,134,11,0
1066,0,0,21,34,8,5,59,0,5,73,57,14,107,46,0,122,0,0
1067,0,27,9,0,23,6,0,0,1,92,13,0,174,31,3,65,30,0
1068,0,51,12,0,45,10,0,15,1,178,27,0,49,22,0,138,0,7
1069,70,45,11,125,20,11,0,51,13,120,0,1,0,8,0,199,0,1
1070,0,0,6,0,0,15,0,0,6,0,10,0,240,21,0,65,26,0
1071,0,0,8,0,22,13,107,12,15,158,47,0,108,16,0,266,14,0
1072,0,42,12,0,12,22,0,26,12,345,43,0,365,11,0,88,0,0
1073,0,13,10,57,0,4,0,0,14,0,53,5,130,12,0,71,11,0
1074,0,0,11,76,19,12,94,0,7,185,7,0,86,12,0,53,21,0
1075,40,18,27,0,35,20,71,21,7,125,0,4,88,0,0,48,0,1
1076,0,0,17,65,29,4,0,0,10,439,21,0,67,21,0,253,57,0
1077,0,0,0,40,14,8,0,0,0,228,35,0,116,11,0,55,12,0
1078,0,0,10,40,7,10,0,12,4,124,0,0,171,9,0,121,17,0
1079,0,4,6,49,12,2,97,21,7,246,9,0,101,37,0,57,38,5
1080,0,6,18,26,24,16,19,0,7,111,36,0,88,10,6,0,0,2
1081,0,0,5,0,18,3,89,18,4,137,23,0,77,17,0,51,22,0
1082,0,0,9,0,14,9,0,22,8,135,0,0,54,0,0,108,4,0
1083,0,4,19,62,0,16,0,5,11,39,38,6,162,0,0,249,0,4
1084,0,39,5,0,0,6,117,27,3,123,28,0,0,17,0,193,0,0
1085,0,14,8,0,7,10,117,0,0,123,25,0,0,29,0,164,0,0
1086,0,22,17,0,0,13,25,0,9,252,40,0,221,0,0,279,20,0
1087,0,0,6,56,0,6,0,15,17,194,0,0,0,23,2,43,6,0
1088,57,0,10,0,28,1,59,0,0,209,9,0,133,0,1,148,0,6
1089,42,20,11,0,0,5,80,0,0,107,15,0,177,14,0,360,17,0
1090,0,0,26,90,15,5,0,17,9,217,12,0,197,0,0,95,0,0
1091,0,0,6,0,23,6,50,0,12,95,35,0,67,0,0,222,0,0
1092,169,0,5,0,9,0,28,45,0,105,9,0,44,0,0,195,23,2
1093,0,4,13,0,0,0,90,5,1,208,17,0,177,12,0,187,33,0
1094,0,14,6,0,30,8,45,27,6,144,0,0,111,0,0,117,23,6
1095,193,47,3,0,0,11,138,8,0,0,7,0,0,8,5,197,0,0
1096,0,0,24,0,6,7,0,57,17,127,34,0,0,22,0,386,0,0
1097,0,14,9,0,35,26,0,36,8,0,12,0,50,7,6,0,0,0
1098,101,11,7,0,0,7,0,57,4,72,22,0,0,48,0,185,14,0
1099,0,6,14,0,24,7,66,20,0,219,23,0,142,38,0,198,0,0
1100,114,20,31,0,25,7,0,20,2,51,27,0,327,23,0,96,0,1
1101,0,47,0,0,0,7,18,43,3,153,10,0,125,20,0,306,28,1
1102,0,32,0,0,14,17,0,12,9,128,0,0,97,23,5,36,0,0
1103,101,15,9,115,38,4,0,18,2,304,43,0,119,27,0,173,17,1
1104,221,16,8,122,13,7,109,18,5,0,19,0,30,12,4,43,9,0
1105,0,0,12,0,4,17,0,8,10,0,18,0,104,0,0,105,4,0
1106,0,39,0,0,0,7,0,7,7,38,7,2,64,19,2,421,0,0
1107,193,42,22,0,30,2,0,48,4,229,20,0,79,0,0,205,15,5
1108,0,31,14,32,0,3,0,34,24,197,0,0,193,21,2,273,9,0
1109,202,7,2,0,0,14,0,0,0,189,41,0,0,20,0,0,16,0
1110,0,5,10,0,45,8,0,0,5,105,64,0,129,6,0,102,0,0
1111,126,44,11,175,26,4,0,4,4,84,51,0,99,0,0,0,16,0
1112,0,20,7,0,38,5,96,19,8,233,21,0,226,0,0,188,21,0
1113,124,27,15,0,6,3,0,7,0,202,14,0,138,22,0,130,21,0
1114,0,8,8,0,43,1,0,0,6,116,15,0,249,5,0,330,12,14
1115,52,14,18,0,0,5,0,0,0,116,19,0,128,12,3,0,9,7
1116,0,27,5,0,30,7,0,51,12,422,40,0,127,22,7,125,21,0
1117,0,0,7,0,19,3,0,21,5,55,10,0,182,8,0,214,0,0
1118,106,9,1,74,16,20,0,0,7,256,0,0,103,0,0,23,0,0
1119,122,42,5,58,53,7,123,0,4,511,29,0,83,16,3,172,34,0
1120,39,5,6,0,11,14,0,0,2,113,22,0,0,0,0,222,8,0
1121,0,23,17,32,6,13,0,52,5,117,15,4,236,0,0,325,0,1
1122,0,24,11,0,10,10,71,7,9,17,11,0,82,4,0,203,0,0
1123,0,12,8,0,0,18,110,8,11,285,7,6,0,0,8,0,7,0
1124,65,0,5,118,8,15,0,21,5,18,19,0,166,31,0,92,0,0
1125,0,0,2,0,20,2,0,0,0,92,0,0,211,43,6,0,27,0
1126,0,35,16,65,0,3,0,0,1,110,28,0,0,17,0,143,0,0
1127,0,26,4,0,10,4,0,0,3,380,30,0,99,0,7,0,16,0
1128,35,22,10,0,0,13,35,45,5,268,34,0,153,0,0,66,0,0
1129,0,0,12,0,40,3,0,0,4,28,0,0,0,0,0,0,9,0
1130,0,0,7,0,14,8,0,29,17,294,14,0,103,0,0,102,15,0
1131,0,41,5,0,43,16,0,17,0,96,18,13,123,23,0,88,0,0
1132,0,31,0,0,20,21,0,17,8,213,24,0,0,4,0,79,0,0
1133,0,15,12,0,23,11,0,9,4,237,14,0,0,0,6,0,0,0
1134,0,4,17,106,29,2,99,0,6,0,0,0,36,23,11,221,0,0
1135,0,7,11,0,16,26,75,0,10,55,25,0,117,15,7,72,0,0
1136,0,0,3,0,24,15,103,0,6,66,46,2,181,0,0,83,0,4
1137,0,25,7,0,0,5,38,0,3,314,44,0,218,15,0,90,0,0
1138,0,46,20,0,17,9,0,0,1,208,19,0,148,6,0,29,0,0
1139,116,55,18,0,45,2,0,0,7,210,81,0,212,0,0,286,0,0
1140,0,32,19,0,28,6,122,8,3,218,0,0,200,20,0,63,0,0
1141,0,0,9,0,19,14,214,19,7,59,7,0,105,7,0,73,25,1
1142,69,0,16,0,0,9,86,22,9,26,9,0,118,0,0,92,51,0
1143,0,12,17,0,16,0,0,0,5,160,43,3,74,9,1,122,0,0
1144,34,12,14,0,0,5,0,22,18,201,0,0,136,19,3,440,19,0
1145,0,30,13,0,0,7,0,12,20,191,10,0,155,16,0,124,0,0
1146,0,0,8,0,0,10,0,29,0,91,41,0,91,0,0,435,7,0
1147,0,12,7,125,4,2,81,36,7,90,16,0,35,0,0,180,0,0
1148,0,14,17,0,0,18,123,0,7,101,0,2,93,14,0,148,17,4
1149,0,0,5,175,0,13,0,0,18,204,0,0,98,0,0,58,0,0
1150,0,0,16,92,19,5,0,34,4,394,0,0,42,17,0,22,18,0
1151,91,0,12,0,0,6,0,0,4,77,9,0,113,22,0,167,0,0
1152,0,47,10,0,31,17,0,24,11,143,0,0,85,11,0,0,0,0
1153,0,53,1,143,11,2,0,27,5,197,28,0,146,13,3,157,24,0
1154,37,32,12,0,20,19,125,8,0,152,20,0,242,35,0,97,33,2
1155,0,0,4,0,18,5,0,15,6,170,34,5,0,4,0,131,0,0
1156,0,40,18,0,22,10,0,4,1,105,21,0,23,0,0,260,10,7
1157,0,0,12,0,31,8,0,0,9,84,0,0,155,15,2,73,16,0
1158,0,0,24,0,19,11,23,10,21,126,4,0,0,0,0,0,30,0
1159,75,17,10,0,23,12,0,35,0,332,0,0,288,23,0,123,18,0
1160,0,0,15,0,37,4,0,19,9,0,24,7,178,0,0,124,0,3
1161,0,25,7,0,22,4,0,4,7,106,22,0,32,46,0,219,0,0
1162,102,0,3,0,4,11,240,0,9,146,8,0,123,39,0,127,11,0
1163,0,30,9,0,16,6,0,22,0,16,0,0,187,0,6,137,21,0
1164,0,11,5,0,0,1,0,0,20,194,13,0,133,0,0,184,22,0
1165,0,11,14,0,0,23,0,0,4,154,57,7,202,11,0,35,0,0
1166,0,21,0,0,38,18,0,0,9,110,42,3,0,0,0,0,9,4
1167,0,43,15,107,37,14,0,8,13,178,47,0,160,0,0,26,6,0
1168,27,0,16,0,0,0,105,12,6,42,8,0,92,0,1,282,10,0
1169,0,46,6,0,11,17,0,42,4,0,0,0,188,9,4,0,14,0
1170,0,30,12,0,13,9,75,19,2,211,10,0,91,0,0,56,21,0
1171,0,28,0,0,4,0,0,0,1,76,0,0,77,8,0,191,21,0
1172,0,29,5,0,29,0,0,23,7,0,23,6,38,0,0,39,0,0
1173,109,29,5,63,61,7,0,11,7,75,63,0,119,0,0,158,0,0
1174,0,0,0,0,23,16,0,23,0,392,30,0,115,25,7,188,0,0
1175,46,16,8,83,0,17,0,17,6,83,31,0,125,0,0,133,12,0
1176,0,9,5,0,0,9,0,13,12,46,33,0,229,15,1,212,22,0
1177,0,0,8,0,14,4,0,23,1,357,21,0,169,0,0,0,0,0
1178,0,33,11,0,0,0,0,0,9,249,0,0,54,37,0,371,0,0
1179,73,23,23,0,53,4,0,0,2,235,15,0,138,14,0,328,0,0
1180,0,56,2,0,4,3,0,0,0,159,0,0,178,0,0,0,22,7
1181,0,48,16,0,0,4,0,18,14,45,0,0,0,24,0,471,18,0
1182,0,16,10,0,33,11,0,0,13,247,25,0,0,0,0,275,0,0
1183,0,31,3,93,13,12,0,33,0,313,23,0,0,23,0,336,23,0
1184,19,16,15,0,4,8,126,0,1,20,0,6,60,0,0,247,8,0
1185,42,0,7,123,29,4,58,0,1,134,0,0,219,39,0,186,8,0
1186,133,17,4,0,28,0,0,0,13,95,0,1,243,0,0,0,5,0
1187,79,0,9,0,17,12,0,91,13,295,44,1,392,5,1,0,8,0
1188,0,22,8,0,7,4,0,5,7,101,28,0,55,43,1,124,4,0
1189,0,0,0,114,17,0,0,8,6,140,7,0,0,0,0,127,21,0
1190,0,22,32,0,53,14,0,40,4,63,0,0,119,30,0,284,0,0
1191,96,0,17,32,0,4,55,20,11,115,0,0,127,36,7,134,39,0
1192,0,0,12,0,13,6,0,0,5,350,34,4,171,0,0,120,19,0
1193,0,11,0,0,42,2,0,34,2,302,40,0,247,0,0,191,17,0
1194,0,32,12,0,35,5,0,0,6,30,23,0,77,0,0,102,28,0
1195,22,33,28,93,37,7,0,0,7,387,14,0,59,21,0,107,22,0
1196,0,15,11,0,24,0,0,17,4,491,0,0,0,20,0,0,0,0
1197,0,22,10,45,0,12,0,19,6,194,49,0,77,18,0,132,0,0
1198,0,39,0,91,0,4,18,16,4,0,31,0,103,0,0,91,9,0
1199,0,6,10,0,0,9,0,0,2,0,53,1,190,0,0,156,0,0
1200,0,7,8,223,5,8,137,13,4,61,0,0,0,0,1,29,49,0
1201,43,32,17,0,24,15,74,0,3,83,38,0,86,18,0,295,19,0
1202,0,28,6,0,16,6,0,31,1,0,45,13,142,20,0,92,0,0
1203,0,8,4,0,18,5,20,0,6,475,0,0,353,19,0,20,29,0
1204,107,43,17,0,18,14,0,0,3,419,19,0,27,14,0,55,0,0
1205,0,12,6,0,29,7,0,0,19,92,0,0,24,41,0,53,14,0
1206,71,0,4,95,0,7,0,9,25,251,0,0,107,0,0,304,34,7
1207,76,36,17,0,43,6,0,0,7,0,40,0,0,0,0,32,0,0
1208,0,17,12,124,15,16,89,0,4,117,0,0,0,9,0,428,11,0
1209,0,24,9,0,11,7,0,15,16,142,0,0,122,38,0,126,0,0
1210,0,37,11,106,40,0,95,29,6,303,15,0,112,11,1,0,5,0
1211,77,0,1,0,23,8,36,0,24,430,42,0,149,0,0,382,44,0
1212,0,4,13,0,28,0,110,5,6,110,56,0,34,0,0,195,0,2
1213,0,18,18,0,0,8,0,0,12,135,17,0,0,9,6,208,17,0
1214,0,0,11,0,40,0,0,22,0,159,24,7,29,0,0,102,0,0
1215,123,4,8,0,0,7,0,38,11,272,18,0,269,9,8,0,0,4
1216,0,77,20,45,12,8,0,0,10,145,22,0,116,22,0,18,0,6
1217,0,71,3,0,0,8,0,31,0,394,0,0,62,10,0,86,8,3
1218,0,0,0,22,32,0,0,0,6,255,47,0,116,41,0,163,13,0
1219,0,6,17,0,60,9,0,0,0,156,24,0,284,4,0,0,0,0
1220,0,0,4,0,14,2,33,14,0,129,0,0,416,0,0,44,0,0
1221,169,22,16,0,6,4,0,5,7,206,21,0,0,20,0,60,0,1
1222,0,26,14,0,39,9,0,7,7,304,21,0,357,0,0,268,21,0
1223,0,0,0,0,19,1,0,0,10,227,0,0,328,35,0,208,15,0
1224,73,14,13,127,31,0,0,30,11,310,25,0,417,0,0,0,0,0
1225,0,16,10,129,16,17,0,39,11,55,30,0,204,0,0,206,7,0
1226,0,0,36,0,0,9,0,29,12,265,6,0,50,14,0,47,0,0
1227,0,46,10,36,55,13,0,23,6,115,13,0,224,5,0,0,0,0
1228,120,17,11,0,18,1,0,28,9,305,13,0,252,20,0,73,6,0
1229,0,40,8,0,13,9,0,21,14,315,20,5,54,0,0,97,22,0
1230,0,23,23,0,0,1,0,12,6,221,0,0,98,23,6,119,6,6
1231,0,36,27,110,16,0,82,7,6,156,22,0,271,30,0,308,0,6
1232,0,14,3,100,6,18,0,0,0,262,44,0,116,44,0,272,0,0
1233,0,0,10,172,31,7,100,0,15,101,24,0,281,23,0,0,32,0
1234,0,12,7,0,32,0,0,14,9,200,23,0,140,12,0,231,25,0
1235,0,10,0,0,11,19,196,35,7,282,19,0,158,15,0,263,0,0
1236,65,39,4,0,0,20,0,0,18,38,0,7,102,0,5,92,13,0
1237,0,0,10,0,38,4,0,18,0,82,30,2,33,26,0,76,43,0
1238,0,21,15,0,22,5,0,0,9,146,0,0,0,36,0,208,14,0
1239,83,33,10,0,0,14,0,0,5,415,29,1,104,23,0,301,41,0
1240,0,0,12,0,4,10,0,4,7,278,54,2,123,18,0,277,0,0
1241,0,35,12,0,0,2,107,0,8,308,24,0,0,0,0,75,12,0
1242,0,34,14,127,60,7,0,0,7,161,25,0,199,9,0,78,20,6
1243,0,39,7,108,45,1,0,0,12,168,23,2,0,14,0,0,12,0
1244,0,28,5,0,8,6,112,0,10,308,17,0,121,0,0,175,0,0
1245,0,4,2,0,9,7,0,13,17,461,22,1,157,31,7,283,8,0
1246,0,22,2,0,0,8,0,0,1,317,0,0,203,19,0,102,0,0
1247,0,0,12,0,25,14,59,13,4,192,11,0,108,0,0,179,0,0
1248,0,0,19,123,18,13,0,17,3,122,0,0,113,0,0,166,0,0
1249,0,20,8,0,0,3,38,0,1,28,0,1,79,30,0,51,0,0
1250,0,5,4,277,0,15,0,43,7,111,0,0,123,0,7,111,0,5
1251,120,4,5,0,30,4,0,0,12,150,54,0,182,0,0,73,17,0
1252,78,35,5,0,37,19,175,14,6,188,79,0,308,11,0,209,0,0
1253,143,44,1,0,30,10,0,4,3,240,0,0,211,19,3,0,31,0
1254,0,47,10,102,26,7,0,0,13,208,0,1,223,0,0,106,8,0
1255,51,0,2,0,28,0,0,18,12,45,27,0,112,0,0,176,22,0
1256,36,6,6,107,15,1,64,14,5,67,0,0,218,0,0,0,0,0
1257,76,42,10,0,23,12,0,6,6,67,0,0,117,0,0,0,0,0
1258,0,0,9,47,0,5,126,26,3,224,21,0,22,22,0,32,21,0
1259,0,44,7,0,43,6,0,44,5,98,32,0,313,13,1,167,0,0
1260,0,22,4,0,27,3,0,0,4,123,12,0,0,23,0,0,36,0
1261,101,12,5,0,19,3,118,34,0,154,64,0,38,11,0,171,7,0
1262,149,58,8,0,0,7,0,20,9,0,27,5,171,4,0,0,51,0
1263,0,35,0,103,13,4,0,16,19,146,29,6,163,0,0,124,22,0
1264,75,33,4,0,0,0,0,23,10,102,0,0,235,0,0,0,27,0
1265,62,0,6,0,10,0,0,0,5,242,0,0,114,5,0,167,5,0
1266,0,0,10,45,9,12,0,23,3,355,17,0,63,22,0,87,6,0
1267,61,19,3,0,16,15,0,25,1,335,19,5,0,18,0,129,7,0
1268,0,30,0,0,16,40,105,0,0,47,18,4,23,10,6,217,34,7
1269,0,5,2,0,15,2,0,14,16,221,14,0,0,0,6,0,0,3
1270,0,0,3,83,21,1,0,0,8,196,68,8,0,51,8,413,0,0
1271,99,8,10,106,13,6,0,0,12,245,10,11,294,0,0,85,22,0
1272,0,0,11,102,11,21,0,18,7,26,30,0,0,0,0,0,16,0
1273,0,12,3,0,5,2,0,4,4,217,31,0,116,73,0,145,21,0
1274,0,19,10,0,16,12,0,8,7,152,0,0,124,0,0,156,0,0
1275,0,0,2,0,19,13,0,21,7,211,0,0,0,27,9,40,4,0
1276,24,13,9,84,15,7,0,21,9,286,57,0,0,0,0,92,28,0
1277,64,27,1,0,22,5,0,22,12,249,66,0,59,18,7,67,9,0
1278,0,0,12,78,6,6,0,37,11,504,37,0,106,21,0,0,0,0
1279,101,6,0,0,8,12,0,13,0,229,25,2,214,13,0,54,0,0
1280,55,51,0,0,6,5,0,0,0,0,0,0,148,25,0,61,0,0
1281,0,39,7,88,12,11,0,0,0,274,31,0,203,0,0,264,0,3
1282,120,4,14,0,32,12,0,29,7,290,23,4,124,0,2,312,34,7
1283,27,0,23,0,11,7,0,6,3,238,38,0,112,0,0,131,5,0
1284,0,49,11,0,31,1,71,11,0,171,7,0,351,6,10,0,38,0
1285,0,0,5,75,16,7,0,0,0,120,0,0,150,6,0,233,0,2
1286,0,0,2,0,12,7,0,0,17,182,42,0,32,0,0,0,40,6
1287,0,0,20,51,7,6,0,22,0,103,16,0,279,0,0,60,14,0
1288,0,0,10,0,47,10,0,53,5,401,6,0,16,0,0,82,14,0
1289,83,0,10,0,0,3,0,30,7,40,14,0,144,42,0,0,19,0
1290,93,8,13,105,12,7,41,0,3,0,0,0,43,9,0,80,22,3
1291,0,4,25,19,11,0,0,36,2,116,18,4,24,23,0,207,19,0
1292,0,13,14,0,30,7,0,13,0,39,12,3,35,0,0,35,10,0
1293,0,0,7,0,0,0,156,37,12,148,21,0,21,0,0,147,0,0
1294,0,0,31,0,20,12,0,0,5,108,36,2,0,20,0,0,24,2
1295,0,0,8,113,13,12,0,85,9,390,0,0,105,8,0,0,0,0
1296,61,31,10,0,20,5,0,19,0,0,19,0,174,64,0,0,8,5
1297,0,0,10,93,0,24,50,16,10,52,27,0,0,0,0,139,42,0
1298,162,0,5,161,34,19,0,0,9,385,10,0,151,0,0,275,0,0
1299,0,10,1,69,25,25,0,32,15,196,75,0,208,12,0,0,0,0
1300,0,0,9,0,0,13,0,10,0,74,34,0,468,0,2,56,13,6
1301,0,0,25,0,0,7,0,21,6,0,5,0,34,23,4,229,14,1
1302,120,21,7,0,11,4,0,15,2,138,34,7,37,33,0,106,0,0
1303,117,20,6,0,17,10,0,22,17,201,57,3,403,0,0,0,21,0
1304,0,30,11,0,36,9,0,23,9,321,6,0,0,0,0,266,18,0
1305,119,5,10,0,23,8,0,11,0,67,0,0,152,0,0,0,0,0
1306,42,14,6,45,23,17,0,17,4,0,30,1,165,0,0,166,21,0
1307,0,20,14,50,46,7,104,20,0,203,0,0,89,31,0,126,4,0
1308,0,0,12,0,47,6,0,5,6,0,40,2,205,12,0,224,23,5
1309,0,31,15,0,52,2,17,14,12,114,0,6,150,7,0,40,67,0
1310,86,0,11,0,16,5,0,13,16,0,14,0,374,0,0,81,0,0
1311,31,56,27,0,12,13,0,0,6,296,34,0,131,14,2,272,20,0
1312,0,0,13,0,41,2,0,30,22,219,21,0,275,0,5,269,0,0
1313,0,38,6,0,7,3,0,15,3,290,0,0,128,11,0,77,7,0
1314,0,0,12,0,0,17,0,16,6,217,17,0,245,0,6,362,23,0
1315,0,34,0,0,37,21,153,6,27,0,36,5,51,7,0,149,20,0
1316,0,0,6,17,38,0,0,11,7,47,30,0,135,0,0,75,0,0
1317,0,52,18,0,20,10,0,0,11,368,54,0,342,0,0,294,19,0
1318,89,9,6,0,0,21,54,6,14,139,53,4,59,20,0,28,0,0
1319,0,0,16,0,40,11,50,5,14,196,9,0,356,8,0,114,31,0
1320,0,29,2,0,31,8,0,19,7,92,0,0,103,0,0,0,7,0
1321,0,15,2,0,0,12,87,22,6,90,26,0,226,0,0,222,32,0
1322,0,7,14,0,37,1,0,19,7,120,8,0,99,18,0,134,18,0
1323,0,5,2,62,11,1,0,52,0,236,0,0,95,27,0,40,5,0
1324,73,27,8,60,0,6,45,51,4,475,19,6,0,4,4,32,0,3
1325,0,19,12,0,50,12,44,21,12,89,17,0,0,4,8,97,10,0
1326,30,17,16,0,15,13,0,0,7,25,0,0,65,0,0,200,11,0
1327,0,28,13,53,7,10,0,0,5,0,26,0,182,0,0,289,20,0
1328,0,0,16,91,0,4,0,47,8,199,7,5,54,0,10,0,17,4
1329,226,0,0,0,0,17,0,0,6,166,11,1,42,0,0,298,0,0
1330,113,52,11,0,4,7,0,0,7,215,0,6,29,0,0,108,9,0
1331,0,32,7,0,0,0,120,0,0,315,0,0,267,0,1,73,18,0
1332,44,30,9,117,19,13,175,0,13,0,4,0,56,15,0,246,0,0
1333,0,0,4,201,0,8,0,9,9,0,19,0,137,0,0,160,0,0
1334,0,14,0,54,17,8,204,11,0,25,0,0,213,4,0,62,13,0
1335,0,17,5,0,16,6,0,14,31,139,46,0,55,46,4,0,12,0
1336,0,4,13,0,19,8,0,39,14,122,0,0,29,19,0,0,0,7
1337,72,16,8,0,48,0,150,37,6,0,8,6,97,0,0,35,21,7
1338,0,9,4,0,21,21,0,0,4,237,6,0,69,27,0,160,0,0
1339,19,0,18,123,15,6,89,6,1,75,9,0,218,0,0,68,0,0
1340,112,29,10,0,51,15,0,6,18,307,32,0,201,7,0,34,0,0
1341,0,14,30,0,8,8,0,0,6,162,25,0,40,17,0,212,0,0
1342,0,24,32,19,0,3,0,0,5,209,61,7,66,41,0,149,17,0
1343,30,23,0,0,68,19,0,0,1,52,4,5,0,0,0,114,32,0
1344,0,0,14,108,40,11,0,0,6,253,22,0,315,22,0,115,8,0
1345,0,10,6,108,0,10,0,0,3,72,45,0,169,13,0,135,13,0
1346,0,0,8,95,7,2,0,13,5,89,11,0,274,0,0,218,0,0
1347,0,28,0,0,0,2,0,8,3,81,32,0,76,37,0,113,0,0
1348,0,0,14,0,19,2,0,0,19,80,21,0,37,18,2,269,0,0
1349,0,6,9,0,57,0,0,0,8,0,11,0,282,24,0,0,0,0
1350,0,14,13,21,0,14,65,41,0,247,16,7,101,0,0,384,0,0
1351,0,22,20,0,0,4,0,0,11,94,0,4,99,0,0,127,9,0
1352,38,22,25,0,23,2,0,12,16,50,19,0,220,10,0,0,0,0
1353,43,15,24,47,34,10,0,23,2,103,35,6,159,0,0,196,0,6
1354,0,38,2,0,39,7,0,41,6,271,18,0,212,0,0,83,20,0
1355,0,4,8,0,21,4,0,23,4,44,61,0,217,0,0,278,0,0
1356,0,32,5,0,11,7,62,0,13,501,27,7,135,0,7,39,16,0
1357,0,23,23,46,30,5,0,0,9,192,46,0,350,0,5,157,13,0
1358,0,15,6,241,42,11,0,20,4,26,0,0,128,0,4,24,14,0
1359,0,16,5,56,21,13,0,0,15,467,29,0,118,0,0,18,0,0
1360,0,15,4,0,6,2,0,11,17,252,51,6,119,26,0,100,0,0
1361,28,22,12,0,40,9,0,21,0,155,0,0,133,28,0,59,0,0
1362,0,0,20,0,10,7,114,26,6,71,42,0,154,8,5,0,0,0
1363,0,34,6,35,22,8,0,0,15,71,8,0,203,0,5,84,45,4
1364,68,32,6,65,22,3,0,0,4,71,10,0,226,0,8,102,0,0
1365,0,12,7,0,18,16,0,0,4,103,12,0,48,0,0,284,8,0
1366,27,0,10,0,46,9,0,0,10,55,21,0,21,0,0,489,20,0
1367,93,13,11,0,0,11,0,0,12,199,18,0,21,0,0,270,0,0
1368,0,11,6,116,18,12,0,7,0,121,0,5,188,0,0,148,39,0
1369,42,19,3,236,0,34,0,15,9,38,18,5,222,18,4,0,0,0
1370,0,0,4,99,40,10,0,8,8,234,0,0,295,19,0,47,10,0
1371,0,0,16,182,32,4,0,23,3,603,0,0,153,0,0,64,40,0
1372,85,0,11,0,0,23,0,26,5,239,40,0,63,19,0,75,0,7
1373,0,0,12,0,0,8,0,0,12,316,37,0,94,0,0,0,9,0
1374,0,14,12,56,21,7,0,8,6,32,19,0,420,0,0,161,0,0
1375,119,8,0,0,41,6,114,23,7,58,0,0,78,22,0,277,0,0
1376,0,10,6,0,19,27,0,37,0,111,0,7,222,26,10,0,0,0
1377,100,25,8,150,19,11,0,17,7,180,29,0,74,27,0,199,0,0
1378,0,14,11,162,0,9,151,15,11,21,21,0,138,28,0,0,33,0
1379,42,0,9,85,20,16,0,0,13,253,9,5,78,18,6,123,4,7
1380,0,0,5,0,17,3,0,56,3,138,4,0,0,0,0,70,0,0
1381,124,20,15,0,52,7,0,0,27,169,0,0,51,13,8,102,17,0
1382,0,10,9,0,29,19,75,5,0,132,0,5,116,0,4,143,23,4
1383,101,11,0,0,9,12,96,0,18,165,0,0,191,12,3,168,0,0
1384,0,19,10,213,19,14,27,11,0,314,12,0,332,0,0,232,32,0
1385,0,16,19,0,19,4,0,14,0,319,0,0,71,51,7,0,0,0
1386,23,10,12,0,31,5,0,0,0,148,44,0,43,32,0,209,0,0
1387,18,39,0,56,13,6,0,26,1,192,19,0,96,0,0,65,0,0
1388,17,0,17,0,27,10,81,0,8,0,19,0,0,19,0,98,43,0
1389,158,24,8,0,21,15,0,14,11,171,5,0,0,0,0,78,0,0
1390,25,22,16,0,21,12,81,20,0,188,57,0,104,0,0,181,0,0
1391,0,23,9,0,18,5,0,32,2,105,20,0,99,26,0,86,12,0
1392,0,41,3,0,9,14,0,0,7,48,13,0,244,0,0,238,7,0
1393,0,53,9,0,62,17,0,18,14,120,0,0,240,24,0,76,20,0
1394,0,19,9,0,0,6,0,20,21,81,40,0,50,0,0,55,0,0
1395,0,12,0,0,15,17,0,0,9,217,16,0,293,9,0,45,7,3
1396,0,14,17,0,0,0,0,0,7,17,9,0,309,0,0,102,6,0
1397,118,14,5,0,0,0,0,18,13,343,9,0,46,15,0,0,12,0
1398,0,45,11,0,18,4,0,12,11,199,7,2,236,0,0,40,12,0
1399,0,14,15,0,7,7,0,18,7,312,18,0,138,15,4,237,0,0
1400,45,24,0,0,16,0,0,19,0,157,0,0,0,0,0,177,7,0
1401,78,7,14,0,19,12,0,21,14,0,19,0,96,21,0,132,0,2
1402,0,6,19,0,0,2,68,46,5,77,0,7,81,7,6,76,19,0
1403,107,0,8,0,0,17,127,0,18,175,36,3,0,16,0,95,0,0
1404,0,39,3,59,0,1,0,17,9,290,21,0,119,22,4,121,0,0
1405,0,23,10,0,0,4,0,22,6,288,0,0,0,5,7,121,0,0
1406,0,0,4,70,10,22,0,8,0,250,15,0,134,13,0,185,25,0
1407,0,4,3,0,9,5,72,0,13,113,18,0,0,0,0,175,0,0
1408,58,8,15,0,0,23,0,11,16,0,21,0,0,0,4,37,34,0
1409,0,4,7,83,30,6,36,0,10,144,0,0,0,51,0,247,27,0
1410,0,15,24,80,30,20,0,36,2,104,28,0,92,23,0,120,0,0
1411,0,0,16,83,34,12,0,0,12,99,40,0,65,7,0,64,29,0
1412,0,10,26,0,0,0,0,23,11,238,35,0,280,15,0,97,17,0
1413,0,18,8,0,0,13,0,6,5,92,23,0,93,46,0,160,0,0
1414,66,35,14,59,24,7,0,14,0,180,0,3,98,16,2,298,34,0
1415,0,0,5,83,37,5,75,11,7,102,0,0,0,0,0,0,0,0
1416,169,35,9,0,21,4,0,0,14,23,38,0,111,13,0,0,8,4
1417,0,0,9,56,23,3,0,0,0,218,0,0,0,8,0,121,0,0
1418,113,18,4,90,29,25,135,36,3,17,34,4,107,23,0,176,0,0
1419,0,50,25,0,31,14,0,0,2,77,0,0,75,0,6,160,4,0
1420,86,0,9,0,4,2,0,20,2,216,18,0,0,0,0,95,13,0
1421,0,11,9,0,0,15,0,18,11,260,0,0,32,10,0,109,41,10
1422,0,20,7,121,59,13,0,16,8,0,20,0,59,0,0,0,10,2
1423,124,36,2,0,0,10,0,0,10,272,50,0,60,0,2,154,17,0
1424,0,0,14,0,6,27,0,48,8,198,0,3,139,0,0,74,0,0
1425,0,40,4,95,0,6,68,0,2,110,31,0,222,0,0,106,0,0
1426,0,60,11,0,11,1,0,5,14,42,23,0,167,8,0,191,22,3
1427,0,0,8,0,36,17,0,0,0,241,0,0,0,10,0,234,0,1
1428,0,0,5,117,0,8,0,0,5,282,0,5,53,0,0,136,28,0
1429,0,13,16,0,22,0,70,0,14,92,9,1,40,21,0,0,6,0
1430,0,37,21,0,0,11,0,0,0,131,22,0,148,0,0,0,22,0
1431,32,0,7,0,23,35,0,0,0,301,0,0,108,5,4,57,13,4
1432,0,17,0,0,0,16,0,0,20,103,7,0,238,28,0,99,21,3
1433,38,15,6,0,5,6,0,17,7,406,9,0,37,0,0,180,22,1
1434,30,37,16,0,7,2,0,16,8,80,30,0,0,0,7,0,0,0
1435,0,24,11,0,16,5,0,0,1,91,12,0,115,0,0,0,0,0
1436,0,24,3,0,0,5,29,33,7,118,0,0,178,0,0,215,0,0
1437,0,20,11,0,64,4,0,18,8,0,45,0,132,5,0,100,0,0
1438,0,41,15,0,0,11,101,0,11,220,0,0,101,0,0,68,0,0
1439,0,10,19,0,0,5,0,34,5,55,0,0,283,19,0,73,0,0
1440,0,0,11,0,9,8,107,23,4,149,6,0,158,0,0,39,28,0
1441,70,46,9,0,57,4,0,39,0,112,44,0,200,0,6,0,0,0
1442,95,18,0,0,14,0,0,0,7,160,23,0,0,9,1,174,0,0
1443,0,13,4,0,0,0,36,60,10,365,0,0,151,0,7,0,0,0
1444,0,0,7,0,46,12,0,56,15,271,0,0,90,21,0,229,0,9
1445,118,0,8,102,15,7,0,8,0,230,0,0,158,4,0,256,0,0
1446,0,36,26,0,27,4,0,7,5,222,26,0,165,5,0,0,0,0
1447,0,23,18,0,0,5,0,21,3,73,0,0,0,0,0,0,22,0
1448,0,15,18,0,9,0,0,25,0,165,0,0,0,39,0,60,5,0
1449,0,0,21,43,17,18,87,68,6,246,43,0,287,0,0,80,0,0
1450,105,11,5,0,8,6,157,0,4,70,12,0,0,0,0,113,0,0
1451,0,0,0,0,36,3,0,0,9,93,17,5,104,38,0,58,12,0
1452,93,46,11,31,11,11,0,0,0,249,42,0,0,18,0,0,21,0
1453,0,32,6,0,41,8,0,0,12,159,0,0,63,30,0,36,24,0
1454,0,19,0,0,12,17,0,0,0,249,20,0,239,18,6,138,0,0
1455,22,11,0,96,53,23,0,15,1,69,6,6,54,0,0,0,0,0
1456,0,32,13,0,10,0,0,23,3,217,8,0,98,0,0,140,12,0
1457,0,0,12,0,18,9,106,23,15,337,25,0,179,0,0,0,19,0
1458,98,37,7,226,0,9,0,30,23,0,0,0,191,32,0,105,0,6
1459,0,24,18,0,43,11,0,0,13,106,0,6,0,37,0,0,0,0
1460,79,13,8,80,52,7,0,8,9,43,15,0,66,25,0,46,30,0
1461,0,0,8,0,16,0,102,12,5,0,9,0,144,0,0,70,23,0
1462,122,38,1,0,20,5,0,22,6,42,43,0,51,0,0,347,8,5
1463,223,37,0,0,0,0,96,28,2,204,0,5,85,0,0,210,0,0
1464,0,16,14,139,31,1,0,20,0,229,7,0,21,7,5,81,0,0
1465,0,11,17,0,34,29,0,7,4,0,0,0,190,5,0,118,8,0
1466,0,43,5,108,48,13,86,15,0,140,37,0,98,0,5,77,28,0
1467,87,0,6,0,20,18,46,0,0,521,33,0,80,5,0,82,8,3
1468,105,21,9,99,9,0,0,0,0,377,0,3,232,34,0,0,22,0
1469,0,0,14,0,31,14,0,15,13,241,36,0,117,0,3,172,11,0
1470,81,0,9,64,0,5,0,0,8,133,40,0,211,23,0,146,0,4
1471,0,21,17,0,25,5,0,34,4,56,0,0,195,8,0,245,0,0
1472,0,10,16,0,9,19,0,10,0,242,44,0,180,44,0,111,21,0
1473,25,23,11,28,13,0,0,17,0,123,13,1,379,0,0,0,10,0
1474,105,5,1,0,0,13,0,0,22,217,50,9,0,0,6,294,55,0
1475,0,34,10,0,11,10,0,23,6,267,18,6,77,0,0,0,0,0
1476,0,0,39,0,57,4,95,42,26,141,25,0,183,56,1,40,29,0
1477,0,51,26,120,0,4,18,5,3,293,29,0,116,13,0,0,0,0
1478,0,0,9,0,0,16,0,5,4,0,13,0,87,20,0,114,0,0
1479,93,19,4,0,0,12,0,21,19,144,0,0,161,15,0,29,0,0
1480,0,0,11,119,21,23,0,12,3,0,31,0,0,35,0,22,35,0
1481,107,22,13,0,12,11,83,0,11,262,17,0,0,5,5,197,16,0
1482,37,10,8,0,0,0,0,47,12,198,24,0,0,23,0,299,7,0
1483,58,11,4,0,42,8,0,42,6,295,28,0,85,11,0,32,6,0
1484,0,34,10,0,20,5,0,23,17,220,0,2,35,16,7,141,15,0
1485,0,21,7,0,0,9,38,19,6,140,8,0,51,0,0,0,0,0
1486,0,11,19,0,0,17,193,0,0,0,25,0,62,0,0,172,0,4
1487,36,20,12,0,51,4,0,32,8,85,13,0,235,9,0,127,12,4
1488,45,14,10,0,15,0,27,0,4,401,5,5,0,52,0,163,9,0
1489,0,0,14,0,31,3,0,0,0,537,14,0,61,33,6,60,19,0
1490,0,68,19,73,63,7,32,23,4,19,13,0,231,0,0,0,57,6
1491,0,19,14,0,39,9,0,15,9,61,0,0,229,17,0,94,0,0
1492,0,39,13,0,16,0,125,45,1,603,35,0,0,10,0,149,0,0
1493,0,24,17,0,25,2,0,33,3,149,0,2,190,0,0,239,14,0
1494,0,10,8,0,22,2,0,9,12,83,34,0,122,0,0,17,9,0
1495,0,39,16,0,48,2,0,0,15,253,0,0,25,0,5,146,17,7
1496,53,12,6,0,25,2,56,16,5,178,0,0,431,7,0,158,0,0
1497,0,0,2,177,12,2,0,26,0,204,16,0,295,13,0,112,0,0
1498,0,12,1,0,17,7,0,15,6,380,16,0,117,14,0,126,23,0
1499,0,25,13,0,14,17,167,20,21,116,0,0,146,0,0,90,0,0
1500,0,12,13,0,27,5,0,0,3,142,22,0,229,38,0,42,4,7
1501,0,0,25,0,0,2,76,19,1,16,19,0,0,9,0,145,0,0
1502,0,5,0,0,36,0,0,0,2,67,27,0,31,41,0,276,18,0
1503,0,7,0,0,39,10,116,23,14,260,0,0,78,10,7,0,4,0
1504,0,7,1,107,0,4,0,0,6,236,0,0,48,18,2,158,7,0
1505,49,33,19,101,15,6,0,13,0,121,0,0,104,17,0,115,0,0
1506,0,0,8,0,23,15,96,4,2,93,15,0,0,44,0,80,18,0
1507,151,13,22,0,0,4,0,11,2,409,33,0,71,0,7,103,0,0
1508,0,16,3,0,28,12,0,9,12,335,15,0,221,0,10,202,0,0
1509,0,20,2,104,28,10,0,14,13,306,47,0,112,35,5,0,23,0
1510,0,6,0,0,12,1,0,21,4,315,5,0,52,0,0,92,28,0
1511,0,0,6,27,40,18,16,0,0,597,19,0,370,0,0,201,0,6
1512,0,22,6,53,0,0,0,0,5,0,13,2,355,4,0,355,7,0
1513,105,9,21,0,4,0,0,10,0,65,6,0,0,5,0,125,0,0
1514,0,6,19,0,8,8,0,34,3,302,32,0,0,18,0,0,0,0
1515,0,0,22,85,12,9,0,0,7,160,18,0,182,4,9,131,24,0
1516,0,22,9,0,16,5,0,0,1,155,0,0,95,9,6,136,17,0
1517,63,14,12,0,18,12,96,0,26,158,21,0,162,13,0,96,10,0
1518,0,0,7,75,20,7,80,0,8,137,0,0,112,19,5,45,0,0
1519,108,51,1,0,44,10,0,44,11,61,14,0,283,15,0,376,11,0
1520,0,10,0,0,0,4,125,18,13,209,4,0,0,32,0,0,19,0
1521,0,22,3,0,6,8,31,20,10,100,32,0,53,0,0,99,30,0
1522,23,0,10,0,26,0,28,0,2,236,22,6,276,0,0,227,8,0
1523,0,5,15,0,7,5,0,39,0,80,7,0,89,0,0,106,0,0
1524,0,21,6,0,14,3,59,22,6,183,6,0,96,21,5,236,18,0
1525,0,19,9,19,0,12,0,23,13,140,11,0,0,8,5,0,17,0
1526,46,5,1,124,0,0,0,43,0,239,28,0,30,0,0,70,0,0
1527,88,47,9,0,0,10,61,18,24,234,0,0,104,19,0,83,5,0
1528,0,0,4,0,71,7,0,21,15,443,40,0,216,19,3,397,23,3
1529,0,0,13,0,9,5,0,84,3,122,22,0,79,0,10,0,20,0
1530,0,35,20,0,35,2,0,44,14,215,0,0,102,0,5,76,30,0
1531,77,16,15,0,0,2,70,0,4,42,0,0,170,20,0,229,16,0
1532,0,33,8,0,29,26,0,0,9,221,0,0,409,5,0,134,6,0
1533,0,8,10,0,20,2,0,0,5,153,32,2,34,14,8,34,15,0
1534,0,0,15,0,24,24,38,20,14,90,8,0,184,13,0,0,0,0
1535,0,11,15,0,7,7,0,0,7,99,14,7,31,20,0,0,19,0
1536,0,0,9,0,11,3,0,9,7,134,16,6,110,34,4,289,0,0
1537,83,21,6,0,29,16,183,0,6,189,12,0,335,11,0,108,0,0
1538,0,21,8,60,10,3,0,21,7,110,5,0,0,0,0,205,0,0
1539,0,34,13,0,0,11,0,38,17,254,0,0,70,18,0,61,26,6
1540,0,54,2,85,8,10,0,9,13,187,20,0,96,0,0,97,16,0
1541,105,46,3,114,8,6,0,16,0,221,43,0,264,0,0,192,17,7
1542,0,14,0,126,69,0,0,0,7,97,22,0,65,34,0,0,16,11
1543,22,12,3,0,0,22,52,10,11,191,30,0,144,13,0,144,5,0
1544,24,0,9,17,32,3,0,5,10,318,9,0,208,10,6,65,0,0
1545,0,38,30,0,4,8,0,16,9,0,28,0,38,36,6,190,18,0
1546,0,35,3,0,13,6,0,0,6,585,18,0,266,0,0,315,8,0
1547,0,16,7,0,34,19,0,33,0,286,63,0,43,0,7,42,0,0
1548,36,0,5,0,0,17,0,45,8,61,10,0,0,19,0,0,0,7
1549,0,0,4,0,24,4,0,23,0,186,21,0,0,0,0,110,0,0
1550,0,28,12,0,18,9,0,22,10,116,7,0,161,7,0,139,18,5
1551,38,36,21,0,11,0,0,33,8,159,0,0,76,22,0,71,18,0
1552,0,17,0,0,0,5,0,7,5,167,21,0,181,0,0,20,5,4
1553,0,8,8,0,0,6,0,0,19,128,6,7,162,15,0,142,0,0
1554,0,14,0,0,29,18,0,0,2,53,0,0,0,4,0,144,0,0
1555,0,22,2,82,0,14,17,0,4,197,21,0,197,38,3,74,38,0
1556,0,23,9,147,23,3,47,0,10,543,23,0,36,12,11,173,23,0
1557,0,43,8,112,23,15,75,0,1,295,22,7,289,0,0,36,0,0
1558,104,25,15,0,15,12,0,14,9,41,29,0,133,0,0,252,0,2
1559,0,27,10,30,8,3,165,0,20,0,21,0,0,41,0,304,23,0
1560,0,25,8,0,29,12,123,0,0,210,0,0,149,10,0,114,0,0
1561,0,31,13,0,71,4,100,0,5,403,0,6,160,0,4,75,0,0
1562,0,17,16,163,34,10,0,0,7,250,12,0,225,45,0,0,36,5
1563,0,4,0,127,27,3,0,18,6,55,52,0,26,4,0,43,20,0
1564,0,61,5,0,29,10,0,0,1,108,0,0,174,29,0,45,30,0
1565,67,0,6,72,31,7,22,0,0,126,38,0,132,14,0,0,0,0
1566,67,25,5,35,17,6,0,0,8,0,58,0,58,44,0,102,19,0
1567,36,27,1,28,15,14,0,13,6,88,0,0,146,0,0,129,21,0
1568,115,20,3,30,0,0,0,48,5,54,28,1,36,0,0,184,14,0
1569,110,0,5,0,37,6,0,52,12,234,0,0,125,0,3,86,0,0
1570,0,4,7,0,0,9,151,29,6,207,18,0,102,22,0,42,28,2
1571,0,10,18,0,37,15,52,12,0,124,5,0,21,22,0,0,11,0
1572,163,7,31,0,45,21,0,22,6,0,19,0,122,5,0,22,20,0
1573,50,0,3,0,58,15,0,20,10,284,17,0,74,11,0,74,0,0
1574,0,0,10,0,0,3,201,28,21,441,33,0,485,11,3,0,0,0
1575,0,17,6,0,38,15,89,8,0,18,13,0,0,0,0,40,0,3
1576,0,42,12,0,50,4,0,0,21,35,31,6,150,0,0,187,19,0
1577,0,0,17,0,6,8,0,0,12,147,34,0,0,0,0,161,0,0
1578,0,37,18,0,17,20,73,0,14,155,0,7,91,0,0,255,0,0
1579,0,12,10,0,0,12,110,40,5,232,11,0,59,0,7,0,43,0
1580,0,28,9,216,0,6,0,13,1,108,5,0,63,17,0,92,0,4
1581,0,4,3,0,33,8,61,0,8,177,8,0,116,0,0,118,0,0
1582,0,29,23,0,0,17,101,19,8,140,10,0,268,0,2,339,0,0
1583,0,41,4,0,0,0,0,19,13,76,12,0,210,27,0,161,9,0
1584,0,0,11,28,13,7,128,0,14,304,16,7,30,0,0,0,0,6
1585,0,0,8,0,17,14,0,34,6,300,0,0,29,0,0,178,4,7
1586,0,15,14,92,0,11,101,24,5,170,24,0,107,0,0,161,18,0
1587,0,18,34,44,21,21,0,61,12,23,28,0,239,0,4,73,16,0
1588,0,10,4,114,40,30,0,4,6,41,0,5,0,5,0,312,0,0
1589,0,5,11,0,14,2,0,17,12,34,16,0,94,0,0,125,26,0
1590,0,8,31,0,23,22,0,57,6,305,0,0,164,0,0,0,0,0
1591,76,5,11,0,13,8,111,0,0,268,23,1,54,0,0,0,12,0
1592,0,17,6,0,15,11,119,0,4,203,12,0,104,36,0,120,32,0
1593,0,14,19,0,8,31,0,26,12,110,8,0,225,0,0,266,14,0
1594,66,36,0,57,10,2,0,8,1,345,15,0,0,0,4,471,20,0
1595,205,0,14,0,31,10,0,11,0,255,22,0,94,0,7,223,0,0
1596,42,31,13,0,4,5,0,23,6,500,16,2,114,23,1,148,0,0
1597,106,23,12,0,26,6,52,14,1,367,37,0,178,7,3,58,18,0
1598,0,11,1,0,11,0,118,21,4,454,0,7,113,11,0,197,12,0
1599,0,12,12,127,34,3,0,53,6,334,32,6,180,0,0,435,0,0
1600,91,20,11,0,49,13,52,0,13,149,18,0,81,6,0,174,0,0
1601,58,16,6,0,64,6,0,28,12,0,48,1,0,0,0,0,0,0
1602,41,0,7,0,39,10,0,23,7,0,24,5,190,23,1,87,0,5
1603,0,10,12,0,11,6,0,50,0,0,36,0,156,0,5,0,16,0
1604,0,32,0,0,23,15,0,6,15,137,6,0,319,0,0,52,0,0
1605,0,21,0,0,43,7,0,33,0,241,7,0,141,20,1,293,6,0
1606,0,43,5,0,35,2,0,0,9,257,22,0,26,0,0,139,0,0
1607,0,10,7,0,59,10,0,0,13,252,32,0,47,39,0,25,12,0
1608,19,0,11,46,28,3,0,0,10,517,0,7,104,0,0,0,0,0
1609,0,11,20,0,22,22,121,51,1,127,45,0,0,0,2,360,26,0
1610,0,0,12,0,25,7,101,29,5,0,12,0,360,0,0,165,13,0
1611,37,36,12,84,74,0,0,8,6,116,10,0,98,13,3,172,18,0
1612,0,0,7,124,33,0,126,0,0,0,0,0,22,22,0,171,40,0
1613,99,0,14,0,0,23,0,0,4,179,0,0,260,0,0,205,12,3
1614,60,34,0,0,0,6,0,0,8,318,8,0,0,0,0,267,32,0
1615,0,15,4,42,13,14,0,24,0,165,23,0,125,10,7,201,0,0
1616,0,60,15,0,6,4,0,11,5,127,27,0,83,20,0,182,36,0
1617,31,48,6,0,0,6,104,21,5,193,0,3,191,0,5,328,0,0
1618,0,14,5,0,41,5,109,14,11,99,30,0,173,8,0,140,41,0
1619,64,50,2,121,0,7,0,21,9,349,0,0,0,0,0,0,0,6
1620,0,35,8,0,13,7,0,0,6,0,21,4,40,4,0,60,20,0
1621,0,18,23,0,24,5,0,16,5,54,10,5,45,18,0,0,33,9
1622,0,0,13,0,0,9,0,21,17,143,24,0,0,0,0,384,0,0
1623,0,16,32,0,9,11,0,6,9,61,27,0,49,8,0,90,18,7
1624,0,15,13,0,22,6,0,0,0,296,44,0,0,18,0,191,0,5
1625,51,34,7,0,0,17,43,14,17,75,52,0,0,28,9,102,5,0
1626,0,6,9,93,50,13,22,0,0,0,18,0,118,23,11,135,17,0
1627,0,0,6,53,0,15,0,4,3,188,23,0,60,10,6,156,17,1
1628,0,33,10,0,0,10,0,0,3,428,18,0,331,17,0,74,12,0
1629,0,0,8,0,16,15,62,27,18,360,9,0,68,0,5,284,43,0
1630,0,38,13,0,0,18,0,44,10,73,0,0,27,48,0,359,29,5
1631,191,33,3,0,14,2,0,14,2,418,18,5,170,0,0,0,13,0
1632,0,0,11,28,22,3,0,8,0,392,22,0,0,0,7,257,20,0
1633,0,28,0,115,0,3,0,19,8,29,9,0,102,0,0,0,0,1
1634,0,23,5,0,41,16,95,14,11,134,0,0,174,15,0,268,8,0
1635,259,5,13,0,0,2,0,23,6,499,17,5,122,11,0,63,0,0
1636,21,0,2,105,12,11,0,5,4,0,16,0,0,0,0,129,7,0
1637,53,22,13,0,33,4,0,12,1,36,85,0,107,12,0,38,0,0
1638,0,18,24,0,16,9,0,33,10,71,0,5,0,0,0,92,0,0
1639,78,42,27,0,29,4,0,37,9,532,13,10,86,17,3,256,7,2
1640,0,42,10,103,30,2,0,10,2,0,0,0,145,22,0,0,13,0
1641,0,29,0,47,20,6,0,4,3,154,20,1,479,0,0,60,0,0
1642,126,43,6,0,24,0,0,0,8,0,26,0,146,14,3,32,0,0
1643,0,20,11,0,0,9,0,20,6,33,47,0,70,35,0,0,0,0
1644,200,23,14,154,37,14,0,19,5,0,0,7,115,38,8,142,72,0
1645,90,9,10,0,19,0,0,23,8,256,17,0,357,21,2,0,23,0
1646,25,21,8,0,17,3,0,11,7,418,48,0,127,0,0,96,0,0
1647,0,5,13,0,0,6,0,7,12,80,0,0,0,26,0,351,32,0
1648,0,30,10,105,23,1,0,16,0,72,14,0,116,35,0,40,0,2
1649,0,0,18,0,15,10,0,26,4,273,0,0,50,0,0,111,14,0
1650,0,17,10,0,35,10,0,29,12,87,58,6,407,11,0,112,0,0
1651,105,60,6,77,21,17,0,0,4,278,9,0,56,37,0,68,23,0
1652,0,0,21,0,0,7,0,14,14,331,31,0,154,0,0,102,24,0
1653,0,10,2,0,5,0,0,35,19,252,0,0,121,25,0,98,0,0
1654,110,5,14,0,0,7,122,0,14,52,9,0,163,25,0,243,34,0
1655,0,43,10,0,31,5,165,28,15,149,32,0,164,17,0,188,17,0
1656,0,14,18,0,26,15,0,0,10,194,14,0,360,0,0,74,0,7
1657,0,0,10,100,33,1,0,0,13,109,25,0,263,0,3,522,61,0
1658,0,8,4,0,14,18,0,6,5,265,32,6,78,26,0,45,0,0
1659,0,0,12,0,36,17,62,7,4,159,33,0,287,0,0,98,10,0
1660,0,22,13,115,0,18,126,4,7,261,26,7,177,0,1,39,34,0
1661,0,35,9,0,18,5,74,39,7,0,10,0,29,0,1,29,0,0
1662,112,4,8,0,102,7,0,18,3,109,11,0,115,0,0,0,37,0
1663,0,0,12,0,44,19,72,13,16,0,18,0,179,31,0,234,0,0
1664,0,22,7,0,37,15,0,32,8,515,7,0,142,0,5,49,0,2
1665,0,11,4,0,15,17,0,36,14,230,49,0,16,9,0,23,0,5
1666,0,19,4,0,0,19,0,10,0,36,36,0,108,0,0,106,19,0
1667,0,9,28,115,10,23,0,0,1,308,21,5,109,22,0,280,7,0
1668,0,80,8,0,42,10,0,0,10,77,20,0,104,22,0,0,20,0
1669,118,41,7,0,5,9,0,19,0,155,26,0,44,0,9,302,6,0
1670,0,0,5,40,43,13,0,0,11,164,0,0,189,13,0,73,0,0
1671,90,0,8,0,25,11,0,36,17,359,49,5,0,28,0,90,19,7
1672,0,14,7,0,32,7,160,16,10,144,22,4,69,0,0,121,0,0
1673,0,21,35,92,0,14,39,21,7,347,20,0,65,0,0,21,17,0
1674,0,18,5,0,18,9,58,0,4,125,0,0,32,6,0,194,4,0
1675,0,18,14,0,8,0,0,0,10,167,0,7,57,0,0,0,8,0
1676,0,46,9,91,0,10,0,0,11,226,22,0,0,10,4,218,31,6
1677,0,53,12,0,14,1,97,39,2,35,19,0,108,0,7,0,15,0
1678,0,26,3,0,42,11,0,0,4,223,27,0,244,0,0,152,16,0
1679,0,0,13,0,57,0,0,0,11,0,30,0,268,37,0,0,0,0
1680,0,10,4,0,9,14,0,37,5,112,7,0,142,16,0,105,4,0
1681,0,0,8,0,12,15,0,22,2,305,11,0,0,0,3,170,19,5
1682,0,44,31,0,16,3,0,16,8,83,19,0,116,23,0,280,0,0
1683,58,42,7,0,77,10,0,31,5,344,11,0,161,0,1,0,8,0
1684,0,36,13,111,56,13,111,20,3,160,22,0,243,29,0,35,23,0
1685,0,11,6,38,0,8,125,37,5,75,0,0,244,0,0,85,0,0
1686,0,5,14,0,0,6,0,0,6,165,18,0,226,0,6,143,20,0
1687,0,51,5,0,51,0,83,0,9,485,9,0,0,18,2,0,0,0
1688,0,24,4,0,21,5,0,0,0,187,0,0,362,32,0,204,0,0
1689,0,29,8,0,46,4,0,6,4,185,40,0,70,14,0,112,0,0
1690,0,49,7,0,39,16,66,40,8,80,0,5,28,0,0,230,0,1
1691,118,24,19,0,4,6,213,27,18,529,18,0,82,13,0,110,21,0
1692,0,12,12,108,22,7,23,0,9,221,0,1,233,26,0,332,10,4
1693,0,0,20,103,0,3,0,0,6,45,21,7,0,17,0,120,34,0
1694,67,16,4,0,67,7,0,22,11,91,29,0,213,42,10,102,5,0
1695,0,35,3,120,28,5,112,10,0,142,54,7,298,22,0,75,20,0
1696,67,4,17,0,0,17,0,0,15,84,21,0,164,15,0,103,0,0
1697,0,19,26,0,0,8,0,36,9,76,0,5,261,21,0,257,13,0
1698,23,19,7,0,0,0,17,0,0,124,20,0,434,0,0,89,22,0
1699,0,27,1,17,14,13,0,33,0,102,17,4,46,23,0,91,0,9
1700,0,13,8,0,0,17,0,14,9,68,43,0,111,23,7,35,5,0
1701,0,38,13,108,0,4,0,8,15,102,21,5,56,18,0,225,16,0
1702,0,7,7,0,33,8,93,0,4,117,31,0,201,15,0,158,0,7
1703,0,0,13,0,19,0,82,0,32,198,31,0,127,13,0,0,0,0
1704,0,17,6,87,22,7,0,0,23,34,34,0,59,0,0,0,38,0
1705,117,9,14,0,45,10,0,0,6,329,0,0,153,18,7,0,0,0
1706,78,21,3,0,0,14,0,36,11,261,47,0,36,25,0,0,13,0
1707,38,19,3,0,42,3,0,20,6,181,23,0,169,23,0,389,21,0
1708,0,0,0,0,34,15,0,0,2,29,33,0,279,0,0,0,22,0
1709,92,30,5,0,21,0,48,4,0,253,22,0,165,22,0,150,13,6
1710,0,51,10,0,57,16,123,9,5,123,37,0,157,15,7,104,0,0
1711,0,8,19,0,17,5,0,5,14,125,13,0,236,0,0,0,13,0
1712,0,12,4,68,7,4,0,16,1,170,0,5,231,0,0,176,0,0
1713,0,0,3,0,35,6,0,12,16,611,0,0,101,18,0,18,0,0
1714,0,12,9,0,0,16,0,16,9,246,52,4,218,0,0,99,8,5
1715,189,44,3,0,108,7,0,0,1,416,33,0,0,49,0,58,0,0
1716,0,54,12,0,0,6,0,15,10,71,20,0,150,0,0,0,67,0
1717,0,33,20,157,13,14,0,26,7,159,40,0,199,11,0,0,19,0
1718,0,76,0,51,44,6,0,0,5,33,47,0,0,26,0,202,15,0
1719,63,20,18,0,35,8,61,0,7,270,0,0,88,0,6,0,0,3
1720,0,19,17,0,63,19,0,10,4,52,16,0,96,0,0,16,5,1
1721,0,16,8,0,0,0,0,38,8,72,21,0,94,0,5,114,31,0
1722,0,10,14,0,38,6,61,15,4,255,20,0,435,16,0,111,0,0
1723,0,20,0,118,0,7,0,19,0,205,10,0,267,0,0,185,13,0
1724,0,21,15,58,23,12,0,19,8,91,0,0,29,0,0,96,23,0
1725,0,12,13,0,7,14,0,16,0,351,0,0,61,14,0,126,16,0
1726,69,11,7,0,0,14,26,0,4,16,0,0,167,0,0,65,0,0
1727,112,19,6,25,7,18,0,0,6,121,0,0,216,0,0,411,22,1
1728,0,85,9,0,46,3,59,0,0,258,0,2,77,7,0,102,11,0
1729,23,0,18,0,4,10,0,17,4,84,0,0,81,19,0,99,0,0
1730,0,15,4,0,0,7,0,58,14,318,0,0,224,0,0,87,37,5
1731,0,20,4,0,0,8,0,0,7,297,16,0,79,0,5,195,16,0
1732,0,12,5,41,23,6,209,18,13,74,18,4,70,0,0,203,9,0
1733,0,31,4,0,59,3,0,0,3,411,0,0,78,40,0,119,12,7
1734,0,0,14,0,25,13,18,0,4,170,23,0,79,31,0,58,19,0
1735,57,7,19,0,28,12,0,0,21,86,12,0,23,12,0,98,19,0
1736,0,0,10,0,20,19,0,18,17,95,67,0,79,0,0,333,23,0
1737,97,38,15,227,51,6,0,51,4,198,16,0,252,0,0,314,11,0
1738,0,11,1,0,0,6,84,23,8,279,0,0,76,18,6,0,0,0
1739,0,0,3,0,16,9,0,6,6,54,18,0,60,10,0,63,0,5
1740,16,0,10,0,19,10,41,16,3,25,0,0,431,0,0,56,16,0
1741,122,22,5,50,34,9,0,0,5,94,0,0,185,38,0,23,6,0
1742,0,23,0,0,15,9,0,0,2,101,0,0,202,0,0,105,0,0
1743,0,41,7,0,0,10,0,0,15,203,6,0,0,35,13,217,40,0
1744,0,20,12,0,15,8,31,8,0,197,0,0,41,4,0,211,0,0
1745,0,14,10,0,0,9,0,5,5,155,16,0,88,0,0,230,23,0
1746,0,48,4,0,20,10,0,26,2,54,62,0,189,0,0,267,21,0
1747,0,62,15,0,0,9,0,0,5,293,17,0,120,8,0,273,0,0
1748,0,20,6,74,23,4,123,0,0,123,0,0,0,20,0,52,8,0
1749,0,34,7,0,45,11,0,0,9,95,8,0,189,0,0,339,24,0
1750,0,19,13,0,0,6,0,12,14,70,0,0,246,0,0,144,0,0
1751,27,4,0,0,0,0,0,0,0,53,0,0,321,43,0,188,0,0
1752,172,42,12,118,21,13,0,28,11,62,0,0,0,0,7,37,16,0
1753,0,6,12,0,16,7,0,28,4,306,12,0,16,9,0,0,14,4
1754,0,21,4,0,7,10,0,0,3,107,41,0,325,21,2,0,0,0
1755,0,7,11,0,0,14,0,6,14,253,36,0,203,29,0,107,10,0
1756,0,12,3,0,9,4,0,21,9,253,0,3,55,0,0,381,19,0
1757,91,22,8,0,13,13,48,0,3,114,5,0,85,16,0,129,0,0
1758,98,51,6,0,9,1,127,14,22,265,0,0,236,21,0,203,0,0
1759,26,9,8,0,40,6,0,15,6,159,10,0,125,43,0,89,19,0
1760,0,31,7,0,22,12,44,9,12,0,19,0,170,13,3,0,0,0
1761,0,0,16,116,0,0,0,0,0,364,19,0,0,27,0,228,0,0
1762,0,0,7,0,0,0,0,0,11,0,16,3,85,0,0,0,0,0
1763,0,6,20,53,19,1,0,10,0,430,38,0,119,0,7,314,0,0
1764,0,0,4,45,22,7,116,12,6,276,5,0,409,0,0,169,35,3
1765,0,0,9,55,21,17,0,27,13,33,31,0,213,0,0,38,0,0
1766,0,0,16,0,33,7,0,18,7,93,44,0,169,0,0,64,21,0
1767,77,10,17,63,0,17,0,0,10,209,0,7,155,0,0,98,8,0
1768,0,5,5,0,40,3,0,0,5,350,4,0,134,21,0,343,0,0
1769,0,0,17,96,0,9,0,30,12,126,5,4,130,19,0,94,0,7
1770,0,19,39,0,31,0,0,27,5,0,9,0,193,0,5,104,43,0
1771,39,30,24,93,42,3,0,33,2,116,41,0,0,0,0,356,11,0
1772,89,0,2,19,15,16,0,18,12,0,28,1,227,21,0,286,11,4
1773,87,18,0,0,37,1,0,16,2,0,0,12,20,0,0,0,6,4
1774,0,16,3,0,50,5,0,23,3,365,13,0,31,0,0,74,0,0
1775,119,30,43,0,0,3,108,15,8,326,17,5,63,0,0,215,0,0
1776,19,46,14,121,12,12,97,18,13,178,40,4,411,33,0,0,0,0
1777,0,16,8,84,39,12,0,0,4,220,0,0,310,0,0,65,0,0
1778,0,0,6,19,0,13,0,22,13,224,33,0,168,0,7,87,0,0
1779,265,14,5,0,17,6,0,19,23,346,15,5,0,7,0,173,22,0
1780,0,24,0,26,0,7,0,73,12,146,20,0,192,46,0,66,0,1
1781,81,0,0,0,19,4,0,22,2,119,0,2,49,0,0,177,10,0
1782,40,27,9,22,27,5,69,0,0,255,0,0,92,22,0,337,47,0
1783,102,19,7,134,29,5,0,12,0,227,32,0,125,0,0,149,0,0
1784,0,4,7,0,39,13,0,10,5,181,0,0,128,0,0,41,0,0
1785,0,0,2,115,31,5,0,43,7,21,0,6,54,0,0,18,14,0
1786,0,76,1,88,15,6,116,20,4,165,35,0,75,7,0,44,0,0
1787,0,0,9,106,0,6,0,0,2,65,6,0,96,28,0,0,33,0
1788,108,23,15,0,29,1,0,0,6,96,16,0,178,23,0,142,0,0
1789,0,42,3,0,34,4,0,34,3,439,0,0,184,12,2,0,21,0
1790,0,39,0,0,5,0,62,36,3,160,12,0,0,19,2,79,0,0
1791,0,46,4,0,0,8,0,17,17,18,19,0,0,16,0,0,0,0
1792,143,37,7,62,0,9,59,0,15,163,0,0,279,41,0,93,31,0
1793,102,4,8,0,10,7,37,0,3,130,34,5,143,28,0,262,0,0
1794,0,4,7,0,41,6,0,0,9,47,47,0,112,5,0,223,9,0
1795,0,19,10,0,29,8,0,0,18,244,39,7,0,0,0,22,0,0
1796,0,0,10,0,0,14,0,18,16,298,73,0,0,0,0,111,0,0
1797,0,0,26,102,10,27,0,10,7,119,12,0,0,0,0,114,0,0
1798,0,54,18,0,17,32,0,32,10,238,38,0,263,0,10,0,13,0
1799,127,35,15,0,10,4,23,0,7,73,8,4,64,0,0,46,0,0
1800,90,21,13,0,21,9,0,35,3,234,6,0,165,15,0,61,21,0
1801,0,8,2,0,31,19,0,41,9,160,32,0,106,29,0,175,0,1
1802,0,16,7,0,59,8,0,20,7,118,11,0,107,23,4,268,0,0
1803,0,0,0,126,32,5,0,28,0,92,0,0,120,26,4,389,0,0
1804,0,34,9,0,14,23,0,0,2,62,0,0,72,14,0,57,17,5
1805,189,7,17,0,19,6,0,0,0,0,5,0,167,11,0,103,30,0
1806,0,29,6,0,39,1,0,15,11,111,19,0,0,23,0,149,0,0
1807,56,44,13,0,5,0,0,11,4,444,23,0,166,0,0,112,0,5
1808,125,0,15,0,34,5,0,0,2,84,13,5,0,12,0,288,10,0
1809,60,19,12,0,0,3,0,33,5,193,0,6,124,0,0,0,0,0
1810,24,65,13,0,0,3,0,0,0,93,21,0,146,4,0,242,22,6
1811,65,20,21,0,0,4,0,17,14,431,0,0,39,34,0,311,10,0
1812,0,0,38,50,0,15,0,18,14,194,34,0,87,30,0,71,62,7
1813,155,11,11,109,13,8,0,47,9,436,26,0,326,17,0,89,13,0
1814,0,25,18,0,0,10,0,38,19,116,31,2,229,35,0,68,0,4
1815,0,0,16,0,23,22,0,0,7,0,28,0,0,48,0,0,0,0
1816,0,4,15,0,4,0,0,23,4,344,58,2,22,0,1,118,10,0
1817,23,19,16,0,67,17,0,12,10,139,0,6,96,0,0,364,0,0
1818,69,31,18,109,15,10,0,0,0,80,12,0,85,15,0,165,33,0
1819,0,10,5,204,0,6,0,12,2,261,18,0,44,17,0,225,0,0
1820,0,0,18,0,9,5,0,4,12,340,0,0,304,45,0,0,23,0
1821,101,0,4,0,30,19,182,14,9,325,11,0,330,0,0,147,0,0
1822,26,23,9,0,16,5,0,18,11,106,34,6,0,25,0,600,0,0
1823,115,0,5,0,38,34,0,25,0,414,43,0,326,0,7,31,0,0
1824,73,0,18,0,33,6,181,6,8,121,19,0,0,17,0,142,20,0
1825,0,17,10,0,42,4,0,0,15,0,25,0,192,0,0,38,0,0
1826,0,38,13,0,20,10,0,11,6,96,32,0,0,0,0,61,10,0
1827,0,35,6,116,9,24,0,17,0,0,0,0,153,28,0,126,18,0
1828,0,10,7,0,0,2,0,19,7,147,0,0,144,0,0,76,12,0
1829,0,32,0,0,0,25,121,18,0,334,0,0,0,14,4,217,0,7
1830,0,0,12,0,13,3,0,16,7,118,35,0,0,7,0,122,20,0
1831,109,17,6,0,16,3,0,14,0,34,15,0,157,24,0,168,0,0
1832,312,28,15,0,16,1,0,0,5,419,32,0,0,19,0,115,20,11
1833,0,31,11,82,0,1,0,15,3,147,18,6,108,31,1,243,0,0
1834,176,17,0,0,15,9,0,39,7,185,0,0,318,0,0,32,0,0
1835,0,54,7,0,55,3,0,17,11,75,0,0,136,24,0,72,0,0
1836,0,0,8,125,17,3,54,12,10,80,56,0,0,18,0,0,6,0
1837,0,36,11,0,9,6,0,0,0,0,11,0,47,46,0,373,19,0
1838,0,36,7,0,34,7,152,33,0,305,43,0,92,6,0,539,0,0
1839,0,18,12,0,10,14,0,0,5,0,48,0,19,0,0,109,0,6
1840,0,19,9,0,21,1,28,0,10,0,24,7,73,22,3,94,12,0
1841,0,27,32,0,0,6,0,28,7,313,21,0,143,0,0,43,23,0
1842,75,26,2,0,13,4,121,0,8,75,32,0,186,0,4,110,0,0
1843,0,22,1,0,19,8,0,0,6,131,25,0,0,24,0,20,13,0
1844,0,5,20,0,4,3,0,21,6,244,19,0,180,4,0,37,0,6
1845,0,16,11,0,23,5,0,22,6,593,0,0,175,0,0,160,0,0
1846,0,29,2,0,21,0,38,0,7,255,9,1,0,0,0,142,0,0
1847,63,50,5,0,0,12,0,14,2,131,4,5,263,12,0,20,23,0
1848,101,35,5,0,0,2,0,15,5,0,0,0,205,19,0,134,36,1
1849,0,35,16,49,52,5,0,0,5,398,64,0,174,21,0,43,27,0
1850,98,14,3,79,46,1,0,15,12,43,0,0,45,11,0,71,19,0
1851,0,37,25,0,0,11,23,48,16,319,36,2,41,14,0,247,54,0
1852,0,0,7,0,47,4,109,17,0,129,0,0,116,36,0,273,13,0
1853,0,56,9,0,6,2,0,14,6,272,5,0,130,0,0,91,0,0
1854,0,16,14,0,10,4,118,47,21,158,21,0,0,0,0,52,0,0
1855,0,28,0,17,0,14,82,44,11,51,32,0,0,21,0,172,7,0
1856,122,50,9,0,33,9,0,0,13,0,16,0,0,15,0,298,0,0
1857,0,0,10,0,0,15,0,38,16,94,31,0,56,0,6,254,35,0
1858,54,17,5,0,4,8,0,31,3,176,14,4,102,13,6,32,54,0
1859,0,35,3,0,0,20,103,11,5,148,54,1,48,0,0,278,27,0
1860,0,9,13,102,41,3,0,0,3,157,7,6,0,4,0,89,32,0
1861,0,0,20,0,0,18,0,21,7,231,30,0,49,22,0,118,10,0
1862,0,4,9,0,14,3,0,15,6,138,0,0,107,9,0,0,7,0
1863,0,15,9,0,0,12,0,19,21,64,53,0,195,9,0,95,26,0
1864,0,0,3,0,49,2,0,28,0,123,22,0,36,43,0,26,0,0
1865,0,0,7,20,4,10,0,4,6,141,20,0,0,48,0,310,0,0
1866,55,0,16,0,11,7,0,9,0,404,0,3,133,0,3,114,17,0
1867,87,24,2,0,37,1,0,0,7,124,41,0,231,15,2,0,20,0
1868,121,21,6,0,65,8,0,0,8,64,0,0,336,21,0,244,5,0
1869,88,0,12,0,0,6,0,18,16,176,37,0,183,0,1,241,21,3
1870,0,29,14,84,27,8,0,0,6,88,26,0,255,31,0,172,8,0
1871,0,12,0,0,25,5,0,0,1,0,24,0,216,24,5,59,17,0
1872,0,54,12,0,0,0,0,35,2,0,40,0,20,0,0,0,25,0
1873,19,10,10,0,7,0,92,0,3,73,0,0,96,23,0,395,11,0
1874,90,52,7,57,0,6,0,25,0,243,0,0,125,19,7,262,24,3
1875,0,5,5,0,9,5,38,6,9,355,0,0,93,18,0,99,17,0
1876,0,0,5,113,37,3,0,41,3,251,28,0,212,33,0,81,0,0
1877,0,0,15,0,29,10,88,0,1,87,8,0,314,4,3,116,17,0
1878,0,7,18,0,0,9,0,23,11,108,44,0,153,0,0,60,0,2
1879,0,47,0,93,0,6,68,0,12,143,21,3,74,0,0,138,33,0
1880,42,35,3,202,27,0,0,8,15,208,9,2,23,17,0,62,22,0
1881,0,5,13,0,0,16,0,0,4,0,21,0,121,30,0,0,0,0
1882,0,53,5,0,0,0,0,46,12,168,49,0,195,0,0,369,0,0
1883,184,22,3,0,5,1,0,0,0,211,16,0,0,6,0,258,0,0
1884,111,0,14,0,24,0,0,0,3,59,49,0,286,4,0,117,19,0
1885,0,18,6,0,21,1,0,0,13,218,47,0,82,9,1,34,0,0
1886,0,0,17,20,18,6,52,0,17,198,14,0,60,0,0,91,0,0
1887,0,42,11,0,13,3,0,0,7,175,15,0,140,17,0,0,0,0
1888,86,38,9,0,18,11,0,27,6,367,5,1,116,14,0,83,20,0
1889,0,26,0,0,78,14,0,0,8,266,36,0,172,0,0,37,10,0
1890,0,10,4,0,11,0,55,0,14,79,0,0,0,8,10,184,0,0
1891,0,53,27,0,33,6,0,0,6,0,10,0,331,0,0,38,44,0
1892,118,42,11,0,9,17,0,6,6,122,24,0,0,44,5,136,22,0
1893,0,0,6,0,12,3,0,0,3,53,60,0,123,9,0,184,0,0
1894,0,30,0,0,32,10,0,23,7,68,42,0,44,0,0,18,24,2
1895,0,24,6,0,19,9,103,19,11,0,13,0,50,5,0,41,0,0
1896,0,10,6,104,26,8,0,6,6,302,0,0,291,42,3,58,5,0
1897,0,7,8,154,0,14,0,0,15,73,0,0,149,0,0,129,19,3
1898,0,0,0,0,8,7,0,30,12,146,12,0,73,16,0,40,4,0
1899,0,21,15,0,14,0,0,0,1,0,23,0,164,19,0,98,34,0
1900,0,13,15,0,61,7,0,19,0,461,4,3,0,23,0,97,0,0
1901,0,9,14,0,49,15,20,8,12,136,6,0,169,0,0,53,15,0
1902,0,13,6,0,22,0,83,16,11,35,35,0,0,0,0,126,0,6
1903,60,57,14,0,19,9,62,23,9,0,0,4,162,0,4,123,11,5
1904,0,17,9,0,34,6,0,37,10,110,49,0,0,7,0,68,31,0
1905,0,11,11,0,0,7,0,21,13,211,29,0,38,0,0,137,0,0
1906,0,8,9,0,0,9,0,36,8,114,20,7,0,11,0,115,0,0
1907,0,0,12,0,28,7,44,0,5,54,0,0,120,19,0,0,23,7
1908,0,34,12,110,0,1,46,41,0,0,16,0,187,9,0,109,31,0
1909,232,17,3,80,23,10,0,4,8,221,34,0,229,0,0,0,30,0
1910,0,61,16,0,16,9,56,0,12,157,0,0,0,23,6,45,0,0
1911,0,20,10,0,0,2,112,37,13,78,21,0,180,0,0,222,0,0
1912,30,53,15,28,21,11,74,24,10,181,17,0,106,20,0,45,0,0
1913,0,4,1,0,43,18,111,4,7,0,0,7,0,9,0,143,22,0
1914,0,5,6,107,45,4,124,8,4,249,46,0,57,5,0,110,7,0
1915,0,31,11,0,0,3,0,38,6,0,29,0,229,11,5,93,7,0
1916,0,17,11,68,28,0,0,0,12,0,0,7,0,20,0,0,23,0
1917,21,41,9,149,4,1,0,0,14,160,14,0,218,19,0,154,7,0
1918,53,15,0,0,19,17,35,0,6,206,6,0,146,41,4,215,38,0
1919,0,0,16,0,17,2,0,20,0,183,19,0,327,29,0,115,13,0
1920,0,30,17,0,12,2,0,20,19,209,24,0,97,0,0,0,0,0
1921,127,20,11,0,0,15,0,15,3,195,16,0,197,0,0,181,5,0
1922,0,0,12,120,6,13,104,0,9,310,4,0,124,0,0,0,0,0
1923,89,0,10,0,13,6,60,15,7,0,13,0,276,17,10,176,0,0
1924,0,36,10,20,53,1,0,49,8,327,0,0,138,6,0,227,17,1
1925,253,14,0,21,29,20,0,0,5,121,0,0,150,14,0,0,8,5
1926,0,22,0,0,8,12,220,0,14,351,15,0,0,17,0,264,10,0
1927,0,0,11,0,22,10,0,0,0,368,33,0,80,0,0,88,0,0
1928,0,8,21,121,19,1,122,0,21,108,70,0,0,23,4,49,18,0
1929,0,21,9,0,9,0,111,0,10,61,0,0,179,0,0,252,39,0
1930,26,20,10,0,22,11,89,0,10,57,45,0,0,10,2,97,0,0
1931,0,51,0,0,5,7,0,6,7,236,34,0,125,0,0,92,6,0
1932,0,8,17,0,11,6,0,0,19,293,4,0,126,0,0,0,0,0
1933,0,23,8,0,32,0,0,31,6,449,0,0,0,0,0,0,0,0
1934,76,18,13,0,11,19,21,26,11,120,8,0,386,0,0,301,34,7
1935,0,39,17,0,0,13,0,0,9,188,8,0,227,5,0,220,31,0
1936,0,0,8,0,0,0,0,0,5,164,22,0,0,0,0,124,5,0
1937,0,17,3,0,17,6,95,24,0,255,13,0,170,0,0,88,6,0
1938,0,9,2,0,35,0,0,0,6,21,52,0,76,0,5,80,6,0
1939,118,6,8,87,45,14,125,4,0,420,15,0,263,0,0,175,6,0
1940,43,0,22,80,15,7,0,11,8,75,23,0,47,10,0,31,0,0
1941,0,0,24,115,18,10,158,19,6,60,0,0,74,15,0,116,0,1
1942,0,0,13,0,35,5,0,34,5,339,42,0,114,39,0,0,14,0
1943,0,15,8,0,0,18,0,25,20,148,18,0,210,13,6,93,0,0
1944,0,4,16,0,23,19,0,0,16,308,14,0,434,27,0,0,0,0
1945,0,21,10,0,17,0,94,49,15,57,21,0,317,9,0,48,0,0
1946,0,19,7,59,0,14,124,7,13,54,28,0,30,0,0,229,0,7
1947,0,23,10,0,0,2,0,0,0,0,56,3,46,0,0,0,4,0
1948,0,0,5,0,23,10,0,26,21,298,46,0,352,25,0,314,15,0
1949,45,6,28,0,15,9,0,0,14,97,0,0,89,8,0,120,23,0
1950,0,20,12,0,34,19,0,34,1,197,30,0,0,10,0,80,0,0
1951,65,36,3,0,10,10,18,21,0,172,0,0,119,11,0,197,20,0
1952,0,0,14,38,13,9,19,0,7,184,66,1,392,24,0,70,5,0
1953,37,41,18,0,67,5,0,0,4,224,15,7,84,17,7,0,0,0
1954,109,0,11,0,10,5,0,11,11,217,25,0,86,0,0,116,0,0
1955,0,10,0,0,0,0,0,31,7,208,20,7,142,6,0,202,0,0
1956,0,0,10,0,0,3,0,34,16,352,29,0,27,0,0,0,46,0
1957,0,20,12,77,0,3,0,0,0,44,0,0,67,20,0,125,0,6
1958,0,66,10,95,50,15,0,24,15,0,0,2,0,9,0,0,54,0
1959,0,35,0,0,18,5,37,31,8,187,40,4,511,8,0,0,36,0
1960,0,0,0,113,17,20,0,31,0,234,44,5,91,8,0,110,13,0
1961,122,7,27,93,0,13,0,41,2,359,32,1,209,49,0,0,8,0
1962,0,0,4,0,0,0,0,12,11,459,37,0,131,5,0,268,16,0
1963,0,21,3,0,14,0,0,0,7,193,17,0,0,0,6,0,23,0
1964,0,41,5,0,28,3,0,0,0,155,0,7,329,30,2,151,0,0
1965,0,15,7,0,0,2,76,0,14,59,58,0,190,14,6,106,0,0
1966,0,35,9,127,0,8,65,25,7,109,44,0,220,31,0,65,8,0
1967,0,22,9,67,0,0,0,14,9,415,19,0,0,32,7,0,14,0
1968,0,0,0,0,16,6,0,44,3,263,11,0,242,24,0,132,45,0
1969,239,0,5,100,16,6,0,0,3,230,20,0,125,28,0,26,34,0
1970,0,24,11,31,0,3,0,17,6,107,14,5,168,0,0,0,22,0
1971,0,8,10,0,23,16,42,71,3,155,6,7,0,0,0,0,26,0
1972,0,25,6,0,0,9,0,0,0,146,0,0,56,0,0,198,0,0
1973,0,5,11,0,6,4,0,13,0,0,14,0,86,0,0,54,0,2
1974,0,0,6,0,5,0,115,0,5,376,27,0,95,0,0,269,17,0
1975,0,29,15,0,44,0,0,16,5,386,12,1,177,10,0,76,10,0
1976,87,62,7,0,0,6,0,24,15,253,17,0,60,0,0,0,23,6
1977,0,44,7,0,31,2,0,20,15,124,0,0,207,7,0,0,0,0
1978,0,17,8,0,0,5,77,27,1,284,18,0,261,11,0,133,0,0
1979,61,11,0,80,57,10,0,4,15,153,0,0,165,25,0,193,14,0
1980,72,23,2,0,5,8,96,20,3,205,20,0,81,34,0,96,5,0
1981,30,37,8,74,7,5,0,0,15,226,34,0,101,0,1,294,0,2
1982,0,49,8,91,0,7,91,0,14,124,30,0,129,13,8,0,0,0
1983,64,21,7,0,46,9,109,16,4,309,28,0,72,23,0,110,0,0
1984,0,16,8,0,4,12,0,6,11,373,0,0,153,56,0,166,5,0
1985,20,43,6,0,0,0,0,19,3,158,19,0,78,0,0,65,20,0
1986,0,48,9,76,38,10,0,0,14,151,9,0,73,15,0,0,9,0
1987,0,0,5,0,20,0,0,33,3,473,0,7,76,0,0,92,20,0
1988,0,43,13,0,8,10,88,14,0,155,23,18,48,0,0,47,22,0
1989,116,14,5,0,13,15,0,21,0,381,17,0,40,23,0,0,13,0
1990,0,15,23,50,61,7,0,37,6,233,11,4,28,35,0,0,0,4
1991,125,24,5,0,34,4,0,21,6,392,29,0,105,0,0,144,5,0
1992,0,0,0,31,37,6,0,13,13,172,20,0,113,0,0,94,51,0
1993,49,0,17,0,24,3,0,18,0,98,10,1,66,37,0,160,63,0
1994,111,0,12,138,0,12,0,45,0,108,7,0,122,47,0,61,14,0
1995,0,21,0,0,23,2,0,22,21,33,0,1,166,6,0,54,8,0
1996,0,0,17,49,41,6,0,23,5,36,17,0,59,15,0,68,0,0
1997,0,0,23,0,0,11,0,0,7,161,0,0,100,10,6,0,0,0
1998,0,14,4,0,0,23,137,0,7,137,10,0,177,0,3,31,14,7
1999,0,15,3,0,0,6,0,40,14,259,65,0,162,16,0,67,0,2
2000,21,15,5,0,0,3,62,0,24,110,0,6,114,7,5,48,15,0
2001,54,0,0,18,17,3,46,0,7,50,23,0,265,0,1,193,8,0
2002,0,12,25,0,0,5,0,39,7,68,14,0,198,5,0,61,6,0
2003,164,10,3,0,38,11,0,0,1,73,33,0,98,23,0,183,28,6
2004,0,16,6,106,16,4,0,7,0,160,0,0,55,37,0,187,38,0
2005,192,0,10,0,36,3,0,0,0,122,33,0,0,0,0,80,20,0
2006,0,16,3,0,29,7,0,0,8,179,0,0,316,0,5,72,23,0
2007,0,29,9,0,7,7,83,21,0,251,42,5,361,0,6,76,62,0
2008,0,0,3,110,13,26,0,0,1,192,33,0,190,23,0,115,4,0
2009,127,25,11,0,13,7,0,37,5,249,29,0,270,4,0,70,0,0
2010,168,26,8,0,10,9,0,16,19,242,4,0,396,23,0,224,0,0
2011,0,78,6,62,30,0,0,18,17,285,35,0,113,13,0,152,7,0
2012,0,59,5,0,21,0,95,11,8,232,0,1,227,21,0,0,51,0
2013,0,0,23,235,5,0,123,0,34,275,6,0,314,32,0,119,35,4
2014,0,24,0,58,12,9,0,5,0,23,48,0,65,27,0,448,53,0
2015,49,71,7,74,8,3,112,16,0,241,26,5,169,0,8,120,20,0
2016,58,8,6,0,4,6,29,0,4,146,0,0,89,0,0,201,0,0
2017,0,45,7,0,21,5,43,13,4,422,11,0,0,0,4,48,0,0
2018,0,15,6,0,0,13,0,0,0,420,0,0,255,31,0,173,12,0
2019,0,0,0,220,0,1,0,10,3,405,36,0,47,31,0,242,23,0
2020,0,20,8,0,8,11,0,18,1,254,0,0,234,0,0,0,7,0
2021,0,0,4,186,15,5,0,42,11,432,0,0,200,0,10,103,23,0
2022,0,30,6,0,9,1,0,7,4,37,26,0,65,0,0,116,7,0
2023,244,7,9,0,0,8,115,4,4,118,0,7,0,40,2,142,21,0
2024,112,0,10,21,14,7,87,22,11,227,25,0,108,7,0,169,7,1
2025,0,0,21,67,8,1,0,16,6,315,9,0,44,4,7,0,0,0
2026,0,35,4,0,0,13,0,31,3,126,0,0,122,0,0,282,5,4
2027,44,53,5,0,29,11,0,0,0,276,14,5,176,12,0,58,0,0
2028,0,18,0,0,43,1,0,38,4,411,24,0,197,57,0,73,10,4
2029,0,17,6,51,25,6,0,34,9,189,59,0,249,12,0,95,19,0
2030,0,14,4,0,5,10,0,48,6,74,0,0,38,58,5,72,22,0
2031,0,18,7,64,33,16,0,15,8,153,14,1,126,0,0,92,19,0
2032,0,17,10,0,17,17,0,29,9,33,14,0,59,0,0,131,16,5
2033,0,17,5,0,15,12,0,32,12,117,21,5,95,53,0,138,0,0
2034,103,0,13,0,8,14,0,11,6,150,22,1,124,17,0,0,9,0
2035,0,4,11,16,8,30,54,0,16,115,18,0,140,0,6,214,0,0
2036,0,0,8,98,34,1,0,26,4,63,12,0,0,0,0,0,0,0
2037,0,58,6,0,0,9,118,0,4,183,37,0,169,11,0,186,0,0
2038,99,29,9,0,0,15,58,23,0,257,0,0,127,21,0,200,0,0
2039,0,67,3,103,17,0,40,43,15,277,0,0,96,20,0,109,0,0
2040,0,11,2,0,0,5,61,20,13,146,32,0,331,17,0,170,14,0
2041,106,33,9,0,0,5,112,0,5,26,0,0,0,0,0,83,0,0
2042,0,0,0,0,0,0,0,38,6,110,29,2,0,5,0,0,49,2
2043,0,37,9,0,26,11,0,44,1,289,15,0,0,0,0,17,0,0
2044,37,22,4,0,0,8,0,8,15,43,18,0,166,28,0,50,16,0
2045,0,49,7,128,0,1,0,32,6,210,17,0,192,0,0,0,26,0
2046,0,29,32,233,45,12,0,18,10,230,5,0,64,0,0,309,0,0
2047,0,11,15,125,0,6,0,21,6,167,0,8,0,49,3,0,16,0
2048,0,55,4,204,22,0,0,16,0,99,51,0,22,0,0,217,35,6
2049,0,19,26,0,20,7,0,34,2,278,0,0,240,0,0,112,0,0
2050,43,64,16,0,12,17,0,14,15,137,20,0,0,0,7,26,0,0
2051,0,12,1,70,33,7,0,14,7,48,15,0,60,4,0,99,27,0
2052,0,6,15,0,61,6,190,0,9,352,14,0,45,0,0,66,0,0
2053,79,62,8,0,7,14,0,0,1,92,34,0,125,49,3,0,0,0
2054,0,20,28,0,0,0,0,31,12,33,11,0,26,0,4,0,0,0
2055,0,0,16,0,9,4,0,27,1,407,17,0,181,0,0,142,5,0
2056,0,0,8,0,34,23,82,31,6,445,22,0,0,22,4,113,0,2
2057,0,0,23,0,24,6,0,4,12,343,43,0,148,54,7,65,56,0
2058,0,0,7,0,11,4,111,0,18,188,22,1,63,0,0,42,37,0
2059,0,0,7,97,7,13,0,22,7,51,0,0,254,0,9,105,6,0
2060,42,6,9,0,0,11,0,6,3,140,20,0,104,0,0,238,4,0
2061,0,24,10,0,25,4,19,13,1,74,23,1,0,25,3,264,26,0
2062,0,12,7,0,11,1,0,30,5,80,0,5,95,10,6,189,9,0
2063,123,15,20,0,30,13,0,12,0,416,24,0,222,14,0,201,0,0
2064,102,7,0,24,12,6,0,7,12,277,17,0,101,0,0,0,11,1
2065,0,15,8,0,40,4,0,0,0,101,0,0,128,5,0,347,18,6
2066,0,11,10,168,11,4,0,0,25,106,0,0,471,0,0,60,0,0
2067,50,0,3,0,20,4,0,6,10,40,22,0,218,34,5,142,0,7
2068,29,25,13,0,32,0,99,13,3,214,23,0,265,0,5,54,8,5
2069,0,4,1,0,17,8,0,0,20,63,15,1,24,0,0,269,0,0
2070,0,65,10,0,29,10,0,0,0,87,11,0,63,16,0,142,7,0
2071,0,54,7,0,0,15,0,20,7,92,31,0,100,0,0,0,0,0
2072,0,8,19,0,8,6,100,13,2,0,31,0,222,29,0,119,17,0
2073,134,30,0,0,21,4,0,41,4,144,0,3,161,6,0,0,0,0
2074,0,0,11,91,0,11,0,9,6,184,33,0,156,0,0,287,22,4
2075,0,0,8,0,5,0,0,12,11,105,0,0,22,0,0,99,35,0
2076,217,13,9,0,0,11,135,0,13,199,84,0,62,0,0,133,0,0
2077,0,42,9,0,43,21,155,19,11,19,0,2,110,0,3,154,5,0
2078,54,39,14,178,0,7,0,14,0,212,20,0,258,20,0,109,0,0
2079,0,14,14,0,0,27,0,0,16,145,21,0,79,14,0,119,32,0
2080,0,5,17,0,24,1,35,7,23,147,0,0,38,42,0,98,0,0
2081,0,0,11,0,14,15,109,0,4,419,0,0,386,25,12,0,0,0
2082,66,5,10,0,0,6,0,13,9,0,25,0,190,34,0,73,0,0
2083,0,16,19,50,29,1,0,6,1,313,51,0,73,8,0,108,7,0
2084,0,0,12,0,28,13,39,12,6,224,32,0,292,0,0,0,0,0
2085,0,0,5,118,8,6,0,18,3,91,0,0,78,0,0,47,20,0
2086,0,27,4,0,29,7,0,28,5,211,14,0,0,6,1,126,15,0
2087,0,41,5,0,9,6,0,28,10,300,51,0,135,6,5,116,0,0
2088,0,59,6,0,0,3,33,12,13,206,15,0,231,0,0,91,17,0
2089,0,22,18,77,0,6,0,0,7,355,0,0,340,7,0,91,21,0
2090,0,22,17,80,4,1,0,0,11,248,0,0,0,23,0,122,29,3
2091,61,0,12,0,4,8,0,35,9,495,25,0,0,20,0,0,0,0
2092,113,14,6,61,0,8,147,15,5,418,32,3,83,0,2,72,0,10
2093,0,34,5,96,23,13,147,0,6,210,46,0,0,38,0,86,0,2
2094,0,36,14,0,0,15,107,45,18,126,27,0,376,42,7,184,0,0
2095,0,17,8,0,20,14,0,25,12,324,22,0,281,25,5,0,0,0
2096,0,19,4,222,35,4,18,0,6,152,15,0,0,31,0,129,0,0
2097,102,0,11,246,7,14,0,29,3,134,18,0,191,0,0,167,0,0
2098,0,7,13,65,0,7,0,0,0,199,0,0,95,22,2,0,21,0
2099,77,28,3,0,55,8,0,4,17,64,109,0,119,32,0,106,0,0
2100,0,20,12,0,0,5,100,7,0,180,4,0,106,17,6,0,12,0
2101,0,12,0,0,18,7,26,18,4,91,0,0,217,18,0,0,32,0
2102,0,20,18,0,6,10,0,0,21,101,28,5,0,16,0,50,0,0
2103,0,22,14,0,0,7,0,36,4,126,37,0,0,19,4,144,13,0
2104,0,38,7,76,13,4,29,0,12,82,0,0,67,0,0,31,5,0
2105,0,15,14,0,0,0,246,0,7,84,24,0,60,13,0,0,8,6
2106,0,0,6,0,42,0,69,17,0,270,4,0,26,58,0,107,29,0
2107,0,23,0,0,4,12,0,22,0,226,30,6,0,4,0,57,20,0
2108,0,8,6,127,12,6,119,6,11,107,0,2,156,0,3,85,23,0
2109,51,45,8,0,49,1,0,84,7,193,22,0,0,22,5,57,0,0
2110,0,10,5,0,41,10,0,0,11,126,28,0,0,11,0,206,23,4
2111,0,33,15,0,41,0,17,15,8,445,0,0,116,0,0,68,0,2
2112,0,0,14,79,28,6,0,10,6,0,16,0,16,21,0,210,0,0
2113,0,26,17,0,0,0,0,0,3,68,30,0,94,18,0,25,0,0
2114,0,23,7,0,18,7,92,0,5,95,21,0,44,0,0,431,13,0
2115,0,10,8,139,33,4,0,0,0,256,35,0,0,0,0,58,11,0
2116,0,20,0,84,13,6,0,0,6,219,0,0,450,0,0,110,34,0
2117,66,0,22,0,11,9,101,15,0,227,4,0,340,16,0,213,19,0
2118,0,0,5,107,15,10,0,0,3,273,22,0,64,4,0,141,10,0
2119,0,17,1,37,14,6,53,0,9,307,58,0,0,11,0,76,0,0
2120,0,0,24,0,12,11,74,6,5,279,4,0,174,30,0,72,0,0
2121,0,14,8,0,29,3,85,6,6,108,0,4,178,22,0,161,0,0
2122,109,0,5,0,14,6,0,15,9,0,0,0,113,0,5,200,18,6
2123,0,0,10,38,32,2,0,32,12,0,10,7,41,12,0,98,0,1
2124,0,0,8,0,0,4,0,0,2,97,4,0,21,0,1,83,26,0
2125,0,0,15,18,15,0,53,24,1,441,26,0,27,25,0,70,0,0
2126,0,0,4,0,18,7,0,37,3,186,0,0,51,15,0,87,6,6
2127,0,7,18,94,12,4,0,36,10,159,22,0,70,0,0,81,20,0
2128,0,32,22,0,0,10,0,44,24,226,0,0,0,0,0,336,15,8
2129,74,9,12,0,19,18,0,8,6,194,35,0,223,12,6,111,14,0
2130,28,14,9,0,18,1,0,14,12,271,0,0,0,0,6,140,19,0
2131,0,0,17,0,6,0,0,0,0,159,0,0,198,22,1,33,8,0
2132,0,34,2,0,0,9,0,0,0,432,49,0,206,31,7,107,37,5
2133,0,42,19,81,20,3,0,17,6,147,5,0,0,19,4,32,0,2
2134,0,44,13,0,29,0,40,28,16,82,14,0,242,16,5,0,4,0
2135,66,14,30,0,12,9,0,8,5,263,29,1,67,8,0,16,0,0
2136,0,14,11,0,15,1,0,19,0,0,0,0,66,22,0,33,0,0
2137,105,21,9,0,8,16,0,0,7,158,65,4,317,19,7,142,0,0
2138,24,18,3,22,18,0,0,20,2,434,9,0,291,20,7,0,0,0
2139,0,38,6,0,32,7,0,9,0,297,4,6,250,26,0,319,0,0
2140,0,34,11,72,0,11,0,0,0,198,0,0,91,0,0,425,32,0
2141,0,0,6,0,23,10,0,0,11,160,64,0,101,10,0,157,10,0
2142,0,14,15,0,32,7,0,0,4,263,21,0,0,5,0,62,0,0
2143,0,19,4,182,37,14,0,0,5,239,29,0,159,0,0,301,0,0
2144,51,20,12,0,0,9,105,17,0,0,21,0,97,0,0,38,21,0
2145,101,17,17,0,19,13,0,0,12,85,0,0,84,28,5,234,0,3
2146,0,34,4,0,19,5,19,6,0,48,26,0,169,0,0,421,7,0
2147,0,18,14,0,0,5,39,0,7,0,22,0,0,0,11,121,15,0
2148,0,8,11,0,0,9,0,8,16,439,0,0,198,80,0,208,0,2
2149,0,20,2,207,0,15,93,0,15,216,11,7,153,18,0,182,0,3
2150,92,37,6,0,39,9,0,0,8,203,0,0,144,0,0,114,18,0
2151,0,66,18,0,23,3,0,22,11,24,0,0,289,0,0,236,0,1
2152,0,6,9,74,0,0,0,34,9,295,11,0,51,0,5,0,16,0
2153,117,11,15,0,17,10,96,0,11,0,0,0,81,0,0,16,11,0
2154,56,49,5,0,0,16,0,15,4,0,17,0,99,0,0,117,0,0
2155,0,40,6,0,0,15,0,23,3,107,31,0,288,11,4,256,0,0
2156,55,17,14,37,52,4,0,0,19,90,8,6,205,12,0,25,8,0
2157,0,0,8,0,0,18,0,0,0,211,28,7,0,0,0,287,0,1
2158,0,16,0,167,23,10,0,15,0,40,28,5,0,15,0,211,10,0
2159,0,30,10,31,23,0,0,0,12,193,33,0,43,0,0,0,0,7
2160,0,0,12,0,22,6,0,11,6,168,0,0,136,0,0,101,22,4
2161,125,0,7,61,27,2,88,16,17,115,0,0,0,13,0,24,43,0
2162,0,23,14,0,15,9,0,5,6,75,32,1,46,36,0,0,0,0
2163,0,0,13,0,17,9,0,0,8,151,34,0,117,9,0,337,19,11
2164,0,29,12,0,58,4,73,15,4,16,0,0,224,0,0,83,0,0
2165,23,22,7,0,7,7,0,24,0,208,11,0,73,39,0,28,17,0
2166,17,0,11,0,0,7,54,0,8,347,15,0,99,15,4,169,0,0
2167,0,0,0,0,0,14,0,7,31,266,9,0,116,15,0,189,0,0
2168,0,10,8,67,0,7,90,4,0,208,16,0,427,28,0,228,0,0
2169,0,54,7,0,64,0,0,41,5,216,17,0,0,15,0,177,0,0
2170,0,9,24,0,29,7,0,11,2,118,0,0,0,0,0,158,7,0
2171,0,0,7,0,0,12,0,35,18,44,36,0,0,12,0,0,0,0
2172,131,17,9,0,4,4,0,0,13,70,42,0,102,16,0,84,60,0
2173,58,26,16,0,28,5,0,15,0,0,5,2,287,12,0,177,35,4
2174,0,30,18,0,11,5,141,16,1,233,26,0,185,0,0,303,23,0
2175,44,23,3,42,29,4,0,0,2,223,12,0,57,0,0,335,0,0
2176,0,0,6,0,21,16,0,0,22,163,45,0,0,0,0,0,0,6
2177,0,0,0,0,0,6,185,50,9,50,0,0,45,0,3,36,41,5
2178,0,41,1,56,0,4,0,32,0,63,26,0,264,0,0,201,0,10
2179,45,0,16,0,5,0,0,31,14,0,14,0,89,0,0,44,23,0
2180,0,13,7,0,48,6,0,0,0,96,48,0,0,0,0,382,0,0
2181,0,0,14,0,21,11,30,47,4,96,15,0,210,10,0,0,0,0
2182,48,9,14,0,30,3,0,40,8,177,22,0,204,0,0,98,30,0
2183,34,18,14,0,0,22,0,10,9,23,31,0,364,0,0,123,0,0
2184,136,4,10,0,33,7,32,18,14,355,0,0,108,8,0,102,38,0
2185,0,6,13,0,19,4,82,37,5,135,69,0,178,8,0,248,0,7
2186,0,0,18,160,35,0,0,27,3,432,4,0,69,0,0,0,0,0
2187,0,41,3,0,39,11,0,83,16,149,16,0,98,21,7,127,23,0
2188,0,31,14,0,20,4,127,0,15,93,24,0,44,10,0,349,15,0
2189,0,24,17,0,40,14,0,6,9,124,52,0,107,32,0,0,0,0
2190,64,4,0,0,0,6,26,42,5,238,54,0,271,23,0,52,0,0
2191,0,42,10,0,37,18,0,0,6,334,8,0,172,42,0,0,21,0
2192,0,38,17,76,22,5,97,0,0,390,0,0,311,11,4,108,8,1
2193,154,22,5,45,5,0,0,52,8,137,18,1,172,8,0,174,10,0
2194,0,5,11,0,41,9,0,0,7,161,8,0,0,40,0,272,10,0
2195,22,0,8,0,5,0,119,0,4,34,40,0,0,49,6,58,0,0
2196,100,39,3,44,0,6,16,7,6,423,53,0,49,18,0,261,13,0
2197,90,17,2,61,0,11,0,25,18,237,0,5,113,0,1,84,0,3
2198,0,17,10,0,24,1,0,6,3,163,19,0,28,22,0,121,7,0
2199,0,38,5,0,50,1,0,9,5,181,0,0,84,0,0,167,15,2
2200,0,44,0,60,37,1,24,31,11,0,57,0,111,19,6,39,0,0
2201,226,21,10,0,13,0,0,0,15,99,25,3,84,32,1,341,20,0
2202,0,13,0,0,19,17,0,12,5,179,59,0,161,0,0,17,24,5
2203,113,49,8,92,21,5,91,5,7,0,29,0,212,9,1,256,21,0
2204,0,22,5,0,0,6,0,12,4,132,23,0,154,0,0,218,14,0
2205,0,9,3,0,0,5,74,0,1,260,13,4,309,0,0,202,0,0
2206,51,75,2,104,13,10,0,56,0,215,9,0,0,0,0,70,0,0
2207,56,29,7,0,31,9,107,55,12,0,25,0,109,14,0,167,46,0
2208,0,0,19,0,41,9,0,0,12,427,0,0,121,0,0,99,0,0
2209,0,0,0,0,18,12,0,5,12,46,0,5,199,0,0,103,17,0
2210,0,13,10,0,13,8,0,0,9,159,48,0,470,0,0,0,25,0
2211,0,0,18,120,29,4,0,16,6,71,0,0,242,24,0,258,0,0
2212,86,0,12,106,8,3,93,0,7,317,43,0,286,0,0,310,0,0
2213,141,0,7,0,5,9,0,0,5,0,46,0,246,28,9,0,6,0
2214,0,29,18,0,26,3,0,0,10,0,30,2,29,0,0,37,43,0
2215,0,0,6,0,57,4,0,28,0,325,4,0,170,0,5,47,65,0
2216,0,0,12,66,0,5,99,9,21,86,0,0,0,0,0,83,0,0
2217,0,6,17,168,49,7,115,0,7,125,34,0,245,24,6,280,19,0
2218,0,14,21,0,15,11,0,23,7,210,0,0,59,0,0,23,0,0
2219,77,0,13,0,13,6,0,0,1,673,10,2,112,37,0,232,4,0
2220,0,19,21,0,20,0,122,23,6,132,22,0,146,11,3,158,19,0
2221,0,4,9,0,13,0,0,9,6,174,34,0,94,16,0,66,0,7
2222,0,0,8,0,0,12,0,22,9,126,17,0,147,0,0,0,9,0
2223,0,57,9,0,16,0,116,5,4,237,13,0,100,7,0,127,23,0
2224,0,0,8,0,0,9,0,25,7,358,5,1,96,0,5,78,0,4
2225,0,47,4,0,15,8,0,42,11,286,26,1,0,11,4,249,20,0
2226,0,22,21,63,8,4,0,0,13,241,0,0,77,0,0,190,16,0
2227,0,19,4,20,0,0,103,15,7,0,8,0,182,0,0,24,0,5
2228,0,0,23,17,5,16,51,32,6,0,0,0,0,0,0,183,0,0
2229,0,39,0,109,0,2,123,18,9,0,21,0,102,4,0,312,0,0
2230,54,12,12,124,10,0,0,9,22,156,42,0,79,30,0,19,0,6
2231,0,44,7,0,20,2,0,0,7,162,51,0,0,0,0,331,29,6
2232,0,0,30,0,0,1,0,0,11,21,0,0,160,14,6,57,23,0
2233,72,0,5,0,28,4,0,0,0,74,0,0,0,0,0,297,43,0
2234,16,0,20,0,15,18,107,6,12,302,19,0,277,19,0,60,0,0
2235,0,20,7,25,12,10,0,11,6,0,63,0,113,41,0,133,0,7
2236,0,62,14,118,30,9,0,40,0,141,44,5,112,11,0,320,0,0
2237,92,12,25,0,37,6,68,17,9,198,0,0,243,11,3,179,0,0
2238,0,16,7,0,33,2,117,0,0,369,30,0,42,21,0,92,0,4
2239,53,0,4,0,34,7,0,17,0,309,0,0,347,5,16,0,12,1
2240,0,0,9,0,20,7,0,0,8,145,0,0,245,22,0,29,15,4
2241,94,32,23,31,0,8,0,12,3,22,12,0,60,15,0,220,13,0
2242,0,6,9,0,31,14,0,21,6,159,66,0,17,0,0,119,6,0
2243,0,0,0,0,20,10,0,19,15,63,16,0,198,19,0,64,10,0
2244,54,11,4,25,0,11,0,0,14,201,20,3,116,41,0,375,70,0
2245,140,19,13,0,18,5,36,27,7,46,37,2,95,8,0,202,0,0
2246,0,33,6,160,0,7,0,0,14,321,8,0,33,20,0,16,10,0
2247,0,0,5,135,33,6,60,27,9,219,0,0,74,16,0,0,0,0
2248,0,23,16,53,0,1,0,36,12,95,55,0,61,0,0,113,0,0
2249,124,0,5,0,0,0,0,15,0,0,31,0,252,19,0,210,21,0
2250,0,85,7,0,0,0,0,0,7,132,28,6,60,0,0,120,0,0
2251,80,22,14,69,0,0,39,25,6,185,16,0,0,12,0,0,0,1
2252,53,7,19,0,12,0,0,20,7,82,4,0,0,9,0,77,42,0
2253,137,0,14,0,7,2,34,12,23,143,19,0,92,0,6,0,15,0
2254,0,43,22,43,22,2,0,0,7,126,0,0,55,16,0,34,13,0
2255,196,68,21,0,20,10,0,0,4,286,0,4,84,16,0,160,29,5
2256,219,18,19,0,0,12,25,11,2,133,0,0,94,12,0,41,35,0
2257,0,49,7,0,19,7,94,0,6,165,14,8,150,0,0,0,29,0
2258,0,42,0,0,0,0,91,13,21,251,15,0,103,9,0,152,0,0
2259,0,15,18,85,9,6,0,0,9,346,0,0,77,22,5,0,18,9
2260,0,0,8,0,42,19,0,12,0,198,23,0,124,7,1,52,0,0
2261,0,20,13,0,13,12,50,16,6,437,0,3,32,20,0,191,0,0
2262,0,0,2,0,40,5,68,0,7,47,43,0,135,19,2,66,25,0
2263,77,39,0,0,22,1,0,59,17,82,14,7,65,39,0,52,4,0
2264,0,35,6,42,10,13,0,0,13,166,22,0,0,22,3,113,0,7
2265,0,0,8,0,31,13,0,18,0,154,22,0,0,27,0,62,0,0
2266,85,43,4,0,26,1,64,20,7,83,33,3,331,8,0,80,10,0
2267,0,0,3,0,29,20,0,60,14,94,38,0,359,19,0,0,23,0
2268,0,20,10,0,43,0,0,15,5,247,7,0,88,46,0,161,0,0
2269,96,16,18,79,58,5,0,16,6,47,0,0,89,0,0,23,0,0
2270,39,13,10,117,0,6,97,18,0,112,19,0,58,7,0,208,0,0
2271,0,4,18,0,21,13,0,0,0,100,55,0,173,0,0,0,33,0
2272,0,55,9,0,19,23,92,30,2,48,37,0,285,0,0,113,12,0
2273,0,21,0,148,0,10,0,0,6,0,13,0,96,23,0,33,0,6
2274,116,0,28,0,41,10,0,11,4,37,4,0,143,9,4,0,0,0
2275,121,38,8,0,43,19,0,42,8,80,11,0,33,0,0,102,20,0
2276,0,11,9,0,37,5,0,0,11,287,38,0,427,12,0,0,14,0
2277,0,90,9,97,13,0,0,19,10,146,0,0,0,7,0,386,16,0
2278,0,34,19,0,22,7,45,24,0,230,22,0,33,4,0,124,0,0
2279,0,39,7,0,0,12,56,61,7,277,5,0,67,0,0,229,0,0
2280,0,27,2,0,11,23,113,17,0,133,16,0,388,11,0,263,0,0
2281,0,41,7,97,13,3,27,0,13,112,17,0,275,5,0,40,15,0
2282,0,16,3,0,35,12,0,15,21,30,22,2,227,8,0,158,18,0
2283,0,24,9,86,43,18,0,19,5,48,23,0,94,19,0,179,0,0
2284,0,43,7,0,19,6,0,0,17,281,0,0,65,0,0,68,12,0
2285,0,29,17,0,10,11,0,30,12,179,0,0,122,31,0,213,24,0
2286,0,0,13,0,30,5,0,30,7,201,14,0,142,15,0,0,0,8
2287,0,0,0,0,12,12,0,19,5,242,21,0,402,12,0,155,40,0
2288,0,15,16,0,12,5,0,0,10,100,0,0,23,17,7,352,16,4
2289,0,0,9,44,69,4,0,25,13,124,0,2,52,65,6,18,7,0
2290,0,54,1,0,18,10,0,13,1,167,6,7,0,8,7,61,0,0
2291,32,45,6,0,21,17,0,0,11,101,18,0,203,0,2,172,0,0
2292,0,7,10,86,0,14,0,20,0,128,0,0,45,13,0,25,0,0
2293,0,0,14,0,22,11,0,0,0,206,55,0,0,0,0,62,19,0
2294,115,22,6,0,33,27,0,32,0,116,26,3,457,48,7,46,17,0
2295,71,30,1,0,24,24,0,7,0,368,30,0,181,60,0,0,0,0
2296,0,0,0,0,31,3,0,0,2,256,25,0,0,22,0,173,7,0
2297,0,20,24,0,14,7,100,0,8,388,56,0,224,0,2,334,17,0
2298,0,0,2,0,6,17,0,36,5,127,9,0,40,0,0,0,13,0
2299,145,42,14,0,0,6,0,9,0,185,19,0,195,26,0,0,10,0
2300,0,44,5,0,20,0,73,43,7,0,18,0,0,0,0,452,34,1
2301,0,44,24,48,16,9,0,0,7,269,5,0,36,0,0,181,7,3
2302,0,0,30,0,5,6,123,9,4,0,39,0,36,0,0,42,19,4
2303,0,0,4,40,11,0,0,0,15,221,0,0,107,0,2,0,36,0
2304,0,0,13,0,4,18,61,18,6,192,20,0,0,0,0,0,0,0
2305,0,14,9,156,21,24,0,0,10,265,19,0,182,0,0,0,18,0
2306,68,12,12,0,21,11,0,7,0,203,55,0,332,11,2,0,56,0
2307,111,14,3,0,18,10,0,21,9,129,63,0,39,0,0,159,0,0
2308,0,0,0,0,11,14,0,23,13,599,29,0,219,47,0,159,0,0
2309,0,26,7,0,38,3,0,0,6,36,26,0,0,29,4,360,38,0
2310,48,0,11,0,0,10,47,9,0,0,0,0,28,24,0,140,19,0
2311,0,14,0,0,14,3,0,0,4,27,17,0,193,0,0,76,0,8
2312,26,11,20,113,20,10,0,34,12,152,20,0,0,0,0,212,0,0
2313,0,0,19,0,0,5,0,15,3,102,0,3,0,26,0,176,0,0
2314,0,0,5,17,29,5,0,0,3,569,0,0,44,17,0,393,13,0
2315,0,0,12,0,26,10,0,6,0,296,63,0,105,8,0,188,32,0
2316,0,14,3,0,9,11,0,44,6,97,0,5,132,33,0,24,22,4
2317,0,0,13,259,4,3,0,11,17,263,15,0,0,0,0,211,11,0
2318,42,0,7,75,0,10,0,16,4,0,30,0,133,21,7,202,44,0
2319,25,10,13,0,0,11,0,18,4,294,0,0,86,33,0,299,4,0
2320,63,18,6,0,0,13,0,19,0,223,0,0,277,0,0,17,0,0
2321,0,36,14,54,0,7,0,0,6,247,0,0,89,0,0,160,9,0
2322,0,0,6,54,41,11,0,9,3,130,0,3,159,0,0,0,23,12
2323,0,0,3,0,27,10,0,40,5,0,33,2,85,26,0,166,0,0
2324,0,29,20,0,41,0,0,0,2,112,0,1,0,0,0,233,0,0
2325,0,37,10,0,12,10,0,15,20,61,36,0,92,10,0,0,26,2
2326,0,35,11,0,37,6,0,17,2,356,28,0,114,9,0,171,0,0
2327,0,106,8,0,0,3,42,0,1,328,42,0,160,0,0,73,19,0
2328,0,0,18,114,18,4,0,0,10,415,26,0,37,7,0,187,0,0
2329,0,8,19,0,20,3,0,22,2,165,21,0,51,20,0,0,35,0
2330,0,15,7,79,14,12,223,14,0,110,7,0,127,18,0,45,0,0
2331,0,15,18,0,17,7,0,19,8,75,23,0,116,0,4,70,0,0
2332,0,44,15,106,46,0,76,0,2,34,40,7,123,25,0,98,0,0
2333,0,0,9,0,10,0,0,16,3,0,0,0,86,20,0,176,0,0
2334,0,12,4,0,0,13,0,0,3,112,14,0,110,24,0,59,20,0
2335,105,44,9,140,30,5,24,0,2,50,0,0,0,37,0,0,28,0
2336,163,5,9,0,42,10,0,25,9,168,27,0,124,24,0,32,22,0
2337,123,17,9,0,0,11,0,43,18,0,4,5,158,7,0,173,0,0
2338,44,23,23,0,18,16,50,14,17,142,0,0,63,0,0,117,33,0
2339,212,47,4,40,16,4,0,28,11,289,56,0,18,18,0,0,0,0
2340,114,18,8,23,50,12,29,8,0,275,32,5,277,0,0,230,0,0
2341,0,32,12,0,31,4,69,15,26,313,22,0,0,0,0,191,26,0
2342,0,43,10,77,15,2,69,0,21,39,0,1,0,0,3,234,23,0
2343,0,30,6,0,11,4,41,21,8,349,23,0,0,20,0,0,28,0
2344,102,21,11,127,26,0,0,0,14,106,9,0,243,0,0,125,34,0
2345,0,22,26,0,0,19,0,29,16,265,40,0,68,16,0,173,42,0
2346,0,18,4,210,28,1,0,16,2,83,18,0,41,48,5,80,8,0
2347,0,5,7,0,0,7,0,11,3,0,53,0,270,0,0,26,29,0
2348,0,0,9,68,25,10,0,20,7,26,31,0,156,21,0,270,11,0
2349,0,37,19,0,11,7,93,14,6,156,11,0,137,0,1,35,4,0
2350,103,28,7,0,5,13,66,16,3,460,12,0,356,27,0,212,0,0
2351,0,0,10,0,24,9,0,32,16,149,22,6,295,17,0,119,21,0
2352,0,9,14,0,26,0,0,4,12,168,39,0,120,0,0,127,0,0
2353,0,22,2,0,0,3,44,19,4,188,72,0,43,0,0,88,50,0
2354,0,4,8,0,33,7,0,26,4,194,16,0,96,0,0,31,0,0
2355,0,62,2,0,21,20,0,22,14,139,35,0,0,0,0,220,0,0
2356,95,17,13,0,21,9,0,0,27,53,15,0,58,4,0,425,20,0
2357,0,0,9,0,53,14,48,0,20,75,15,0,107,18,6,25,20,0
2358,0,21,3,47,0,3,0,7,14,291,5,12,237,36,0,37,14,0
2359,0,0,5,0,52,9,0,34,3,179,23,0,193,0,0,330,0,0
2360,0,12,8,0,11,4,26,19,6,195,0,0,298,39,1,236,9,0
2361,0,17,6,221,9,9,0,38,3,165,0,0,349,8,0,126,15,7
2362,0,5,3,0,32,13,0,0,8,0,19,2,207,14,2,101,20,6
2363,0,19,0,82,15,2,0,0,5,30,19,0,23,0,0,118,0,0
2364,49,39,7,0,0,13,109,15,14,33,10,0,0,44,0,118,7,0
2365,0,0,14,58,9,18,0,15,14,86,57,0,0,0,0,125,0,1
2366,0,14,13,0,0,9,45,16,13,160,22,0,0,19,0,198,0,0
2367,0,9,20,49,0,5,0,20,0,231,5,0,110,11,7,192,4,0
2368,0,0,11,113,0,11,0,10,9,256,38,0,167,15,0,0,13,0
2369,16,19,8,95,0,5,0,0,3,111,0,0,274,22,0,334,0,0
2370,74,10,10,0,5,0,0,0,4,93,36,0,24,0,3,122,0,0
2371,0,32,17,0,8,6,186,0,6,221,23,0,69,0,0,135,23,0
2372,0,0,0,0,75,29,0,17,0,178,23,0,0,0,0,151,17,8
2373,0,18,2,0,0,25,0,0,9,205,15,0,41,17,2,163,9,0
2374,143,8,0,24,10,14,0,5,0,125,19,0,252,12,0,91,14,0
2375,84,44,5,175,0,6,0,8,4,41,0,0,46,16,0,0,7,1
2376,0,11,3,0,26,11,0,0,7,119,10,0,111,34,0,124,17,0
2377,0,35,20,0,4,6,110,0,4,209,0,0,321,55,5,321,0,2
2378,0,0,8,0,18,5,17,21,0,147,23,0,335,42,2,296,9,0
2379,0,38,5,0,15,1,0,28,0,374,14,6,70,0,0,102,9,0
2380,122,0,0,142,19,9,0,22,12,83,22,0,73,20,0,329,16,0
2381,0,43,7,71,4,7,68,37,12,178,0,0,161,7,0,191,0,0
2382,0,19,1,0,8,7,67,19,13,91,19,7,0,23,6,180,0,1
2383,0,25,17,0,33,9,0,0,2,112,17,0,286,14,0,159,0,0
2384,0,0,12,78,0,7,0,17,6,68,6,0,153,6,4,179,0,0
2385,0,0,5,0,33,12,0,35,5,64,34,0,144,0,0,393,0,7
2386,0,15,6,113,51,18,0,14,5,116,60,4,101,17,0,114,12,0
2387,0,16,11,0,33,15,91,0,25,126,15,0,368,68,0,226,0,0
2388,103,85,15,0,10,1,0,18,0,59,33,0,0,0,0,345,0,0
2389,0,21,14,59,13,0,0,6,7,276,0,0,128,22,0,41,7,0
2390,0,16,0,0,30,8,0,0,7,299,54,0,517,16,0,87,15,0
2391,101,34,8,54,29,8,0,0,8,142,0,2,297,14,5,58,21,0
2392,0,53,6,0,8,3,18,14,2,221,29,0,104,9,5,250,0,1
2393,0,15,19,0,0,13,0,18,4,22,21,0,0,0,0,223,23,0
2394,0,16,4,0,61,17,0,0,0,214,41,0,261,17,0,339,17,0
2395,0,19,12,110,0,4,0,8,5,112,42,3,269,0,0,149,0,0
2396,95,6,16,51,17,14,0,25,7,176,59,0,105,16,0,121,14,0
2397,158,46,0,0,19,7,0,16,0,37,27,0,109,39,0,76,39,0
2398,0,0,15,44,21,7,16,0,12,381,11,8,161,30,0,122,36,3
2399,0,0,4,0,75,1,37,11,13,0,0,0,115,13,4,271,0,1
2400,0,0,0,0,0,0,0,0,0,0,0,0,0,0,0,0,0,0
2401,0,0,0,0,0,0,0,0,0,0,0,0,0,0,0,0,0,0
2402,0,0,0,0,0,0,0,0,0,0,0,0,0,0,0,0,0,0
2403,0,0,0,0,0,0,0,0,0,0,0,0,0,0,0,0,0,0
2404,0,0,0,0,0,0,0,0,0,0,0,0,0,0,0,0,0,0
2405,0,0,0,0,0,0,0,0,0,0,0,0,0,0,0,0,0,0
2406,0,0,0,0,0,0,0,0,0,0,0,0,0,0,0,0,0,0
