TaskID,Region,StartHour
25499,RegionB,0
31463,RegionC,0
35004,RegionB,0
36115,RegionC,0
39228,RegionB,0
39265,RegionA,0
41339,RegionA,0
15197,RegionD,1
17221,RegionB,1
23761,RegionB,1
27907,RegionB,1
39430,RegionA,1
5647,RegionA,2
9020,RegionA,2
9101,RegionB,2
19780,RegionB,2
22958,RegionA,2
30518,RegionB,2
33849,RegionB,2
40083,RegionC,2
49578,RegionA,2
3460,RegionB,3
12031,RegionA,3
15383,RegionA,3
36551,RegionA,3
41851,RegionA,3
43098,RegionB,3
4717,RegionA,4
11311,RegionB,4
27475,RegionC,4
47472,RegionA,4
1970,RegionB,5
5714,RegionA,5
10404,RegionA,5
15020,RegionD,5
18195,RegionE,5
20876,RegionC,5
36976,RegionA,5
39287,RegionB,5
3300,RegionA,6
22468,RegionB,6
23962,RegionA,6
29186,RegionB,6
30787,RegionB,6
37945,RegionC,6
42068,RegionB,6
44529,RegionB,6
48504,RegionB,6
49057,RegionC,6
17660,RegionB,7
37127,RegionA,7
9159,RegionB,8
10916,RegionA,8
13615,RegionC,8
14959,RegionB,8
19256,RegionC,8
22425,RegionC,8
24987,RegionB,8
26407,RegionC,8
26744,RegionA,8
30540,RegionE,8
34564,RegionB,8
34725,RegionE,8
42488,RegionB,8
43357,RegionC,8
20428,RegionB,9
23705,RegionE,9
29231,RegionB,9
30858,RegionB,9
45702,RegionB,9
16550,RegionA,10
18475,RegionB,10
20030,RegionC,10
42842,RegionB,10
44470,RegionB,10
673,RegionC,11
11030,RegionB,11
11346,RegionC,11
13810,RegionB,11
18177,RegionA,11
35164,RegionC,11
47136,RegionA,11
48596,RegionB,11
5291,RegionC,12
8480,RegionC,12
11183,RegionF,12
13050,RegionB,12
16083,RegionF,12
29158,RegionA,12
49086,RegionA,12
9291,RegionB,13
25313,RegionA,13
26152,RegionF,13
32064,RegionA,13
32717,RegionC,13
48401,RegionC,13
3249,RegionB,14
10943,RegionB,14
10946,RegionC,14
14997,RegionB,14
15603,RegionC,14
26596,RegionC,14
26769,RegionA,14
29510,RegionD,14
33683,RegionA,14
36591,RegionB,14
38429,RegionB,14
39586,RegionA,14
49368,RegionA,14
9326,RegionC,15
12079,RegionB,15
14132,RegionB,15
14243,RegionB,15
14355,RegionB,15
19878,RegionB,15
19938,RegionC,15
21961,RegionA,15
27050,RegionC,15
31840,RegionA,15
37404,RegionB,15
44095,RegionB,15
45568,RegionE,15
47596,RegionA,15
2196,RegionD,16
3362,RegionC,16
9378,RegionC,16
14205,RegionC,16
18322,RegionA,16
21852,RegionB,16
37928,RegionA,16
45612,RegionC,16
45744,RegionC,16
5204,RegionB,17
13807,RegionA,17
15352,RegionB,17
15705,RegionB,17
17762,RegionE,17
18424,RegionC,17
25713,RegionA,17
45357,RegionC,17
13021,RegionA,18
13772,RegionC,18
15478,RegionC,18
25683,RegionB,18
35095,RegionB,18
41246,RegionA,18
42385,RegionC,18
2521,RegionB,19
8048,RegionA,19
21662,RegionB,19
23535,RegionA,19
32867,RegionC,19
33853,RegionA,19
34504,RegionA,19
25241,RegionA,20
26204,RegionD,20
33214,RegionB,20
45272,RegionC,20
6540,RegionA,21
13853,RegionA,21
27584,RegionA,21
43009,RegionC,21
46454,RegionA,21
2639,RegionB,22
7029,RegionC,22
7092,RegionA,22
12073,RegionC,22
20103,RegionC,22
25578,RegionB,22
25602,RegionA,22
35934,RegionA,22
37313,RegionB,22
37909,RegionB,22
49303,RegionB,22
49353,RegionF,22
4434,RegionA,23
8755,RegionC,23
22173,RegionB,23
25492,RegionB,23
28402,RegionA,23
31947,RegionB,23
32974,RegionA,23
33879,RegionF,23
34086,RegionB,23
34759,RegionA,23
14085,RegionB,24
15952,RegionA,24
49177,RegionA,24
10202,RegionB,25
10786,RegionB,25
11611,RegionA,25
18806,RegionA,25
30801,RegionC,25
40125,RegionA,25
9917,RegionF,26
10227,RegionA,26
18149,RegionE,26
42341,RegionA,26
48267,RegionB,26
49874,RegionB,26
1230,RegionB,27
1397,RegionA,27
3919,RegionB,27
4880,RegionA,27
6834,RegionE,27
23414,RegionB,27
33364,RegionB,27
37669,RegionC,27
39756,RegionD,27
44000,RegionD,27
45166,RegionC,27
49651,RegionB,27
7282,RegionA,28
14266,RegionF,28
21672,RegionA,28
22261,RegionC,28
38617,RegionA,28
41584,RegionB,28
44145,RegionA,28
47836,RegionC,28
3689,RegionB,29
12576,RegionA,29
13274,RegionC,29
24732,RegionB,29
31183,RegionF,29
33517,RegionC,29
35147,RegionA,29
41814,RegionC,29
44031,RegionB,29
21971,RegionB,30
31796,RegionB,30
32313,RegionA,30
35084,RegionC,30
36012,RegionA,30
39221,RegionB,30
44791,RegionB,30
774,RegionA,31
15004,RegionB,31
15480,RegionA,31
18290,RegionB,31
20614,RegionC,31
35378,RegionB,31
42513,RegionA,31
16808,RegionB,32
20442,RegionB,32
25455,RegionC,32
35582,RegionB,32
36411,RegionF,32
44162,RegionB,32
1698,RegionF,33
12513,RegionC,33
14655,RegionA,33
15792,RegionB,33
34129,RegionA,33
3573,RegionC,34
7670,RegionB,34
12560,RegionC,34
12817,RegionA,34
21762,RegionC,34
30738,RegionA,34
31040,RegionA,34
32371,RegionA,34
45885,RegionA,34
8266,RegionA,35
22031,RegionC,35
36516,RegionF,35
47574,RegionC,35
13699,RegionB,36
43117,RegionA,36
43352,RegionA,36
1208,RegionA,37
14121,RegionC,37
17614,RegionB,37
45951,RegionB,37
173,RegionB,38
1420,RegionB,38
2228,RegionC,38
17208,RegionB,38
31024,RegionC,38
37204,RegionC,38
38643,RegionA,38
43368,RegionB,38
46476,RegionB,38
4744,RegionA,39
6321,RegionC,39
8349,RegionD,39
11178,RegionA,39
12339,RegionA,39
12698,RegionE,39
12727,RegionB,39
32721,RegionB,39
39991,RegionC,39
40498,RegionA,39
41942,RegionA,39
46220,RegionB,39
4546,RegionA,40
8906,RegionC,40
24133,RegionA,40
37390,RegionA,40
44014,RegionA,40
44525,RegionE,40
47696,RegionB,40
21009,RegionE,41
26768,RegionD,41
32497,RegionA,41
34411,RegionA,41
45567,RegionC,41
4299,RegionB,42
6218,RegionA,42
7145,RegionB,42
8736,RegionD,42
12445,RegionB,42
13110,RegionC,42
15951,RegionC,42
19502,RegionA,42
27354,RegionA,42
44468,RegionA,42
44553,RegionA,42
47267,RegionF,42
49650,RegionA,42
1536,RegionA,43
4830,RegionB,43
5068,RegionC,43
9757,RegionB,43
18865,RegionA,43
43613,RegionD,43
48437,RegionA,43
13689,RegionA,44
20581,RegionC,44
31318,RegionB,44
32429,RegionD,44
33338,RegionB,44
9068,RegionB,45
10926,RegionC,45
17030,RegionA,45
19953,RegionE,45
26866,RegionC,45
45697,RegionB,45
3055,RegionC,46
22964,RegionF,46
34376,RegionC,46
34494,RegionC,46
49207,RegionC,46
3476,RegionA,47
9617,RegionA,47
43410,RegionF,47
46831,RegionB,47
3574,RegionF,48
5753,RegionA,48
21515,RegionA,48
47590,RegionA,48
13496,RegionB,49
15410,RegionB,49
19204,RegionC,49
21904,RegionB,49
22824,RegionB,49
43740,RegionA,49
45343,RegionC,49
46792,RegionB,49
430,RegionC,50
7966,RegionB,50
20714,RegionF,50
1765,RegionA,51
5851,RegionA,51
26296,RegionE,51
30550,RegionB,51
39934,RegionA,51
42114,RegionB,51
45551,RegionB,51
2246,RegionB,52
3967,RegionC,52
4046,RegionE,52
6316,RegionF,52
13393,RegionC,52
23103,RegionA,52
34727,RegionA,52
40838,RegionC,52
42763,RegionA,52
42991,RegionA,52
20015,RegionB,53
28778,RegionA,53
40814,RegionA,53
42377,RegionB,53
42716,RegionA,53
46305,RegionA,53
8634,RegionB,54
23035,RegionC,54
24548,RegionB,54
34855,RegionC,54
37149,RegionB,54
44775,RegionA,54
44830,RegionB,54
5656,RegionB,55
5760,RegionA,55
16488,RegionC,55
14168,RegionA,56
21571,RegionB,56
24894,RegionA,56
25855,RegionC,56
36325,RegionC,56
37253,RegionA,56
43886,RegionB,56
45835,RegionC,56
10001,RegionC,57
11248,RegionC,57
11571,RegionA,57
29200,RegionC,57
33981,RegionB,57
21986,RegionC,58
23720,RegionA,58
48457,RegionB,58
5102,RegionD,59
18127,RegionB,59
19524,RegionB,59
25108,RegionC,59
32163,RegionB,59
678,RegionB,60
2896,RegionB,60
6946,RegionA,60
12999,RegionC,60
13293,RegionB,60
13437,RegionB,60
17795,RegionF,60
36596,RegionA,60
5931,RegionA,61
7752,RegionD,61
9902,RegionC,61
10914,RegionE,61
30968,RegionA,61
42093,RegionA,61
44880,RegionA,61
47806,RegionA,61
3377,RegionE,62
6674,RegionB,62
27164,RegionA,62
29346,RegionD,62
46756,RegionA,62
6068,RegionA,63
10873,RegionC,63
19822,RegionF,63
33745,RegionB,63
42224,RegionA,63
3477,RegionA,64
3687,RegionA,64
23894,RegionC,64
36617,RegionB,64
4445,RegionC,65
19733,RegionB,65
21491,RegionB,65
37654,RegionB,65
13556,RegionC,66
16284,RegionB,66
38132,RegionA,66
40561,RegionB,66
2616,RegionE,67
6047,RegionF,67
6270,RegionF,67
9047,RegionA,67
24048,RegionA,67
36767,RegionA,67
39652,RegionA,67
44034,RegionA,67
45114,RegionC,67
47513,RegionB,67
7118,RegionA,68
12139,RegionC,68
13675,RegionC,68
30294,RegionB,68
30859,RegionB,68
40930,RegionD,68
10944,RegionB,69
36854,RegionB,69
38152,RegionB,69
12051,RegionA,70
12906,RegionB,70
32100,RegionC,70
33597,RegionF,70
41557,RegionB,70
3980,RegionC,71
10486,RegionC,71
11981,RegionB,71
17606,RegionA,71
33311,RegionB,71
40219,RegionB,71
46079,RegionC,71
24456,RegionB,72
31349,RegionA,72
32330,RegionC,72
35125,RegionD,72
37368,RegionC,72
37629,RegionC,72
5078,RegionA,73
13372,RegionC,73
26174,RegionA,73
33376,RegionA,73
38746,RegionE,73
38907,RegionB,73
40632,RegionB,73
49831,RegionC,73
7345,RegionC,74
11647,RegionC,74
12736,RegionC,74
13937,RegionC,74
29140,RegionB,74
32211,RegionC,74
38790,RegionC,74
42964,RegionF,74
48076,RegionA,74
18273,RegionC,75
26329,RegionF,75
26787,RegionC,75
34269,RegionB,75
39052,RegionB,75
47753,RegionA,75
4162,RegionB,76
28738,RegionA,76
37151,RegionC,76
39992,RegionD,76
913,RegionA,77
1148,RegionA,77
3995,RegionA,77
4668,RegionC,77
16401,RegionB,77
18198,RegionB,77
26258,RegionA,77
33240,RegionB,77
33257,RegionA,77
34300,RegionA,77
37818,RegionB,77
41153,RegionC,77
42790,RegionB,77
46592,RegionA,77
49770,RegionB,77
3124,RegionB,78
11203,RegionA,78
14710,RegionC,78
28595,RegionB,78
35729,RegionA,78
36782,RegionB,78
43706,RegionA,78
16982,RegionA,79
17356,RegionA,79
18161,RegionC,79
30337,RegionF,79
35384,RegionB,79
47368,RegionB,79
9484,RegionE,80
10300,RegionB,80
10519,RegionC,80
12578,RegionB,80
29482,RegionC,80
35005,RegionB,80
35177,RegionC,80
42173,RegionB,80
42752,RegionC,80
43603,RegionB,80
47877,RegionF,80
4760,RegionC,81
8204,RegionC,81
8292,RegionA,81
18253,RegionC,81
21800,RegionB,81
27409,RegionB,81
35813,RegionC,81
38654,RegionD,81
44133,RegionA,81
15872,RegionC,82
23574,RegionF,82
30750,RegionE,82
31932,RegionA,82
36010,RegionC,82
349,RegionA,83
23238,RegionC,83
23944,RegionB,83
26197,RegionC,83
37366,RegionB,83
41307,RegionB,83
4380,RegionC,84
9693,RegionC,84
11218,RegionA,84
27773,RegionA,84
30800,RegionB,84
37567,RegionA,84
4896,RegionB,85
21181,RegionA,85
24511,RegionC,85
34121,RegionC,85
37008,RegionF,85
39362,RegionC,85
5142,RegionA,86
5606,RegionC,86
5772,RegionA,86
6917,RegionB,86
17362,RegionE,86
19305,RegionA,86
35260,RegionB,86
36009,RegionC,86
44690,RegionA,86
46586,RegionA,86
48913,RegionD,86
6644,RegionA,87
20249,RegionA,87
33964,RegionE,87
35002,RegionA,87
49211,RegionA,87
49793,RegionA,87
4894,RegionA,88
8428,RegionF,88
12524,RegionB,88
15253,RegionB,88
15299,RegionB,88
33778,RegionB,88
37963,RegionB,88
40190,RegionA,88
49587,RegionC,88
1873,RegionC,89
2214,RegionB,89
7192,RegionB,89
31978,RegionA,89
35220,RegionB,89
36792,RegionA,89
49869,RegionC,89
3841,RegionC,90
20264,RegionB,90
21430,RegionA,90
25751,RegionC,90
42729,RegionA,90
47943,RegionA,90
9119,RegionA,91
10992,RegionC,91
28298,RegionA,91
33316,RegionA,91
41657,RegionC,91
44671,RegionA,91
49423,RegionC,91
3894,RegionC,92
16461,RegionB,92
23771,RegionA,92
43220,RegionA,92
46272,RegionA,92
48284,RegionA,92
1293,RegionA,93
5987,RegionC,93
10347,RegionB,93
11354,RegionA,93
15565,RegionA,93
19023,RegionA,93
29273,RegionC,93
4270,RegionA,94
4783,RegionA,94
5419,RegionA,94
6105,RegionC,94
8914,RegionA,94
11711,RegionB,94
12748,RegionB,94
12766,RegionA,94
14817,RegionF,94
16009,RegionC,94
16717,RegionB,94
22243,RegionA,94
23784,RegionF,94
27820,RegionA,94
30166,RegionE,94
36339,RegionA,94
47634,RegionD,94
13990,RegionC,95
31972,RegionA,95
32486,RegionB,95
37467,RegionE,95
41616,RegionB,95
42979,RegionA,95
46020,RegionC,95
8699,RegionA,96
13034,RegionA,96
27380,RegionA,96
27652,RegionC,96
29507,RegionB,96
3581,RegionA,97
5911,RegionA,97
11151,RegionA,97
15042,RegionA,97
45600,RegionC,97
3301,RegionB,98
7911,RegionA,98
15585,RegionA,98
25157,RegionA,98
44370,RegionA,98
9618,RegionB,99
25127,RegionC,99
25898,RegionA,99
26651,RegionA,99
46502,RegionB,99
275,RegionA,100
28951,RegionC,100
45137,RegionA,100
46113,RegionA,100
48931,RegionC,100
4657,RegionA,101
21690,RegionC,101
26797,RegionA,101
31702,RegionA,101
42934,RegionB,101
48188,RegionB,101
48648,RegionB,101
48900,RegionD,101
3872,RegionB,102
41295,RegionB,102
2379,RegionC,103
3644,RegionC,103
7082,RegionC,103
11523,RegionC,103
26957,RegionC,103
41772,RegionA,103
41848,RegionC,103
43777,RegionD,103
6731,RegionA,104
14088,RegionC,104
23013,RegionB,104
27617,RegionA,104
32016,RegionE,104
32655,RegionB,104
36757,RegionC,104
39244,RegionC,104
677,RegionA,105
7744,RegionC,105
9627,RegionC,105
10590,RegionB,105
22438,RegionC,105
28566,RegionA,105
28709,RegionC,105
49195,RegionD,105
3179,RegionC,106
12630,RegionB,106
17173,RegionA,106
18983,RegionA,106
27650,RegionB,106
29017,RegionC,106
30150,RegionB,106
46759,RegionB,106
2834,RegionA,107
3174,RegionF,107
7682,RegionA,107
21528,RegionA,107
23369,RegionC,107
25282,RegionB,107
26378,RegionB,107
32626,RegionE,107
39727,RegionB,107
41517,RegionB,107
46537,RegionC,107
13317,RegionA,108
15155,RegionB,108
22451,RegionC,108
33615,RegionC,108
40727,RegionE,108
42667,RegionC,108
3931,RegionB,109
11542,RegionC,109
17884,RegionB,109
36702,RegionA,109
10417,RegionA,110
15941,RegionA,110
18960,RegionB,110
21350,RegionE,110
38777,RegionC,110
41048,RegionC,110
42806,RegionC,110
4688,RegionC,111
14704,RegionC,111
24286,RegionB,111
25689,RegionB,111
28302,RegionC,111
29083,RegionC,111
40442,RegionB,111
48258,RegionA,111
48535,RegionA,111
10566,RegionD,112
21554,RegionA,112
42185,RegionA,112
4182,RegionC,113
13147,RegionB,113
22144,RegionF,113
38805,RegionE,113
39846,RegionB,113
41600,RegionA,113
47873,RegionB,113
48089,RegionA,113
4577,RegionC,114
17082,RegionA,114
30030,RegionA,114
30285,RegionA,114
37813,RegionC,114
4110,RegionC,115
10320,RegionB,115
24766,RegionC,115
33377,RegionB,115
35795,RegionA,115
35860,RegionF,115
38087,RegionB,115
17574,RegionA,116
31987,RegionB,116
35249,RegionC,116
39174,RegionA,116
2843,RegionB,117
14574,RegionD,117
17669,RegionC,117
27194,RegionC,117
33333,RegionC,117
46816,RegionA,117
513,RegionA,118
7406,RegionA,118
11880,RegionA,118
15254,RegionB,118
37558,RegionC,118
39766,RegionB,118
44124,RegionC,118
44315,RegionE,118
3723,RegionC,119
10276,RegionC,119
14816,RegionC,119
18441,RegionB,119
19057,RegionB,119
19973,RegionA,119
21303,RegionC,119
25596,RegionA,119
27575,RegionE,119
28505,RegionC,119
36067,RegionB,119
42694,RegionC,119
43340,RegionA,119
47089,RegionC,119
49974,RegionC,119
3168,RegionA,120
6136,RegionB,120
8023,RegionA,120
9759,RegionC,120
12933,RegionC,120
20254,RegionC,120
27511,RegionA,120
31397,RegionB,120
46121,RegionA,120
12839,RegionB,121
31138,RegionA,121
36333,RegionA,121
47808,RegionB,121
7,RegionA,122
7739,RegionE,122
17740,RegionB,122
19443,RegionA,122
20203,RegionA,122
20393,RegionA,122
13602,RegionC,123
23947,RegionC,123
27277,RegionB,123
30914,RegionE,123
38499,RegionA,123
42914,RegionB,123
8619,RegionA,124
10470,RegionA,124
14300,RegionA,124
21534,RegionF,124
29078,RegionA,124
48422,RegionA,124
14971,RegionB,125
20690,RegionA,125
20970,RegionF,125
48281,RegionB,125
48897,RegionB,125
11684,RegionA,126
16242,RegionA,126
37680,RegionB,126
40904,RegionE,126
8603,RegionC,127
8700,RegionB,127
19613,RegionA,127
22148,RegionB,127
35938,RegionC,127
40029,RegionB,127
45523,RegionA,127
2978,RegionA,128
9211,RegionA,128
11185,RegionA,128
12192,RegionC,128
19483,RegionA,128
21269,RegionB,128
23473,RegionB,128
29817,RegionC,128
30876,RegionA,128
49328,RegionA,128
12829,RegionD,129
23486,RegionB,129
38706,RegionC,129
40238,RegionB,129
46093,RegionA,129
2981,RegionB,130
10375,RegionC,130
11240,RegionC,130
12615,RegionA,130
30555,RegionA,130
32983,RegionB,130
34553,RegionC,130
34728,RegionB,130
39817,RegionA,130
5009,RegionC,131
6394,RegionC,131
10508,RegionA,131
14590,RegionB,131
18130,RegionA,131
20640,RegionC,131
23498,RegionB,131
25929,RegionF,131
26083,RegionB,131
39050,RegionA,131
40400,RegionA,131
40779,RegionC,131
47550,RegionA,131
7436,RegionC,132
13170,RegionC,132
17700,RegionB,132
18163,RegionA,132
22484,RegionC,132
49084,RegionF,132
9339,RegionC,133
17189,RegionB,133
41803,RegionF,133
3998,RegionB,134
11072,RegionA,134
29335,RegionA,134
29565,RegionA,134
41033,RegionB,134
19351,RegionA,135
22195,RegionC,135
29587,RegionC,135
37060,RegionD,135
40877,RegionC,135
43693,RegionA,135
1980,RegionF,136
6539,RegionF,136
20413,RegionA,136
25017,RegionE,136
34916,RegionA,136
48684,RegionF,136
2911,RegionD,137
20238,RegionB,137
21957,RegionB,137
25145,RegionB,137
26419,RegionC,137
30605,RegionC,137
32839,RegionB,137
34780,RegionA,137
36414,RegionB,137
37592,RegionA,137
48747,RegionB,137
35106,RegionA,138
40312,RegionC,138
42892,RegionA,138
45786,RegionA,138
48261,RegionB,138
5407,RegionB,139
6782,RegionA,139
22936,RegionC,139
31645,RegionB,139
46314,RegionC,139
49021,RegionB,139
5362,RegionB,140
15578,RegionF,140
45963,RegionA,140
3026,RegionB,141
5088,RegionC,141
19874,RegionD,141
20648,RegionD,141
33588,RegionB,141
3609,RegionA,142
11425,RegionC,142
24436,RegionB,142
24976,RegionC,142
36475,RegionC,142
36919,RegionB,142
38031,RegionE,142
47443,RegionC,142
12502,RegionA,143
18584,RegionA,143
23675,RegionB,143
31416,RegionB,143
32146,RegionC,143
38806,RegionA,143
44150,RegionC,143
3516,RegionA,144
8202,RegionB,144
16703,RegionB,144
19382,RegionD,144
22835,RegionA,144
43116,RegionA,144
43653,RegionA,144
49924,RegionA,144
6588,RegionB,145
37966,RegionA,145
3643,RegionB,146
21031,RegionA,146
21868,RegionD,146
26344,RegionA,146
35309,RegionF,146
37322,RegionC,146
37943,RegionB,146
47064,RegionA,146
6931,RegionC,147
11331,RegionB,147
14398,RegionA,147
28544,RegionC,147
32084,RegionA,147
33730,RegionA,147
1205,RegionC,148
8975,RegionB,148
26681,RegionB,148
3359,RegionA,149
6020,RegionC,149
6986,RegionA,149
9033,RegionA,149
9517,RegionF,149
10892,RegionB,149
17918,RegionC,149
19313,RegionB,149
20044,RegionC,149
23282,RegionB,149
45370,RegionC,149
46227,RegionB,149
46733,RegionB,149
5462,RegionC,150
13079,RegionA,150
36224,RegionB,150
42536,RegionC,150
4568,RegionB,151
17912,RegionC,151
20757,RegionB,151
35569,RegionB,151
40185,RegionA,151
48733,RegionB,151
645,RegionB,152
8631,RegionD,152
24645,RegionA,152
30581,RegionA,152
42591,RegionA,152
44119,RegionA,152
6521,RegionA,153
12509,RegionA,153
14155,RegionA,153
14937,RegionA,153
17764,RegionA,153
20802,RegionB,153
28589,RegionB,153
31662,RegionF,153
35096,RegionB,153
47944,RegionA,153
2191,RegionA,154
3036,RegionE,154
3698,RegionC,154
10053,RegionC,154
10325,RegionA,154
16329,RegionB,154
16814,RegionB,154
27594,RegionC,154
32535,RegionA,154
44108,RegionB,154
45641,RegionA,154
47589,RegionA,154
5151,RegionB,155
17630,RegionC,155
33295,RegionE,155
37145,RegionC,155
38413,RegionA,155
7108,RegionC,156
18890,RegionD,156
20560,RegionB,156
27605,RegionB,156
29113,RegionB,156
43407,RegionB,156
30963,RegionB,157
41007,RegionB,157
43350,RegionC,157
18458,RegionA,158
36199,RegionC,158
46905,RegionC,158
20268,RegionF,159
21217,RegionC,159
34655,RegionA,159
42915,RegionB,159
49714,RegionA,159
5441,RegionB,160
9748,RegionA,160
33440,RegionA,160
2257,RegionA,161
9169,RegionE,161
12569,RegionA,161
18987,RegionC,161
22286,RegionB,161
27615,RegionA,161
37485,RegionC,161
39226,RegionA,161
6832,RegionC,162
20806,RegionF,162
21026,RegionB,162
28475,RegionA,162
31152,RegionA,162
32833,RegionB,162
34257,RegionB,162
39799,RegionB,162
42199,RegionB,162
1744,RegionF,163
8749,RegionD,163
8904,RegionB,163
18669,RegionA,163
35145,RegionF,163
43081,RegionC,163
7522,RegionC,164
9417,RegionC,164
25170,RegionA,164
33161,RegionB,164
34110,RegionA,164
34111,RegionA,164
37915,RegionA,164
43985,RegionB,164
46743,RegionA,164
4397,RegionB,165
9165,RegionA,165
12991,RegionB,165
19338,RegionA,165
34660,RegionA,165
35111,RegionC,165
12765,RegionA,166
13258,RegionA,166
28681,RegionB,166
36232,RegionC,166
37588,RegionB,166
40166,RegionB,166
40223,RegionA,166
18399,RegionA,167
22239,RegionB,167
29104,RegionA,167
37171,RegionC,167
40983,RegionF,167
47493,RegionB,167
3861,RegionC,168
6362,RegionA,168
10649,RegionB,168
49434,RegionA,168
49914,RegionB,168
25872,RegionA,169
10846,RegionB,170
13972,RegionA,170
30747,RegionB,170
44967,RegionA,170
46919,RegionD,170
955,RegionC,171
2490,RegionC,171
9093,RegionB,171
9324,RegionB,171
10374,RegionB,171
15730,RegionA,171
49754,RegionA,171
2931,RegionE,172
4191,RegionA,172
11991,RegionA,172
19650,RegionC,172
24403,RegionB,172
28272,RegionA,172
35832,RegionC,172
37471,RegionB,172
9018,RegionD,173
2040,RegionA,174
8221,RegionB,174
17517,RegionB,174
26660,RegionB,174
26875,RegionA,174
31295,RegionA,174
41189,RegionB,174
2560,RegionB,175
10203,RegionB,175
11783,RegionB,175
33036,RegionB,175
44610,RegionD,175
3715,RegionB,176
27643,RegionA,176
30783,RegionF,176
34608,RegionA,176
34796,RegionC,176
690,RegionA,177
5790,RegionC,177
12122,RegionA,177
12244,RegionC,177
18330,RegionB,177
21987,RegionA,177
35266,RegionB,177
45828,RegionB,177
48328,RegionC,177
12009,RegionC,178
35176,RegionC,178
41004,RegionA,178
954,RegionB,179
1827,RegionB,179
5757,RegionC,179
12927,RegionC,179
20419,RegionA,179
20590,RegionA,179
28248,RegionB,179
32625,RegionC,179
39702,RegionC,179
41380,RegionB,179
48741,RegionC,179
1787,RegionB,180
4846,RegionC,180
8643,RegionC,180
9605,RegionB,180
17631,RegionE,180
27984,RegionA,180
38595,RegionE,180
48612,RegionA,180
945,RegionA,181
1308,RegionB,181
1533,RegionC,181
7250,RegionB,181
30103,RegionA,181
41080,RegionC,181
48135,RegionA,181
15975,RegionB,182
17214,RegionB,182
18786,RegionA,182
29623,RegionA,182
33810,RegionB,182
38100,RegionB,182
45537,RegionA,182
47778,RegionC,182
4640,RegionB,183
10913,RegionC,183
17117,RegionB,183
19743,RegionE,183
20575,RegionC,183
23615,RegionA,183
36464,RegionA,183
38634,RegionC,183
6510,RegionB,184
13463,RegionB,184
19556,RegionB,184
20046,RegionA,184
28068,RegionA,184
34340,RegionA,184
34972,RegionB,184
38839,RegionA,184
48851,RegionB,184
1119,RegionC,185
6326,RegionB,185
10921,RegionA,185
14679,RegionE,185
26978,RegionD,185
29568,RegionC,185
31575,RegionC,185
32214,RegionA,185
34533,RegionC,185
43123,RegionA,185
14291,RegionC,186
24326,RegionB,186
28222,RegionB,186
29387,RegionA,186
2261,RegionC,187
19897,RegionB,187
20134,RegionB,187
26020,RegionC,187
32457,RegionA,187
573,RegionB,188
37722,RegionC,188
39044,RegionB,188
42990,RegionE,188
44312,RegionB,188
44484,RegionC,188
47166,RegionB,188
14723,RegionB,189
16008,RegionB,189
25804,RegionE,189
36936,RegionA,189
40993,RegionB,189
16472,RegionA,190
16670,RegionB,190
34798,RegionA,190
41332,RegionA,190
43360,RegionB,190
45051,RegionA,190
13039,RegionD,191
23375,RegionB,191
34116,RegionA,191
38901,RegionB,191
42337,RegionB,191
61,RegionB,192
10147,RegionA,192
10739,RegionA,192
14447,RegionB,192
18010,RegionC,192
21580,RegionF,192
25997,RegionB,192
35820,RegionC,192
38663,RegionA,192
42470,RegionC,192
8646,RegionA,193
12216,RegionB,193
16149,RegionA,193
17018,RegionB,193
21190,RegionB,193
31097,RegionC,193
31746,RegionC,193
33287,RegionC,193
35420,RegionD,193
35824,RegionB,193
38028,RegionB,193
39012,RegionB,193
41359,RegionA,193
46086,RegionE,193
14889,RegionE,194
22446,RegionA,194
32809,RegionC,194
34106,RegionB,194
49290,RegionB,194
11760,RegionE,195
16924,RegionA,195
40556,RegionC,195
5900,RegionB,196
6227,RegionB,196
9926,RegionA,196
15499,RegionE,196
17998,RegionD,196
36306,RegionF,196
49346,RegionD,196
12370,RegionD,197
1388,RegionC,198
15979,RegionA,198
48859,RegionC,198
21414,RegionC,199
24727,RegionC,199
41009,RegionE,199
3262,RegionB,200
9646,RegionC,200
11563,RegionD,200
13763,RegionA,200
15355,RegionF,200
20734,RegionA,200
25169,RegionA,200
44188,RegionB,200
6921,RegionA,201
9365,RegionC,201
10734,RegionB,201
22658,RegionA,201
28931,RegionC,201
49324,RegionB,201
11726,RegionC,202
29688,RegionA,202
35563,RegionC,202
757,RegionB,203
1999,RegionC,203
6702,RegionC,203
11035,RegionB,203
24081,RegionA,203
26058,RegionC,203
26786,RegionB,203
31814,RegionA,203
36140,RegionC,203
40603,RegionA,203
47357,RegionC,203
49118,RegionA,203
6291,RegionA,204
8364,RegionA,204
11697,RegionA,204
20654,RegionC,204
33772,RegionC,204
41874,RegionC,204
45033,RegionB,204
153,RegionB,205
336,RegionA,205
12609,RegionB,205
36959,RegionB,205
42662,RegionE,205
42937,RegionC,205
48096,RegionB,205
3063,RegionA,206
12711,RegionD,206
13738,RegionB,206
22653,RegionB,206
26307,RegionB,206
29305,RegionC,206
29619,RegionB,206
30380,RegionB,206
31393,RegionF,206
32494,RegionC,206
33239,RegionB,206
41685,RegionA,206
44120,RegionA,206
1083,RegionA,207
1188,RegionA,207
9596,RegionA,207
47593,RegionC,207
5633,RegionC,208
21695,RegionB,208
27192,RegionB,208
29687,RegionD,208
34196,RegionA,208
41024,RegionA,208
42186,RegionB,208
48584,RegionC,208
15833,RegionC,209
17238,RegionA,209
23210,RegionB,209
23480,RegionB,209
434,RegionA,210
3244,RegionC,210
33723,RegionA,210
34546,RegionC,210
43175,RegionA,210
16417,RegionC,211
20973,RegionB,211
23753,RegionA,211
37407,RegionC,211
42494,RegionA,211
13825,RegionC,212
23387,RegionB,212
27078,RegionA,212
31685,RegionB,212
40371,RegionC,212
40832,RegionE,212
41722,RegionB,212
41765,RegionA,212
45059,RegionB,212
47068,RegionB,212
8314,RegionB,213
19652,RegionA,213
24666,RegionB,213
30153,RegionE,213
40023,RegionB,213
41248,RegionB,213
43302,RegionB,213
5402,RegionC,214
8511,RegionB,214
8546,RegionE,214
25988,RegionF,214
36833,RegionA,214
36966,RegionB,214
46907,RegionA,214
47233,RegionC,214
3548,RegionA,215
16198,RegionB,215
27261,RegionA,215
30014,RegionC,215
37089,RegionA,215
44895,RegionB,215
8015,RegionA,216
14694,RegionA,216
21357,RegionF,216
45765,RegionF,216
6294,RegionB,217
26880,RegionF,217
39486,RegionC,217
48934,RegionA,217
4914,RegionA,218
42742,RegionA,218
1992,RegionC,219
10767,RegionB,219
10803,RegionA,219
17905,RegionC,219
20302,RegionA,219
37162,RegionB,219
37287,RegionB,219
5997,RegionB,220
10477,RegionA,220
24659,RegionB,220
28069,RegionA,220
28330,RegionA,220
33060,RegionA,220
2752,RegionC,221
5986,RegionC,221
23351,RegionF,221
30382,RegionC,221
42277,RegionA,221
2461,RegionA,222
15308,RegionC,222
22065,RegionE,222
28030,RegionA,222
41534,RegionF,222
47588,RegionD,222
48345,RegionA,222
426,RegionA,223
2002,RegionA,223
3100,RegionC,223
4336,RegionA,223
14748,RegionB,223
21250,RegionC,223
21625,RegionC,223
26003,RegionA,223
28489,RegionA,223
31664,RegionA,223
37076,RegionB,223
42051,RegionC,223
49212,RegionB,223
6432,RegionC,224
9344,RegionB,224
19043,RegionA,224
30156,RegionB,224
32844,RegionA,224
49209,RegionA,224
49219,RegionB,224
17567,RegionA,225
21256,RegionB,225
30456,RegionA,225
32215,RegionA,225
45326,RegionA,225
4193,RegionA,226
6593,RegionA,226
12832,RegionB,226
17937,RegionB,226
18000,RegionA,226
20127,RegionB,226
24026,RegionC,226
24249,RegionC,226
24280,RegionB,226
31587,RegionB,226
35786,RegionC,226
40427,RegionA,226
48771,RegionA,226
17521,RegionA,227
18480,RegionB,227
34103,RegionA,227
43582,RegionA,227
5769,RegionB,228
16262,RegionA,228
27992,RegionB,228
30163,RegionB,228
39462,RegionA,228
2598,RegionA,229
2903,RegionC,229
7515,RegionC,229
11875,RegionB,229
25682,RegionA,229
40403,RegionB,229
12277,RegionC,230
21982,RegionA,230
36972,RegionB,230
49468,RegionB,230
1311,RegionF,231
2381,RegionA,231
8544,RegionC,231
25338,RegionD,231
31077,RegionC,231
31567,RegionB,231
41859,RegionB,231
156,RegionD,232
10354,RegionB,232
15597,RegionC,232
18652,RegionB,232
28707,RegionB,232
48159,RegionE,232
823,RegionB,233
12068,RegionC,233
21311,RegionF,233
22535,RegionB,233
36602,RegionA,233
45611,RegionB,233
26575,RegionB,234
30757,RegionA,234
36790,RegionC,234
13127,RegionA,235
24698,RegionA,235
35317,RegionA,235
47924,RegionA,235
25705,RegionC,236
37443,RegionA,236
46364,RegionA,236
48030,RegionA,236
9774,RegionA,237
17072,RegionC,237
27060,RegionB,237
27565,RegionB,237
36133,RegionB,237
41345,RegionA,237
42854,RegionA,237
46259,RegionA,237
15183,RegionC,238
16471,RegionA,238
21854,RegionC,238
40143,RegionD,238
40310,RegionB,238
11046,RegionA,239
12796,RegionC,239
38578,RegionA,239
40356,RegionB,239
40366,RegionD,239
41629,RegionB,239
43466,RegionB,239
13986,RegionA,240
21552,RegionC,240
26282,RegionC,240
26420,RegionC,240
32554,RegionF,240
40456,RegionB,240
47298,RegionC,240
49934,RegionB,240
6982,RegionB,241
11057,RegionC,241
16643,RegionA,241
22582,RegionC,241
32555,RegionA,241
33927,RegionA,241
43564,RegionB,241
11200,RegionB,242
15868,RegionA,242
18876,RegionC,242
19680,RegionA,242
29530,RegionF,242
46103,RegionB,242
9398,RegionC,243
27590,RegionA,243
36024,RegionF,243
36358,RegionD,243
37116,RegionB,243
39211,RegionC,243
48235,RegionB,243
468,RegionB,244
9446,RegionA,244
13154,RegionB,244
13529,RegionB,244
14665,RegionC,244
45748,RegionB,244
46419,RegionC,244
49513,RegionB,244
1069,RegionA,245
5861,RegionB,245
12626,RegionE,245
16492,RegionA,245
23564,RegionB,245
36376,RegionB,245
44339,RegionB,245
3116,RegionA,246
4720,RegionC,246
11645,RegionB,246
22578,RegionA,246
35285,RegionA,246
40103,RegionC,246
40237,RegionA,246
12472,RegionB,247
19047,RegionC,247
25974,RegionC,247
29269,RegionA,247
29343,RegionB,247
42708,RegionE,247
45635,RegionA,247
48340,RegionB,247
49479,RegionA,247
4472,RegionC,248
4818,RegionB,248
9671,RegionB,248
13183,RegionC,248
29342,RegionA,248
12735,RegionB,249
16812,RegionA,249
19341,RegionC,249
25640,RegionE,249
26839,RegionC,249
31520,RegionA,249
42231,RegionA,249
48828,RegionE,249
5275,RegionA,250
7730,RegionB,250
13083,RegionB,250
13582,RegionC,250
28274,RegionB,250
29966,RegionB,250
42856,RegionB,250
46731,RegionA,250
48534,RegionA,250
10427,RegionC,251
15496,RegionB,251
17892,RegionC,251
18021,RegionB,251
20526,RegionA,251
21888,RegionE,251
23857,RegionA,251
27917,RegionA,251
1257,RegionC,252
1868,RegionD,252
8393,RegionB,252
18923,RegionE,252
20995,RegionC,252
21788,RegionC,252
27431,RegionF,252
29218,RegionB,252
47378,RegionC,252
4821,RegionA,253
15182,RegionB,253
20328,RegionA,253
31130,RegionC,253
33073,RegionA,253
37051,RegionB,253
38261,RegionA,253
44258,RegionA,253
45420,RegionB,253
2385,RegionC,254
4604,RegionA,254
14880,RegionB,254
18449,RegionC,254
18492,RegionA,254
28425,RegionB,254
30965,RegionC,254
38744,RegionB,254
39614,RegionA,254
40537,RegionF,254
42000,RegionA,254
46738,RegionA,254
12943,RegionA,255
24854,RegionA,255
26303,RegionA,255
35239,RegionA,255
38724,RegionB,255
41912,RegionB,255
26373,RegionC,256
29251,RegionB,256
46757,RegionA,256
2558,RegionA,257
9475,RegionB,257
10235,RegionB,257
16615,RegionA,257
20370,RegionB,257
30831,RegionA,257
32496,RegionA,257
32816,RegionD,257
951,RegionA,258
10917,RegionB,258
22281,RegionC,258
25469,RegionC,258
28983,RegionB,258
30789,RegionD,258
33513,RegionA,258
34370,RegionC,258
38195,RegionE,258
40250,RegionA,258
43139,RegionC,258
1486,RegionC,259
9557,RegionA,259
10271,RegionE,259
10656,RegionB,259
15804,RegionB,259
16605,RegionB,259
30271,RegionE,259
48716,RegionC,259
4506,RegionA,260
8018,RegionB,260
10076,RegionA,260
14288,RegionA,260
14654,RegionA,260
24836,RegionB,260
29370,RegionB,260
31696,RegionA,260
36424,RegionE,260
39574,RegionA,260
47301,RegionA,260
47734,RegionA,260
2832,RegionC,261
7347,RegionA,261
15397,RegionB,261
15904,RegionC,261
22455,RegionB,261
24745,RegionB,261
29586,RegionB,261
46235,RegionB,261
49842,RegionB,261
2674,RegionC,262
22857,RegionC,262
25510,RegionA,262
28350,RegionA,262
30021,RegionC,262
47296,RegionB,262
18114,RegionB,263
21167,RegionA,263
24090,RegionB,263
26966,RegionA,263
33830,RegionB,263
35757,RegionA,263
38604,RegionA,263
46563,RegionC,263
8959,RegionD,264
24868,RegionA,264
27081,RegionB,264
29835,RegionB,264
41042,RegionF,264
44515,RegionB,264
45353,RegionA,264
12920,RegionC,265
14671,RegionC,265
25564,RegionB,265
45296,RegionB,265
47725,RegionC,265
8629,RegionB,266
8777,RegionA,266
9177,RegionA,266
24637,RegionA,266
28455,RegionA,266
31271,RegionB,266
36930,RegionA,266
42241,RegionC,266
46652,RegionA,266
436,RegionB,267
2202,RegionC,267
4777,RegionB,267
16282,RegionA,267
17878,RegionB,267
26954,RegionA,267
39715,RegionC,267
2084,RegionC,268
21183,RegionB,268
21532,RegionC,268
29833,RegionA,268
37186,RegionA,268
41216,RegionB,268
11177,RegionA,269
17471,RegionB,269
17495,RegionA,269
29348,RegionA,269
33283,RegionA,269
3193,RegionC,270
5122,RegionF,270
9292,RegionC,270
12728,RegionB,270
22617,RegionA,270
27177,RegionA,270
29388,RegionA,270
34098,RegionB,270
37852,RegionC,270
47804,RegionC,270
31392,RegionC,271
41993,RegionE,271
14618,RegionB,272
15457,RegionB,272
35323,RegionA,272
40997,RegionA,272
41379,RegionB,272
49073,RegionA,272
7846,RegionA,273
11605,RegionA,273
13409,RegionA,273
22963,RegionC,273
24797,RegionB,273
31923,RegionC,273
33462,RegionB,273
35104,RegionC,273
40244,RegionA,273
43046,RegionB,273
47827,RegionA,273
10556,RegionB,274
16535,RegionC,274
17147,RegionA,274
18456,RegionC,274
18928,RegionC,274
22855,RegionB,274
23686,RegionA,274
29065,RegionA,274
30071,RegionB,274
32202,RegionA,274
39958,RegionC,274
43825,RegionA,274
47244,RegionB,274
48193,RegionA,274
5125,RegionB,275
6449,RegionA,275
6550,RegionC,275
10844,RegionA,275
15353,RegionC,275
28136,RegionB,275
31184,RegionA,275
35906,RegionF,275
37784,RegionA,275
110,RegionC,276
1742,RegionC,276
4838,RegionC,276
19843,RegionA,276
20869,RegionB,276
22485,RegionE,276
27564,RegionA,276
42432,RegionC,276
47638,RegionB,276
1968,RegionA,277
23311,RegionC,277
24302,RegionE,277
34432,RegionA,277
39124,RegionB,277
7630,RegionA,278
12281,RegionB,278
35231,RegionA,278
35707,RegionC,278
5937,RegionA,279
32662,RegionB,279
48156,RegionB,279
158,RegionA,280
2881,RegionA,280
40862,RegionB,280
45131,RegionA,280
346,RegionC,281
6264,RegionA,281
9377,RegionB,281
42897,RegionC,281
2958,RegionA,282
21932,RegionC,282
22607,RegionB,282
32838,RegionA,282
34694,RegionA,282
45277,RegionB,282
11690,RegionA,283
15229,RegionC,283
15540,RegionA,283
17850,RegionB,283
30677,RegionC,283
45465,RegionA,283
5012,RegionA,284
26661,RegionB,284
33878,RegionC,284
37132,RegionC,284
39689,RegionC,284
44989,RegionC,284
48601,RegionA,284
10231,RegionC,285
11239,RegionB,285
17831,RegionB,285
19178,RegionC,285
23992,RegionC,285
32200,RegionA,285
44060,RegionA,285
44691,RegionA,285
5250,RegionB,286
34772,RegionA,286
41753,RegionB,286
44167,RegionB,286
45458,RegionA,286
8899,RegionC,287
17442,RegionA,287
25890,RegionA,287
42050,RegionB,287
42429,RegionB,287
42968,RegionB,287
48597,RegionC,287
3610,RegionB,288
7869,RegionC,288
21137,RegionB,288
36589,RegionA,288
37741,RegionC,288
38703,RegionB,288
40641,RegionC,288
10578,RegionC,289
11096,RegionC,289
21087,RegionC,289
35470,RegionB,289
38191,RegionA,289
38438,RegionF,289
44730,RegionA,289
46245,RegionA,289
49304,RegionB,289
108,RegionB,290
2986,RegionA,290
3725,RegionF,290
14040,RegionB,290
20621,RegionC,290
27976,RegionA,290
30765,RegionA,290
3385,RegionA,291
5940,RegionC,291
27524,RegionA,291
35320,RegionC,291
11989,RegionC,292
13185,RegionA,292
13856,RegionB,292
32066,RegionB,292
34221,RegionA,292
47328,RegionA,292
47476,RegionC,292
11617,RegionA,293
14935,RegionE,293
15243,RegionD,293
16930,RegionA,293
22776,RegionA,293
36087,RegionB,293
11189,RegionC,294
17907,RegionA,294
18030,RegionC,294
24610,RegionD,294
36020,RegionB,294
3658,RegionC,295
14690,RegionB,295
37683,RegionC,295
44805,RegionB,295
14594,RegionF,296
15689,RegionD,296
29193,RegionB,296
39394,RegionC,296
2474,RegionA,297
19129,RegionA,297
26391,RegionB,297
26613,RegionA,297
27696,RegionB,297
48598,RegionC,297
10041,RegionC,298
11225,RegionB,298
15318,RegionB,298
36946,RegionB,298
44324,RegionA,298
15260,RegionB,299
43865,RegionA,299
175,RegionC,300
9034,RegionB,300
9198,RegionB,300
13866,RegionF,300
19989,RegionB,300
26127,RegionA,300
28501,RegionA,300
30130,RegionB,300
34243,RegionB,300
37315,RegionC,300
45427,RegionB,300
49373,RegionA,300
1458,RegionB,301
3735,RegionB,301
9788,RegionA,301
11206,RegionB,301
17806,RegionB,301
32071,RegionA,301
40900,RegionA,301
41286,RegionA,301
44405,RegionC,301
47474,RegionB,301
49824,RegionC,301
590,RegionA,302
10955,RegionA,302
14883,RegionA,302
22906,RegionA,302
35857,RegionB,302
1012,RegionB,303
1983,RegionB,303
20840,RegionA,303
34297,RegionC,303
37743,RegionA,303
41267,RegionA,303
43458,RegionA,303
45473,RegionB,303
45811,RegionA,303
47953,RegionB,303
1429,RegionF,304
7605,RegionB,304
12109,RegionA,304
17609,RegionB,304
18926,RegionB,304
24168,RegionB,304
28563,RegionB,304
31787,RegionA,304
37098,RegionC,304
48270,RegionC,304
2405,RegionC,305
19480,RegionC,305
20921,RegionB,305
25417,RegionE,305
38214,RegionC,305
40206,RegionB,305
41683,RegionC,305
45243,RegionB,305
5669,RegionB,306
7843,RegionC,306
26674,RegionB,306
31717,RegionB,306
48983,RegionB,306
9923,RegionC,307
12128,RegionA,307
13158,RegionA,307
17331,RegionA,307
23744,RegionC,307
38585,RegionB,307
43062,RegionD,307
46332,RegionB,307
202,RegionD,308
13289,RegionA,308
13665,RegionB,308
14141,RegionD,308
32504,RegionB,309
36466,RegionB,309
48669,RegionC,309
28830,RegionA,310
40255,RegionF,310
18774,RegionA,311
23302,RegionB,311
28996,RegionB,311
36849,RegionC,311
42781,RegionA,311
800,RegionA,312
17342,RegionD,312
18660,RegionC,312
20803,RegionB,312
32366,RegionA,312
34919,RegionB,312
6613,RegionA,313
6943,RegionB,313
7313,RegionF,313
18754,RegionA,313
24910,RegionC,313
30809,RegionE,313
40116,RegionC,313
10826,RegionB,314
16159,RegionB,314
26224,RegionF,314
29953,RegionB,314
30643,RegionB,314
38819,RegionA,314
41239,RegionA,314
2581,RegionB,315
29270,RegionA,315
29645,RegionB,315
49991,RegionA,315
867,RegionA,316
24736,RegionA,316
33157,RegionD,316
45601,RegionF,316
4749,RegionA,317
5083,RegionA,317
11635,RegionC,317
22396,RegionB,317
31404,RegionC,317
33649,RegionD,317
34028,RegionC,317
44275,RegionC,317
49786,RegionF,317
11268,RegionE,318
23087,RegionC,318
25914,RegionC,318
31222,RegionD,318
41786,RegionB,318
3431,RegionA,319
28460,RegionC,319
29885,RegionA,319
30940,RegionD,319
38882,RegionC,319
40775,RegionA,319
11736,RegionA,320
38221,RegionD,320
39285,RegionA,320
2741,RegionF,321
20266,RegionC,321
32130,RegionA,321
47737,RegionB,321
11427,RegionA,322
15821,RegionA,322
26919,RegionD,322
32601,RegionA,322
39687,RegionB,322
40544,RegionA,322
10503,RegionA,323
10779,RegionB,323
13922,RegionB,323
34599,RegionC,323
36503,RegionA,323
10793,RegionB,324
18787,RegionA,324
25415,RegionB,324
27199,RegionB,324
29118,RegionA,324
30986,RegionE,324
32248,RegionA,324
35279,RegionB,324
36319,RegionE,324
40521,RegionB,324
41218,RegionC,324
48386,RegionB,324
49592,RegionB,324
5146,RegionB,325
9194,RegionC,325
16403,RegionC,325
22159,RegionA,325
26647,RegionB,325
30272,RegionA,325
38278,RegionB,325
39060,RegionC,325
21513,RegionC,326
27389,RegionB,326
36343,RegionB,326
44701,RegionC,326
9108,RegionB,327
33042,RegionB,327
33089,RegionB,327
45054,RegionB,327
45762,RegionB,327
3826,RegionB,328
20790,RegionB,328
35517,RegionC,328
44940,RegionA,328
47103,RegionF,328
25598,RegionB,329
27995,RegionE,329
29182,RegionD,329
43198,RegionC,329
44291,RegionA,329
47081,RegionB,329
48712,RegionA,329
698,RegionB,330
16348,RegionB,330
18692,RegionC,330
21065,RegionB,330
21487,RegionC,330
31786,RegionC,330
37582,RegionB,330
41581,RegionA,330
15841,RegionA,331
22403,RegionB,331
27013,RegionA,331
30556,RegionB,331
31420,RegionA,331
46723,RegionA,331
48570,RegionB,331
1059,RegionB,332
4365,RegionB,332
8359,RegionB,332
13688,RegionC,332
26271,RegionA,332
28133,RegionF,332
41956,RegionA,332
4918,RegionC,333
14869,RegionD,333
17174,RegionA,333
20562,RegionC,333
24224,RegionA,333
24953,RegionA,333
30423,RegionA,333
33460,RegionA,333
18034,RegionB,334
25269,RegionB,334
26042,RegionA,334
30417,RegionA,334
30820,RegionB,334
32576,RegionA,334
34422,RegionC,334
35315,RegionC,334
40813,RegionA,334
43971,RegionB,334
1253,RegionA,335
2530,RegionC,335
9385,RegionC,335
12418,RegionA,335
18597,RegionA,335
19585,RegionC,335
20020,RegionA,335
34412,RegionA,335
37458,RegionB,335
42053,RegionA,335
7770,RegionC,336
21726,RegionA,336
22661,RegionC,336
25391,RegionF,336
29148,RegionC,336
29579,RegionB,336
30480,RegionC,336
33033,RegionA,336
34014,RegionB,336
41516,RegionA,336
9154,RegionC,337
28617,RegionC,337
35414,RegionF,337
37057,RegionB,337
40412,RegionE,337
42333,RegionC,337
49847,RegionA,337
5073,RegionB,338
9622,RegionF,338
11156,RegionC,338
15142,RegionB,338
17164,RegionC,338
20827,RegionA,338
26439,RegionC,338
26514,RegionA,338
49217,RegionA,338
49243,RegionA,338
7112,RegionA,339
8727,RegionB,339
12412,RegionA,339
15094,RegionA,339
19249,RegionB,339
23819,RegionA,339
32651,RegionC,339
48288,RegionB,339
3773,RegionA,340
15250,RegionF,340
19982,RegionB,340
20622,RegionE,340
32686,RegionA,340
33482,RegionB,340
37740,RegionB,340
40553,RegionB,340
41733,RegionA,340
44990,RegionC,340
49278,RegionB,340
6138,RegionC,341
17124,RegionC,341
22225,RegionA,341
31223,RegionA,341
32182,RegionA,341
33508,RegionB,341
38010,RegionC,341
43449,RegionD,341
8162,RegionB,342
12013,RegionB,342
16651,RegionB,342
26421,RegionA,342
29351,RegionC,342
30569,RegionB,342
38279,RegionC,342
15870,RegionB,343
16612,RegionB,343
44029,RegionA,343
45210,RegionB,343
4940,RegionA,344
10599,RegionE,344
11379,RegionC,344
17690,RegionE,344
23458,RegionA,344
7720,RegionA,345
13414,RegionA,345
26517,RegionB,345
39261,RegionB,345
3480,RegionB,346
11810,RegionB,346
15914,RegionA,346
17482,RegionA,346
19198,RegionC,346
20742,RegionA,346
856,RegionB,347
4548,RegionB,347
5576,RegionA,347
9563,RegionA,347
18557,RegionA,347
30074,RegionD,347
33307,RegionC,347
33938,RegionF,347
34420,RegionB,347
36616,RegionA,347
46375,RegionF,347
9633,RegionC,348
12572,RegionC,348
15055,RegionA,348
15909,RegionB,348
16346,RegionA,348
19801,RegionC,348
21196,RegionB,348
25001,RegionB,348
29638,RegionB,348
29975,RegionC,348
35021,RegionA,348
4535,RegionB,349
12835,RegionC,349
17276,RegionC,349
27692,RegionC,349
29750,RegionB,349
40857,RegionC,349
41466,RegionB,349
45711,RegionC,349
16862,RegionC,350
20952,RegionA,350
27075,RegionC,350
43967,RegionC,350
3099,RegionB,351
8265,RegionA,351
12709,RegionB,351
29301,RegionA,351
37134,RegionA,351
39198,RegionC,351
47851,RegionA,351
3392,RegionA,352
3914,RegionC,352
4451,RegionC,352
6389,RegionA,352
6536,RegionB,352
11920,RegionA,352
21903,RegionA,352
45680,RegionA,352
18967,RegionB,353
18984,RegionA,353
19156,RegionB,353
31451,RegionC,353
33253,RegionB,353
34294,RegionA,353
35272,RegionA,353
40799,RegionE,353
3755,RegionB,354
13469,RegionB,354
23041,RegionC,354
32624,RegionC,354
34216,RegionB,354
35205,RegionA,354
37768,RegionC,354
38606,RegionB,354
1716,RegionC,355
2691,RegionB,355
13421,RegionA,355
15857,RegionB,355
17178,RegionD,355
19773,RegionB,355
32328,RegionB,355
16609,RegionA,356
18378,RegionC,356
20594,RegionC,356
22058,RegionC,356
31111,RegionF,356
36913,RegionB,356
1468,RegionD,357
8348,RegionC,357
35567,RegionA,357
37959,RegionF,357
40232,RegionB,357
48783,RegionA,357
49600,RegionB,357
2460,RegionA,358
16107,RegionB,358
17882,RegionA,358
28625,RegionA,358
35727,RegionC,358
37031,RegionB,358
46716,RegionF,358
47819,RegionA,358
1892,RegionB,359
11259,RegionB,359
15657,RegionA,359
21794,RegionB,359
26352,RegionB,359
49204,RegionA,359
12858,RegionA,360
27052,RegionA,360
38352,RegionC,360
47011,RegionE,360
8398,RegionB,361
15528,RegionB,361
15629,RegionC,361
16538,RegionA,361
22216,RegionE,361
35350,RegionA,361
40605,RegionB,361
42145,RegionA,361
44550,RegionC,361
47774,RegionA,361
11398,RegionC,362
17045,RegionB,362
37602,RegionB,362
38642,RegionA,362
45092,RegionB,362
6867,RegionF,363
9534,RegionB,363
16144,RegionA,363
20154,RegionB,363
28791,RegionA,363
40224,RegionA,363
44897,RegionC,363
47015,RegionB,363
4278,RegionA,364
10564,RegionB,364
19700,RegionB,364
24946,RegionA,364
30292,RegionA,364
32026,RegionB,364
32399,RegionB,364
34988,RegionA,364
41014,RegionC,364
47104,RegionA,364
47901,RegionB,364
3690,RegionC,365
8102,RegionA,365
9962,RegionC,365
16869,RegionC,365
19135,RegionA,365
20887,RegionA,365
36646,RegionC,365
38755,RegionA,365
2856,RegionB,366
9608,RegionC,366
12947,RegionC,366
15596,RegionC,366
21955,RegionA,366
29088,RegionB,366
1473,RegionC,367
27666,RegionC,367
36173,RegionC,367
37405,RegionB,367
43219,RegionC,367
48526,RegionD,367
1093,RegionC,368
2250,RegionA,368
4762,RegionA,368
14335,RegionB,368
22280,RegionC,368
30587,RegionA,368
33532,RegionA,368
37237,RegionD,368
38099,RegionA,368
41756,RegionC,368
825,RegionC,369
1926,RegionC,369
2895,RegionB,369
10958,RegionC,369
11052,RegionA,369
14044,RegionA,369
16563,RegionA,369
23260,RegionA,369
25376,RegionC,369
33378,RegionB,369
35212,RegionA,369
568,RegionC,370
1852,RegionB,370
5810,RegionC,370
7213,RegionC,370
7932,RegionB,370
19222,RegionB,370
22815,RegionA,370
24059,RegionD,370
37158,RegionC,370
37624,RegionD,370
46805,RegionB,370
3778,RegionA,371
4009,RegionA,371
7709,RegionB,371
34279,RegionE,371
35767,RegionC,371
36013,RegionA,371
46226,RegionA,371
2316,RegionA,372
11273,RegionC,372
22142,RegionC,372
718,RegionB,373
1856,RegionA,373
8920,RegionF,373
12928,RegionF,373
15417,RegionB,373
17591,RegionC,373
43064,RegionA,373
49417,RegionC,373
481,RegionB,374
1464,RegionA,374
5100,RegionB,374
7057,RegionE,374
9743,RegionB,374
13501,RegionB,374
26456,RegionA,374
26629,RegionC,374
27738,RegionC,374
32616,RegionB,374
8360,RegionB,375
15566,RegionA,375
18945,RegionA,375
38720,RegionF,375
1876,RegionA,376
4148,RegionB,376
6243,RegionC,376
6607,RegionB,376
20469,RegionB,376
25739,RegionA,376
27342,RegionB,376
30067,RegionC,376
30683,RegionC,376
8989,RegionB,377
9792,RegionD,377
10002,RegionD,377
19896,RegionA,377
25482,RegionC,377
26267,RegionB,377
33176,RegionC,377
41344,RegionA,377
20892,RegionA,378
25613,RegionC,378
26727,RegionC,378
46393,RegionC,378
47762,RegionB,378
21436,RegionA,379
6111,RegionC,380
12658,RegionC,380
17920,RegionA,380
31234,RegionC,380
43516,RegionA,380
46372,RegionB,380
719,RegionC,381
1659,RegionA,381
1665,RegionE,381
2623,RegionF,381
9090,RegionC,381
21324,RegionE,381
23884,RegionA,381
33088,RegionB,381
39926,RegionC,381
41805,RegionA,381
42463,RegionB,381
137,RegionA,382
5916,RegionA,382
6090,RegionB,382
7948,RegionC,382
9522,RegionC,382
20262,RegionA,382
20401,RegionA,382
30625,RegionD,382
35818,RegionB,382
39876,RegionA,382
49946,RegionB,382
15336,RegionA,383
23624,RegionB,383
33385,RegionC,383
35789,RegionA,383
41284,RegionC,383
41934,RegionE,383
6331,RegionA,384
7031,RegionF,384
16196,RegionA,384
17108,RegionA,384
20019,RegionA,384
24906,RegionA,384
32563,RegionB,384
8728,RegionC,385
11295,RegionA,385
16134,RegionC,385
42064,RegionC,385
15275,RegionC,386
27770,RegionC,386
1865,RegionB,387
9737,RegionB,387
12819,RegionB,387
19438,RegionB,387
19962,RegionA,387
22323,RegionA,387
32405,RegionA,387
40863,RegionC,387
8424,RegionB,388
38708,RegionA,388
46401,RegionE,388
12376,RegionC,389
23264,RegionC,389
24717,RegionA,389
31055,RegionB,389
47338,RegionC,389
4306,RegionB,390
14822,RegionC,390
29058,RegionA,390
35944,RegionC,390
49194,RegionC,390
13179,RegionA,391
17404,RegionB,391
26210,RegionC,391
34054,RegionC,391
8032,RegionB,392
22146,RegionA,392
27470,RegionD,392
28365,RegionB,392
31676,RegionA,392
35365,RegionB,392
38982,RegionD,392
44679,RegionB,392
2448,RegionA,393
5400,RegionB,393
6829,RegionA,393
11308,RegionA,393
15539,RegionA,393
19500,RegionC,393
24878,RegionC,393
34050,RegionA,393
36997,RegionA,393
2619,RegionB,394
2975,RegionC,394
13926,RegionA,394
29258,RegionB,394
44650,RegionA,394
5105,RegionB,395
6512,RegionC,395
7984,RegionA,395
11011,RegionC,395
25112,RegionB,395
31356,RegionA,395
40516,RegionC,395
44906,RegionA,395
46308,RegionC,395
1113,RegionC,396
2022,RegionB,396
4806,RegionC,396
5278,RegionC,396
12770,RegionD,396
33653,RegionB,396
35685,RegionA,396
38168,RegionC,396
120,RegionB,397
2006,RegionE,397
14059,RegionB,397
16589,RegionA,397
28609,RegionB,397
31147,RegionB,397
35528,RegionB,397
37692,RegionA,397
41465,RegionB,397
647,RegionC,398
5907,RegionB,398
8609,RegionB,398
23740,RegionA,398
30601,RegionA,398
31752,RegionC,398
38526,RegionB,398
40864,RegionC,398
43358,RegionA,398
2326,RegionC,399
9541,RegionB,399
23856,RegionF,399
37147,RegionA,399
39747,RegionB,399
1445,RegionB,400
13090,RegionC,400
16718,RegionC,400
22168,RegionB,400
26740,RegionB,400
31798,RegionC,400
36253,RegionC,400
5494,RegionC,401
15934,RegionA,401
23265,RegionC,401
28411,RegionB,401
31510,RegionC,401
34323,RegionC,401
47637,RegionB,401
3357,RegionC,402
20994,RegionC,402
49282,RegionA,402
9129,RegionC,403
15986,RegionA,403
24872,RegionC,403
45122,RegionF,403
45390,RegionC,403
8116,RegionB,404
14372,RegionA,404
24794,RegionE,404
29807,RegionA,404
4015,RegionA,405
8807,RegionC,405
14252,RegionC,405
45347,RegionA,405
4680,RegionB,406
28560,RegionA,406
31110,RegionC,406
34793,RegionA,406
34836,RegionC,406
35105,RegionC,406
38064,RegionF,406
43152,RegionB,406
1677,RegionC,407
4071,RegionC,407
5427,RegionB,407
21106,RegionC,407
33122,RegionB,407
43782,RegionC,407
49540,RegionB,407
2256,RegionA,408
8069,RegionA,408
11142,RegionC,408
27853,RegionA,408
32228,RegionA,408
38167,RegionC,408
42622,RegionC,408
42818,RegionC,408
3685,RegionD,409
7538,RegionA,409
25089,RegionE,409
25889,RegionD,409
27683,RegionB,409
39257,RegionC,409
42060,RegionA,409
1191,RegionC,410
1910,RegionA,410
7831,RegionE,410
11143,RegionC,410
29049,RegionB,410
30916,RegionA,410
35579,RegionA,410
8934,RegionA,411
10390,RegionA,411
12939,RegionC,411
15983,RegionC,411
19605,RegionD,411
30440,RegionC,411
32320,RegionA,411
36388,RegionB,411
37007,RegionC,411
40301,RegionA,411
49222,RegionA,411
9153,RegionB,412
10282,RegionB,412
34303,RegionB,412
37827,RegionC,412
32,RegionA,413
1305,RegionA,413
13040,RegionA,413
14197,RegionB,413
21859,RegionB,413
32556,RegionA,413
33510,RegionC,413
48726,RegionB,413
2999,RegionA,414
7888,RegionB,414
12909,RegionA,414
26718,RegionA,414
27560,RegionB,414
32794,RegionB,414
38534,RegionB,414
42944,RegionE,414
47020,RegionA,414
5574,RegionC,415
7613,RegionC,415
8997,RegionC,415
12350,RegionC,415
14812,RegionA,415
25211,RegionB,415
32231,RegionC,415
32786,RegionA,415
9970,RegionA,416
12276,RegionB,416
16604,RegionB,416
17982,RegionB,416
28172,RegionE,416
4824,RegionB,417
24597,RegionE,417
25003,RegionC,417
29741,RegionA,417
34975,RegionA,417
40517,RegionE,417
46282,RegionC,417
8528,RegionA,418
9736,RegionB,418
10266,RegionA,418
16067,RegionB,418
19567,RegionA,418
46191,RegionE,418
4,RegionC,419
1704,RegionC,419
9840,RegionA,419
10004,RegionA,419
22463,RegionB,419
29125,RegionA,419
32955,RegionA,419
33987,RegionB,419
34680,RegionA,419
37039,RegionC,419
42480,RegionA,419
4463,RegionB,420
4837,RegionB,420
30143,RegionB,420
32105,RegionB,420
37557,RegionC,420
48506,RegionC,420
49087,RegionB,420
805,RegionC,421
5773,RegionA,421
23130,RegionA,421
26403,RegionA,421
33783,RegionA,421
33996,RegionC,421
43889,RegionA,421
3366,RegionA,422
11338,RegionB,422
17423,RegionA,422
23250,RegionB,422
27850,RegionC,422
33108,RegionB,422
42444,RegionC,422
44605,RegionA,422
13242,RegionC,423
17716,RegionD,423
29543,RegionE,423
43119,RegionB,423
43746,RegionA,423
46483,RegionB,423
46492,RegionC,423
49487,RegionB,423
2275,RegionE,424
11769,RegionA,424
14885,RegionA,424
24824,RegionB,424
46668,RegionC,424
49731,RegionB,424
2836,RegionB,425
6046,RegionC,425
8196,RegionB,425
10856,RegionA,425
14675,RegionA,425
17946,RegionF,425
28009,RegionA,425
29484,RegionE,425
29815,RegionB,425
33982,RegionC,425
38893,RegionB,425
43521,RegionC,425
43716,RegionB,425
23278,RegionC,426
41924,RegionB,426
47116,RegionE,426
3720,RegionA,427
5885,RegionA,427
11482,RegionB,427
14524,RegionA,427
19992,RegionD,427
21178,RegionC,427
22374,RegionA,427
25846,RegionA,427
33407,RegionA,427
49369,RegionB,427
14485,RegionB,428
26883,RegionB,428
28774,RegionC,428
32689,RegionB,428
42054,RegionA,428
43280,RegionA,428
43674,RegionA,428
4870,RegionB,429
14861,RegionC,429
16425,RegionA,429
23386,RegionA,429
24084,RegionC,429
28483,RegionB,429
42395,RegionA,429
49794,RegionA,429
6219,RegionA,430
17237,RegionD,430
18753,RegionA,430
20746,RegionC,430
21140,RegionD,430
49099,RegionA,430
21322,RegionC,431
24744,RegionA,431
33271,RegionA,431
36501,RegionC,431
39425,RegionB,431
2056,RegionB,432
12544,RegionB,432
19112,RegionC,432
32463,RegionA,432
37859,RegionC,432
40503,RegionC,432
41784,RegionA,432
4518,RegionC,433
12683,RegionB,433
13324,RegionB,433
29897,RegionD,433
30429,RegionA,433
34674,RegionA,433
46888,RegionA,433
47164,RegionA,433
11591,RegionA,434
18587,RegionC,434
29382,RegionB,434
39279,RegionA,434
44868,RegionA,434
45039,RegionA,434
48366,RegionB,434
3607,RegionA,435
5761,RegionB,435
15176,RegionC,435
16185,RegionB,435
20021,RegionA,435
35800,RegionC,435
37886,RegionC,435
41562,RegionA,435
46257,RegionA,435
2740,RegionC,436
16120,RegionB,436
17868,RegionA,436
18240,RegionC,436
30593,RegionA,436
34035,RegionC,436
47635,RegionA,436
49366,RegionF,436
4210,RegionE,437
23572,RegionC,437
25006,RegionA,437
42415,RegionA,437
44482,RegionB,437
187,RegionB,438
1405,RegionA,438
2979,RegionA,438
16855,RegionC,438
21231,RegionC,438
25385,RegionA,438
32373,RegionB,438
40752,RegionC,438
41417,RegionA,438
8602,RegionB,439
10158,RegionC,439
15918,RegionC,439
22678,RegionB,439
48219,RegionA,439
1101,RegionF,440
43636,RegionB,440
44250,RegionA,440
47920,RegionB,440
7898,RegionA,441
9196,RegionA,441
12603,RegionB,441
29809,RegionB,441
30459,RegionB,441
37972,RegionE,441
19786,RegionB,442
20417,RegionC,442
28105,RegionC,442
29886,RegionA,442
39151,RegionC,442
44828,RegionA,442
48939,RegionC,442
49859,RegionA,442
734,RegionA,443
15384,RegionB,443
41333,RegionA,443
43038,RegionA,443
49502,RegionC,443
9489,RegionC,444
10764,RegionA,444
19301,RegionB,444
21801,RegionC,444
36210,RegionA,444
36338,RegionC,444
41211,RegionC,444
44017,RegionB,444
45086,RegionB,444
17487,RegionA,445
20583,RegionA,445
24145,RegionA,445
41490,RegionA,445
48061,RegionA,445
3269,RegionB,446
10167,RegionA,446
27371,RegionC,446
33388,RegionA,446
40984,RegionA,446
46187,RegionA,446
1186,RegionD,447
12636,RegionB,447
23034,RegionC,447
31876,RegionB,447
38180,RegionC,447
38369,RegionB,447
41544,RegionB,447
44872,RegionC,447
45892,RegionB,447
17064,RegionB,448
21638,RegionC,448
31027,RegionA,448
33970,RegionC,448
35035,RegionA,448
44670,RegionA,448
47591,RegionB,448
5605,RegionB,449
21948,RegionA,449
31239,RegionB,449
33215,RegionC,449
38315,RegionA,449
5756,RegionB,450
11720,RegionC,450
14614,RegionA,450
24723,RegionA,450
30235,RegionB,450
30818,RegionA,450
39072,RegionB,450
40450,RegionC,450
44809,RegionA,450
49989,RegionE,450
3730,RegionC,451
5832,RegionA,451
6269,RegionC,451
19672,RegionA,451
31885,RegionF,451
33109,RegionB,451
39023,RegionA,451
43484,RegionA,451
47847,RegionB,451
48441,RegionE,451
10454,RegionC,452
33136,RegionC,452
35978,RegionE,452
48377,RegionA,452
4257,RegionA,453
5021,RegionB,453
16760,RegionA,453
17914,RegionA,453
18138,RegionA,453
23339,RegionA,453
34040,RegionB,453
36808,RegionB,453
46369,RegionA,453
922,RegionC,454
3588,RegionA,454
3799,RegionA,454
6107,RegionA,454
8303,RegionD,454
19121,RegionA,454
37065,RegionC,454
38384,RegionC,454
41536,RegionA,454
42512,RegionA,454
47830,RegionC,454
3748,RegionB,455
13444,RegionC,455
17088,RegionA,455
22410,RegionB,455
38219,RegionB,455
38502,RegionC,455
39828,RegionD,455
48625,RegionA,455
49261,RegionE,455
3531,RegionB,456
5341,RegionB,456
8189,RegionB,456
11514,RegionB,456
24892,RegionD,456
28787,RegionC,456
34877,RegionA,456
36007,RegionB,456
22217,RegionA,457
24468,RegionA,457
25348,RegionB,457
30558,RegionC,457
37633,RegionA,457
4199,RegionA,458
10573,RegionF,458
18187,RegionC,458
26690,RegionA,458
30131,RegionB,458
31306,RegionC,458
36861,RegionB,458
41433,RegionB,458
13997,RegionE,459
19566,RegionE,459
24688,RegionC,459
43312,RegionA,459
43736,RegionC,459
3087,RegionC,460
6886,RegionC,460
7755,RegionB,460
11500,RegionA,460
19968,RegionA,460
22165,RegionA,460
23128,RegionF,460
25516,RegionA,460
34601,RegionA,460
38594,RegionC,460
45661,RegionA,460
45804,RegionE,460
1216,RegionB,461
3712,RegionA,461
8580,RegionA,461
8621,RegionB,461
8798,RegionB,461
10371,RegionA,461
10903,RegionA,461
16070,RegionF,461
26196,RegionC,461
41921,RegionF,461
44072,RegionC,461
11947,RegionB,462
12237,RegionC,462
27924,RegionA,462
33320,RegionC,462
5807,RegionB,463
20572,RegionA,463
22204,RegionA,463
24207,RegionB,463
29347,RegionA,463
30936,RegionA,463
30952,RegionC,463
41154,RegionA,463
43618,RegionC,463
47722,RegionA,463
519,RegionA,464
1003,RegionA,464
46933,RegionA,464
31379,RegionC,465
38496,RegionC,465
42195,RegionC,465
43223,RegionB,465
47144,RegionA,465
2268,RegionC,466
4420,RegionE,466
14724,RegionC,466
25471,RegionA,466
31554,RegionB,466
40754,RegionA,466
3232,RegionC,467
3668,RegionA,467
15701,RegionC,467
47124,RegionA,467
706,RegionC,468
6703,RegionF,468
8143,RegionB,468
35929,RegionB,468
36317,RegionC,468
49164,RegionA,468
2501,RegionB,469
6166,RegionA,469
9410,RegionC,469
14434,RegionB,469
18465,RegionA,469
34367,RegionB,469
34690,RegionB,469
37035,RegionA,469
38498,RegionA,469
10013,RegionB,470
19815,RegionD,470
21294,RegionB,470
32310,RegionC,470
10360,RegionB,471
10369,RegionC,471
30944,RegionB,471
41256,RegionB,471
46550,RegionC,471
47848,RegionB,471
8542,RegionB,472
11680,RegionC,472
13018,RegionC,472
15026,RegionC,472
45450,RegionF,472
46827,RegionC,472
18711,RegionB,473
20062,RegionB,473
24916,RegionB,473
26349,RegionA,473
28712,RegionA,473
31226,RegionB,473
33232,RegionA,473
43055,RegionC,473
48205,RegionF,473
49247,RegionC,473
2223,RegionA,474
10208,RegionA,474
18241,RegionE,474
22846,RegionF,474
29933,RegionB,474
33832,RegionC,474
35826,RegionC,474
36437,RegionE,474
44756,RegionA,474
11060,RegionA,475
18072,RegionA,475
19258,RegionA,475
34459,RegionB,475
36014,RegionB,475
42753,RegionC,475
45019,RegionA,475
7140,RegionB,476
8123,RegionB,476
17312,RegionA,476
18286,RegionC,476
26905,RegionC,476
39869,RegionA,476
42869,RegionB,476
3979,RegionC,477
5416,RegionC,477
10514,RegionF,477
11249,RegionA,477
18651,RegionB,477
18982,RegionD,477
29160,RegionB,477
40358,RegionC,477
41303,RegionC,477
42702,RegionA,477
49117,RegionA,477
3339,RegionA,478
5231,RegionB,478
9921,RegionB,478
18299,RegionC,478
30803,RegionA,478
35282,RegionC,478
42634,RegionC,478
45665,RegionC,478
13876,RegionB,479
24740,RegionC,479
25153,RegionC,479
29904,RegionF,479
33112,RegionA,479
33852,RegionC,479
44140,RegionA,479
44381,RegionA,479
45813,RegionA,479
5437,RegionF,480
8870,RegionB,480
12722,RegionB,480
18881,RegionB,480
26472,RegionC,480
26623,RegionC,480
32296,RegionB,480
38213,RegionC,480
38892,RegionA,480
46400,RegionC,480
47748,RegionA,480
13919,RegionA,481
20260,RegionC,481
20726,RegionC,481
21295,RegionB,481
28530,RegionB,481
30049,RegionA,481
40157,RegionA,481
44411,RegionB,481
48038,RegionB,481
49238,RegionB,481
49875,RegionB,481
9195,RegionD,482
9553,RegionB,482
10610,RegionB,482
13286,RegionB,482
20223,RegionA,482
29408,RegionB,482
37361,RegionC,482
39367,RegionB,482
40845,RegionE,482
43429,RegionC,482
4522,RegionB,483
6556,RegionB,483
10365,RegionA,483
13573,RegionA,483
24051,RegionC,483
26024,RegionB,483
29585,RegionB,483
34168,RegionA,483
41448,RegionC,483
45048,RegionC,483
49412,RegionF,483
1239,RegionA,484
15209,RegionC,484
34282,RegionB,484
37231,RegionF,484
3987,RegionE,485
4959,RegionA,485
10456,RegionA,485
18563,RegionA,485
32548,RegionA,485
43168,RegionA,485
45422,RegionC,485
13720,RegionC,486
27476,RegionC,486
29099,RegionA,486
41754,RegionB,487
44789,RegionA,487
49634,RegionC,487
3938,RegionB,488
7640,RegionC,488
11362,RegionA,488
11921,RegionB,488
17413,RegionC,488
39666,RegionA,488
43218,RegionC,488
43566,RegionC,488
48611,RegionC,488
49521,RegionB,488
8153,RegionA,489
26315,RegionC,489
29450,RegionC,489
45035,RegionC,489
28454,RegionE,490
44272,RegionB,490
46106,RegionF,490
46801,RegionE,490
6841,RegionA,491
12643,RegionB,491
13676,RegionA,491
21132,RegionC,491
45001,RegionB,491
47491,RegionA,491
49787,RegionA,491
7705,RegionC,492
10582,RegionA,492
11488,RegionB,492
19942,RegionA,492
27903,RegionE,492
36179,RegionB,492
39422,RegionA,492
39938,RegionC,492
48275,RegionB,492
5627,RegionE,493
10495,RegionA,493
22809,RegionB,493
27144,RegionA,493
43113,RegionC,493
45307,RegionA,493
46450,RegionB,493
47568,RegionC,493
2337,RegionB,494
20969,RegionC,494
26459,RegionC,494
29613,RegionB,494
32562,RegionA,494
49062,RegionB,494
4625,RegionA,495
8782,RegionE,495
19944,RegionB,495
20120,RegionB,495
34507,RegionC,495
37345,RegionB,495
44046,RegionE,495
45981,RegionD,495
22132,RegionA,496
26092,RegionC,496
26730,RegionA,496
49488,RegionB,496
1022,RegionD,497
1867,RegionC,497
6437,RegionB,497
7288,RegionA,497
12442,RegionD,497
17972,RegionE,497
45952,RegionB,497
6457,RegionB,498
20482,RegionB,498
38323,RegionB,498
46739,RegionB,498
5417,RegionE,499
14899,RegionB,499
16735,RegionB,499
19117,RegionB,499
22052,RegionE,499
44751,RegionB,499
49226,RegionB,499
4205,RegionA,500
22162,RegionC,500
24817,RegionB,500
31023,RegionB,500
42539,RegionA,500
4638,RegionA,501
17330,RegionA,501
19889,RegionA,501
48371,RegionA,501
1011,RegionA,502
6639,RegionA,502
16979,RegionB,502
21836,RegionA,502
39183,RegionB,502
47412,RegionA,502
5294,RegionA,503
8897,RegionB,503
20382,RegionB,503
23190,RegionB,503
23540,RegionC,503
26631,RegionA,503
30679,RegionA,503
31054,RegionA,503
43076,RegionA,503
44655,RegionC,503
47249,RegionA,503
2216,RegionE,504
2342,RegionA,504
9431,RegionC,504
16925,RegionA,504
18550,RegionA,504
46899,RegionC,504
10875,RegionA,505
14023,RegionD,505
15715,RegionC,505
16647,RegionE,505
21346,RegionA,505
26125,RegionC,505
42844,RegionC,505
19800,RegionB,506
21368,RegionC,506
4005,RegionC,507
18189,RegionA,507
39237,RegionC,507
1679,RegionA,508
6192,RegionA,508
10713,RegionA,508
21860,RegionC,508
46182,RegionB,508
14131,RegionB,509
22311,RegionB,509
36988,RegionE,509
46767,RegionC,509
4586,RegionA,510
5446,RegionB,510
10440,RegionC,510
20984,RegionA,510
31779,RegionC,510
40943,RegionC,510
10100,RegionC,511
12257,RegionC,511
12326,RegionA,511
22724,RegionB,511
46350,RegionA,511
2826,RegionE,512
12844,RegionA,512
15220,RegionB,512
15880,RegionA,512
34241,RegionA,512
49837,RegionC,512
1034,RegionC,513
19225,RegionF,513
35427,RegionE,513
5171,RegionB,514
11781,RegionA,514
26702,RegionC,514
37803,RegionA,514
40812,RegionD,514
42200,RegionB,514
49791,RegionC,514
668,RegionE,515
2942,RegionB,515
7767,RegionA,515
9670,RegionA,515
18828,RegionB,515
22897,RegionC,515
37400,RegionC,515
700,RegionC,516
7305,RegionC,516
12251,RegionC,516
12870,RegionA,516
13770,RegionB,516
25015,RegionC,516
29157,RegionA,516
35305,RegionB,516
39943,RegionB,516
40782,RegionA,516
351,RegionB,517
990,RegionA,517
6084,RegionB,517
9595,RegionC,517
13279,RegionB,517
16819,RegionA,517
20592,RegionB,517
30600,RegionA,517
37960,RegionA,517
7050,RegionC,518
10432,RegionB,518
12440,RegionB,518
25707,RegionA,518
3526,RegionC,519
6614,RegionB,519
9586,RegionB,519
24229,RegionC,519
24853,RegionE,519
27930,RegionA,519
28658,RegionA,519
29359,RegionD,519
36054,RegionB,519
49659,RegionB,519
6554,RegionA,520
11883,RegionC,520
12841,RegionC,520
13727,RegionC,520
23783,RegionC,520
29508,RegionB,520
29881,RegionB,520
31265,RegionB,520
31456,RegionB,520
34009,RegionC,520
39536,RegionB,520
17763,RegionA,521
24471,RegionC,521
32994,RegionA,521
4847,RegionA,522
14193,RegionC,522
15040,RegionF,522
20825,RegionC,522
35158,RegionE,522
39117,RegionB,522
40218,RegionB,522
45301,RegionA,522
46956,RegionB,522
2594,RegionB,523
5314,RegionA,523
5674,RegionA,523
21192,RegionC,523
22033,RegionA,523
27171,RegionA,523
28011,RegionB,523
31041,RegionA,523
33163,RegionC,523
44117,RegionC,523
14591,RegionB,524
34248,RegionA,524
39097,RegionB,524
39223,RegionC,524
40778,RegionC,524
93,RegionA,525
2352,RegionC,525
21171,RegionB,525
22730,RegionA,525
29321,RegionA,525
33251,RegionA,525
38082,RegionC,525
48613,RegionA,525
7478,RegionA,526
8343,RegionA,526
14570,RegionA,526
17046,RegionC,526
22785,RegionC,526
24329,RegionA,526
24784,RegionB,526
29391,RegionC,526
48358,RegionA,526
49432,RegionA,526
3988,RegionA,527
9804,RegionC,527
14220,RegionE,527
14714,RegionA,527
18877,RegionD,527
24085,RegionC,527
28333,RegionB,527
34844,RegionA,527
36581,RegionC,527
39854,RegionC,527
40800,RegionA,527
46914,RegionA,527
17410,RegionA,528
21155,RegionA,528
34089,RegionF,528
45809,RegionC,528
776,RegionB,529
13976,RegionC,529
18897,RegionF,529
34421,RegionB,529
37227,RegionB,529
42107,RegionA,529
48824,RegionA,529
49108,RegionB,529
2186,RegionB,530
10373,RegionB,530
11395,RegionA,530
41066,RegionB,530
45837,RegionF,530
2977,RegionE,531
9279,RegionC,531
12985,RegionC,531
30264,RegionC,531
39814,RegionC,531
42558,RegionA,531
49938,RegionA,531
3388,RegionB,532
3586,RegionC,532
7211,RegionB,532
11919,RegionA,532
12877,RegionA,532
16384,RegionC,532
17279,RegionA,532
44532,RegionA,532
46946,RegionA,532
3992,RegionC,533
16486,RegionB,533
19110,RegionB,533
21540,RegionC,533
32477,RegionA,533
46577,RegionC,533
47334,RegionA,533
3662,RegionB,534
5665,RegionC,534
8260,RegionB,534
12672,RegionE,534
14718,RegionC,534
22278,RegionB,534
26011,RegionB,534
34087,RegionC,534
36512,RegionB,534
39882,RegionA,534
42383,RegionB,534
49891,RegionA,534
1869,RegionA,535
8323,RegionE,535
10319,RegionA,535
11341,RegionA,535
19910,RegionB,535
22543,RegionC,535
23906,RegionB,535
27601,RegionC,535
27795,RegionB,535
31789,RegionB,535
32716,RegionC,535
43709,RegionB,535
14036,RegionD,536
2213,RegionB,537
11335,RegionA,537
18741,RegionA,537
21493,RegionC,537
26636,RegionC,537
27466,RegionA,537
33165,RegionA,537
34686,RegionA,537
35525,RegionD,537
45417,RegionE,537
3173,RegionC,538
3248,RegionA,538
21562,RegionA,538
21877,RegionA,538
34458,RegionA,538
36462,RegionC,538
10174,RegionA,539
14830,RegionE,539
17587,RegionA,539
19677,RegionC,539
21945,RegionB,539
22780,RegionE,539
29265,RegionB,539
32565,RegionC,539
44358,RegionB,539
8765,RegionA,540
11353,RegionC,540
13706,RegionB,540
15228,RegionB,540
35049,RegionA,540
42311,RegionB,540
3069,RegionF,541
9011,RegionC,541
27543,RegionA,541
29080,RegionB,541
34181,RegionA,541
40468,RegionB,541
40504,RegionE,541
47411,RegionE,541
2273,RegionB,542
6785,RegionB,542
11889,RegionB,542
14925,RegionB,542
41037,RegionA,542
3776,RegionC,543
9549,RegionC,543
10993,RegionA,543
32529,RegionA,543
32943,RegionA,543
34017,RegionA,543
34049,RegionC,543
38729,RegionB,543
43108,RegionE,543
45991,RegionB,543
9095,RegionC,544
17010,RegionA,544
26638,RegionA,544
14094,RegionC,545
21508,RegionA,545
23870,RegionA,545
30397,RegionA,545
32118,RegionB,545
35022,RegionA,545
42465,RegionD,545
45621,RegionA,545
9161,RegionC,546
14389,RegionC,546
30261,RegionB,546
1247,RegionA,547
4741,RegionC,547
10234,RegionA,547
21387,RegionB,547
22474,RegionA,547
28287,RegionB,547
30560,RegionF,547
34897,RegionA,547
36725,RegionC,547
42952,RegionA,547
11985,RegionA,548
12677,RegionC,548
13064,RegionC,548
28179,RegionA,548
28674,RegionB,548
41195,RegionA,548
41214,RegionA,548
42633,RegionB,548
45649,RegionA,548
9332,RegionC,549
23827,RegionB,549
28903,RegionB,549
33606,RegionB,549
38601,RegionC,549
38783,RegionB,549
2074,RegionA,550
7981,RegionC,550
9552,RegionA,550
11856,RegionB,550
13403,RegionB,550
16043,RegionC,550
40881,RegionB,550
43478,RegionA,550
48290,RegionE,550
4070,RegionB,551
14513,RegionB,551
15544,RegionC,551
17397,RegionA,551
21161,RegionA,551
24247,RegionB,551
29769,RegionB,551
30142,RegionA,551
35956,RegionB,551
13002,RegionA,552
25294,RegionA,552
25964,RegionA,552
43561,RegionF,552
43616,RegionB,552
45628,RegionA,552
4443,RegionB,553
14916,RegionA,553
22137,RegionD,553
24684,RegionA,553
28478,RegionB,553
44037,RegionB,553
44208,RegionB,553
46005,RegionB,553
14919,RegionB,554
15238,RegionA,554
28017,RegionA,554
42113,RegionA,554
44197,RegionE,554
8289,RegionC,555
15678,RegionA,555
16376,RegionB,555
18935,RegionC,555
33420,RegionA,555
44633,RegionB,555
47545,RegionB,555
11652,RegionB,556
20735,RegionA,556
20814,RegionA,556
38126,RegionB,556
45714,RegionA,556
46320,RegionB,556
46544,RegionC,556
48852,RegionB,556
48872,RegionC,556
11252,RegionB,557
15733,RegionB,557
19370,RegionA,557
40701,RegionF,557
11792,RegionC,558
11855,RegionB,558
18530,RegionA,558
18963,RegionA,558
20486,RegionA,558
25071,RegionA,558
26440,RegionD,558
30923,RegionA,558
32112,RegionB,558
34078,RegionA,558
39327,RegionB,558
41969,RegionA,558
49094,RegionB,558
2882,RegionB,559
12628,RegionA,559
14108,RegionC,559
14715,RegionB,559
17302,RegionC,559
22999,RegionA,559
23093,RegionC,559
36330,RegionB,559
46231,RegionA,559
6844,RegionB,560
6860,RegionE,560
23427,RegionB,560
35163,RegionC,560
35913,RegionA,560
40644,RegionA,560
42387,RegionA,560
42843,RegionB,560
48348,RegionC,560
48874,RegionE,560
1120,RegionC,561
6636,RegionC,561
7062,RegionC,561
15621,RegionB,561
35643,RegionC,561
36580,RegionC,561
48806,RegionB,561
2174,RegionB,562
7692,RegionC,562
32446,RegionB,562
45345,RegionE,562
866,RegionA,563
908,RegionB,563
1194,RegionA,563
5147,RegionC,563
22274,RegionC,563
4966,RegionA,564
5839,RegionA,564
12801,RegionB,564
13961,RegionB,564
29319,RegionC,564
27235,RegionA,565
31502,RegionB,565
31780,RegionF,565
41962,RegionA,565
42849,RegionB,565
45037,RegionA,565
45530,RegionA,565
59,RegionA,566
889,RegionC,566
2262,RegionE,566
3038,RegionA,566
10506,RegionC,566
29100,RegionB,566
29394,RegionA,566
30971,RegionC,566
32771,RegionA,566
33043,RegionB,566
34474,RegionC,566
38545,RegionA,566
39626,RegionA,566
40692,RegionB,566
48163,RegionB,566
6412,RegionB,567
18029,RegionB,567
19244,RegionC,567
21736,RegionC,567
43209,RegionA,567
46173,RegionA,567
1023,RegionA,568
1483,RegionA,568
8358,RegionA,568
12752,RegionA,568
31990,RegionF,568
40777,RegionB,568
42817,RegionB,568
45186,RegionC,568
46515,RegionA,568
15696,RegionF,569
20484,RegionD,569
30969,RegionA,569
32448,RegionC,569
33663,RegionA,569
42331,RegionB,569
46489,RegionB,569
1638,RegionC,570
5764,RegionC,570
6576,RegionB,570
9784,RegionC,570
15816,RegionA,570
18008,RegionB,570
26279,RegionB,570
32347,RegionB,570
34841,RegionB,570
41139,RegionC,570
43237,RegionB,570
44734,RegionC,570
3884,RegionA,571
13330,RegionA,571
14587,RegionD,571
48069,RegionA,571
49965,RegionA,571
644,RegionA,572
5589,RegionA,572
8896,RegionA,572
9607,RegionC,572
15147,RegionA,572
18032,RegionA,572
18388,RegionB,572
21429,RegionF,572
21900,RegionC,572
1383,RegionE,573
1717,RegionC,573
8527,RegionA,573
10827,RegionC,573
15102,RegionB,573
21125,RegionB,573
36572,RegionB,573
45984,RegionB,573
47693,RegionD,573
7728,RegionA,574
9224,RegionA,574
10108,RegionA,574
11698,RegionB,574
14329,RegionB,574
22440,RegionA,574
26586,RegionA,574
29087,RegionB,574
32687,RegionA,574
33074,RegionA,574
43775,RegionB,574
45864,RegionA,574
1228,RegionA,575
19646,RegionA,575
21989,RegionA,575
25033,RegionB,575
30081,RegionF,575
30802,RegionC,575
32573,RegionC,575
36057,RegionA,575
41538,RegionB,575
44710,RegionA,575
626,RegionB,576
5918,RegionA,576
7724,RegionB,576
9987,RegionB,576
10420,RegionC,576
11082,RegionB,576
15116,RegionB,576
16914,RegionC,576
20849,RegionB,576
25452,RegionA,576
27945,RegionA,576
41170,RegionB,576
41941,RegionA,576
43023,RegionF,576
45392,RegionA,576
46415,RegionA,576
48956,RegionB,576
48976,RegionB,576
1082,RegionA,577
11017,RegionC,577
12047,RegionC,577
18680,RegionC,577
19701,RegionB,577
21658,RegionC,577
32326,RegionA,577
36413,RegionA,577
38255,RegionA,577
6979,RegionA,578
16567,RegionC,578
23701,RegionA,578
24626,RegionB,578
31087,RegionA,578
35077,RegionB,578
3659,RegionE,579
5170,RegionA,579
11265,RegionB,579
11790,RegionB,579
17159,RegionA,579
25369,RegionB,579
33661,RegionC,579
36652,RegionC,579
44412,RegionC,579
49060,RegionA,579
1549,RegionA,580
5463,RegionE,580
5991,RegionB,580
6109,RegionB,580
6347,RegionC,580
6465,RegionC,580
8129,RegionB,580
9997,RegionA,580
24219,RegionA,580
28215,RegionB,580
29946,RegionB,580
35763,RegionA,580
39514,RegionA,580
40006,RegionA,580
40231,RegionA,580
41165,RegionC,580
43276,RegionB,580
747,RegionA,581
8415,RegionF,581
12663,RegionB,581
13313,RegionC,581
29655,RegionA,581
31547,RegionB,581
32184,RegionB,581
4633,RegionB,582
9089,RegionC,582
15823,RegionA,582
19078,RegionB,582
45676,RegionB,582
47241,RegionA,582
1825,RegionA,583
4712,RegionB,583
4884,RegionC,583
27355,RegionB,583
39309,RegionC,583
42929,RegionB,583
988,RegionC,584
5033,RegionB,584
7769,RegionB,584
22094,RegionB,584
37962,RegionB,584
46984,RegionC,584
47530,RegionA,584
48305,RegionA,584
48315,RegionC,584
1708,RegionB,585
7787,RegionA,585
23566,RegionC,585
28429,RegionA,585
32579,RegionC,585
35681,RegionC,585
38767,RegionA,585
44216,RegionC,585
49711,RegionB,585
3694,RegionA,586
5840,RegionB,586
6816,RegionA,586
12283,RegionC,586
15261,RegionC,586
17288,RegionC,586
29689,RegionA,586
32980,RegionD,586
38636,RegionA,586
40428,RegionB,586
4051,RegionC,587
5748,RegionB,587
8187,RegionA,587
12395,RegionC,587
36570,RegionA,587
3404,RegionA,588
7848,RegionB,588
14092,RegionB,588
32365,RegionA,588
40917,RegionD,588
43650,RegionB,588
3605,RegionC,589
24968,RegionB,589
30597,RegionB,589
36107,RegionB,589
8496,RegionA,590
12660,RegionA,590
26859,RegionC,590
32935,RegionA,590
36567,RegionC,590
40928,RegionB,590
49089,RegionC,590
4615,RegionC,591
4905,RegionC,591
12588,RegionA,591
15138,RegionD,591
25669,RegionB,591
31521,RegionB,591
40429,RegionB,591
3243,RegionB,592
11688,RegionE,592
12654,RegionA,592
16677,RegionB,592
30372,RegionA,592
31126,RegionA,592
36272,RegionC,592
16090,RegionA,593
33586,RegionA,593
44253,RegionB,593
44254,RegionB,593
48347,RegionB,593
11586,RegionB,594
15892,RegionC,594
21474,RegionC,594
34559,RegionB,594
38939,RegionB,594
39827,RegionC,594
41005,RegionA,594
2672,RegionB,595
3265,RegionC,595
17758,RegionA,595
19423,RegionA,595
20638,RegionB,595
22786,RegionC,595
35964,RegionC,595
39036,RegionA,595
41569,RegionA,595
44952,RegionA,595
9055,RegionB,596
10912,RegionC,596
28295,RegionC,596
28547,RegionA,596
40015,RegionB,596
42119,RegionA,596
46265,RegionA,596
47534,RegionC,596
2782,RegionA,597
7452,RegionA,597
9069,RegionC,597
16669,RegionA,597
18097,RegionA,597
29654,RegionC,597
33792,RegionC,597
37889,RegionA,597
39920,RegionD,597
42314,RegionC,597
43791,RegionA,597
50000,RegionB,597
3949,RegionA,598
5630,RegionB,598
8810,RegionA,598
11759,RegionC,598
29743,RegionB,598
30903,RegionA,598
31996,RegionD,598
36541,RegionC,598
1652,RegionF,599
15498,RegionC,599
19486,RegionC,599
43182,RegionA,599
46995,RegionB,599
8287,RegionB,600
13622,RegionC,600
13834,RegionA,600
17699,RegionA,600
20671,RegionB,600
30574,RegionA,600
34536,RegionA,600
42284,RegionA,600
45846,RegionA,600
49960,RegionB,600
5848,RegionC,601
7315,RegionA,601
9862,RegionB,601
26027,RegionE,601
19281,RegionB,602
29847,RegionA,602
32456,RegionA,602
41634,RegionA,602
43860,RegionB,602
8793,RegionB,603
10801,RegionC,603
13156,RegionC,603
25119,RegionB,603
26109,RegionB,603
33224,RegionA,603
40962,RegionC,603
45926,RegionB,603
282,RegionA,604
3101,RegionC,604
5397,RegionC,604
1935,RegionA,605
2043,RegionB,605
9236,RegionA,605
18670,RegionB,605
31646,RegionB,605
33920,RegionA,605
35018,RegionB,605
37468,RegionA,605
41253,RegionA,605
5709,RegionB,606
7469,RegionC,606
25670,RegionB,606
42731,RegionB,606
43249,RegionB,606
48650,RegionC,606
3263,RegionB,607
11549,RegionC,607
11787,RegionA,607
44772,RegionB,607
48881,RegionA,607
5802,RegionB,608
18368,RegionA,608
18592,RegionB,608
19357,RegionA,608
19814,RegionC,608
27183,RegionA,608
28581,RegionA,608
29934,RegionB,608
35332,RegionB,608
35604,RegionE,608
36659,RegionC,608
41418,RegionA,608
42632,RegionB,608
44620,RegionB,608
49817,RegionC,608
5626,RegionC,609
14648,RegionA,609
15985,RegionA,609
18398,RegionC,609
20795,RegionA,609
25645,RegionC,609
25775,RegionB,609
26327,RegionC,609
34313,RegionA,609
47479,RegionA,609
48738,RegionA,609
3764,RegionE,610
23539,RegionB,610
23749,RegionC,610
27556,RegionA,610
40723,RegionA,610
41406,RegionB,610
45979,RegionB,610
47201,RegionD,610
440,RegionA,611
3446,RegionB,611
12214,RegionA,611
12805,RegionA,611
17417,RegionA,611
33629,RegionC,611
38162,RegionD,611
18417,RegionC,612
19484,RegionB,612
19799,RegionB,612
20991,RegionA,612
27961,RegionC,612
34513,RegionB,612
49618,RegionB,612
19555,RegionA,613
26705,RegionA,613
42423,RegionB,613
46746,RegionB,613
47902,RegionC,613
2136,RegionC,614
4181,RegionB,614
7501,RegionC,614
10398,RegionA,614
15716,RegionA,614
24947,RegionA,614
26537,RegionC,614
31498,RegionF,614
34741,RegionB,614
38008,RegionB,614
39204,RegionC,614
40954,RegionB,614
41276,RegionB,614
2583,RegionD,615
35418,RegionB,615
41818,RegionA,615
42098,RegionE,615
1814,RegionC,616
6011,RegionB,616
6278,RegionA,616
7621,RegionE,616
14891,RegionA,616
17176,RegionB,616
37904,RegionB,616
42533,RegionA,616
49707,RegionE,616
306,RegionC,617
11550,RegionD,617
12900,RegionC,617
35574,RegionB,617
36628,RegionA,617
43921,RegionC,617
1391,RegionA,618
10362,RegionC,618
25519,RegionB,618
25619,RegionC,618
34637,RegionB,618
37143,RegionB,618
39196,RegionB,618
42412,RegionC,618
47835,RegionB,618
15173,RegionA,619
24113,RegionA,619
40939,RegionA,619
43459,RegionB,619
45093,RegionB,619
12614,RegionA,620
13900,RegionA,620
15354,RegionC,620
31589,RegionC,620
36965,RegionB,620
3146,RegionC,621
12014,RegionC,621
14943,RegionA,621
15464,RegionB,621
27005,RegionA,621
28100,RegionE,621
30823,RegionA,621
45867,RegionB,621
48764,RegionA,621
48867,RegionC,621
8279,RegionA,622
9158,RegionA,622
44187,RegionB,622
46763,RegionA,622
47687,RegionA,622
2888,RegionB,623
6802,RegionA,623
26428,RegionA,623
41176,RegionB,623
42351,RegionB,623
48610,RegionC,623
49538,RegionA,623
7046,RegionA,624
12113,RegionC,624
17561,RegionA,624
17808,RegionE,624
22328,RegionA,624
30637,RegionC,624
36918,RegionA,624
37427,RegionC,624
48817,RegionA,624
8172,RegionE,625
8550,RegionB,625
19464,RegionB,625
20474,RegionB,625
24682,RegionC,625
62,RegionB,626
6092,RegionC,626
6450,RegionB,626
10636,RegionB,626
11835,RegionB,626
24385,RegionB,626
44836,RegionB,626
45027,RegionB,626
45576,RegionA,626
47488,RegionC,626
16174,RegionC,627
18724,RegionB,627
22149,RegionC,627
26548,RegionB,627
32113,RegionC,627
37003,RegionA,627
49678,RegionB,627
3859,RegionB,628
6069,RegionA,628
13074,RegionA,628
13341,RegionE,628
25814,RegionB,628
29212,RegionB,628
33582,RegionC,628
34587,RegionD,628
2416,RegionB,629
4997,RegionD,629
9565,RegionA,629
19644,RegionC,629
24016,RegionB,629
3932,RegionB,630
18416,RegionB,630
19971,RegionC,630
20358,RegionC,630
25759,RegionA,630
28044,RegionB,630
28285,RegionA,630
41639,RegionF,630
46412,RegionB,630
48778,RegionA,630
3540,RegionC,631
4684,RegionA,631
10828,RegionC,631
15771,RegionB,631
19507,RegionE,631
30629,RegionB,631
31086,RegionA,631
31564,RegionA,631
37435,RegionA,631
21661,RegionA,632
36489,RegionC,632
41955,RegionA,632
47288,RegionA,632
732,RegionC,633
2647,RegionC,633
5203,RegionA,633
5959,RegionB,633
8057,RegionB,633
14135,RegionA,633
14439,RegionA,633
21338,RegionA,633
23625,RegionC,633
24561,RegionB,633
27887,RegionB,633
34990,RegionA,633
45796,RegionC,633
48421,RegionD,633
49772,RegionC,633
9685,RegionB,634
20366,RegionD,634
21345,RegionA,634
29328,RegionA,634
35491,RegionC,634
46989,RegionB,634
10278,RegionA,635
11843,RegionB,635
12110,RegionA,635
28892,RegionC,635
38302,RegionA,635
38540,RegionB,635
46131,RegionC,635
1844,RegionA,636
11317,RegionB,636
29248,RegionF,636
29695,RegionA,636
35782,RegionA,636
41142,RegionA,636
45947,RegionC,636
756,RegionB,637
5580,RegionC,637
5607,RegionD,637
9290,RegionB,637
14428,RegionC,637
18039,RegionA,637
20881,RegionB,637
32368,RegionB,637
37584,RegionC,637
38835,RegionB,637
47463,RegionC,637
7371,RegionC,638
28442,RegionA,638
28958,RegionC,638
35156,RegionC,638
38404,RegionC,638
38685,RegionC,638
44599,RegionA,638
49522,RegionC,638
13642,RegionC,639
23097,RegionA,639
28525,RegionC,639
29438,RegionE,639
44992,RegionA,639
49307,RegionF,639
4496,RegionB,640
13208,RegionC,640
17585,RegionE,640
33470,RegionB,640
39534,RegionA,640
41330,RegionC,640
42727,RegionC,640
455,RegionB,641
14790,RegionC,641
21556,RegionA,641
23332,RegionA,641
30882,RegionA,641
37071,RegionB,641
44672,RegionB,641
44921,RegionA,641
2297,RegionA,642
4622,RegionC,642
6935,RegionB,642
15915,RegionB,642
19284,RegionE,642
27159,RegionB,642
30094,RegionE,642
33740,RegionC,642
38013,RegionA,642
41595,RegionA,642
6924,RegionC,643
24800,RegionC,643
26467,RegionA,643
30837,RegionA,643
42369,RegionA,643
45515,RegionC,643
47580,RegionC,643
2584,RegionA,644
11474,RegionA,644
45000,RegionB,644
49169,RegionE,644
2935,RegionB,645
9786,RegionF,645
15466,RegionD,645
29260,RegionC,645
32424,RegionA,645
42024,RegionC,645
5051,RegionA,646
6563,RegionC,646
7578,RegionB,646
11161,RegionB,646
17502,RegionA,646
23342,RegionB,646
25421,RegionB,646
26016,RegionA,646
30233,RegionA,646
7751,RegionC,647
19770,RegionA,647
27240,RegionC,647
6128,RegionA,648
10052,RegionB,648
12492,RegionB,648
30167,RegionA,648
33062,RegionB,648
36608,RegionA,648
41641,RegionA,648
45798,RegionA,648
46655,RegionC,648
11689,RegionA,649
26545,RegionD,649
27090,RegionF,649
44863,RegionB,649
7185,RegionB,650
8144,RegionC,650
8978,RegionC,650
15661,RegionB,650
18494,RegionB,650
32677,RegionC,650
6511,RegionC,651
15777,RegionA,651
27496,RegionC,651
30525,RegionC,651
32975,RegionA,651
40098,RegionA,651
1089,RegionA,652
4187,RegionB,652
17363,RegionA,652
18793,RegionA,652
22836,RegionB,652
43898,RegionB,652
44371,RegionB,652
15,RegionB,653
12582,RegionA,653
12884,RegionA,653
14105,RegionB,653
18478,RegionA,653
25858,RegionA,653
36619,RegionC,653
36728,RegionA,653
47839,RegionA,653
1086,RegionC,654
10639,RegionA,654
21545,RegionC,654
29664,RegionB,654
34593,RegionC,654
47583,RegionA,654
5697,RegionB,655
11979,RegionA,655
17796,RegionA,655
18407,RegionA,655
21636,RegionB,655
28352,RegionB,655
36059,RegionA,655
38625,RegionB,655
42748,RegionA,655
895,RegionB,656
4244,RegionA,656
5597,RegionB,656
12635,RegionA,656
13419,RegionC,656
18123,RegionF,656
19920,RegionD,656
40404,RegionC,656
43440,RegionB,656
7606,RegionC,657
42304,RegionB,657
47645,RegionB,657
3856,RegionF,658
7266,RegionC,658
12065,RegionB,658
22696,RegionA,658
22997,RegionA,658
29526,RegionB,658
31640,RegionB,658
33068,RegionA,658
2498,RegionE,659
11049,RegionB,659
23073,RegionB,659
32713,RegionA,659
40850,RegionC,659
43817,RegionA,659
44109,RegionB,659
49002,RegionB,659
4481,RegionA,660
5443,RegionD,660
21133,RegionC,660
34775,RegionB,660
35398,RegionB,660
7419,RegionA,661
10298,RegionA,661
11589,RegionC,661
14213,RegionC,661
15521,RegionA,661
21476,RegionA,661
32286,RegionA,661
35362,RegionA,661
35446,RegionC,661
37310,RegionA,661
38122,RegionC,661
40497,RegionC,661
44864,RegionB,661
48890,RegionB,661
13281,RegionC,662
15926,RegionA,662
17118,RegionC,662
24475,RegionA,662
27153,RegionB,662
34100,RegionC,662
48819,RegionB,662
1044,RegionA,663
2816,RegionB,663
7001,RegionB,663
7789,RegionB,663
8783,RegionA,663
10310,RegionC,663
11846,RegionA,663
29327,RegionA,663
41412,RegionB,663
874,RegionB,664
9306,RegionC,664
13004,RegionB,664
30416,RegionA,664
32104,RegionB,664
48298,RegionA,664
215,RegionD,665
37632,RegionA,665
46484,RegionB,665
23276,RegionB,666
35194,RegionB,666
35413,RegionC,666
36557,RegionA,666
41509,RegionA,666
42714,RegionC,666
4381,RegionA,667
7704,RegionB,667
36805,RegionA,667
38381,RegionA,667
44924,RegionC,667
46962,RegionB,667
49882,RegionB,667
2873,RegionA,668
27244,RegionB,668
30495,RegionA,668
9102,RegionC,669
9971,RegionA,669
11944,RegionF,669
13820,RegionF,669
20259,RegionB,669
34156,RegionA,669
42005,RegionC,669
47071,RegionA,669
3187,RegionF,670
22859,RegionF,670
32854,RegionC,670
36641,RegionA,670
39688,RegionB,670
14100,RegionC,671
37748,RegionC,671
49316,RegionA,671
2332,RegionB,672
9220,RegionC,672
9915,RegionC,672
26914,RegionA,672
30172,RegionC,672
32003,RegionF,672
39421,RegionC,672
40187,RegionB,672
49010,RegionC,672
49527,RegionB,672
1845,RegionB,673
4804,RegionB,673
8764,RegionA,673
39848,RegionE,673
3829,RegionC,674
15031,RegionB,674
15296,RegionF,674
22464,RegionC,674
24423,RegionB,674
28568,RegionA,674
29271,RegionB,674
41742,RegionC,674
43089,RegionA,674
7059,RegionA,675
9149,RegionC,675
11664,RegionA,675
23881,RegionC,675
30981,RegionA,675
37350,RegionA,675
48119,RegionC,675
5530,RegionA,676
18770,RegionB,676
36335,RegionB,676
39241,RegionB,676
45503,RegionA,676
13485,RegionD,677
32280,RegionA,677
35120,RegionA,677
35850,RegionB,677
41983,RegionB,677
875,RegionB,678
14556,RegionA,678
17888,RegionA,678
20519,RegionA,678
34413,RegionB,678
34619,RegionC,678
40253,RegionC,678
48282,RegionC,678
16053,RegionB,679
19287,RegionB,679
29570,RegionA,679
32192,RegionC,679
4455,RegionA,680
11964,RegionA,680
17047,RegionE,680
17512,RegionC,680
34019,RegionA,680
34145,RegionB,680
138,RegionA,681
16554,RegionC,681
20454,RegionA,681
27173,RegionB,681
27676,RegionA,681
30368,RegionC,681
34514,RegionC,681
49871,RegionE,681
10288,RegionB,682
21779,RegionA,682
23639,RegionC,682
40256,RegionA,682
2830,RegionB,683
3010,RegionF,683
5683,RegionB,683
6777,RegionA,683
29626,RegionB,683
31481,RegionB,683
36153,RegionB,683
38984,RegionA,683
44697,RegionA,683
46490,RegionB,683
2038,RegionC,684
3961,RegionF,684
9009,RegionB,684
40683,RegionA,684
46481,RegionA,684
47468,RegionB,684
18497,RegionF,685
19609,RegionB,685
21570,RegionB,685
26811,RegionB,685
26916,RegionB,685
35871,RegionC,685
35928,RegionA,685
41785,RegionA,685
18792,RegionE,686
32065,RegionB,686
33743,RegionA,686
13256,RegionA,687
19490,RegionB,687
23601,RegionA,687
35006,RegionC,687
35500,RegionA,687
35556,RegionB,687
44665,RegionA,687
1879,RegionB,688
7055,RegionC,688
12071,RegionA,688
14701,RegionA,688
45393,RegionA,688
5248,RegionA,689
20082,RegionB,689
29824,RegionC,689
33093,RegionA,689
40670,RegionA,689
48456,RegionA,689
7940,RegionB,690
8046,RegionC,690
8971,RegionC,690
13473,RegionA,690
14331,RegionC,690
24773,RegionC,690
27895,RegionC,690
28219,RegionA,690
33380,RegionD,690
37681,RegionB,690
47859,RegionA,690
49335,RegionA,690
23352,RegionA,691
28735,RegionC,691
33610,RegionE,691
33754,RegionD,691
39207,RegionA,691
42308,RegionF,691
45144,RegionA,691
7454,RegionB,692
36429,RegionC,692
38868,RegionB,692
49173,RegionB,692
42872,RegionE,693
48905,RegionC,693
13240,RegionB,694
13394,RegionA,694
45460,RegionB,694
45902,RegionC,694
47968,RegionC,694
23108,RegionE,695
30338,RegionA,695
44130,RegionC,695
9171,RegionA,696
15960,RegionA,696
31115,RegionB,696
33619,RegionA,696
39239,RegionA,696
42299,RegionB,696
6221,RegionB,697
24523,RegionC,697
37032,RegionC,697
46798,RegionB,697
47489,RegionC,697
5321,RegionA,698
8409,RegionA,698
20924,RegionF,698
22238,RegionA,698
22563,RegionC,698
25194,RegionE,698
25629,RegionA,698
29545,RegionA,698
30847,RegionC,698
34782,RegionB,698
40411,RegionC,698
45756,RegionB,698
46188,RegionB,698
5504,RegionA,699
32513,RegionC,699
37995,RegionB,699
48748,RegionC,699
10031,RegionA,700
11279,RegionB,700
28201,RegionB,700
37996,RegionB,700
42828,RegionA,700
48476,RegionA,700
48676,RegionC,700
49292,RegionC,700
49997,RegionA,700
1056,RegionA,701
7995,RegionE,701
14395,RegionB,701
47573,RegionB,701
5007,RegionB,702
13670,RegionA,702
22534,RegionB,702
26198,RegionA,702
4436,RegionB,703
18142,RegionC,703
28367,RegionC,703
32256,RegionB,703
7219,RegionC,704
9544,RegionA,704
23808,RegionC,704
39256,RegionC,704
42984,RegionA,704
46606,RegionA,704
2063,RegionB,705
3663,RegionB,705
14263,RegionB,705
18598,RegionB,705
27782,RegionB,705
30379,RegionB,705
33156,RegionC,705
34449,RegionC,705
34496,RegionA,705
45727,RegionA,705
7128,RegionC,706
13471,RegionC,706
33525,RegionA,706
48406,RegionB,706
22475,RegionB,707
49263,RegionA,707
11876,RegionB,708
12015,RegionC,708
33590,RegionD,708
38202,RegionA,708
43878,RegionA,708
4495,RegionB,709
11772,RegionC,709
13255,RegionC,709
21467,RegionC,709
32181,RegionA,709
39914,RegionA,709
42624,RegionA,709
49175,RegionC,709
49449,RegionB,709
807,RegionA,710
3470,RegionA,710
3677,RegionC,710
10159,RegionC,710
13252,RegionB,710
14296,RegionB,710
15605,RegionA,710
16689,RegionB,710
20050,RegionC,710
2088,RegionB,711
2406,RegionD,711
5172,RegionB,711
15862,RegionA,711
15990,RegionC,711
17603,RegionC,711
21276,RegionB,711
22823,RegionB,711
41712,RegionA,711
6517,RegionB,712
30619,RegionF,712
40586,RegionB,712
41226,RegionA,712
46136,RegionB,712
681,RegionE,713
1020,RegionB,713
10549,RegionA,713
11631,RegionA,713
17153,RegionA,713
22685,RegionB,713
42769,RegionA,713
6493,RegionF,714
16271,RegionB,714
23967,RegionC,714
25381,RegionB,714
27071,RegionA,714
27402,RegionB,714
30901,RegionF,714
33366,RegionC,714
35694,RegionC,714
43294,RegionA,714
45310,RegionB,714
7735,RegionA,715
47473,RegionB,715
49075,RegionB,715
5550,RegionA,716
10770,RegionA,716
27034,RegionB,716
31149,RegionC,716
32137,RegionB,716
46458,RegionB,716
47616,RegionA,716
580,RegionB,717
7303,RegionB,717
7701,RegionA,717
14115,RegionE,717
14277,RegionC,717
18101,RegionB,717
34550,RegionA,717
36927,RegionB,717
46581,RegionB,717
49808,RegionB,717
1948,RegionA,718
9815,RegionB,718
11939,RegionA,718
20598,RegionA,718
43093,RegionC,718
5497,RegionA,719
9639,RegionB,719
12840,RegionB,719
31050,RegionC,719
31884,RegionC,719
35603,RegionC,719
38293,RegionC,719
42789,RegionA,719
285,RegionB,720
6037,RegionB,720
8375,RegionC,720
30151,RegionB,720
1916,RegionA,721
6890,RegionB,721
14719,RegionA,721
18953,RegionB,721
34774,RegionB,721
5255,RegionA,722
25637,RegionB,722
28167,RegionA,722
30618,RegionC,722
34528,RegionD,722
39296,RegionC,722
39368,RegionC,722
12824,RegionA,723
18590,RegionA,723
20131,RegionA,723
21359,RegionA,723
26670,RegionE,723
27376,RegionB,723
33689,RegionA,723
36354,RegionA,723
43045,RegionA,723
4092,RegionE,724
7430,RegionC,724
35225,RegionA,724
35361,RegionD,724
48148,RegionA,724
8300,RegionB,725
8345,RegionA,725
11150,RegionE,725
11450,RegionC,725
39645,RegionA,725
41436,RegionA,725
43726,RegionA,725
45273,RegionF,725
49359,RegionD,725
7725,RegionC,726
12095,RegionA,726
12596,RegionB,726
19587,RegionA,726
20788,RegionA,726
24670,RegionA,726
34646,RegionD,726
36364,RegionC,726
39203,RegionB,726
1951,RegionB,727
5746,RegionA,727
6319,RegionB,727
7397,RegionC,727
11312,RegionB,727
23304,RegionC,727
36435,RegionB,727
36738,RegionC,727
46411,RegionB,727
49909,RegionC,727
20899,RegionA,728
31448,RegionB,728
38991,RegionA,728
41117,RegionB,728
44976,RegionC,728
45626,RegionC,728
7243,RegionA,729
11062,RegionB,729
13887,RegionA,729
33756,RegionA,729
36604,RegionB,729
38524,RegionA,729
34060,RegionB,730
46480,RegionF,730
46842,RegionA,730
48199,RegionA,730
48889,RegionA,730
1289,RegionB,731
4893,RegionA,731
27587,RegionC,731
32134,RegionE,731
37656,RegionC,731
49402,RegionB,731
7279,RegionC,732
7562,RegionE,732
14630,RegionB,732
27831,RegionE,732
32109,RegionA,732
35703,RegionA,732
36324,RegionC,732
37460,RegionD,732
1791,RegionA,733
12049,RegionF,733
20155,RegionC,733
26220,RegionB,733
217,RegionA,734
8022,RegionA,734
14051,RegionA,734
25413,RegionA,734
30019,RegionB,734
4951,RegionD,735
34922,RegionF,735
36273,RegionE,735
42722,RegionA,735
45314,RegionA,735
45605,RegionB,735
46971,RegionC,735
47934,RegionC,735
48189,RegionB,735
3221,RegionA,736
6121,RegionA,736
11907,RegionA,736
17781,RegionC,736
23333,RegionA,736
46598,RegionF,736
5438,RegionA,737
20257,RegionA,737
23978,RegionB,737
26097,RegionB,737
28742,RegionC,737
741,RegionA,738
5969,RegionA,738
13176,RegionC,738
13347,RegionC,738
16020,RegionB,738
16225,RegionB,738
40526,RegionA,738
46614,RegionB,738
49872,RegionA,738
16527,RegionC,739
17327,RegionB,739
22804,RegionB,739
27423,RegionC,739
31175,RegionC,739
38566,RegionB,739
41196,RegionB,739
10254,RegionA,740
17558,RegionC,740
22628,RegionC,740
29027,RegionA,740
34941,RegionC,740
36129,RegionF,740
45850,RegionE,740
11276,RegionA,741
12293,RegionA,741
15012,RegionC,741
28169,RegionB,741
29806,RegionA,741
34506,RegionB,741
35308,RegionC,741
42852,RegionD,741
43727,RegionA,741
44955,RegionB,741
15724,RegionA,742
19663,RegionC,742
34131,RegionB,742
37080,RegionE,742
37912,RegionC,742
42382,RegionA,742
744,RegionB,743
28192,RegionF,743
31675,RegionF,743
47626,RegionC,743
5646,RegionC,744
7663,RegionA,744
29417,RegionC,744
33044,RegionC,744
44483,RegionB,744
1955,RegionA,745
12994,RegionA,745
35401,RegionA,745
36456,RegionC,745
38034,RegionB,745
42627,RegionB,745
4422,RegionA,746
7558,RegionA,746
7786,RegionA,746
14109,RegionA,746
20185,RegionA,746
22026,RegionF,746
23998,RegionB,746
32159,RegionC,746
34884,RegionA,746
37544,RegionC,746
43750,RegionC,746
5853,RegionB,747
7141,RegionC,747
26129,RegionB,747
27141,RegionC,747
40382,RegionB,747
5263,RegionB,748
9362,RegionB,748
12669,RegionB,748
14623,RegionB,748
18646,RegionC,748
33191,RegionA,748
1594,RegionA,749
11165,RegionA,749
20066,RegionA,749
21386,RegionB,749
42355,RegionA,749
42589,RegionC,749
4337,RegionA,750
11101,RegionB,750
17545,RegionC,750
24334,RegionC,750
34342,RegionB,750
44622,RegionC,750
13384,RegionB,751
13552,RegionA,751
22161,RegionB,751
29489,RegionC,751
32903,RegionA,751
34296,RegionB,751
34737,RegionC,751
49745,RegionC,751
4251,RegionA,752
18447,RegionB,752
22003,RegionB,752
25730,RegionC,752
29789,RegionB,752
39399,RegionB,752
47633,RegionC,752
2825,RegionC,753
5696,RegionB,753
7321,RegionA,753
8180,RegionA,753
8423,RegionA,753
18147,RegionB,753
20675,RegionA,753
32445,RegionB,753
45136,RegionA,753
45477,RegionA,753
48948,RegionA,753
11596,RegionE,754
12256,RegionB,754
16181,RegionD,754
45627,RegionE,754
8036,RegionA,755
19614,RegionA,755
44090,RegionB,755
7221,RegionE,756
13194,RegionB,756
23620,RegionF,756
32598,RegionC,756
43391,RegionA,756
45782,RegionB,756
46032,RegionC,756
48715,RegionC,756
9869,RegionC,757
14696,RegionB,757
15812,RegionC,757
22046,RegionA,757
25486,RegionB,757
35952,RegionA,757
45772,RegionA,757
4430,RegionB,758
6308,RegionC,758
25229,RegionA,758
43251,RegionC,758
48894,RegionA,758
49691,RegionB,758
8789,RegionA,759
11667,RegionC,759
12599,RegionC,759
26272,RegionA,759
28369,RegionF,759
29740,RegionF,759
8702,RegionC,760
14081,RegionC,760
18979,RegionB,760
20489,RegionC,760
20546,RegionB,760
24767,RegionC,760
26867,RegionF,760
2890,RegionC,761
17871,RegionB,761
19493,RegionC,761
29747,RegionA,761
38418,RegionE,761
1004,RegionA,762
13245,RegionA,762
15322,RegionE,762
19921,RegionA,762
28353,RegionB,762
29642,RegionA,762
32878,RegionB,762
3130,RegionA,763
11918,RegionA,763
12565,RegionC,763
12932,RegionB,763
13932,RegionA,763
20819,RegionF,763
29552,RegionA,763
30395,RegionC,763
32314,RegionB,763
33351,RegionB,763
36178,RegionB,763
38462,RegionC,763
44591,RegionA,763
45344,RegionC,763
47525,RegionA,763
48896,RegionA,763
5011,RegionA,764
9705,RegionC,764
10000,RegionB,764
10769,RegionC,764
24586,RegionA,764
26819,RegionC,764
29064,RegionE,764
29279,RegionC,764
44084,RegionC,764
45247,RegionA,764
48074,RegionA,764
15556,RegionB,765
23647,RegionA,765
31158,RegionA,765
33775,RegionA,765
1604,RegionC,766
1885,RegionB,766
8381,RegionC,766
13175,RegionC,766
27793,RegionA,766
31019,RegionE,766
31714,RegionD,766
33709,RegionA,766
35211,RegionA,766
48037,RegionB,766
6314,RegionC,767
17281,RegionB,767
18857,RegionC,767
25332,RegionF,767
32853,RegionB,767
33129,RegionB,767
37474,RegionA,767
40836,RegionB,767
41506,RegionC,767
505,RegionA,768
6021,RegionA,768
11916,RegionC,768
18617,RegionA,768
20189,RegionE,768
3172,RegionC,769
15378,RegionB,769
17140,RegionA,769
19045,RegionB,769
20289,RegionA,769
21857,RegionA,769
31249,RegionA,769
42697,RegionA,769
1347,RegionB,770
8487,RegionE,770
27391,RegionC,770
33913,RegionA,770
36890,RegionA,770
3974,RegionE,771
7156,RegionA,771
8691,RegionA,771
18271,RegionB,771
18999,RegionB,771
19792,RegionB,771
24715,RegionD,771
41408,RegionC,771
41827,RegionB,771
42134,RegionB,771
8053,RegionC,772
8804,RegionA,772
18942,RegionC,772
20889,RegionC,772
25393,RegionA,772
25736,RegionB,772
4335,RegionF,773
5741,RegionA,773
7679,RegionC,773
8885,RegionB,773
10595,RegionA,773
19303,RegionC,773
21098,RegionB,773
33154,RegionB,773
34430,RegionF,773
42836,RegionB,773
44909,RegionB,773
4911,RegionC,774
12781,RegionB,774
27843,RegionC,774
30674,RegionB,774
39374,RegionC,774
42563,RegionC,774
43289,RegionB,774
23113,RegionC,775
24596,RegionC,775
30087,RegionC,775
32039,RegionB,775
35658,RegionA,775
45999,RegionC,775
4906,RegionA,776
5593,RegionC,776
12633,RegionA,776
19759,RegionB,776
30767,RegionB,776
33011,RegionC,776
43025,RegionA,776
44837,RegionB,776
46143,RegionB,776
46205,RegionA,776
148,RegionC,777
7942,RegionC,777
13909,RegionB,777
16617,RegionB,777
20422,RegionB,777
25836,RegionC,777
35033,RegionD,777
37318,RegionA,777
39690,RegionC,777
42290,RegionA,777
47132,RegionB,777
48857,RegionB,777
608,RegionC,778
1352,RegionA,778
1994,RegionA,778
7525,RegionA,778
8432,RegionB,778
9316,RegionA,778
11552,RegionA,778
32553,RegionC,778
36418,RegionA,778
39098,RegionB,778
44770,RegionA,778
46715,RegionC,778
48031,RegionB,778
129,RegionC,779
3353,RegionA,779
9868,RegionB,779
40352,RegionC,779
48185,RegionD,779
5667,RegionA,780
11815,RegionA,780
27915,RegionC,780
33223,RegionE,780
33884,RegionC,780
41360,RegionB,780
4444,RegionB,781
8611,RegionC,781
26161,RegionB,781
28303,RegionD,781
29252,RegionB,781
33530,RegionC,781
35215,RegionC,781
39209,RegionB,781
40397,RegionB,781
41317,RegionD,781
6025,RegionB,782
6222,RegionC,782
8235,RegionB,782
13323,RegionA,782
19393,RegionB,782
22466,RegionA,782
23368,RegionB,782
23666,RegionA,782
28401,RegionC,782
34764,RegionC,782
14841,RegionB,783
24587,RegionB,783
27335,RegionA,783
32441,RegionC,783
10838,RegionB,784
26255,RegionC,784
34527,RegionC,784
29208,RegionC,785
41958,RegionB,785
3705,RegionE,786
20014,RegionA,786
28752,RegionB,786
35854,RegionA,786
37876,RegionA,786
39360,RegionB,786
42559,RegionA,786
44865,RegionC,786
10755,RegionC,787
15006,RegionC,787
32142,RegionA,787
33124,RegionC,787
40933,RegionB,787
42366,RegionC,787
47553,RegionB,787
412,RegionE,788
4661,RegionC,788
5169,RegionA,788
8822,RegionA,788
12605,RegionC,788
23727,RegionA,788
25188,RegionA,788
25883,RegionF,788
27664,RegionB,788
33265,RegionB,788
35405,RegionB,788
2039,RegionE,789
6130,RegionB,789
13270,RegionA,789
27583,RegionA,789
34807,RegionB,789
7125,RegionA,790
9806,RegionA,790
14209,RegionA,790
15339,RegionB,790
18819,RegionA,790
40289,RegionA,790
43080,RegionC,790
227,RegionC,791
3002,RegionC,791
9924,RegionA,791
12050,RegionA,791
18362,RegionB,791
24775,RegionA,791
28907,RegionF,791
29041,RegionB,791
32919,RegionB,791
42146,RegionA,791
7567,RegionC,792
15501,RegionA,792
27646,RegionC,792
40177,RegionA,792
40666,RegionC,792
10401,RegionC,793
20047,RegionA,793
40000,RegionA,793
42393,RegionE,793
46695,RegionC,793
3318,RegionE,794
17015,RegionA,794
21796,RegionD,794
41510,RegionA,794
420,RegionA,795
10141,RegionA,795
13822,RegionA,795
30857,RegionA,795
34630,RegionB,795
37038,RegionB,795
39575,RegionA,795
41058,RegionB,795
47268,RegionA,795
2701,RegionC,796
10115,RegionA,796
16157,RegionA,796
18402,RegionB,796
20079,RegionA,796
29674,RegionD,796
17352,RegionB,797
19647,RegionA,797
23226,RegionD,797
28045,RegionB,797
32010,RegionA,797
39025,RegionB,797
39246,RegionA,797
41811,RegionA,797
45691,RegionC,797
47764,RegionC,797
22153,RegionA,798
24663,RegionF,798
26666,RegionB,798
32507,RegionC,798
3891,RegionA,799
11952,RegionA,799
14695,RegionB,799
18221,RegionD,799
39018,RegionB,799
39524,RegionB,799
40261,RegionD,799
44985,RegionA,799
47866,RegionA,799
8995,RegionB,800
33735,RegionA,800
43254,RegionA,800
6057,RegionB,801
6862,RegionA,801
16050,RegionE,801
17092,RegionC,801
42261,RegionC,801
42605,RegionA,801
15323,RegionA,802
19039,RegionB,802
28085,RegionC,802
31534,RegionB,802
32531,RegionB,802
40751,RegionB,802
47200,RegionC,802
48440,RegionC,802
4769,RegionA,803
6594,RegionB,803
14692,RegionD,803
15714,RegionC,803
15795,RegionA,803
31804,RegionB,803
45563,RegionA,803
3997,RegionB,804
8785,RegionB,804
17540,RegionA,804
25922,RegionE,804
33547,RegionB,804
48893,RegionC,804
6391,RegionB,805
10485,RegionB,805
13454,RegionA,805
16611,RegionB,805
18019,RegionA,805
19394,RegionC,805
25366,RegionA,805
40184,RegionA,805
45227,RegionF,805
28355,RegionC,806
31559,RegionA,806
31874,RegionA,806
39632,RegionA,806
42149,RegionC,806
42419,RegionD,806
44026,RegionC,806
48678,RegionA,806
6188,RegionB,807
15409,RegionA,807
42803,RegionB,807
43095,RegionE,807
48181,RegionA,807
49750,RegionB,807
7003,RegionC,808
18369,RegionB,808
20354,RegionA,808
23694,RegionA,808
27245,RegionB,808
29790,RegionB,808
47854,RegionB,808
1874,RegionC,809
13023,RegionB,809
36288,RegionA,809
40054,RegionB,809
44966,RegionA,809
46945,RegionC,809
13493,RegionA,810
17851,RegionB,810
44063,RegionB,810
47779,RegionA,810
11538,RegionA,811
13445,RegionC,811
26806,RegionC,811
48067,RegionE,811
9960,RegionB,812
11537,RegionE,812
14492,RegionB,812
15239,RegionA,812
17085,RegionC,812
19148,RegionA,812
25805,RegionA,812
26608,RegionB,812
41954,RegionA,812
46906,RegionE,812
48176,RegionB,812
48620,RegionA,812
6000,RegionC,813
7822,RegionB,813
20116,RegionC,813
21122,RegionA,813
20025,RegionE,814
24356,RegionA,814
32589,RegionA,814
34740,RegionA,814
38211,RegionB,814
44125,RegionF,814
45719,RegionF,814
47678,RegionB,814
274,RegionC,815
4888,RegionA,815
8753,RegionB,815
15435,RegionA,815
23323,RegionC,815
42292,RegionB,815
42612,RegionA,815
3924,RegionA,816
8246,RegionA,816
12729,RegionC,816
21185,RegionC,816
22969,RegionC,816
28839,RegionB,816
36052,RegionA,816
43336,RegionC,816
49162,RegionC,816
3097,RegionA,817
11071,RegionC,817
13923,RegionC,817
16266,RegionC,817
20858,RegionD,817
31873,RegionA,817
36681,RegionA,817
38931,RegionA,817
45590,RegionA,817
47019,RegionA,817
2237,RegionA,818
11569,RegionC,818
13440,RegionA,818
13639,RegionB,818
20237,RegionA,818
24730,RegionA,818
37111,RegionC,818
39911,RegionB,818
45007,RegionB,818
46711,RegionA,818
8558,RegionC,819
10236,RegionB,819
13450,RegionB,819
13908,RegionB,819
17707,RegionB,819
27035,RegionB,819
28848,RegionA,819
38234,RegionC,819
45173,RegionC,819
22053,RegionA,820
23397,RegionF,820
32150,RegionB,820
35481,RegionA,820
30542,RegionA,821
42893,RegionA,821
45821,RegionB,821
618,RegionA,822
2089,RegionB,822
31871,RegionC,822
35695,RegionC,822
37877,RegionB,822
5262,RegionA,823
11852,RegionE,823
12112,RegionB,823
12329,RegionC,823
19474,RegionE,823
22874,RegionA,823
23579,RegionC,823
29992,RegionB,823
42737,RegionB,823
3308,RegionB,824
4862,RegionA,824
6533,RegionA,824
14245,RegionC,824
16668,RegionA,824
18543,RegionA,824
20599,RegionB,824
24576,RegionC,824
37847,RegionC,824
16293,RegionF,825
18287,RegionF,825
26708,RegionC,825
40070,RegionC,825
40816,RegionB,825
48517,RegionB,825
4530,RegionC,826
11655,RegionD,826
14282,RegionB,826
17386,RegionB,826
29691,RegionB,826
42987,RegionB,826
48222,RegionB,826
1183,RegionB,827
3349,RegionC,827
10338,RegionA,827
20372,RegionC,827
23062,RegionD,827
28270,RegionC,827
30366,RegionB,827
33819,RegionC,827
38238,RegionB,827
40034,RegionA,827
41602,RegionA,827
44175,RegionB,827
7596,RegionA,828
11955,RegionC,828
17736,RegionF,828
19963,RegionB,828
21679,RegionA,828
22620,RegionB,828
24251,RegionA,828
27663,RegionA,828
44614,RegionB,828
49446,RegionA,828
4695,RegionC,829
7508,RegionC,829
12942,RegionA,829
15463,RegionB,829
23169,RegionA,829
1842,RegionE,830
2738,RegionB,830
3670,RegionB,830
28783,RegionA,830
36559,RegionB,830
41870,RegionA,830
47812,RegionA,830
11369,RegionA,831
23213,RegionE,831
34175,RegionA,831
37895,RegionA,831
42139,RegionA,831
43658,RegionC,831
5829,RegionC,832
7222,RegionA,832
21828,RegionC,832
37301,RegionC,832
45517,RegionA,832
509,RegionC,833
6304,RegionA,833
8119,RegionC,833
13645,RegionA,833
30498,RegionB,833
40061,RegionB,833
3108,RegionE,834
4349,RegionA,834
10897,RegionB,834
25769,RegionB,834
39507,RegionE,834
6718,RegionA,835
10246,RegionA,835
11793,RegionE,835
16831,RegionA,835
18969,RegionE,835
24805,RegionB,835
30650,RegionC,835
42521,RegionB,835
6453,RegionC,836
13783,RegionA,836
26832,RegionC,836
38206,RegionB,836
47317,RegionB,836
49952,RegionA,836
770,RegionB,837
1355,RegionC,837
11859,RegionA,837
18934,RegionB,837
19494,RegionF,837
20554,RegionB,837
22605,RegionA,837
26479,RegionC,837
30350,RegionF,837
34247,RegionA,837
37630,RegionC,837
12006,RegionB,838
26185,RegionA,838
35907,RegionA,838
38182,RegionE,838
44065,RegionC,838
9969,RegionC,839
21728,RegionB,839
22203,RegionF,839
27921,RegionC,839
39492,RegionC,839
40357,RegionB,839
45334,RegionA,839
47651,RegionB,839
1822,RegionC,840
3865,RegionA,840
38507,RegionB,840
1263,RegionC,841
24552,RegionA,841
28181,RegionA,841
41474,RegionC,841
2454,RegionA,842
5026,RegionA,842
6654,RegionB,842
8582,RegionB,842
30627,RegionA,842
33061,RegionA,842
38299,RegionC,842
42435,RegionA,842
47773,RegionA,842
4137,RegionC,843
6152,RegionF,843
6247,RegionB,843
11132,RegionA,843
12968,RegionA,843
16714,RegionA,843
40770,RegionB,843
45418,RegionA,843
45656,RegionB,843
1304,RegionD,844
7680,RegionE,844
16217,RegionB,844
21392,RegionA,844
24822,RegionA,844
38428,RegionB,844
43494,RegionC,844
8252,RegionA,845
13114,RegionB,845
24589,RegionC,845
3156,RegionA,846
18893,RegionB,846
20245,RegionB,846
27169,RegionA,846
31992,RegionA,846
41064,RegionA,846
42997,RegionA,846
49411,RegionC,846
1639,RegionF,847
2007,RegionA,847
7426,RegionA,847
26701,RegionC,847
36467,RegionB,847
45869,RegionC,847
1434,RegionC,848
10364,RegionA,848
10458,RegionB,848
16150,RegionA,848
18459,RegionA,848
22777,RegionB,848
32339,RegionA,848
39700,RegionB,848
14147,RegionC,849
16727,RegionA,849
25005,RegionA,849
31802,RegionA,849
46150,RegionC,849
49987,RegionB,849
6977,RegionC,850
7366,RegionA,850
28190,RegionC,850
44010,RegionB,850
3915,RegionE,851
11677,RegionA,851
16193,RegionC,851
18126,RegionB,851
18169,RegionF,851
18794,RegionA,851
24533,RegionA,851
29590,RegionA,851
30175,RegionA,851
34186,RegionC,851
36201,RegionE,851
45484,RegionA,851
19243,RegionC,852
25362,RegionB,852
39043,RegionA,852
3331,RegionE,853
10210,RegionB,853
16407,RegionB,853
22943,RegionC,853
25744,RegionC,853
30048,RegionE,853
36775,RegionB,853
37674,RegionB,853
45639,RegionC,853
46477,RegionB,853
2987,RegionB,854
9758,RegionC,854
20004,RegionC,854
21477,RegionA,854
40921,RegionB,854
45402,RegionC,854
48264,RegionF,854
49905,RegionA,854
5927,RegionC,855
7687,RegionA,855
3285,RegionD,856
9548,RegionC,856
13889,RegionB,856
14053,RegionB,856
23183,RegionB,856
23448,RegionC,856
27535,RegionC,856
35708,RegionC,856
37764,RegionA,856
4447,RegionA,857
4500,RegionA,857
7922,RegionC,857
8457,RegionB,857
36051,RegionA,857
38682,RegionA,857
2365,RegionC,858
14904,RegionA,858
21563,RegionB,858
24722,RegionF,858
24952,RegionA,858
26555,RegionB,858
29037,RegionC,858
31479,RegionA,858
33633,RegionB,858
43672,RegionD,858
44505,RegionD,858
1635,RegionB,859
12949,RegionA,859
14313,RegionA,859
18171,RegionA,859
30274,RegionB,859
44424,RegionB,859
44434,RegionA,859
44787,RegionD,859
13840,RegionA,860
21504,RegionB,860
25807,RegionB,860
32063,RegionA,860
42571,RegionA,860
8169,RegionB,861
10358,RegionA,861
29419,RegionA,861
29593,RegionB,861
47994,RegionC,861
5371,RegionE,862
6817,RegionB,862
23028,RegionC,862
41181,RegionA,862
2762,RegionA,863
10551,RegionB,863
26464,RegionB,863
27486,RegionB,863
30038,RegionB,863
35683,RegionF,863
38053,RegionA,863
42086,RegionA,863
45866,RegionB,863
48,RegionB,864
451,RegionC,864
25014,RegionB,864
31317,RegionB,864
31986,RegionB,864
36510,RegionA,864
37721,RegionC,864
38876,RegionC,864
45715,RegionB,864
48309,RegionC,864
1426,RegionB,865
4372,RegionB,865
7382,RegionB,865
11040,RegionA,865
13545,RegionA,865
19435,RegionF,865
23384,RegionA,865
24379,RegionC,865
30317,RegionE,865
34331,RegionC,865
49123,RegionD,865
6732,RegionB,866
7482,RegionC,866
19085,RegionB,866
23306,RegionA,866
25901,RegionC,866
31599,RegionB,866
33739,RegionB,866
38156,RegionA,866
49723,RegionB,866
5873,RegionB,867
5891,RegionA,867
9564,RegionA,867
30948,RegionA,867
40914,RegionB,867
43830,RegionA,867
665,RegionB,868
9837,RegionC,868
24152,RegionA,868
33657,RegionA,868
35174,RegionB,868
42878,RegionC,868
44114,RegionA,868
47727,RegionA,868
21894,RegionC,869
29397,RegionC,869
35921,RegionA,869
46030,RegionB,869
6250,RegionE,870
15361,RegionD,870
38120,RegionB,870
46198,RegionA,870
12217,RegionB,871
15137,RegionC,872
21209,RegionB,872
28693,RegionB,872
34812,RegionA,872
2452,RegionE,873
16543,RegionA,873
18745,RegionC,873
19237,RegionC,873
26188,RegionB,873
32103,RegionA,873
1694,RegionB,874
19887,RegionC,874
26743,RegionA,874
33871,RegionC,874
5115,RegionD,875
9771,RegionC,875
14376,RegionC,875
17013,RegionC,875
17068,RegionA,875
27419,RegionA,875
34016,RegionC,875
34193,RegionC,875
38269,RegionA,875
41652,RegionF,875
4211,RegionA,876
10380,RegionB,876
12696,RegionB,876
27097,RegionA,876
49749,RegionB,876
10560,RegionF,877
18974,RegionC,877
31443,RegionB,877
32977,RegionB,877
40924,RegionF,877
41371,RegionA,877
2666,RegionB,878
9515,RegionC,878
10658,RegionE,878
19919,RegionC,878
14733,RegionA,879
19088,RegionA,879
28049,RegionA,879
43405,RegionA,879
16349,RegionB,880
31400,RegionA,880
41572,RegionC,880
48523,RegionB,880
18,RegionC,881
6170,RegionC,881
14846,RegionB,881
15884,RegionB,881
19867,RegionC,881
26668,RegionC,881
41841,RegionC,881
44744,RegionA,881
44910,RegionC,881
48364,RegionA,881
2794,RegionA,882
9042,RegionB,882
13752,RegionB,882
15167,RegionA,882
29101,RegionB,882
31190,RegionA,882
31893,RegionA,882
32600,RegionF,882
39605,RegionD,882
49301,RegionA,882
3908,RegionC,883
30606,RegionA,883
32806,RegionB,883
35858,RegionC,883
671,RegionB,884
9880,RegionA,884
13187,RegionB,884
34810,RegionD,884
6134,RegionA,885
6251,RegionA,885
9730,RegionB,885
10544,RegionB,885
19066,RegionC,885
22152,RegionA,885
26350,RegionA,885
28288,RegionB,885
49347,RegionA,885
416,RegionB,886
7047,RegionB,886
8592,RegionF,886
13983,RegionC,886
14628,RegionA,886
17075,RegionA,886
17634,RegionB,886
20961,RegionB,886
25082,RegionC,886
30736,RegionC,886
47346,RegionA,886
47921,RegionC,886
2604,RegionA,887
11587,RegionB,887
19345,RegionA,887
19601,RegionA,887
36090,RegionA,887
37798,RegionB,887
40051,RegionC,887
46017,RegionB,887
3255,RegionA,888
3583,RegionB,888
12467,RegionC,888
14091,RegionA,888
19004,RegionA,888
19818,RegionB,888
20339,RegionC,888
23434,RegionB,888
23844,RegionA,888
25871,RegionA,888
28507,RegionA,888
29868,RegionB,888
35890,RegionB,888
37375,RegionE,888
38512,RegionA,888
40700,RegionC,888
45004,RegionF,888
48361,RegionC,888
49892,RegionA,888
19372,RegionB,889
19702,RegionC,889
22387,RegionA,889
26635,RegionB,889
28862,RegionA,889
31580,RegionB,889
34093,RegionB,889
40008,RegionA,889
29540,RegionB,890
34880,RegionB,890
49819,RegionA,890
3443,RegionA,891
12413,RegionB,891
13781,RegionA,891
19014,RegionC,891
20997,RegionA,891
21448,RegionC,891
23790,RegionD,891
29378,RegionC,891
29829,RegionB,891
44298,RegionB,891
44544,RegionC,891
46392,RegionB,891
46985,RegionF,891
1275,RegionB,892
2924,RegionC,892
3972,RegionC,892
8952,RegionC,892
11223,RegionA,892
12734,RegionB,892
22838,RegionC,892
26945,RegionC,892
31309,RegionA,892
33463,RegionB,892
33847,RegionA,892
33929,RegionB,892
35179,RegionA,892
36709,RegionB,892
37260,RegionB,892
41337,RegionE,892
41732,RegionA,892
49800,RegionA,892
5393,RegionA,893
9422,RegionB,893
9980,RegionB,893
14470,RegionA,893
19055,RegionA,893
35234,RegionB,893
41215,RegionB,893
45909,RegionE,893
14858,RegionA,894
16061,RegionB,894
17261,RegionB,894
18117,RegionA,894
20146,RegionB,894
20187,RegionB,894
20935,RegionC,894
46228,RegionB,894
8,RegionA,895
1392,RegionA,895
24170,RegionC,895
28636,RegionC,895
34761,RegionB,895
35662,RegionC,895
4890,RegionB,896
6260,RegionB,896
7963,RegionA,896
9127,RegionB,896
9973,RegionB,896
25476,RegionE,896
28608,RegionB,896
33815,RegionA,896
38725,RegionC,896
38900,RegionB,896
8549,RegionB,897
9105,RegionA,897
19378,RegionA,897
23409,RegionC,897
24506,RegionA,897
31795,RegionA,897
34621,RegionA,897
38386,RegionA,897
38592,RegionB,897
39655,RegionB,897
11861,RegionA,898
24159,RegionA,898
41879,RegionB,898
4932,RegionA,899
6293,RegionB,899
29345,RegionC,899
35408,RegionA,899
44771,RegionB,899
6301,RegionC,900
14592,RegionC,901
18260,RegionC,901
23447,RegionB,901
24106,RegionA,901
30115,RegionA,901
43277,RegionC,901
44627,RegionB,901
48393,RegionB,901
107,RegionB,902
8927,RegionA,902
11942,RegionC,902
17828,RegionA,902
18307,RegionA,902
20727,RegionE,902
26475,RegionA,902
40724,RegionB,902
768,RegionA,903
1616,RegionB,903
17184,RegionC,903
19160,RegionA,903
21654,RegionA,903
22049,RegionB,903
24485,RegionC,903
32401,RegionC,903
42922,RegionB,903
44070,RegionB,903
45378,RegionF,903
2499,RegionA,904
17480,RegionE,904
18074,RegionB,904
20579,RegionB,904
30994,RegionA,904
44502,RegionB,904
7471,RegionA,905
12432,RegionB,905
18249,RegionA,905
19431,RegionB,905
19687,RegionB,905
21579,RegionC,905
31753,RegionC,905
37892,RegionC,905
2108,RegionB,906
7344,RegionC,906
11237,RegionA,906
49327,RegionA,906
12202,RegionA,907
22741,RegionF,907
41204,RegionC,907
42008,RegionA,907
42913,RegionA,907
48792,RegionB,907
7821,RegionB,908
9258,RegionB,908
15067,RegionA,908
18814,RegionA,908
42013,RegionA,908
47486,RegionB,908
24607,RegionB,909
25808,RegionB,909
29697,RegionB,909
37581,RegionA,909
6959,RegionA,910
12325,RegionA,910
12815,RegionC,910
16428,RegionB,910
35331,RegionA,910
35594,RegionB,910
43858,RegionA,910
14194,RegionF,911
14991,RegionB,911
17861,RegionA,911
22631,RegionA,911
24997,RegionD,911
30729,RegionC,911
31497,RegionC,911
32442,RegionD,911
32460,RegionC,911
35050,RegionB,911
11811,RegionC,912
13697,RegionA,912
17497,RegionB,912
24342,RegionA,912
26372,RegionB,912
26387,RegionC,912
26486,RegionD,912
27155,RegionD,912
37391,RegionB,912
37776,RegionA,912
39358,RegionA,912
226,RegionB,913
2321,RegionE,913
4873,RegionA,913
5963,RegionA,913
8142,RegionB,913
20404,RegionC,913
29870,RegionC,913
31360,RegionE,913
37197,RegionC,913
37356,RegionA,913
3,RegionB,914
1801,RegionC,914
16938,RegionA,914
18038,RegionA,914
23086,RegionB,914
25050,RegionF,914
27792,RegionA,914
45139,RegionB,914
48123,RegionB,914
6444,RegionB,915
10130,RegionB,915
14727,RegionA,915
22960,RegionB,915
23648,RegionA,915
27733,RegionA,915
43497,RegionA,915
44784,RegionB,915
47424,RegionD,915
20541,RegionB,916
5706,RegionA,917
6217,RegionD,917
10032,RegionB,917
23762,RegionB,917
25158,RegionB,917
43230,RegionB,917
5777,RegionC,918
17875,RegionA,918
30236,RegionB,918
30406,RegionB,918
34624,RegionB,918
34685,RegionC,918
46882,RegionA,918
4284,RegionA,919
4794,RegionE,919
5785,RegionA,919
5838,RegionA,919
6740,RegionB,919
17765,RegionB,919
27719,RegionC,919
28764,RegionA,919
32067,RegionC,919
104,RegionF,920
29757,RegionB,920
37631,RegionE,920
45945,RegionB,920
11423,RegionB,921
18574,RegionC,921
22879,RegionA,921
27631,RegionB,921
28400,RegionC,921
31427,RegionA,921
31745,RegionB,921
44023,RegionB,921
49765,RegionC,921
18050,RegionC,922
24418,RegionB,922
25030,RegionE,922
26733,RegionB,922
37605,RegionA,922
42671,RegionA,922
48077,RegionB,922
30098,RegionB,923
4801,RegionA,924
17215,RegionB,924
25588,RegionA,924
28224,RegionC,924
35612,RegionA,924
37189,RegionB,924
7964,RegionA,925
9718,RegionB,925
35718,RegionA,925
39849,RegionA,925
1696,RegionC,926
3188,RegionA,926
7774,RegionA,926
7854,RegionB,926
13262,RegionD,926
19035,RegionA,926
27406,RegionA,926
30516,RegionA,926
35421,RegionA,926
14870,RegionA,927
17461,RegionA,927
20490,RegionC,927
29877,RegionC,927
37274,RegionB,927
47199,RegionB,927
4508,RegionB,928
5778,RegionF,928
8038,RegionB,928
11558,RegionA,928
14533,RegionC,928
29915,RegionC,928
36892,RegionA,928
39470,RegionA,928
44360,RegionC,928
49332,RegionC,928
4975,RegionB,929
14490,RegionA,929
32862,RegionE,929
35647,RegionB,929
36124,RegionA,929
43768,RegionB,929
45733,RegionA,929
46453,RegionC,929
49196,RegionA,929
7811,RegionD,930
13072,RegionE,930
15725,RegionB,930
19891,RegionB,930
28155,RegionB,930
30852,RegionB,930
32312,RegionA,930
38823,RegionC,930
46292,RegionA,930
46795,RegionA,930
6700,RegionB,931
14342,RegionB,931
26772,RegionB,931
32871,RegionA,931
38340,RegionA,931
38657,RegionB,931
40565,RegionA,931
41900,RegionC,931
44213,RegionB,931
7529,RegionD,932
23096,RegionA,932
43441,RegionC,932
30,RegionC,933
7987,RegionC,933
14562,RegionA,933
14729,RegionB,933
20212,RegionB,933
26066,RegionC,933
39691,RegionA,933
45447,RegionB,933
46461,RegionA,933
19817,RegionA,934
25016,RegionC,934
34079,RegionB,934
40343,RegionB,934
40454,RegionA,934
40890,RegionC,934
2212,RegionA,935
22727,RegionC,935
27326,RegionF,935
30005,RegionB,935
31283,RegionA,935
33630,RegionA,935
39312,RegionA,935
8160,RegionA,936
8977,RegionC,936
17328,RegionC,936
22023,RegionB,936
31854,RegionA,936
33285,RegionB,936
10409,RegionF,937
22692,RegionB,937
31350,RegionB,937
32992,RegionC,937
34001,RegionB,937
35972,RegionA,937
44685,RegionB,937
45,RegionF,938
5158,RegionB,938
21506,RegionC,938
27009,RegionB,938
36030,RegionC,938
44224,RegionA,938
15010,RegionB,939
19383,RegionA,939
22844,RegionC,939
41615,RegionA,939
46361,RegionC,939
8560,RegionA,940
11860,RegionA,940
18595,RegionE,940
22505,RegionA,940
23927,RegionC,940
30503,RegionA,940
35762,RegionA,940
8588,RegionB,941
9587,RegionC,941
17289,RegionC,941
17381,RegionC,941
33055,RegionB,941
34631,RegionB,941
6937,RegionC,942
7248,RegionA,942
10915,RegionA,942
15334,RegionC,942
17568,RegionB,942
37353,RegionB,942
40765,RegionC,942
37164,RegionC,943
8910,RegionB,944
15168,RegionB,944
20900,RegionA,944
30362,RegionC,944
35888,RegionA,944
36665,RegionC,944
12241,RegionA,945
17985,RegionE,945
19155,RegionA,945
31122,RegionC,945
35686,RegionB,945
49510,RegionD,945
16780,RegionA,946
18009,RegionB,946
21450,RegionA,946
24678,RegionA,946
38067,RegionB,946
40742,RegionA,946
46873,RegionD,946
47887,RegionB,946
1390,RegionA,947
9508,RegionB,947
9781,RegionA,947
15312,RegionB,947
28299,RegionA,947
46312,RegionB,947
47236,RegionA,947
13412,RegionC,948
23495,RegionE,948
44355,RegionA,948
44673,RegionB,948
47710,RegionB,948
7056,RegionC,949
7568,RegionC,949
12270,RegionC,949
17286,RegionB,949
38304,RegionB,949
44205,RegionA,949
45284,RegionC,949
45550,RegionA,949
14501,RegionC,950
18435,RegionB,950
33075,RegionB,950
36403,RegionC,950
40024,RegionC,950
41103,RegionA,950
46055,RegionA,950
49608,RegionC,950
584,RegionA,951
6808,RegionA,951
8792,RegionB,951
17926,RegionE,951
37754,RegionC,951
40766,RegionD,951
1927,RegionC,952
10662,RegionB,952
28806,RegionB,952
29813,RegionA,952
30414,RegionC,952
34027,RegionB,952
34574,RegionD,952
42219,RegionB,952
44410,RegionB,952
44890,RegionB,952
1190,RegionB,953
4058,RegionC,953
30937,RegionB,953
41846,RegionB,953
42504,RegionC,953
1816,RegionF,954
5014,RegionB,954
15712,RegionB,954
25088,RegionC,954
31298,RegionB,954
31856,RegionB,954
33761,RegionF,954
35853,RegionD,954
11687,RegionC,955
13595,RegionC,955
28758,RegionA,955
41875,RegionE,955
48664,RegionE,955
462,RegionB,956
13796,RegionA,956
14642,RegionA,956
15091,RegionC,956
19009,RegionA,956
32945,RegionB,956
46135,RegionB,956
48438,RegionB,956
636,RegionA,957
11854,RegionA,957
19531,RegionB,957
27021,RegionB,957
45500,RegionB,957
34898,RegionA,958
43990,RegionB,958
48770,RegionA,958
49308,RegionA,958
9545,RegionA,959
15200,RegionB,959
17935,RegionA,959
24248,RegionC,959
26343,RegionA,959
28922,RegionA,959
43260,RegionA,959
44306,RegionB,959
9464,RegionD,960
13354,RegionE,960
21186,RegionD,960
40990,RegionA,960
44169,RegionC,960
4120,RegionA,961
8622,RegionB,961
8641,RegionB,961
16234,RegionF,961
22371,RegionB,961
26450,RegionB,961
30512,RegionC,961
33786,RegionC,961
42254,RegionC,961
42931,RegionE,961
47656,RegionA,961
272,RegionB,962
6641,RegionB,962
10177,RegionB,962
21148,RegionA,962
21882,RegionA,962
22808,RegionA,962
29671,RegionB,962
30863,RegionA,962
34618,RegionB,962
38841,RegionB,962
38871,RegionA,962
42845,RegionC,962
8441,RegionE,963
10069,RegionA,963
10569,RegionB,963
10931,RegionB,963
12893,RegionC,963
19090,RegionB,963
22129,RegionC,963
33138,RegionA,963
33230,RegionA,963
35732,RegionB,963
36991,RegionB,963
4235,RegionC,964
30077,RegionB,964
37396,RegionA,964
41480,RegionC,964
43052,RegionB,964
9655,RegionA,965
21000,RegionB,965
21907,RegionC,965
23254,RegionA,965
24622,RegionC,965
36065,RegionA,965
37273,RegionB,965
43085,RegionB,965
991,RegionA,966
2925,RegionA,966
20166,RegionB,966
23739,RegionA,966
25489,RegionD,966
28163,RegionB,966
32319,RegionA,966
35750,RegionA,966
39982,RegionB,966
5174,RegionC,967
8994,RegionA,967
18372,RegionE,967
26677,RegionA,967
4696,RegionA,968
5609,RegionA,968
9992,RegionB,968
10207,RegionA,968
22521,RegionB,968
26528,RegionA,968
26712,RegionB,968
48351,RegionA,968
13906,RegionA,969
38445,RegionA,969
38861,RegionB,969
8465,RegionB,970
31038,RegionC,970
40012,RegionE,970
42248,RegionC,970
3732,RegionA,971
12536,RegionA,971
21118,RegionB,971
37755,RegionC,971
37975,RegionB,971
40817,RegionC,971
43843,RegionF,971
48256,RegionC,971
4858,RegionC,972
13605,RegionA,972
14946,RegionB,972
20320,RegionD,972
22197,RegionA,972
49004,RegionC,972
15964,RegionC,973
15998,RegionA,973
16946,RegionB,973
19589,RegionB,973
22932,RegionA,973
26939,RegionF,973
30483,RegionA,973
32702,RegionB,973
34861,RegionC,973
48953,RegionA,973
3860,RegionB,974
14431,RegionA,974
19437,RegionA,974
45528,RegionC,974
6606,RegionA,975
10163,RegionB,975
10901,RegionF,975
14149,RegionA,975
17416,RegionA,975
20660,RegionC,975
22711,RegionB,975
35905,RegionC,975
40854,RegionA,975
920,RegionB,976
16960,RegionC,976
23845,RegionA,976
27038,RegionA,976
7901,RegionB,977
33194,RegionB,977
34982,RegionA,977
35861,RegionA,977
37250,RegionC,977
39648,RegionB,977
2549,RegionC,978
8929,RegionA,978
33379,RegionC,978
39557,RegionB,978
41850,RegionA,978
47168,RegionC,978
49555,RegionC,978
17201,RegionB,979
18867,RegionB,979
19021,RegionC,979
27323,RegionB,979
32299,RegionA,979
36005,RegionA,979
44423,RegionB,979
8078,RegionB,980
19229,RegionB,980
26117,RegionC,980
28716,RegionC,980
48330,RegionA,980
5888,RegionC,981
6098,RegionC,981
11463,RegionC,981
23357,RegionC,981
33152,RegionA,981
36139,RegionB,981
38797,RegionC,981
44507,RegionA,981
45338,RegionD,981
453,RegionA,982
22364,RegionB,982
23644,RegionC,982
27494,RegionB,982
29411,RegionC,982
30441,RegionC,982
34537,RegionA,982
45147,RegionC,982
46225,RegionA,982
5529,RegionA,983
11411,RegionC,983
17704,RegionA,983
23817,RegionA,983
38836,RegionC,983
39730,RegionE,983
4172,RegionA,984
9666,RegionC,984
11263,RegionA,984
29121,RegionB,984
32718,RegionF,984
35136,RegionB,984
37551,RegionC,984
38388,RegionB,984
47396,RegionB,984
9191,RegionA,985
12951,RegionB,985
18174,RegionC,985
19097,RegionB,985
19181,RegionA,985
30028,RegionC,985
37922,RegionA,985
41935,RegionA,985
89,RegionC,986
5408,RegionB,986
20626,RegionB,986
21143,RegionB,986
22104,RegionC,986
40672,RegionB,986
47484,RegionA,986
48519,RegionC,986
1407,RegionB,987
1911,RegionB,987
21030,RegionA,987
26688,RegionC,987
35946,RegionA,987
43269,RegionB,987
45290,RegionB,987
46854,RegionA,987
394,RegionA,988
47907,RegionB,988
9598,RegionA,989
11210,RegionA,989
19350,RegionA,989
42085,RegionF,989
17287,RegionB,990
21012,RegionB,990
31733,RegionC,990
32811,RegionA,990
41073,RegionC,990
44585,RegionA,990
2736,RegionA,991
9828,RegionB,991
16478,RegionA,991
20609,RegionE,991
25231,RegionB,991
25311,RegionC,991
44870,RegionB,991
1145,RegionC,992
3083,RegionA,992
21298,RegionA,992
33526,RegionA,992
42864,RegionC,992
44795,RegionA,992
46365,RegionB,992
48840,RegionC,992
9135,RegionC,993
14458,RegionA,993
15616,RegionC,993
32458,RegionA,993
45859,RegionA,993
362,RegionA,994
13287,RegionC,994
21008,RegionC,994
21458,RegionB,994
22352,RegionC,994
22849,RegionB,994
40773,RegionE,994
44118,RegionD,994
45659,RegionC,994
47387,RegionA,994
4845,RegionC,995
7457,RegionE,995
8344,RegionA,995
27508,RegionC,995
29046,RegionA,995
42570,RegionD,995
794,RegionA,996
5320,RegionA,996
14734,RegionA,996
18805,RegionE,996
15976,RegionC,997
25412,RegionA,997
31402,RegionB,997
39114,RegionA,997
39457,RegionA,997
43073,RegionB,997
44452,RegionC,997
2593,RegionB,998
3423,RegionE,998
18049,RegionC,998
23316,RegionB,998
26287,RegionB,998
35458,RegionC,998
42357,RegionB,998
42611,RegionA,998
43992,RegionC,998
48589,RegionB,998
23247,RegionA,999
38883,RegionC,999
40161,RegionC,999
42824,RegionB,999
46430,RegionB,999
179,RegionB,1000
577,RegionA,1000
6349,RegionA,1000
29338,RegionC,1000
44871,RegionC,1000
48442,RegionA,1000
1760,RegionB,1001
1788,RegionC,1001
9764,RegionB,1001
11782,RegionA,1001
15632,RegionA,1001
15981,RegionB,1001
24831,RegionB,1001
26600,RegionA,1001
33274,RegionC,1001
38241,RegionE,1001
40226,RegionB,1001
276,RegionA,1002
7434,RegionB,1002
14363,RegionC,1002
37278,RegionA,1002
39245,RegionA,1002
47421,RegionB,1002
49185,RegionB,1002
5850,RegionE,1003
14169,RegionA,1003
18879,RegionA,1003
25095,RegionC,1003
40696,RegionA,1003
44080,RegionA,1003
4532,RegionA,1004
4714,RegionC,1004
14608,RegionA,1004
19234,RegionA,1004
30438,RegionB,1004
16762,RegionB,1005
31311,RegionB,1005
41110,RegionA,1005
1888,RegionE,1006
3206,RegionC,1006
8184,RegionC,1006
9003,RegionB,1006
13395,RegionA,1006
13881,RegionA,1006
18389,RegionB,1006
21335,RegionB,1006
21793,RegionB,1006
22121,RegionB,1006
22376,RegionA,1006
27320,RegionA,1006
28194,RegionA,1006
30375,RegionC,1006
35617,RegionE,1006
46102,RegionB,1006
5817,RegionD,1007
7959,RegionB,1007
8234,RegionB,1007
30412,RegionB,1007
32473,RegionB,1007
37456,RegionA,1007
38469,RegionC,1007
39684,RegionE,1007
43926,RegionB,1007
44320,RegionC,1007
8923,RegionB,1008
15899,RegionD,1008
17553,RegionA,1008
26061,RegionA,1008
28280,RegionB,1008
41016,RegionA,1008
41808,RegionC,1008
45388,RegionB,1008
1165,RegionC,1009
37757,RegionA,1009
38782,RegionB,1009
46090,RegionB,1009
46684,RegionA,1009
47405,RegionA,1009
53,RegionA,1010
10110,RegionB,1010
22492,RegionA,1010
32334,RegionB,1010
34578,RegionB,1010
13761,RegionF,1011
23053,RegionB,1011
35101,RegionA,1011
46233,RegionA,1011
48444,RegionB,1011
348,RegionA,1012
13254,RegionC,1012
25384,RegionD,1012
32724,RegionC,1012
39484,RegionB,1012
44644,RegionA,1012
44891,RegionC,1012
45216,RegionA,1012
46243,RegionC,1012
3134,RegionD,1013
15449,RegionA,1013
15854,RegionA,1013
20696,RegionA,1013
21327,RegionB,1013
25214,RegionF,1013
27906,RegionB,1013
33540,RegionA,1013
48052,RegionC,1013
838,RegionC,1014
38308,RegionA,1014
41911,RegionB,1014
47418,RegionF,1014
12106,RegionC,1015
13542,RegionB,1015
21354,RegionB,1015
37364,RegionA,1015
40552,RegionA,1015
442,RegionB,1016
1531,RegionB,1016
10659,RegionA,1016
13957,RegionC,1016
17551,RegionC,1016
18744,RegionB,1016
21594,RegionA,1016
22739,RegionC,1016
24557,RegionC,1016
27450,RegionC,1016
33444,RegionC,1016
38542,RegionC,1016
39316,RegionC,1016
47807,RegionA,1016
5162,RegionA,1017
5758,RegionE,1017
23442,RegionC,1017
25459,RegionA,1017
28438,RegionB,1017
30768,RegionC,1017
37389,RegionA,1017
38422,RegionB,1017
39562,RegionB,1017
41111,RegionB,1017
128,RegionB,1018
10666,RegionA,1018
11818,RegionC,1018
17532,RegionC,1018
17572,RegionF,1018
18194,RegionC,1018
31365,RegionC,1018
43138,RegionB,1018
49517,RegionF,1018
2909,RegionB,1019
5180,RegionC,1019
9416,RegionB,1019
15287,RegionB,1019
28613,RegionA,1019
38184,RegionA,1019
40949,RegionC,1019
47376,RegionB,1019
11768,RegionA,1020
12278,RegionD,1020
14771,RegionE,1020
28713,RegionB,1020
46585,RegionA,1020
48273,RegionA,1020
2090,RegionC,1021
5618,RegionB,1021
22660,RegionB,1021
34635,RegionA,1021
37739,RegionB,1021
4258,RegionA,1022
5098,RegionA,1022
10439,RegionB,1022
19065,RegionB,1022
19848,RegionE,1022
20533,RegionB,1022
21936,RegionA,1022
22892,RegionA,1022
24604,RegionA,1022
27253,RegionC,1022
33934,RegionB,1022
47862,RegionC,1022
4803,RegionA,1023
6612,RegionA,1023
6676,RegionC,1023
9418,RegionC,1023
20903,RegionC,1023
31800,RegionA,1023
36326,RegionA,1023
40314,RegionF,1023
42194,RegionB,1023
45324,RegionC,1023
45442,RegionC,1023
47302,RegionA,1023
2907,RegionA,1024
6623,RegionC,1024
16646,RegionC,1024
22647,RegionC,1024
25052,RegionA,1024
30479,RegionB,1024
35997,RegionC,1024
46211,RegionF,1024
47115,RegionC,1024
6520,RegionA,1025
8980,RegionA,1025
9525,RegionA,1025
16075,RegionC,1025
33329,RegionA,1025
36431,RegionA,1025
44780,RegionC,1025
4068,RegionA,1026
20604,RegionA,1026
23987,RegionE,1026
22885,RegionE,1027
26862,RegionA,1027
45730,RegionC,1027
10452,RegionB,1028
17798,RegionB,1028
18721,RegionA,1028
26477,RegionB,1028
29021,RegionB,1028
31784,RegionB,1028
35993,RegionA,1028
39384,RegionA,1028
42963,RegionC,1028
44340,RegionC,1028
47890,RegionE,1028
2398,RegionC,1029
6385,RegionB,1029
10450,RegionA,1029
11115,RegionB,1029
14111,RegionA,1029
20524,RegionA,1029
21520,RegionC,1029
35671,RegionA,1029
42891,RegionC,1029
14204,RegionB,1030
28836,RegionA,1030
36397,RegionC,1030
40026,RegionA,1030
42553,RegionA,1030
2462,RegionB,1031
7547,RegionC,1031
13392,RegionC,1031
15780,RegionC,1031
21005,RegionA,1031
29798,RegionC,1031
38669,RegionA,1031
39779,RegionB,1031
43376,RegionC,1031
47557,RegionA,1031
9443,RegionC,1032
11318,RegionB,1032
12746,RegionA,1032
15560,RegionA,1032
27546,RegionB,1032
34835,RegionC,1032
42518,RegionF,1032
2117,RegionC,1033
10518,RegionB,1033
33664,RegionA,1033
37868,RegionA,1033
39663,RegionC,1033
47091,RegionA,1033
1520,RegionC,1034
6530,RegionB,1034
24975,RegionB,1034
34284,RegionC,1034
43014,RegionB,1034
46341,RegionC,1034
49355,RegionA,1034
14643,RegionB,1035
21158,RegionC,1035
21219,RegionE,1035
21439,RegionB,1035
26026,RegionC,1035
27360,RegionA,1035
32711,RegionD,1035
36405,RegionA,1035
36440,RegionB,1035
41546,RegionC,1035
42644,RegionA,1035
44678,RegionA,1035
12054,RegionC,1036
19707,RegionB,1036
21011,RegionA,1036
23956,RegionA,1037
31514,RegionB,1037
45267,RegionA,1037
4311,RegionA,1038
8704,RegionA,1038
11862,RegionB,1038
17194,RegionA,1038
24848,RegionA,1038
32266,RegionA,1038
32953,RegionC,1038
38788,RegionB,1038
12644,RegionC,1039
13196,RegionC,1039
16419,RegionA,1039
40743,RegionB,1039
45462,RegionC,1039
48239,RegionA,1039
9816,RegionB,1040
16183,RegionA,1040
33950,RegionC,1040
45527,RegionC,1040
2335,RegionA,1041
5473,RegionB,1041
15753,RegionC,1041
15949,RegionB,1041
24816,RegionA,1041
33961,RegionB,1041
42609,RegionC,1041
49801,RegionA,1041
2634,RegionC,1042
10667,RegionA,1042
22303,RegionA,1042
26816,RegionA,1042
34333,RegionA,1042
42328,RegionA,1042
47034,RegionB,1042
8880,RegionC,1043
18823,RegionC,1043
21935,RegionA,1043
23325,RegionA,1043
25165,RegionB,1043
25573,RegionC,1043
30898,RegionB,1043
48533,RegionF,1043
22351,RegionB,1044
49702,RegionA,1044
7802,RegionB,1045
20317,RegionB,1045
20522,RegionC,1045
26154,RegionA,1045
27088,RegionC,1045
35572,RegionA,1045
37422,RegionA,1045
44040,RegionA,1045
44981,RegionB,1045
47204,RegionB,1045
49649,RegionA,1045
772,RegionC,1046
3115,RegionA,1046
4683,RegionA,1046
10529,RegionA,1046
23948,RegionF,1046
32595,RegionA,1046
36948,RegionC,1046
37376,RegionA,1046
38151,RegionA,1046
39537,RegionB,1046
43855,RegionC,1046
47150,RegionA,1046
8717,RegionA,1047
13865,RegionC,1047
22282,RegionA,1047
25098,RegionA,1047
27426,RegionA,1047
27613,RegionC,1047
29255,RegionA,1047
32354,RegionB,1047
33918,RegionD,1047
36661,RegionA,1047
37473,RegionC,1047
806,RegionF,1048
5725,RegionC,1048
7518,RegionA,1048
7597,RegionA,1048
14708,RegionB,1048
14725,RegionE,1048
17314,RegionB,1048
28533,RegionF,1048
33497,RegionC,1048
43710,RegionC,1048
47048,RegionB,1048
3041,RegionC,1049
8572,RegionD,1049
29222,RegionA,1049
31585,RegionA,1049
34143,RegionA,1049
36406,RegionA,1049
37700,RegionB,1049
47631,RegionB,1049
36700,RegionA,1050
19712,RegionA,1051
36247,RegionF,1051
49088,RegionB,1051
622,RegionE,1052
13000,RegionF,1052
16011,RegionA,1052
18510,RegionF,1052
45123,RegionA,1052
11088,RegionB,1053
16697,RegionB,1053
19471,RegionB,1053
21091,RegionB,1053
22181,RegionB,1053
27454,RegionB,1053
36136,RegionA,1053
48481,RegionA,1053
16296,RegionB,1054
21519,RegionC,1054
22488,RegionB,1054
23622,RegionA,1054
30405,RegionB,1054
34433,RegionB,1054
39035,RegionA,1054
5327,RegionA,1055
20452,RegionA,1055
29001,RegionA,1055
39783,RegionA,1055
43239,RegionD,1055
11097,RegionC,1056
14900,RegionB,1056
22713,RegionC,1056
29923,RegionC,1056
2599,RegionA,1057
3599,RegionC,1057
7174,RegionC,1057
16421,RegionB,1057
16596,RegionA,1057
19099,RegionC,1057
21724,RegionE,1057
27671,RegionB,1057
35392,RegionB,1057
47216,RegionA,1057
4189,RegionC,1058
31671,RegionB,1058
32022,RegionC,1058
32622,RegionA,1058
40333,RegionC,1058
40408,RegionA,1058
40885,RegionA,1058
40931,RegionA,1058
48044,RegionB,1058
1537,RegionB,1059
2103,RegionC,1059
2156,RegionC,1059
12850,RegionA,1059
19173,RegionA,1059
21641,RegionA,1059
28701,RegionB,1059
31501,RegionB,1059
34998,RegionB,1059
13447,RegionA,1060
14985,RegionB,1060
30342,RegionC,1060
5339,RegionA,1061
6709,RegionD,1061
18340,RegionA,1061
21607,RegionA,1061
23147,RegionC,1061
38870,RegionC,1061
45346,RegionA,1061
45479,RegionB,1061
4431,RegionB,1062
5264,RegionB,1062
5996,RegionA,1062
7485,RegionA,1062
11807,RegionA,1062
3947,RegionC,1063
4780,RegionC,1063
9602,RegionE,1063
15736,RegionA,1063
17394,RegionC,1063
23763,RegionC,1063
32283,RegionC,1063
32910,RegionA,1063
36419,RegionA,1063
45235,RegionA,1063
7462,RegionC,1064
31177,RegionA,1064
34541,RegionC,1064
35093,RegionA,1064
45354,RegionA,1064
16489,RegionC,1065
17080,RegionE,1065
22436,RegionB,1065
24616,RegionC,1065
25010,RegionC,1065
26226,RegionA,1065
35165,RegionA,1065
37020,RegionC,1065
37198,RegionE,1065
38492,RegionA,1065
39808,RegionC,1065
46153,RegionA,1065
4317,RegionA,1066
24035,RegionA,1066
26053,RegionD,1066
27461,RegionB,1066
28885,RegionB,1066
29910,RegionD,1066
34360,RegionA,1066
36960,RegionC,1066
41626,RegionA,1066
44580,RegionA,1066
11424,RegionC,1067
14650,RegionB,1067
14994,RegionE,1067
31493,RegionA,1067
38966,RegionB,1067
40585,RegionA,1067
1370,RegionF,1068
30346,RegionB,1068
35284,RegionA,1068
37577,RegionC,1068
41098,RegionB,1068
46278,RegionA,1068
49508,RegionB,1068
234,RegionC,1069
7258,RegionB,1069
11804,RegionB,1069
17083,RegionB,1069
21317,RegionD,1069
25498,RegionA,1069
26799,RegionB,1069
30688,RegionB,1069
37382,RegionA,1069
44576,RegionC,1069
46388,RegionF,1069
47852,RegionA,1069
48732,RegionA,1069
6398,RegionB,1070
9647,RegionC,1070
23209,RegionA,1070
42988,RegionB,1070
43420,RegionB,1070
1236,RegionB,1071
2284,RegionA,1071
15379,RegionC,1071
20028,RegionB,1071
23440,RegionB,1071
23702,RegionB,1071
31355,RegionA,1071
42733,RegionC,1071
44746,RegionC,1071
48588,RegionB,1071
198,RegionA,1072
1007,RegionB,1072
4273,RegionB,1072
4895,RegionB,1072
22378,RegionB,1072
27000,RegionA,1072
30289,RegionC,1072
31995,RegionC,1072
32070,RegionA,1072
32937,RegionB,1072
49258,RegionB,1072
1743,RegionC,1073
16690,RegionB,1073
19854,RegionC,1073
27849,RegionC,1073
40335,RegionA,1073
40509,RegionC,1073
41601,RegionA,1073
47470,RegionD,1073
1581,RegionA,1074
13405,RegionC,1074
13575,RegionB,1074
26442,RegionA,1074
26995,RegionB,1074
34113,RegionC,1074
47978,RegionB,1074
48911,RegionB,1074
8818,RegionB,1075
15049,RegionA,1075
15612,RegionA,1075
17717,RegionA,1075
17852,RegionC,1075
18386,RegionA,1075
18551,RegionA,1075
25555,RegionF,1075
31725,RegionB,1075
34167,RegionC,1075
34349,RegionB,1075
34435,RegionC,1075
35079,RegionD,1075
48642,RegionB,1075
7583,RegionA,1076
8617,RegionC,1076
8778,RegionA,1076
26239,RegionA,1076
34909,RegionA,1076
41242,RegionB,1076
45298,RegionC,1076
25945,RegionB,1077
27756,RegionB,1077
8376,RegionA,1078
12518,RegionB,1078
28211,RegionC,1078
43551,RegionB,1078
49926,RegionA,1078
11363,RegionB,1079
20168,RegionC,1079
38943,RegionF,1079
42336,RegionA,1079
44022,RegionA,1079
14744,RegionC,1080
17048,RegionA,1080
17816,RegionA,1080
21839,RegionB,1080
23874,RegionC,1080
25063,RegionF,1080
25454,RegionB,1080
27648,RegionA,1080
35873,RegionE,1080
40233,RegionB,1080
192,RegionB,1081
26802,RegionA,1081
42372,RegionC,1081
3547,RegionC,1082
6955,RegionB,1082
9360,RegionA,1082
16097,RegionA,1082
17216,RegionC,1082
21328,RegionB,1082
39721,RegionB,1082
186,RegionB,1083
630,RegionA,1083
12845,RegionA,1083
26106,RegionF,1083
26986,RegionA,1083
29323,RegionB,1083
31604,RegionA,1083
33963,RegionC,1083
38363,RegionB,1083
39441,RegionD,1083
43065,RegionB,1083
44097,RegionC,1083
52,RegionA,1084
10630,RegionC,1084
16025,RegionA,1084
29172,RegionB,1084
33568,RegionB,1084
10039,RegionB,1085
11821,RegionA,1085
24494,RegionA,1085
27724,RegionB,1085
45857,RegionA,1085
6357,RegionA,1086
10326,RegionA,1086
16460,RegionB,1086
22208,RegionC,1086
26111,RegionC,1086
36100,RegionB,1086
36992,RegionB,1086
37115,RegionA,1086
37370,RegionA,1086
46751,RegionA,1086
49163,RegionA,1086
49601,RegionC,1086
169,RegionC,1087
9103,RegionC,1087
20501,RegionB,1087
33577,RegionE,1087
38694,RegionA,1087
41145,RegionC,1087
10166,RegionE,1088
10632,RegionF,1088
28522,RegionA,1088
48372,RegionB,1088
49473,RegionA,1088
10509,RegionA,1089
30367,RegionB,1089
47885,RegionA,1089
3084,RegionA,1090
4286,RegionB,1090
22460,RegionA,1090
28226,RegionA,1090
36694,RegionA,1090
43028,RegionC,1090
47220,RegionC,1090
47794,RegionA,1090
14769,RegionC,1091
18091,RegionA,1091
33393,RegionC,1091
33644,RegionA,1091
34157,RegionB,1091
34695,RegionB,1091
34809,RegionC,1091
36158,RegionB,1091
35776,RegionA,1092
39540,RegionF,1092
2382,RegionA,1093
19147,RegionA,1093
28039,RegionC,1093
35631,RegionA,1093
8639,RegionA,1094
9173,RegionB,1094
19392,RegionB,1094
23688,RegionB,1094
31944,RegionF,1094
45949,RegionA,1094
49267,RegionC,1094
740,RegionE,1095
23551,RegionB,1095
24901,RegionA,1095
40843,RegionB,1095
5759,RegionA,1096
9469,RegionC,1096
10896,RegionA,1096
14747,RegionA,1096
15760,RegionC,1096
23726,RegionA,1096
31621,RegionC,1096
42043,RegionB,1096
45011,RegionA,1096
47492,RegionA,1096
48462,RegionA,1096
48834,RegionC,1096
1459,RegionB,1097
1624,RegionC,1097
4476,RegionB,1097
13863,RegionB,1097
17028,RegionA,1097
17399,RegionB,1097
22318,RegionB,1097
26938,RegionC,1097
28231,RegionE,1097
30430,RegionA,1097
6989,RegionB,1098
34501,RegionC,1098
40393,RegionA,1098
47510,RegionA,1098
1345,RegionA,1099
6907,RegionA,1099
35585,RegionA,1099
39865,RegionB,1099
1772,RegionA,1100
2020,RegionA,1100
13479,RegionF,1100
17419,RegionC,1100
18809,RegionB,1100
27139,RegionB,1100
37258,RegionA,1100
41115,RegionA,1100
43353,RegionA,1100
45654,RegionA,1100
16016,RegionC,1101
48192,RegionF,1101
49389,RegionB,1101
4705,RegionB,1102
5896,RegionE,1102
14303,RegionB,1102
17372,RegionB,1102
26314,RegionC,1102
38477,RegionE,1102
49877,RegionC,1102
4699,RegionB,1103
5477,RegionA,1103
23170,RegionB,1103
32377,RegionF,1103
37610,RegionC,1103
44887,RegionA,1103
49941,RegionB,1103
20673,RegionC,1104
21383,RegionE,1104
23706,RegionA,1104
24700,RegionB,1104
40479,RegionA,1104
40630,RegionA,1104
49686,RegionC,1104
2779,RegionC,1105
3190,RegionB,1105
5884,RegionA,1105
6343,RegionA,1105
6942,RegionB,1105
12662,RegionB,1105
22737,RegionB,1105
43487,RegionC,1105
44005,RegionC,1105
5486,RegionB,1106
17012,RegionB,1106
19761,RegionC,1106
45489,RegionD,1106
48126,RegionE,1106
13322,RegionA,1107
26269,RegionC,1107
29294,RegionF,1107
30535,RegionA,1107
37466,RegionC,1107
42614,RegionB,1107
42664,RegionA,1107
43642,RegionA,1107
46501,RegionA,1107
6586,RegionA,1108
12199,RegionC,1108
18504,RegionA,1108
19230,RegionC,1108
29562,RegionC,1108
32571,RegionB,1108
45199,RegionC,1108
47352,RegionE,1108
47495,RegionC,1108
49351,RegionC,1108
11881,RegionB,1109
13329,RegionA,1109
16658,RegionB,1109
19208,RegionB,1109
22394,RegionA,1109
25506,RegionB,1109
37890,RegionB,1109
22601,RegionB,1110
28594,RegionA,1110
32741,RegionB,1110
37059,RegionC,1110
38958,RegionA,1110
7512,RegionA,1111
18697,RegionB,1111
20641,RegionC,1111
28949,RegionB,1111
33087,RegionA,1111
37082,RegionA,1111
303,RegionA,1112
10694,RegionB,1112
13618,RegionA,1112
20851,RegionC,1112
25291,RegionC,1112
45827,RegionB,1112
8640,RegionA,1113
15396,RegionA,1113
23536,RegionA,1113
27963,RegionA,1113
37865,RegionB,1113
14871,RegionA,1114
17017,RegionB,1114
26270,RegionF,1114
33826,RegionC,1114
40596,RegionF,1114
45759,RegionA,1114
48014,RegionC,1114
189,RegionE,1115
6939,RegionF,1115
9005,RegionE,1115
19024,RegionA,1115
23378,RegionA,1115
27394,RegionA,1115
35889,RegionB,1115
48638,RegionF,1115
49237,RegionA,1115
3953,RegionC,1116
8134,RegionA,1116
32239,RegionE,1116
32658,RegionC,1116
39185,RegionC,1116
41041,RegionC,1116
45074,RegionC,1116
45638,RegionB,1116
49020,RegionA,1116
8319,RegionB,1117
14310,RegionC,1117
23966,RegionC,1117
29893,RegionA,1117
19316,RegionC,1118
19714,RegionB,1118
19960,RegionA,1118
20441,RegionB,1118
22042,RegionB,1118
32524,RegionB,1118
42128,RegionB,1118
24439,RegionC,1119
28013,RegionC,1119
30950,RegionB,1119
37270,RegionE,1119
41335,RegionB,1119
48901,RegionA,1119
3376,RegionC,1120
5493,RegionB,1120
9262,RegionA,1120
17961,RegionA,1120
46686,RegionB,1120
47888,RegionB,1120
3679,RegionF,1121
5629,RegionA,1121
5992,RegionB,1121
15120,RegionA,1121
27064,RegionA,1121
31428,RegionA,1121
33734,RegionC,1121
33856,RegionB,1121
36614,RegionD,1121
41086,RegionC,1121
1685,RegionA,1122
4240,RegionB,1122
27757,RegionC,1122
32607,RegionA,1122
34429,RegionC,1122
37726,RegionB,1122
41183,RegionB,1122
425,RegionD,1123
8605,RegionE,1123
14605,RegionC,1123
19731,RegionA,1123
22312,RegionB,1123
29120,RegionB,1123
29633,RegionC,1123
30152,RegionC,1123
36478,RegionA,1123
42321,RegionE,1123
43112,RegionB,1123
44161,RegionB,1123
49428,RegionB,1123
3282,RegionB,1124
7040,RegionB,1124
16830,RegionC,1124
28503,RegionB,1124
35933,RegionA,1124
37070,RegionB,1124
46222,RegionC,1124
48681,RegionB,1124
14453,RegionB,1125
15276,RegionE,1125
41175,RegionA,1125
2,RegionB,1126
7098,RegionA,1126
18633,RegionC,1126
40013,RegionA,1126
45760,RegionA,1126
9543,RegionE,1127
21542,RegionA,1127
29509,RegionC,1127
33201,RegionB,1127
49422,RegionB,1127
49753,RegionE,1127
6298,RegionA,1128
7860,RegionB,1128
10411,RegionA,1128
24401,RegionA,1128
31706,RegionC,1128
34021,RegionB,1128
38743,RegionB,1128
42221,RegionC,1128
37279,RegionA,1129
40270,RegionA,1129
42312,RegionB,1129
49221,RegionC,1129
2928,RegionB,1130
3032,RegionB,1130
5662,RegionA,1130
6288,RegionC,1130
8002,RegionA,1130
36750,RegionC,1130
37549,RegionB,1130
49850,RegionC,1130
530,RegionD,1131
13052,RegionD,1131
20908,RegionB,1131
29232,RegionB,1131
29442,RegionB,1131
41852,RegionB,1131
48095,RegionA,1131
6694,RegionB,1132
21814,RegionC,1132
21881,RegionC,1132
32795,RegionC,1132
34657,RegionB,1132
39851,RegionB,1132
47959,RegionB,1132
5270,RegionB,1133
19892,RegionC,1133
20124,RegionA,1133
25690,RegionB,1133
31459,RegionA,1133
32620,RegionA,1133
35381,RegionE,1133
47354,RegionA,1133
1721,RegionB,1134
11333,RegionC,1134
12589,RegionA,1134
26356,RegionA,1134
27085,RegionA,1134
30554,RegionA,1134
32895,RegionE,1134
38044,RegionE,1134
298,RegionB,1135
1649,RegionB,1135
3596,RegionA,1135
17555,RegionB,1135
24243,RegionE,1135
28833,RegionC,1135
39617,RegionC,1135
44266,RegionB,1135
45486,RegionB,1135
49519,RegionA,1135
4010,RegionB,1136
4771,RegionB,1136
11319,RegionC,1136
15134,RegionA,1136
16208,RegionA,1136
19881,RegionF,1136
33988,RegionB,1136
37775,RegionD,1136
7074,RegionB,1137
12786,RegionA,1137
18710,RegionB,1137
21215,RegionB,1137
33694,RegionC,1137
3893,RegionB,1138
4795,RegionA,1138
11873,RegionA,1138
14589,RegionA,1138
24307,RegionC,1138
32981,RegionA,1138
41694,RegionB,1138
43575,RegionA,1138
5154,RegionC,1139
10339,RegionA,1139
16084,RegionA,1139
21484,RegionB,1139
23523,RegionA,1139
37770,RegionA,1139
39407,RegionC,1139
47344,RegionC,1139
113,RegionB,1140
132,RegionA,1140
1575,RegionA,1140
5977,RegionA,1140
7836,RegionC,1140
11041,RegionA,1140
40880,RegionA,1140
43949,RegionA,1140
45735,RegionB,1140
6828,RegionA,1141
12717,RegionC,1141
15500,RegionA,1141
26476,RegionB,1141
44319,RegionB,1141
45437,RegionF,1141
46948,RegionA,1141
382,RegionB,1142
7153,RegionB,1142
10863,RegionA,1142
23161,RegionA,1142
33447,RegionA,1142
33536,RegionC,1142
38630,RegionA,1142
38752,RegionC,1142
41289,RegionB,1142
44486,RegionA,1142
6649,RegionC,1143
16122,RegionD,1143
20473,RegionA,1143
24865,RegionC,1143
24965,RegionA,1143
32869,RegionA,1143
44420,RegionE,1143
49414,RegionA,1143
7799,RegionA,1144
15146,RegionA,1144
16243,RegionB,1144
16721,RegionA,1144
28487,RegionE,1144
37100,RegionA,1144
38928,RegionC,1144
39231,RegionC,1144
40345,RegionC,1144
47661,RegionA,1144
10101,RegionA,1145
15285,RegionA,1145
21578,RegionC,1145
28378,RegionA,1145
31022,RegionB,1145
31398,RegionC,1145
44321,RegionC,1145
47871,RegionA,1145
8613,RegionA,1146
9940,RegionB,1146
25458,RegionA,1146
34590,RegionB,1146
35922,RegionB,1146
7611,RegionB,1147
21172,RegionC,1147
32712,RegionA,1147
36186,RegionC,1147
3334,RegionB,1148
9520,RegionB,1148
11013,RegionA,1148
15794,RegionD,1148
21405,RegionA,1148
28957,RegionB,1148
39153,RegionF,1148
39880,RegionC,1148
49984,RegionA,1148
3747,RegionB,1149
22519,RegionA,1149
24661,RegionC,1149
26758,RegionB,1149
29344,RegionB,1149
36981,RegionC,1149
38803,RegionB,1149
46748,RegionC,1149
1906,RegionC,1150
3529,RegionA,1150
10780,RegionB,1150
16104,RegionA,1150
16818,RegionA,1150
23930,RegionA,1150
32645,RegionC,1150
6149,RegionB,1151
17640,RegionA,1151
25806,RegionA,1151
29427,RegionA,1151
35419,RegionC,1151
49836,RegionB,1151
1098,RegionB,1152
8568,RegionA,1152
12056,RegionA,1152
18611,RegionB,1152
30998,RegionC,1152
35352,RegionB,1152
47607,RegionC,1152
11419,RegionE,1153
35605,RegionA,1153
38060,RegionB,1153
41730,RegionC,1153
5786,RegionA,1154
15395,RegionA,1154
17110,RegionB,1154
18681,RegionA,1154
23885,RegionB,1154
29390,RegionB,1154
33715,RegionF,1154
40834,RegionA,1154
2891,RegionC,1155
10389,RegionD,1155
27138,RegionA,1155
38802,RegionB,1155
3413,RegionB,1156
13608,RegionC,1156
15451,RegionB,1156
17429,RegionA,1156
24526,RegionA,1156
43956,RegionA,1156
49904,RegionF,1156
20588,RegionC,1157
23728,RegionB,1157
23869,RegionE,1157
39739,RegionA,1157
41605,RegionC,1157
44345,RegionB,1157
44914,RegionA,1157
48436,RegionA,1157
533,RegionB,1158
4373,RegionC,1158
9477,RegionC,1158
22586,RegionB,1158
24721,RegionC,1158
29178,RegionA,1158
30003,RegionA,1158
35843,RegionB,1158
39062,RegionA,1158
39123,RegionB,1158
42303,RegionA,1158
42425,RegionC,1158
46238,RegionA,1158
6379,RegionB,1159
21889,RegionA,1159
39253,RegionA,1159
42581,RegionB,1159
49807,RegionA,1159
2636,RegionF,1160
3383,RegionC,1160
5361,RegionB,1160
6478,RegionC,1160
9451,RegionD,1160
12457,RegionA,1160
18638,RegionB,1160
28496,RegionA,1160
31250,RegionA,1160
15557,RegionC,1161
21034,RegionC,1161
21319,RegionA,1161
33875,RegionB,1161
15014,RegionA,1162
30546,RegionC,1162
36606,RegionC,1162
41866,RegionB,1162
42332,RegionB,1162
2840,RegionA,1163
4889,RegionB,1163
16365,RegionE,1163
35684,RegionA,1163
3271,RegionC,1164
12053,RegionB,1164
13779,RegionC,1164
16305,RegionC,1164
26774,RegionC,1164
36852,RegionA,1164
39180,RegionA,1164
2806,RegionC,1165
9176,RegionA,1165
10391,RegionA,1165
17632,RegionA,1165
18946,RegionB,1165
19688,RegionB,1165
20656,RegionA,1165
20966,RegionB,1165
24400,RegionD,1165
26039,RegionC,1165
33365,RegionB,1165
44260,RegionB,1165
9888,RegionB,1166
15204,RegionF,1166
18384,RegionC,1166
22043,RegionB,1166
25994,RegionD,1166
26418,RegionB,1166
30060,RegionC,1166
38828,RegionB,1166
46253,RegionB,1166
894,RegionB,1167
2512,RegionA,1167
6197,RegionC,1167
7337,RegionB,1167
9354,RegionA,1167
13880,RegionA,1167
18573,RegionB,1167
20346,RegionC,1167
27093,RegionB,1167
42812,RegionC,1167
43524,RegionB,1167
45190,RegionA,1167
5649,RegionA,1168
27302,RegionA,1168
30539,RegionC,1168
33250,RegionA,1168
36975,RegionE,1168
43534,RegionC,1168
1009,RegionE,1169
10438,RegionB,1169
14831,RegionA,1169
25336,RegionB,1169
25868,RegionC,1169
26522,RegionB,1169
28779,RegionB,1169
46343,RegionA,1169
302,RegionA,1170
5532,RegionB,1170
11988,RegionC,1170
25453,RegionB,1170
28074,RegionA,1170
43255,RegionA,1170
29023,RegionC,1171
24387,RegionD,1172
43104,RegionA,1172
46773,RegionC,1172
2383,RegionB,1173
3371,RegionA,1173
9148,RegionC,1173
32090,RegionA,1173
43807,RegionB,1173
8215,RegionB,1174
12827,RegionB,1174
22616,RegionE,1174
26110,RegionB,1174
42030,RegionB,1174
909,RegionC,1175
1281,RegionB,1175
11777,RegionB,1175
26955,RegionB,1175
27840,RegionA,1175
31630,RegionA,1175
33065,RegionC,1175
38188,RegionC,1175
39792,RegionB,1175
2726,RegionC,1176
9450,RegionC,1176
11554,RegionB,1176
25909,RegionE,1176
28026,RegionC,1176
28297,RegionA,1176
34696,RegionB,1176
37701,RegionB,1176
567,RegionB,1177
12274,RegionA,1177
15518,RegionC,1177
23372,RegionA,1177
3935,RegionA,1178
10480,RegionC,1178
16928,RegionC,1178
44368,RegionA,1178
511,RegionA,1179
6823,RegionA,1179
17475,RegionA,1179
21602,RegionA,1179
21876,RegionA,1179
30501,RegionA,1179
35103,RegionB,1179
38488,RegionB,1179
43940,RegionC,1179
459,RegionA,1180
21921,RegionF,1180
24174,RegionB,1180
6826,RegionC,1181
13031,RegionC,1181
14774,RegionB,1181
19233,RegionA,1181
20341,RegionA,1181
30751,RegionA,1181
35740,RegionC,1181
48574,RegionA,1181
49023,RegionC,1181
10930,RegionB,1182
16055,RegionC,1182
24339,RegionB,1182
35032,RegionC,1182
36695,RegionA,1182
46438,RegionB,1182
47950,RegionA,1182
49948,RegionC,1182
12177,RegionB,1183
37504,RegionB,1183
45103,RegionA,1183
10679,RegionA,1184
13949,RegionB,1184
14703,RegionB,1184
22000,RegionA,1184
31910,RegionC,1184
32265,RegionD,1184
48639,RegionA,1184
1207,RegionA,1185
25493,RegionB,1185
28271,RegionA,1185
31560,RegionB,1185
35996,RegionC,1185
9727,RegionA,1186
13773,RegionC,1186
14785,RegionA,1186
20378,RegionC,1186
24177,RegionD,1186
45042,RegionC,1186
2476,RegionB,1187
3956,RegionA,1187
6053,RegionD,1187
6560,RegionA,1187
18988,RegionC,1187
19925,RegionC,1187
24011,RegionB,1187
40576,RegionE,1187
4294,RegionC,1188
7017,RegionC,1188
23272,RegionE,1188
32989,RegionA,1188
36788,RegionB,1188
40100,RegionB,1188
44054,RegionA,1188
17662,RegionC,1189
2505,RegionA,1190
4403,RegionB,1190
5960,RegionC,1190
8955,RegionA,1190
23745,RegionA,1190
24881,RegionA,1190
30056,RegionA,1190
41374,RegionB,1190
2544,RegionE,1191
5340,RegionA,1191
6393,RegionC,1191
6730,RegionA,1191
6898,RegionC,1191
24656,RegionE,1191
27703,RegionB,1191
29339,RegionC,1191
30044,RegionA,1191
30392,RegionB,1191
36098,RegionA,1191
3211,RegionB,1192
13192,RegionA,1192
14271,RegionC,1192
20925,RegionA,1192
27242,RegionA,1192
30553,RegionD,1192
44739,RegionB,1192
48745,RegionA,1192
20141,RegionB,1193
38226,RegionC,1193
1837,RegionA,1194
34802,RegionC,1194
37502,RegionA,1194
40927,RegionB,1194
44803,RegionA,1194
2008,RegionA,1195
5708,RegionA,1195
8178,RegionC,1195
14898,RegionA,1195
42205,RegionA,1195
42298,RegionB,1195
48194,RegionA,1195
4524,RegionC,1196
21028,RegionC,1196
35790,RegionA,1196
36130,RegionA,1196
7479,RegionA,1197
7913,RegionB,1197
9281,RegionA,1197
21184,RegionB,1197
31333,RegionC,1197
37144,RegionC,1197
12354,RegionB,1198
34088,RegionC,1198
37774,RegionC,1198
3280,RegionA,1199
8091,RegionB,1199
10624,RegionC,1199
21645,RegionD,1199
25172,RegionB,1199
40658,RegionB,1199
46179,RegionA,1199
5268,RegionA,1200
8983,RegionB,1200
9930,RegionE,1200
17465,RegionC,1200
32944,RegionB,1200
33493,RegionA,1200
44950,RegionC,1200
953,RegionB,1201
4488,RegionA,1201
6790,RegionA,1201
25572,RegionB,1201
34483,RegionA,1201
39270,RegionC,1201
45585,RegionB,1201
73,RegionA,1202
4081,RegionA,1202
10381,RegionC,1202
10835,RegionD,1202
23578,RegionB,1202
31144,RegionA,1202
33767,RegionD,1202
42213,RegionB,1202
2154,RegionB,1203
23009,RegionC,1203
26359,RegionB,1203
38292,RegionC,1203
42657,RegionA,1203
5080,RegionB,1204
6286,RegionB,1204
9061,RegionB,1204
10771,RegionA,1204
14989,RegionA,1204
16408,RegionB,1204
20310,RegionB,1204
20446,RegionA,1204
22179,RegionA,1204
29636,RegionA,1204
31063,RegionC,1204
400,RegionA,1205
9864,RegionC,1205
9870,RegionC,1205
10970,RegionB,1205
30663,RegionC,1205
38196,RegionA,1205
47965,RegionB,1205
13164,RegionF,1206
13271,RegionA,1206
19900,RegionC,1206
25442,RegionC,1206
30047,RegionC,1206
36834,RegionB,1206
37734,RegionC,1206
40129,RegionC,1206
4460,RegionA,1207
12260,RegionA,1207
12381,RegionB,1207
18686,RegionC,1207
25577,RegionA,1207
27766,RegionA,1207
616,RegionA,1208
7158,RegionB,1208
20907,RegionB,1208
32120,RegionC,1208
39621,RegionA,1208
40069,RegionB,1208
48384,RegionA,1208
1457,RegionA,1209
13935,RegionB,1209
16608,RegionA,1209
16679,RegionC,1209
22971,RegionA,1209
23350,RegionC,1209
35465,RegionC,1209
39431,RegionB,1209
1547,RegionE,1210
5936,RegionA,1210
30119,RegionC,1210
46790,RegionA,1210
25177,RegionB,1211
26079,RegionC,1211
30228,RegionB,1211
40280,RegionC,1211
41431,RegionA,1211
42739,RegionC,1211
46925,RegionC,1211
14804,RegionF,1212
17250,RegionC,1212
34234,RegionA,1212
35042,RegionA,1212
5703,RegionB,1213
12045,RegionB,1213
14033,RegionB,1213
23287,RegionA,1213
29755,RegionA,1213
36085,RegionA,1213
37341,RegionC,1213
39179,RegionE,1213
45888,RegionC,1213
11814,RegionA,1214
16240,RegionD,1214
26782,RegionA,1214
42820,RegionA,1214
5358,RegionE,1215
7011,RegionE,1215
11998,RegionA,1215
16062,RegionC,1215
21592,RegionC,1215
24430,RegionB,1215
27596,RegionA,1215
29799,RegionF,1215
14118,RegionB,1216
25778,RegionF,1216
26288,RegionC,1216
27298,RegionC,1216
37476,RegionA,1216
40047,RegionA,1216
42010,RegionB,1216
46690,RegionA,1216
4146,RegionA,1217
36693,RegionF,1217
43866,RegionB,1217
44798,RegionB,1217
35236,RegionC,1218
37440,RegionC,1218
10531,RegionB,1219
19450,RegionA,1219
28904,RegionB,1219
38078,RegionA,1219
43799,RegionA,1219
49727,RegionA,1219
22834,RegionA,1220
36152,RegionB,1220
2203,RegionF,1221
13842,RegionA,1221
22109,RegionB,1221
26979,RegionA,1221
35060,RegionA,1221
38161,RegionC,1221
42362,RegionA,1221
48378,RegionA,1221
4384,RegionB,1222
11743,RegionA,1222
17132,RegionC,1222
25116,RegionA,1222
29826,RegionA,1222
30188,RegionA,1222
33114,RegionB,1222
35503,RegionB,1222
36183,RegionA,1222
47740,RegionA,1222
14626,RegionC,1223
36284,RegionB,1223
36587,RegionC,1223
46268,RegionC,1223
15100,RegionA,1224
25557,RegionA,1224
31405,RegionC,1224
36221,RegionA,1224
44707,RegionC,1224
1437,RegionA,1225
3276,RegionB,1225
12400,RegionB,1225
17582,RegionB,1225
23153,RegionC,1225
30874,RegionC,1225
35310,RegionA,1225
35736,RegionA,1225
39917,RegionB,1225
4140,RegionA,1226
10597,RegionB,1226
12459,RegionB,1226
18930,RegionA,1226
23993,RegionC,1226
25616,RegionA,1226
30221,RegionA,1226
35493,RegionA,1226
36363,RegionC,1226
39895,RegionA,1226
40073,RegionA,1226
49158,RegionA,1226
19578,RegionC,1227
22126,RegionA,1227
30293,RegionA,1227
33757,RegionB,1227
38710,RegionB,1227
43044,RegionA,1227
48215,RegionB,1227
10657,RegionC,1228
13389,RegionA,1228
16832,RegionA,1228
20870,RegionC,1228
30121,RegionA,1228
38614,RegionC,1228
45041,RegionB,1228
4173,RegionA,1229
8301,RegionB,1229
8708,RegionC,1229
14534,RegionC,1229
17804,RegionA,1229
18941,RegionC,1229
22406,RegionD,1229
25543,RegionA,1229
31025,RegionC,1229
39602,RegionB,1229
49585,RegionB,1229
3049,RegionE,1230
4407,RegionF,1230
9124,RegionA,1230
17443,RegionA,1230
19834,RegionC,1230
24160,RegionA,1230
27073,RegionB,1230
27393,RegionA,1230
29170,RegionA,1230
32614,RegionA,1230
1333,RegionA,1231
5451,RegionA,1231
7208,RegionF,1231
16383,RegionC,1231
19260,RegionA,1231
23159,RegionC,1231
26521,RegionA,1231
33710,RegionA,1231
45359,RegionA,1231
12249,RegionB,1232
20271,RegionB,1232
31371,RegionB,1232
37646,RegionA,1232
38993,RegionB,1232
6406,RegionC,1233
11531,RegionA,1233
11824,RegionC,1233
13760,RegionC,1233
15320,RegionC,1233
20841,RegionA,1233
38946,RegionB,1233
13035,RegionA,1234
15046,RegionC,1234
15118,RegionC,1234
43339,RegionA,1234
363,RegionB,1235
4003,RegionB,1235
4567,RegionB,1235
5796,RegionC,1235
12655,RegionB,1235
20391,RegionC,1235
29808,RegionB,1235
38121,RegionC,1235
1317,RegionD,1236
4155,RegionB,1236
7251,RegionB,1236
16057,RegionA,1236
16961,RegionC,1236
20842,RegionB,1236
32243,RegionB,1236
35486,RegionE,1236
37978,RegionC,1236
40942,RegionC,1236
46840,RegionC,1236
8616,RegionB,1237
11841,RegionA,1237
35689,RegionD,1237
48994,RegionA,1237
6422,RegionA,1238
21902,RegionA,1238
29864,RegionC,1238
41693,RegionA,1238
44030,RegionB,1238
49074,RegionB,1238
49962,RegionC,1238
8326,RegionB,1239
10998,RegionC,1239
13571,RegionA,1239
19598,RegionC,1239
27678,RegionB,1239
34464,RegionA,1239
38116,RegionD,1239
40003,RegionB,1239
47729,RegionB,1239
1519,RegionC,1240
4077,RegionC,1240
7688,RegionA,1240
8108,RegionA,1240
9094,RegionB,1240
10351,RegionA,1240
22288,RegionD,1240
25512,RegionB,1240
30176,RegionB,1240
10285,RegionA,1241
22715,RegionA,1241
23774,RegionB,1241
27357,RegionC,1241
34816,RegionC,1241
38377,RegionC,1241
8606,RegionA,1242
8801,RegionC,1242
27806,RegionA,1242
28428,RegionF,1242
37411,RegionB,1242
42728,RegionA,1242
8430,RegionA,1243
17224,RegionD,1243
36598,RegionB,1243
36878,RegionA,1243
38791,RegionC,1243
41621,RegionA,1243
48151,RegionC,1243
4579,RegionA,1244
19813,RegionB,1244
39177,RegionC,1244
41507,RegionC,1244
43317,RegionC,1244
1043,RegionA,1245
15582,RegionB,1245
20950,RegionE,1245
28257,RegionD,1245
32729,RegionC,1245
35143,RegionC,1245
37801,RegionC,1245
41675,RegionB,1245
45456,RegionC,1245
48576,RegionB,1245
1853,RegionB,1246
14739,RegionA,1246
26616,RegionC,1246
36638,RegionB,1246
1495,RegionA,1247
6332,RegionB,1247
10198,RegionC,1247
21157,RegionB,1247
29396,RegionB,1247
32480,RegionC,1247
39273,RegionA,1247
42015,RegionA,1247
2494,RegionA,1248
3057,RegionA,1248
11958,RegionA,1248
13509,RegionB,1248
21865,RegionB,1248
26492,RegionC,1248
40697,RegionB,1248
42564,RegionA,1248
45944,RegionA,1248
4635,RegionC,1249
12547,RegionD,1249
19732,RegionA,1249
21669,RegionB,1249
34516,RegionA,1249
36717,RegionB,1249
48595,RegionB,1249
1593,RegionF,1250
11747,RegionE,1250
21790,RegionA,1250
22332,RegionB,1250
31015,RegionB,1250
33196,RegionC,1250
35417,RegionB,1250
40195,RegionC,1250
46197,RegionC,1250
4255,RegionC,1251
4987,RegionB,1251
16628,RegionA,1251
17301,RegionC,1251
30924,RegionB,1251
48482,RegionA,1251
17450,RegionB,1252
21138,RegionB,1252
27232,RegionB,1252
30564,RegionB,1252
36666,RegionC,1252
43903,RegionA,1252
4935,RegionB,1253
21412,RegionB,1253
23423,RegionE,1253
26571,RegionC,1253
36532,RegionB,1253
42153,RegionA,1253
25789,RegionC,1254
27937,RegionA,1254
30093,RegionC,1254
31212,RegionB,1254
37565,RegionD,1254
38130,RegionA,1254
8695,RegionC,1255
25409,RegionC,1255
33484,RegionC,1255
37718,RegionA,1255
10204,RegionC,1256
12916,RegionA,1256
32281,RegionB,1256
32428,RegionC,1256
46874,RegionA,1256
2161,RegionB,1257
6684,RegionA,1257
19132,RegionC,1257
27734,RegionA,1257
42960,RegionB,1257
6266,RegionB,1258
7569,RegionA,1258
12896,RegionA,1258
13818,RegionC,1258
16618,RegionB,1258
19339,RegionB,1258
469,RegionB,1259
8271,RegionA,1259
11654,RegionC,1259
12895,RegionE,1259
36042,RegionC,1259
16245,RegionC,1260
48490,RegionB,1260
48835,RegionA,1260
3437,RegionA,1261
3886,RegionB,1261
21305,RegionA,1261
25367,RegionA,1261
208,RegionC,1262
1465,RegionB,1262
13709,RegionA,1262
16464,RegionA,1262
28021,RegionD,1262
32414,RegionB,1262
44720,RegionC,1262
2010,RegionB,1263
14487,RegionC,1263
21604,RegionC,1263
22445,RegionC,1263
22839,RegionD,1263
31783,RegionB,1263
47955,RegionC,1263
14350,RegionC,1264
29937,RegionA,1264
34258,RegionC,1264
41421,RegionC,1264
3160,RegionC,1265
33569,RegionC,1265
35941,RegionA,1265
43281,RegionA,1265
1030,RegionA,1266
11527,RegionB,1266
18073,RegionB,1266
21360,RegionB,1266
23118,RegionB,1266
32649,RegionB,1266
44166,RegionA,1266
48060,RegionC,1266
882,RegionB,1267
5932,RegionB,1267
24973,RegionA,1267
29718,RegionB,1267
30985,RegionC,1267
32488,RegionD,1267
45532,RegionB,1267
9166,RegionB,1268
9698,RegionB,1268
13817,RegionB,1268
14030,RegionF,1268
15958,RegionD,1268
22732,RegionB,1268
25532,RegionB,1268
35443,RegionB,1268
38580,RegionB,1268
42977,RegionE,1268
8591,RegionC,1269
11819,RegionE,1269
13048,RegionA,1269
16238,RegionB,1269
17733,RegionB,1269
23468,RegionC,1269
37570,RegionC,1269
40878,RegionF,1269
42706,RegionC,1269
5745,RegionE,1270
17210,RegionC,1270
24341,RegionD,1270
26033,RegionC,1270
35794,RegionD,1270
40598,RegionA,1270
41160,RegionE,1270
49639,RegionB,1270
821,RegionA,1271
4183,RegionC,1271
15571,RegionD,1271
16163,RegionA,1271
25817,RegionD,1271
28669,RegionC,1271
30215,RegionB,1271
31273,RegionC,1271
43734,RegionB,1271
6973,RegionA,1272
9912,RegionA,1272
10748,RegionC,1272
15876,RegionB,1272
21282,RegionB,1272
26290,RegionA,1272
30943,RegionB,1272
34401,RegionB,1272
37025,RegionB,1272
11094,RegionB,1273
12935,RegionA,1273
24628,RegionC,1273
357,RegionB,1274
9775,RegionA,1274
19636,RegionB,1274
20463,RegionC,1274
31921,RegionB,1274
32332,RegionA,1274
13882,RegionB,1275
14486,RegionB,1275
21173,RegionE,1275
21543,RegionB,1275
29984,RegionA,1275
35394,RegionE,1275
35570,RegionC,1275
17524,RegionC,1276
19126,RegionC,1276
26673,RegionB,1276
35875,RegionA,1276
38832,RegionA,1276
359,RegionC,1277
9373,RegionA,1277
24404,RegionB,1277
31396,RegionB,1277
32802,RegionC,1277
38030,RegionC,1277
43541,RegionE,1277
44595,RegionB,1277
6950,RegionC,1278
9341,RegionA,1278
14668,RegionA,1278
18833,RegionA,1278
28998,RegionC,1278
31864,RegionC,1278
41148,RegionA,1278
43406,RegionB,1278
46366,RegionB,1278
4096,RegionB,1279
23295,RegionB,1279
24728,RegionD,1279
26694,RegionB,1279
12296,RegionB,1280
18921,RegionB,1281
25780,RegionA,1281
41416,RegionF,1281
41838,RegionA,1281
44069,RegionB,1281
8854,RegionD,1282
11968,RegionB,1282
18064,RegionF,1282
19213,RegionA,1282
21010,RegionA,1282
25505,RegionB,1282
25692,RegionC,1282
33529,RegionB,1282
40996,RegionE,1282
42330,RegionA,1282
1705,RegionA,1283
5346,RegionA,1283
8268,RegionB,1283
8468,RegionA,1283
16131,RegionA,1283
20990,RegionA,1283
27395,RegionB,1283
34426,RegionB,1283
42477,RegionC,1283
152,RegionA,1284
18382,RegionB,1284
23049,RegionE,1284
39357,RegionA,1284
46132,RegionE,1284
48673,RegionA,1284
4194,RegionB,1285
19599,RegionF,1285
25133,RegionB,1285
35428,RegionA,1285
168,RegionC,1286
9963,RegionF,1286
21732,RegionA,1286
31822,RegionB,1286
34330,RegionC,1286
40522,RegionC,1286
4030,RegionB,1287
13139,RegionA,1287
17619,RegionA,1287
20133,RegionB,1287
25956,RegionA,1287
1433,RegionB,1288
5905,RegionA,1288
9040,RegionA,1288
23131,RegionB,1288
30278,RegionA,1288
31094,RegionB,1288
38083,RegionC,1288
3031,RegionA,1289
10939,RegionC,1289
13569,RegionC,1289
14025,RegionA,1289
15800,RegionC,1289
17838,RegionB,1289
26010,RegionA,1289
32546,RegionC,1289
6312,RegionB,1290
9250,RegionA,1290
11153,RegionB,1290
12449,RegionF,1290
14707,RegionA,1290
23382,RegionC,1290
8514,RegionA,1291
13852,RegionC,1291
21344,RegionA,1291
37487,RegionA,1291
39304,RegionA,1291
41613,RegionA,1291
44236,RegionD,1291
46,RegionA,1292
18486,RegionA,1292
24969,RegionB,1292
28700,RegionB,1292
29015,RegionB,1292
43489,RegionA,1292
49018,RegionD,1292
20661,RegionC,1293
24789,RegionA,1293
25514,RegionC,1293
10776,RegionD,1294
14046,RegionB,1294
17613,RegionA,1294
20653,RegionC,1294
26582,RegionB,1294
27392,RegionA,1294
28046,RegionC,1294
28869,RegionA,1294
37954,RegionA,1294
40907,RegionB,1294
41580,RegionF,1294
41667,RegionA,1294
43419,RegionA,1294
44454,RegionA,1294
45088,RegionC,1294
48825,RegionB,1294
13038,RegionC,1295
23002,RegionC,1295
31914,RegionB,1295
33574,RegionB,1295
45976,RegionA,1295
49013,RegionA,1295
3451,RegionA,1296
11974,RegionB,1296
22518,RegionF,1296
37620,RegionA,1296
44700,RegionB,1296
8418,RegionB,1297
11908,RegionB,1297
18045,RegionA,1297
23164,RegionB,1297
25449,RegionC,1297
31354,RegionA,1297
31687,RegionC,1297
34099,RegionB,1297
35262,RegionC,1297
43833,RegionB,1297
45159,RegionB,1297
48460,RegionC,1297
48575,RegionB,1297
48687,RegionB,1297
12523,RegionA,1298
15688,RegionC,1298
16468,RegionC,1298
30472,RegionB,1298
32242,RegionB,1298
33556,RegionC,1298
34786,RegionA,1298
39255,RegionB,1298
42673,RegionB,1298
43040,RegionB,1298
4321,RegionC,1299
18648,RegionA,1299
21819,RegionB,1299
23908,RegionC,1299
30497,RegionB,1299
32971,RegionB,1299
34572,RegionB,1299
34767,RegionB,1299
39086,RegionC,1299
46437,RegionB,1299
47614,RegionC,1299
48564,RegionC,1299
3164,RegionB,1300
3167,RegionE,1300
7143,RegionA,1300
24617,RegionF,1300
28542,RegionB,1300
41792,RegionA,1300
2421,RegionA,1301
2514,RegionB,1301
7026,RegionA,1301
11992,RegionA,1301
12869,RegionA,1301
13328,RegionF,1301
18217,RegionA,1301
22983,RegionC,1301
34738,RegionE,1301
35862,RegionA,1301
38914,RegionB,1301
42001,RegionA,1301
1917,RegionB,1302
11119,RegionA,1302
15676,RegionD,1302
30684,RegionC,1302
49478,RegionA,1302
546,RegionB,1303
4700,RegionB,1303
7235,RegionA,1303
11936,RegionC,1303
12774,RegionB,1303
16501,RegionC,1303
29241,RegionD,1303
30742,RegionC,1303
31181,RegionC,1303
6174,RegionA,1304
11842,RegionB,1304
24367,RegionC,1304
37498,RegionC,1304
47904,RegionA,1304
49297,RegionB,1304
906,RegionA,1305
15552,RegionA,1305
18901,RegionB,1305
28857,RegionB,1305
46547,RegionA,1305
1904,RegionB,1306
11028,RegionA,1306
14007,RegionB,1306
15072,RegionC,1306
35051,RegionB,1306
38644,RegionB,1306
40347,RegionA,1306
47037,RegionD,1306
49277,RegionB,1306
6234,RegionB,1307
21976,RegionB,1307
26587,RegionA,1307
39337,RegionA,1307
42021,RegionA,1307
47182,RegionA,1307
47769,RegionB,1307
8802,RegionF,1308
11163,RegionD,1308
14717,RegionC,1308
24178,RegionA,1308
26133,RegionA,1308
27532,RegionB,1308
35327,RegionC,1308
35742,RegionF,1308
40369,RegionB,1308
49612,RegionB,1308
1015,RegionC,1309
11528,RegionB,1309
15584,RegionD,1309
21260,RegionA,1309
25734,RegionA,1309
26474,RegionA,1309
39433,RegionC,1309
42407,RegionA,1309
4691,RegionA,1310
5645,RegionC,1310
13057,RegionC,1310
15474,RegionA,1310
16259,RegionC,1310
22232,RegionB,1310
23698,RegionC,1310
26038,RegionB,1310
36687,RegionA,1310
7979,RegionB,1311
8118,RegionC,1311
10084,RegionB,1311
10292,RegionA,1311
15593,RegionA,1311
34511,RegionA,1311
34627,RegionA,1311
37257,RegionE,1311
43234,RegionA,1311
44435,RegionA,1311
46409,RegionA,1311
9813,RegionA,1312
18078,RegionA,1312
26250,RegionE,1312
31719,RegionC,1312
39021,RegionC,1312
45860,RegionB,1312
45934,RegionC,1312
47148,RegionC,1312
49407,RegionA,1312
2887,RegionA,1313
13368,RegionA,1313
25002,RegionC,1313
37530,RegionB,1313
2438,RegionC,1314
15438,RegionB,1314
19005,RegionB,1314
25059,RegionB,1314
27748,RegionA,1314
28856,RegionA,1314
37496,RegionB,1314
38149,RegionE,1314
42184,RegionA,1314
6525,RegionC,1315
7634,RegionD,1315
11725,RegionB,1315
13503,RegionC,1315
15223,RegionC,1315
25081,RegionC,1315
37424,RegionB,1315
38533,RegionB,1315
39315,RegionC,1315
48084,RegionB,1315
19922,RegionA,1316
29630,RegionA,1316
40549,RegionC,1316
5648,RegionA,1317
9658,RegionB,1317
13140,RegionA,1317
34960,RegionC,1317
35081,RegionA,1317
36095,RegionC,1317
37659,RegionA,1317
39646,RegionA,1317
40246,RegionB,1317
1794,RegionB,1318
4924,RegionC,1318
7599,RegionB,1318
8463,RegionA,1318
9613,RegionB,1318
13017,RegionB,1318
19841,RegionC,1318
28549,RegionB,1318
29414,RegionA,1318
36304,RegionC,1318
40320,RegionD,1318
2194,RegionB,1319
5301,RegionA,1319
14099,RegionB,1319
16178,RegionB,1319
28688,RegionB,1319
32778,RegionA,1319
33703,RegionA,1319
35590,RegionC,1319
48630,RegionC,1319
7671,RegionB,1320
9620,RegionC,1320
14075,RegionC,1320
25595,RegionA,1320
39615,RegionB,1320
6167,RegionA,1321
16322,RegionB,1321
26120,RegionA,1321
28313,RegionB,1321
33721,RegionC,1321
37365,RegionB,1321
37760,RegionB,1321
7762,RegionB,1322
8732,RegionA,1322
14471,RegionA,1322
39677,RegionC,1322
42034,RegionA,1322
46049,RegionA,1322
16399,RegionA,1323
19422,RegionA,1323
24640,RegionB,1323
5386,RegionA,1324
8438,RegionB,1324
14835,RegionC,1324
21560,RegionE,1324
40420,RegionA,1324
42583,RegionD,1324
45840,RegionB,1324
47864,RegionF,1324
1643,RegionB,1325
12147,RegionE,1325
12252,RegionE,1325
17086,RegionC,1325
24233,RegionB,1325
24876,RegionB,1325
29843,RegionC,1325
31073,RegionA,1325
36745,RegionC,1325
45432,RegionA,1325
7957,RegionA,1326
12785,RegionA,1326
14912,RegionB,1326
34031,RegionA,1326
43973,RegionC,1326
45912,RegionB,1326
2565,RegionA,1327
10211,RegionC,1327
14794,RegionB,1327
17318,RegionA,1327
18098,RegionA,1327
43729,RegionB,1327
44,RegionC,1328
1475,RegionF,1328
5732,RegionE,1328
11584,RegionA,1328
18228,RegionF,1328
25813,RegionA,1328
26346,RegionB,1328
41095,RegionA,1328
45839,RegionA,1328
46217,RegionD,1328
48546,RegionE,1328
49076,RegionC,1328
7920,RegionB,1329
14237,RegionB,1329
14670,RegionB,1329
19681,RegionB,1329
33051,RegionC,1329
34410,RegionD,1329
36165,RegionB,1329
47178,RegionB,1329
9499,RegionA,1330
18965,RegionA,1330
22843,RegionB,1330
34888,RegionC,1330
38490,RegionD,1330
44021,RegionA,1330
44960,RegionA,1330
7411,RegionE,1331
22762,RegionA,1331
28699,RegionA,1331
2764,RegionB,1332
4649,RegionC,1332
4687,RegionC,1332
19465,RegionB,1332
21089,RegionA,1332
43378,RegionA,1332
44732,RegionB,1332
5303,RegionB,1333
9004,RegionC,1333
24527,RegionA,1333
33555,RegionB,1333
34724,RegionC,1333
3729,RegionB,1334
47664,RegionB,1334
12716,RegionC,1335
13682,RegionE,1335
17333,RegionB,1335
18265,RegionB,1335
18895,RegionC,1335
30184,RegionC,1335
31227,RegionC,1335
32047,RegionC,1335
33904,RegionC,1335
36583,RegionA,1335
45207,RegionE,1335
46452,RegionC,1335
3890,RegionA,1336
14054,RegionC,1336
17167,RegionA,1336
21299,RegionA,1336
25671,RegionC,1336
32541,RegionF,1336
37522,RegionB,1336
41340,RegionB,1336
42576,RegionC,1336
5325,RegionD,1337
6723,RegionA,1337
10698,RegionA,1337
15741,RegionC,1337
17573,RegionA,1337
32647,RegionA,1337
44007,RegionF,1337
47286,RegionC,1337
5019,RegionA,1338
18001,RegionB,1338
24731,RegionB,1338
29115,RegionC,1338
30833,RegionB,1338
35170,RegionC,1338
39812,RegionB,1338
46758,RegionB,1338
19842,RegionA,1339
21834,RegionC,1339
27819,RegionA,1339
46018,RegionB,1339
46304,RegionA,1339
46660,RegionB,1339
3762,RegionB,1340
10044,RegionA,1340
13766,RegionC,1340
16551,RegionA,1340
16815,RegionB,1340
18159,RegionB,1340
32002,RegionC,1340
40221,RegionC,1340
43146,RegionC,1340
43939,RegionB,1340
23345,RegionA,1341
23981,RegionA,1341
24924,RegionC,1341
26353,RegionB,1341
36444,RegionA,1341
40132,RegionA,1341
45119,RegionB,1341
45905,RegionA,1341
1855,RegionD,1342
4598,RegionA,1342
4913,RegionA,1342
21564,RegionB,1342
32612,RegionC,1342
36779,RegionA,1342
38833,RegionA,1342
41128,RegionA,1342
46396,RegionA,1342
976,RegionD,1343
1125,RegionB,1343
1261,RegionB,1343
4036,RegionB,1343
20159,RegionB,1343
34895,RegionC,1343
40133,RegionB,1343
12404,RegionA,1344
14124,RegionA,1344
18785,RegionC,1344
24372,RegionB,1344
27474,RegionB,1344
41655,RegionB,1344
48227,RegionA,1344
672,RegionB,1345
11147,RegionB,1345
13638,RegionA,1345
26386,RegionC,1345
49567,RegionB,1345
9276,RegionA,1346
15538,RegionC,1346
27407,RegionA,1346
30249,RegionB,1346
36840,RegionB,1347
39164,RegionC,1347
4963,RegionC,1348
18207,RegionC,1348
24954,RegionB,1348
24984,RegionE,1348
36347,RegionA,1348
39640,RegionA,1348
48879,RegionC,1348
48977,RegionC,1348
49670,RegionA,1348
19796,RegionA,1349
20811,RegionC,1349
37157,RegionC,1349
37271,RegionA,1349
495,RegionB,1350
847,RegionA,1350
14224,RegionB,1350
32160,RegionD,1350
43512,RegionB,1350
47438,RegionA,1350
1374,RegionB,1351
13047,RegionA,1351
17196,RegionC,1351
17498,RegionC,1351
18222,RegionA,1351
28895,RegionA,1351
33098,RegionD,1351
34445,RegionA,1351
247,RegionC,1352
7022,RegionB,1352
19574,RegionA,1352
24681,RegionC,1352
30624,RegionC,1352
34858,RegionA,1352
38648,RegionA,1352
40138,RegionA,1352
49419,RegionA,1352
111,RegionA,1353
3407,RegionB,1353
20847,RegionA,1353
27588,RegionD,1353
32930,RegionA,1353
37981,RegionA,1353
44008,RegionA,1353
44886,RegionF,1353
46422,RegionA,1353
47793,RegionA,1353
48971,RegionC,1353
49357,RegionB,1353
8125,RegionC,1354
11798,RegionC,1354
13970,RegionC,1354
35864,RegionB,1354
46961,RegionA,1354
10181,RegionA,1355
27498,RegionA,1355
44032,RegionC,1355
46274,RegionB,1355
1960,RegionD,1356
1993,RegionE,1356
5658,RegionC,1356
10311,RegionA,1356
15905,RegionC,1356
19847,RegionC,1356
25756,RegionB,1356
36502,RegionC,1356
8267,RegionB,1357
14529,RegionA,1357
14948,RegionE,1357
18223,RegionA,1357
29299,RegionC,1357
30844,RegionA,1357
47518,RegionA,1357
48683,RegionC,1357
2525,RegionA,1358
19444,RegionB,1358
34115,RegionE,1358
39039,RegionB,1358
47122,RegionC,1358
962,RegionC,1359
2429,RegionB,1359
23977,RegionB,1359
27105,RegionA,1359
31998,RegionA,1359
38155,RegionC,1359
46299,RegionB,1359
48722,RegionC,1359
17146,RegionA,1360
17485,RegionC,1360
25935,RegionD,1360
28519,RegionC,1360
33464,RegionC,1360
36447,RegionB,1360
40977,RegionA,1360
13101,RegionB,1361
19829,RegionA,1361
25093,RegionB,1361
48498,RegionB,1361
49453,RegionA,1361
16851,RegionA,1362
23377,RegionE,1362
24297,RegionA,1362
24756,RegionA,1362
31548,RegionB,1362
44918,RegionC,1362
48098,RegionC,1362
1350,RegionE,1363
4308,RegionC,1363
5332,RegionF,1363
8664,RegionE,1363
14297,RegionC,1363
15047,RegionA,1363
15439,RegionC,1363
18430,RegionC,1363
27146,RegionB,1363
29179,RegionB,1363
39885,RegionB,1363
799,RegionE,1364
5201,RegionA,1364
5370,RegionC,1364
17598,RegionE,1364
22233,RegionB,1364
3314,RegionA,1365
12322,RegionB,1365
22370,RegionB,1365
28032,RegionB,1365
29254,RegionC,1365
36432,RegionA,1365
40134,RegionB,1365
43370,RegionC,1365
197,RegionA,1366
667,RegionC,1366
4813,RegionC,1366
16834,RegionB,1366
25910,RegionA,1366
30723,RegionC,1366
31812,RegionC,1366
35292,RegionB,1366
46559,RegionA,1366
4462,RegionB,1367
4962,RegionB,1367
8593,RegionA,1367
9142,RegionC,1367
31248,RegionC,1367
41398,RegionA,1367
22008,RegionA,1368
22088,RegionB,1368
23344,RegionD,1368
27314,RegionA,1368
48811,RegionB,1368
3052,RegionB,1369
12479,RegionB,1369
19283,RegionC,1369
24751,RegionB,1369
25903,RegionA,1369
28236,RegionC,1369
28335,RegionC,1369
34056,RegionE,1369
38136,RegionE,1369
39156,RegionB,1369
40379,RegionD,1369
45938,RegionB,1369
4799,RegionC,1370
6575,RegionB,1370
15536,RegionB,1370
30234,RegionA,1370
31044,RegionC,1370
35489,RegionB,1370
3806,RegionA,1371
18675,RegionA,1371
23638,RegionC,1371
28529,RegionB,1371
32961,RegionA,1371
1774,RegionB,1372
3241,RegionA,1372
5137,RegionA,1372
8858,RegionB,1372
10037,RegionA,1372
15608,RegionB,1372
16371,RegionC,1372
19354,RegionB,1372
29471,RegionF,1372
31868,RegionB,1372
907,RegionB,1373
15237,RegionA,1373
33802,RegionA,1373
41759,RegionA,1373
41776,RegionC,1373
46004,RegionB,1373
47849,RegionC,1373
2158,RegionA,1374
14947,RegionC,1374
23611,RegionB,1374
26813,RegionC,1374
34011,RegionA,1374
41736,RegionC,1374
42179,RegionA,1374
32074,RegionC,1375
48936,RegionB,1375
5637,RegionB,1376
9500,RegionB,1376
12302,RegionB,1376
15873,RegionE,1376
21396,RegionE,1376
32123,RegionA,1376
41314,RegionB,1376
46532,RegionD,1376
48359,RegionB,1376
12901,RegionC,1377
16912,RegionB,1377
17133,RegionA,1377
31743,RegionA,1377
34845,RegionA,1377
39418,RegionB,1377
44612,RegionA,1377
46077,RegionB,1377
47035,RegionB,1377
49631,RegionB,1377
21347,RegionB,1378
41187,RegionA,1378
43268,RegionA,1378
43475,RegionC,1378
47960,RegionB,1378
48919,RegionC,1378
871,RegionD,1379
4150,RegionC,1379
6791,RegionB,1379
11192,RegionA,1379
16352,RegionF,1379
24046,RegionE,1379
24486,RegionA,1379
24631,RegionA,1379
27736,RegionB,1379
31065,RegionF,1379
33892,RegionE,1379
35082,RegionB,1379
35089,RegionB,1379
36803,RegionC,1379
40922,RegionC,1379
1221,RegionA,1380
10395,RegionC,1380
19380,RegionB,1380
2813,RegionE,1381
6203,RegionC,1381
8873,RegionC,1381
11164,RegionA,1381
12917,RegionA,1381
20920,RegionB,1381
24635,RegionC,1381
27188,RegionE,1381
29050,RegionC,1381
29559,RegionB,1381
31361,RegionA,1381
32435,RegionC,1381
34910,RegionA,1381
38300,RegionE,1381
8907,RegionF,1382
17456,RegionA,1382
18636,RegionA,1382
20930,RegionD,1382
32508,RegionE,1382
34683,RegionB,1382
35391,RegionB,1382
38854,RegionB,1382
41210,RegionB,1382
2070,RegionC,1383
3652,RegionC,1383
8247,RegionB,1383
12970,RegionB,1383
28360,RegionB,1383
32139,RegionC,1383
32567,RegionE,1383
105,RegionA,1384
6573,RegionA,1384
13902,RegionB,1384
17071,RegionB,1384
19588,RegionA,1384
24863,RegionB,1384
34283,RegionB,1384
2289,RegionA,1385
8076,RegionA,1385
14465,RegionA,1385
25203,RegionA,1385
45309,RegionB,1385
45476,RegionE,1385
47571,RegionA,1385
18773,RegionA,1386
20309,RegionA,1386
33955,RegionB,1386
49309,RegionA,1386
4056,RegionB,1387
16356,RegionB,1387
45174,RegionC,1387
5923,RegionA,1388
12623,RegionB,1388
13497,RegionC,1388
20375,RegionA,1388
23163,RegionA,1388
35891,RegionC,1388
36685,RegionC,1388
40823,RegionB,1388
46140,RegionA,1388
48220,RegionA,1388
48289,RegionC,1388
48314,RegionB,1388
3335,RegionB,1389
3651,RegionC,1389
9600,RegionB,1389
32730,RegionC,1389
35462,RegionA,1389
42691,RegionB,1389
46803,RegionA,1389
21925,RegionB,1390
22348,RegionA,1390
31285,RegionB,1390
36789,RegionB,1390
37213,RegionA,1390
37550,RegionB,1390
38827,RegionA,1390
22266,RegionB,1391
22434,RegionA,1391
31066,RegionA,1391
46557,RegionC,1391
8759,RegionB,1392
13613,RegionB,1392
16312,RegionC,1392
18237,RegionB,1392
19965,RegionC,1392
22506,RegionA,1392
37309,RegionC,1392
5342,RegionB,1393
9312,RegionC,1393
10117,RegionB,1393
13359,RegionC,1393
19777,RegionA,1393
33541,RegionB,1393
37267,RegionB,1393
39443,RegionA,1393
39561,RegionA,1393
39818,RegionB,1393
48223,RegionC,1393
6254,RegionB,1394
12375,RegionC,1394
15189,RegionC,1394
20910,RegionC,1394
21670,RegionC,1394
33670,RegionA,1394
34130,RegionA,1394
38256,RegionA,1394
46044,RegionB,1394
1447,RegionC,1395
1932,RegionC,1395
3426,RegionB,1395
4812,RegionC,1395
6543,RegionB,1395
25075,RegionC,1395
30393,RegionB,1395
39376,RegionF,1395
6663,RegionC,1396
17298,RegionA,1396
18341,RegionA,1396
42713,RegionC,1396
46908,RegionA,1396
47049,RegionC,1396
4114,RegionA,1397
7554,RegionC,1397
31837,RegionC,1397
33045,RegionC,1397
2328,RegionA,1398
4863,RegionB,1398
7136,RegionA,1398
25507,RegionC,1398
28975,RegionB,1398
30407,RegionC,1398
39349,RegionC,1398
45751,RegionC,1398
48257,RegionD,1398
864,RegionC,1399
10665,RegionA,1399
16171,RegionB,1399
18536,RegionE,1399
19778,RegionA,1399
30158,RegionC,1399
35876,RegionB,1399
48804,RegionA,1399
5271,RegionC,1401
5610,RegionB,1401
7170,RegionA,1401
9307,RegionF,1401
11037,RegionC,1401
27491,RegionA,1401
35495,RegionA,1401
42438,RegionC,1401
49121,RegionB,1401
13190,RegionE,1402
22584,RegionA,1402
24983,RegionC,1402
25274,RegionA,1402
26100,RegionA,1402
26410,RegionA,1402
29956,RegionD,1402
36883,RegionE,1402
39339,RegionB,1402
2175,RegionC,1403
7614,RegionC,1403
17037,RegionB,1403
17451,RegionB,1403
18911,RegionA,1403
19361,RegionC,1403
20036,RegionB,1403
22248,RegionC,1403
27250,RegionB,1403
28526,RegionD,1403
39699,RegionA,1403
41964,RegionB,1403
6125,RegionC,1404
7354,RegionA,1404
13930,RegionC,1404
27444,RegionE,1404
43885,RegionB,1404
1559,RegionC,1405
2147,RegionB,1405
12462,RegionE,1405
23476,RegionA,1405
25353,RegionA,1405
38229,RegionA,1405
835,RegionB,1406
8031,RegionB,1406
8668,RegionB,1406
10123,RegionB,1406
12151,RegionB,1406
24396,RegionA,1406
28070,RegionB,1406
38518,RegionA,1406
46084,RegionB,1406
21813,RegionB,1407
22729,RegionA,1407
36331,RegionC,1407
38798,RegionC,1407
40254,RegionC,1407
2023,RegionB,1408
2495,RegionB,1408
2862,RegionB,1408
11545,RegionA,1408
15832,RegionC,1408
19699,RegionA,1408
26961,RegionA,1408
29165,RegionA,1408
32006,RegionB,1408
33790,RegionB,1408
34074,RegionC,1408
37406,RegionC,1408
39860,RegionC,1408
40340,RegionE,1408
42029,RegionB,1408
49045,RegionA,1408
29127,RegionB,1409
38037,RegionC,1409
44442,RegionA,1409
45389,RegionC,1409
46730,RegionA,1409
1325,RegionA,1410
2198,RegionA,1410
15060,RegionA,1410
17228,RegionB,1410
26949,RegionB,1410
30147,RegionA,1410
31385,RegionC,1410
34964,RegionB,1410
43707,RegionA,1410
43788,RegionB,1410
48556,RegionB,1410
9889,RegionC,1411
28821,RegionC,1411
30897,RegionB,1411
31230,RegionA,1411
39475,RegionA,1411
39785,RegionA,1411
39989,RegionB,1411
41326,RegionA,1411
47063,RegionC,1411
1545,RegionC,1412
7038,RegionA,1412
9965,RegionA,1412
12218,RegionC,1412
13749,RegionA,1412
45241,RegionA,1412
46442,RegionA,1412
48755,RegionC,1412
764,RegionB,1413
5506,RegionB,1413
16843,RegionC,1413
18920,RegionB,1413
22881,RegionA,1413
32699,RegionA,1413
8056,RegionA,1414
16662,RegionA,1414
17014,RegionD,1414
17592,RegionA,1414
19050,RegionA,1414
23974,RegionE,1414
36546,RegionB,1414
41901,RegionE,1414
43590,RegionB,1414
46654,RegionB,1414
28518,RegionC,1415
29721,RegionA,1415
32232,RegionC,1415
37642,RegionB,1415
16840,RegionB,1416
17439,RegionC,1416
27462,RegionC,1416
29025,RegionF,1416
34215,RegionA,1416
35990,RegionC,1416
40105,RegionA,1416
2435,RegionA,1417
31499,RegionA,1417
33290,RegionA,1417
33575,RegionB,1417
49159,RegionB,1417
7263,RegionB,1418
8335,RegionC,1418
12295,RegionB,1418
24938,RegionD,1418
31889,RegionB,1418
32380,RegionB,1418
34487,RegionC,1418
41799,RegionB,1418
43189,RegionA,1418
49973,RegionB,1418
6633,RegionA,1419
11924,RegionE,1419
20275,RegionA,1419
21083,RegionA,1419
21891,RegionB,1419
23308,RegionB,1419
25563,RegionA,1419
27577,RegionA,1419
32841,RegionC,1419
40449,RegionB,1419
1962,RegionA,1420
3138,RegionB,1420
20076,RegionC,1420
43149,RegionA,1420
15027,RegionF,1421
20692,RegionB,1421
23211,RegionB,1421
26384,RegionB,1421
33764,RegionB,1421
35264,RegionA,1421
38650,RegionA,1421
43020,RegionB,1421
43797,RegionF,1421
44996,RegionC,1421
45128,RegionC,1421
4154,RegionB,1422
6821,RegionF,1422
21388,RegionC,1422
30687,RegionB,1422
32703,RegionC,1422
42428,RegionA,1422
48385,RegionB,1422
7815,RegionB,1423
22760,RegionC,1423
22799,RegionC,1423
29648,RegionE,1423
30026,RegionB,1423
44445,RegionC,1423
46810,RegionA,1423
1288,RegionB,1424
15444,RegionB,1424
17880,RegionD,1424
22166,RegionA,1424
23603,RegionB,1424
23657,RegionB,1424
29371,RegionC,1424
38879,RegionA,1424
39281,RegionB,1424
39420,RegionC,1424
6024,RegionB,1425
11224,RegionA,1425
13219,RegionB,1425
40241,RegionC,1425
10349,RegionC,1426
14944,RegionA,1426
23082,RegionF,1426
29837,RegionC,1426
30259,RegionA,1426
39313,RegionB,1426
6142,RegionB,1427
13253,RegionB,1427
18284,RegionB,1427
27926,RegionB,1427
35480,RegionA,1427
37095,RegionA,1427
39435,RegionF,1427
6490,RegionB,1428
6877,RegionB,1428
15630,RegionD,1428
29043,RegionC,1428
44338,RegionB,1428
46128,RegionA,1428
178,RegionA,1429
3264,RegionC,1429
8066,RegionC,1429
10488,RegionA,1429
26873,RegionD,1429
29223,RegionA,1429
30926,RegionC,1429
31759,RegionC,1429
40316,RegionA,1429
5833,RegionB,1430
16572,RegionB,1430
17593,RegionA,1430
24469,RegionB,1430
40040,RegionA,1430
45313,RegionA,1430
49491,RegionA,1430
803,RegionB,1431
4348,RegionF,1431
8562,RegionB,1431
17701,RegionB,1431
24429,RegionA,1431
32701,RegionB,1431
33200,RegionB,1431
45371,RegionE,1431
48871,RegionB,1431
5571,RegionB,1432
18233,RegionC,1432
20844,RegionC,1432
29307,RegionF,1432
33339,RegionC,1432
33688,RegionC,1432
35326,RegionB,1432
37063,RegionB,1432
345,RegionC,1433
14863,RegionF,1433
28844,RegionB,1433
42585,RegionA,1433
47652,RegionC,1433
6386,RegionC,1434
6590,RegionC,1434
8174,RegionA,1434
22211,RegionA,1434
23576,RegionA,1434
24926,RegionA,1434
27835,RegionB,1434
32298,RegionE,1434
35607,RegionB,1434
7036,RegionC,1435
7853,RegionA,1435
9058,RegionA,1435
42823,RegionB,1435
48398,RegionB,1435
31938,RegionA,1436
37281,RegionB,1436
42267,RegionC,1436
44408,RegionA,1436
12843,RegionA,1437
16810,RegionC,1437
28971,RegionC,1437
31561,RegionB,1437
38538,RegionA,1437
15008,RegionA,1438
17693,RegionB,1438
32834,RegionC,1438
33578,RegionA,1438
37745,RegionA,1438
38289,RegionA,1438
38873,RegionA,1438
42129,RegionC,1438
44994,RegionB,1438
46754,RegionC,1438
3411,RegionA,1439
4008,RegionA,1439
28653,RegionA,1439
29487,RegionB,1439
44015,RegionA,1439
44327,RegionC,1439
44380,RegionC,1439
45897,RegionA,1439
7373,RegionA,1440
11099,RegionA,1440
16664,RegionB,1440
26305,RegionA,1440
30454,RegionC,1440
34182,RegionA,1440
47842,RegionB,1440
13710,RegionA,1441
32088,RegionE,1441
32733,RegionA,1441
42527,RegionB,1441
33636,RegionE,1442
44615,RegionC,1442
9065,RegionA,1443
16934,RegionC,1443
24525,RegionE,1443
49915,RegionC,1443
982,RegionC,1444
11280,RegionC,1444
12336,RegionC,1444
13387,RegionF,1444
14415,RegionC,1444
15824,RegionB,1444
20511,RegionA,1444
39944,RegionB,1444
44348,RegionF,1444
928,RegionB,1445
8225,RegionA,1445
8410,RegionA,1445
44699,RegionB,1445
3854,RegionC,1446
9301,RegionA,1446
12471,RegionA,1446
24100,RegionA,1446
28947,RegionA,1446
36219,RegionC,1446
37884,RegionB,1446
44552,RegionA,1446
5780,RegionA,1447
14037,RegionA,1447
21129,RegionA,1447
22108,RegionB,1447
22338,RegionB,1447
23043,RegionA,1447
36101,RegionC,1447
11597,RegionA,1448
18766,RegionA,1448
24611,RegionA,1448
30949,RegionA,1448
1884,RegionA,1449
10169,RegionB,1449
11174,RegionB,1449
12145,RegionB,1449
13325,RegionB,1449
14319,RegionA,1449
26894,RegionA,1449
38102,RegionC,1449
44769,RegionA,1449
11574,RegionB,1450
16452,RegionA,1450
26934,RegionA,1450
32152,RegionC,1450
42363,RegionB,1450
8001,RegionC,1451
35020,RegionD,1451
41539,RegionC,1451
44915,RegionB,1451
6484,RegionB,1452
7716,RegionB,1452
9703,RegionA,1452
10613,RegionA,1452
41623,RegionB,1452
47756,RegionB,1452
389,RegionB,1453
4026,RegionC,1453
6794,RegionC,1453
12959,RegionC,1453
15166,RegionA,1453
34794,RegionB,1453
36759,RegionA,1453
45717,RegionC,1453
9731,RegionB,1454
14518,RegionB,1454
20292,RegionB,1454
38185,RegionB,1454
47608,RegionE,1454
48054,RegionE,1454
2160,RegionB,1455
7691,RegionB,1455
23121,RegionD,1455
25292,RegionC,1455
27382,RegionB,1455
35214,RegionB,1455
44024,RegionB,1455
2939,RegionA,1456
17376,RegionA,1456
33080,RegionA,1456
48453,RegionC,1456
1452,RegionB,1457
5567,RegionC,1457
12221,RegionA,1457
18886,RegionA,1457
29924,RegionA,1457
32335,RegionB,1457
33090,RegionC,1457
48184,RegionC,1457
48775,RegionC,1457
2739,RegionC,1458
22084,RegionC,1458
25060,RegionB,1458
26854,RegionA,1458
29385,RegionC,1458
30945,RegionC,1458
41895,RegionA,1458
43683,RegionB,1458
46872,RegionC,1458
47654,RegionF,1458
9300,RegionD,1459
12316,RegionC,1459
12352,RegionA,1459
14757,RegionC,1459
18088,RegionB,1459
19626,RegionA,1459
20615,RegionC,1459
29979,RegionB,1459
40718,RegionB,1459
42073,RegionA,1459
43400,RegionB,1459
47970,RegionA,1459
5116,RegionA,1460
23335,RegionB,1460
32001,RegionC,1460
43063,RegionA,1460
49936,RegionC,1460
2844,RegionC,1461
12904,RegionA,1461
24117,RegionC,1461
25831,RegionA,1461
49447,RegionA,1461
10068,RegionF,1462
12483,RegionA,1462
18395,RegionB,1462
18661,RegionF,1462
43665,RegionC,1462
49311,RegionB,1462
20261,RegionD,1463
22530,RegionC,1463
12223,RegionB,1464
13257,RegionA,1464
17278,RegionA,1464
25465,RegionA,1464
46637,RegionE,1464
4882,RegionB,1465
6488,RegionA,1465
21705,RegionA,1465
30084,RegionB,1465
34249,RegionB,1465
35338,RegionB,1465
42260,RegionC,1465
42514,RegionB,1465
42783,RegionB,1465
48573,RegionA,1465
2239,RegionB,1466
7189,RegionA,1466
13357,RegionB,1466
21404,RegionA,1466
24758,RegionB,1466
25968,RegionE,1466
33774,RegionE,1466
39832,RegionB,1466
42947,RegionB,1466
16802,RegionB,1467
19366,RegionB,1467
20251,RegionB,1467
22651,RegionA,1467
33000,RegionF,1467
46003,RegionA,1467
12812,RegionA,1468
16741,RegionA,1468
43344,RegionD,1468
2388,RegionA,1469
4502,RegionB,1469
6690,RegionA,1469
18216,RegionA,1469
24052,RegionC,1469
25748,RegionB,1469
39625,RegionE,1469
44725,RegionB,1469
45146,RegionB,1469
45692,RegionC,1469
21,RegionA,1470
5466,RegionB,1470
27176,RegionA,1470
29938,RegionA,1470
33164,RegionF,1470
41500,RegionC,1470
44569,RegionC,1470
3639,RegionC,1471
5591,RegionB,1471
12732,RegionA,1471
15159,RegionA,1471
20998,RegionA,1471
5185,RegionB,1472
17770,RegionA,1472
27947,RegionB,1472
31933,RegionA,1472
33305,RegionB,1472
35207,RegionB,1472
43464,RegionA,1472
45110,RegionA,1472
25666,RegionD,1473
35074,RegionA,1473
41331,RegionA,1473
46646,RegionA,1473
19401,RegionC,1474
19789,RegionE,1474
23875,RegionC,1474
24535,RegionB,1474
28203,RegionC,1474
31758,RegionB,1474
32041,RegionC,1474
37611,RegionD,1474
47209,RegionA,1474
47247,RegionD,1474
4960,RegionA,1475
5302,RegionB,1475
8531,RegionC,1475
10672,RegionA,1475
18730,RegionB,1475
22424,RegionC,1475
32542,RegionA,1475
45594,RegionD,1475
1686,RegionA,1476
2092,RegionA,1476
2923,RegionC,1476
5789,RegionC,1476
10095,RegionA,1476
11441,RegionA,1476
12657,RegionC,1476
14366,RegionA,1476
21358,RegionA,1476
21443,RegionA,1476
25337,RegionC,1476
25975,RegionA,1476
29060,RegionA,1476
45671,RegionC,1476
47041,RegionB,1476
49930,RegionE,1476
9230,RegionA,1477
11945,RegionA,1477
21402,RegionC,1477
22343,RegionA,1477
29045,RegionA,1477
31716,RegionA,1477
31751,RegionB,1477
31872,RegionA,1477
40665,RegionB,1477
41403,RegionA,1477
1025,RegionB,1478
3900,RegionC,1478
15704,RegionA,1478
20002,RegionB,1478
22279,RegionB,1478
36340,RegionA,1478
45588,RegionA,1478
1490,RegionA,1479
4600,RegionB,1479
9808,RegionB,1479
25180,RegionC,1479
26182,RegionB,1479
26505,RegionC,1479
32968,RegionA,1479
33749,RegionA,1479
44898,RegionC,1479
5223,RegionB,1480
5984,RegionB,1480
8865,RegionB,1480
9650,RegionA,1480
11198,RegionA,1480
25147,RegionC,1480
25743,RegionB,1480
31581,RegionB,1480
3940,RegionC,1481
4523,RegionC,1481
5828,RegionB,1481
13085,RegionE,1481
14983,RegionA,1481
15989,RegionB,1481
20244,RegionA,1481
21239,RegionA,1481
26104,RegionC,1481
40762,RegionA,1481
49581,RegionC,1481
3707,RegionA,1482
15750,RegionA,1482
35151,RegionC,1482
40142,RegionC,1482
17315,RegionC,1483
17992,RegionA,1483
25218,RegionB,1483
27309,RegionB,1483
47660,RegionC,1483
5830,RegionD,1484
13377,RegionB,1484
25620,RegionC,1484
26689,RegionC,1484
38920,RegionB,1484
41219,RegionE,1484
42833,RegionA,1484
45704,RegionC,1484
48797,RegionA,1484
862,RegionB,1485
5886,RegionB,1485
7878,RegionA,1485
11494,RegionB,1485
24719,RegionB,1485
29553,RegionB,1485
30007,RegionC,1485
33942,RegionB,1485
40621,RegionC,1485
87,RegionB,1486
8272,RegionA,1486
10987,RegionA,1486
12784,RegionA,1486
24909,RegionB,1486
26437,RegionB,1486
26812,RegionB,1486
30632,RegionF,1486
46658,RegionA,1486
10441,RegionC,1487
20772,RegionC,1487
26698,RegionA,1487
38399,RegionA,1487
39371,RegionA,1487
40934,RegionB,1487
49248,RegionF,1487
14960,RegionC,1488
18162,RegionD,1488
21742,RegionC,1488
28462,RegionA,1488
37495,RegionA,1488
49852,RegionA,1488
4055,RegionA,1489
4528,RegionB,1489
25622,RegionA,1489
35180,RegionA,1489
42656,RegionA,1489
46082,RegionA,1489
46670,RegionE,1489
19771,RegionA,1490
20051,RegionC,1490
22151,RegionA,1490
24060,RegionA,1490
27028,RegionB,1490
41089,RegionA,1490
41894,RegionC,1490
41967,RegionF,1490
2965,RegionA,1491
3716,RegionB,1491
10152,RegionC,1491
20057,RegionC,1491
32623,RegionB,1491
34280,RegionA,1491
41847,RegionC,1491
10322,RegionC,1492
22388,RegionA,1492
28508,RegionA,1492
43543,RegionA,1492
15448,RegionA,1493
24317,RegionA,1493
35834,RegionA,1493
40038,RegionD,1493
45213,RegionC,1493
47074,RegionB,1493
13989,RegionC,1494
24760,RegionC,1494
38407,RegionA,1494
44221,RegionB,1494
45682,RegionA,1494
8309,RegionC,1495
10028,RegionC,1495
16996,RegionA,1495
17321,RegionC,1495
22662,RegionE,1495
23425,RegionA,1495
27031,RegionF,1495
27901,RegionB,1495
40846,RegionA,1495
44367,RegionC,1495
7808,RegionB,1496
34275,RegionA,1496
34778,RegionA,1496
39165,RegionC,1496
49053,RegionA,1496
8077,RegionB,1497
14976,RegionA,1497
43183,RegionB,1497
12860,RegionB,1498
15426,RegionC,1498
30570,RegionB,1498
40564,RegionA,1498
41467,RegionC,1498
12310,RegionC,1499
14038,RegionA,1499
17478,RegionB,1499
18892,RegionA,1499
23678,RegionC,1499
30054,RegionC,1499
32675,RegionB,1499
43197,RegionB,1499
2985,RegionA,1500
4112,RegionF,1500
10228,RegionB,1500
18616,RegionA,1500
19911,RegionB,1500
42700,RegionC,1500
15520,RegionA,1501
16564,RegionA,1501
23227,RegionA,1501
23450,RegionA,1501
33814,RegionA,1501
46977,RegionC,1501
48411,RegionB,1501
28413,RegionC,1502
5551,RegionB,1503
11032,RegionE,1503
18922,RegionC,1503
41566,RegionC,1503
41950,RegionB,1503
44200,RegionB,1503
8648,RegionB,1504
9012,RegionA,1504
32270,RegionC,1504
39743,RegionE,1504
40441,RegionB,1504
11520,RegionA,1505
19417,RegionA,1505
22938,RegionA,1505
27691,RegionB,1505
29106,RegionA,1505
37622,RegionB,1505
41995,RegionA,1505
44843,RegionB,1505
2400,RegionA,1506
6603,RegionC,1506
16244,RegionB,1506
34059,RegionB,1506
42467,RegionA,1506
49803,RegionB,1506
8218,RegionE,1507
8610,RegionC,1507
11466,RegionA,1507
11730,RegionB,1507
17004,RegionB,1507
17161,RegionA,1507
45524,RegionA,1507
47269,RegionA,1507
48869,RegionA,1507
48968,RegionA,1507
1134,RegionA,1508
6729,RegionE,1508
9939,RegionA,1508
11489,RegionB,1508
20759,RegionC,1508
24012,RegionC,1508
29213,RegionB,1508
34607,RegionE,1508
5017,RegionE,1509
8499,RegionC,1509
23898,RegionB,1509
37226,RegionA,1509
38670,RegionB,1509
39447,RegionC,1509
42156,RegionC,1509
49993,RegionB,1509
11986,RegionB,1510
37439,RegionC,1510
7244,RegionB,1511
15135,RegionB,1511
17771,RegionA,1511
22514,RegionB,1511
25546,RegionB,1511
29105,RegionA,1511
30960,RegionF,1511
22057,RegionC,1512
22893,RegionA,1512
34633,RegionD,1512
10758,RegionA,1513
20801,RegionA,1513
24979,RegionA,1513
28797,RegionA,1513
29184,RegionA,1513
42946,RegionA,1513
4297,RegionA,1514
4901,RegionA,1514
24388,RegionA,1514
25768,RegionB,1514
28534,RegionA,1514
35925,RegionC,1514
39650,RegionC,1514
48629,RegionB,1514
3681,RegionA,1515
6803,RegionA,1515
8299,RegionA,1515
16601,RegionE,1515
20337,RegionB,1515
25148,RegionE,1515
25468,RegionC,1515
26140,RegionA,1515
45693,RegionA,1515
46266,RegionB,1515
46808,RegionA,1515
35,RegionB,1516
5516,RegionA,1516
6027,RegionE,1516
42487,RegionA,1516
47942,RegionC,1516
48202,RegionB,1516
3786,RegionA,1517
12428,RegionC,1517
20398,RegionC,1517
20630,RegionA,1517
22714,RegionC,1517
23813,RegionB,1517
25731,RegionC,1517
28143,RegionB,1517
30791,RegionA,1517
38889,RegionC,1517
45980,RegionC,1517
13416,RegionB,1518
21095,RegionA,1518
26463,RegionB,1518
30962,RegionA,1518
32566,RegionC,1518
39789,RegionE,1518
46491,RegionC,1518
47007,RegionA,1518
9516,RegionC,1519
12929,RegionA,1519
13975,RegionB,1519
14022,RegionC,1519
15472,RegionC,1519
26142,RegionB,1519
41932,RegionC,1519
44555,RegionB,1519
25079,RegionB,1520
35655,RegionC,1520
48991,RegionC,1520
4629,RegionC,1521
5882,RegionC,1521
13246,RegionB,1521
19871,RegionB,1521
27814,RegionB,1521
37790,RegionA,1521
3344,RegionD,1522
8127,RegionA,1522
11601,RegionC,1522
21449,RegionA,1522
25654,RegionA,1522
1771,RegionA,1523
8796,RegionA,1523
37664,RegionA,1523
40768,RegionA,1523
46568,RegionB,1523
12016,RegionE,1524
13065,RegionC,1524
16047,RegionB,1524
18591,RegionA,1524
19436,RegionA,1524
2098,RegionE,1525
9328,RegionA,1525
10782,RegionC,1525
14720,RegionA,1525
30595,RegionA,1525
40063,RegionC,1525
46207,RegionB,1525
47375,RegionB,1525
47307,RegionA,1526
3816,RegionC,1527
11339,RegionC,1527
13734,RegionC,1527
15025,RegionC,1527
20385,RegionC,1527
25197,RegionB,1527
29341,RegionA,1527
34850,RegionA,1527
37200,RegionA,1527
38475,RegionB,1527
41389,RegionC,1527
46970,RegionC,1527
49553,RegionB,1527
1411,RegionA,1528
17103,RegionB,1528
18554,RegionC,1528
22783,RegionB,1528
30304,RegionE,1528
37185,RegionF,1528
38675,RegionA,1528
39302,RegionC,1528
49260,RegionC,1528
49293,RegionC,1528
11546,RegionA,1529
12508,RegionE,1529
14050,RegionA,1529
31505,RegionA,1529
33635,RegionC,1529
37034,RegionE,1529
42370,RegionB,1529
15179,RegionA,1530
17138,RegionC,1530
36127,RegionC,1530
36265,RegionC,1530
37423,RegionA,1530
38471,RegionA,1530
41476,RegionA,1530
44838,RegionC,1530
45047,RegionB,1530
48618,RegionE,1530
82,RegionB,1531
11431,RegionC,1531
13965,RegionA,1531
37573,RegionA,1531
45675,RegionA,1531
49236,RegionA,1531
3348,RegionB,1532
11965,RegionA,1532
13259,RegionB,1532
15382,RegionA,1532
30210,RegionB,1532
35915,RegionB,1532
38435,RegionB,1532
43349,RegionC,1532
44071,RegionC,1532
7830,RegionC,1533
9838,RegionD,1533
22380,RegionE,1533
24099,RegionA,1533
27459,RegionA,1533
32849,RegionE,1533
39170,RegionB,1533
4985,RegionA,1534
6061,RegionA,1534
7146,RegionB,1534
9560,RegionB,1534
20114,RegionB,1534
20286,RegionC,1534
22206,RegionB,1534
24121,RegionB,1534
36806,RegionA,1534
39236,RegionC,1534
44635,RegionC,1534
17061,RegionA,1535
17719,RegionB,1535
30851,RegionB,1535
38203,RegionA,1535
38562,RegionD,1535
38732,RegionC,1535
45848,RegionC,1535
47622,RegionA,1535
2643,RegionA,1536
3022,RegionC,1536
9927,RegionB,1536
19134,RegionA,1536
30972,RegionC,1536
36240,RegionD,1536
43179,RegionC,1536
47457,RegionE,1536
7378,RegionC,1537
14057,RegionA,1537
22973,RegionB,1537
23267,RegionA,1537
26745,RegionB,1537
33829,RegionB,1537
49789,RegionB,1537
3734,RegionB,1538
5280,RegionA,1538
25667,RegionA,1538
33898,RegionC,1538
3918,RegionB,1539
5150,RegionA,1539
14535,RegionF,1539
31299,RegionC,1539
33414,RegionA,1539
35031,RegionB,1539
37294,RegionB,1539
38810,RegionC,1539
41758,RegionA,1539
43888,RegionC,1539
45461,RegionC,1539
750,RegionB,1540
10029,RegionA,1540
15511,RegionC,1540
29514,RegionB,1540
42155,RegionC,1540
49298,RegionB,1540
17454,RegionF,1541
30995,RegionA,1541
43190,RegionB,1541
47799,RegionA,1541
22668,RegionC,1542
35801,RegionF,1542
38024,RegionC,1542
43902,RegionF,1542
13704,RegionA,1543
14613,RegionC,1543
16585,RegionB,1543
18624,RegionB,1543
28332,RegionA,1543
31556,RegionC,1543
37248,RegionB,1543
49107,RegionB,1543
10241,RegionB,1544
16098,RegionA,1544
27285,RegionC,1544
38220,RegionC,1544
38988,RegionC,1544
40296,RegionA,1544
43461,RegionC,1544
46460,RegionE,1544
2408,RegionA,1545
4819,RegionC,1545
5097,RegionA,1545
9019,RegionA,1545
15953,RegionA,1545
16081,RegionC,1545
19036,RegionA,1545
27137,RegionA,1545
33319,RegionB,1545
42334,RegionE,1545
44785,RegionB,1545
46619,RegionA,1545
6023,RegionA,1546
15516,RegionB,1546
24619,RegionA,1546
41559,RegionC,1546
47291,RegionB,1546
2947,RegionB,1547
5269,RegionB,1547
6353,RegionB,1547
9086,RegionA,1547
9648,RegionE,1547
12250,RegionB,1547
28766,RegionB,1547
28889,RegionA,1547
32521,RegionE,1547
34394,RegionB,1547
36828,RegionB,1547
14992,RegionC,1548
23105,RegionB,1548
28792,RegionB,1548
28979,RegionF,1548
33128,RegionB,1548
34266,RegionF,1548
35651,RegionA,1548
41001,RegionC,1548
49638,RegionB,1548
49698,RegionB,1548
2614,RegionB,1549
18353,RegionA,1549
34045,RegionA,1549
15244,RegionA,1550
17708,RegionC,1550
22112,RegionA,1550
23888,RegionC,1550
29917,RegionF,1550
33581,RegionB,1550
36749,RegionB,1550
37043,RegionA,1550
48424,RegionB,1550
5514,RegionC,1551
6736,RegionA,1551
18740,RegionA,1551
24034,RegionA,1551
33146,RegionA,1551
34038,RegionA,1551
40699,RegionC,1551
41227,RegionA,1551
142,RegionC,1552
29786,RegionF,1552
42167,RegionB,1552
21352,RegionA,1553
21516,RegionA,1553
26090,RegionB,1553
29136,RegionD,1553
32337,RegionC,1553
32972,RegionC,1553
36928,RegionC,1553
38749,RegionB,1553
8956,RegionB,1554
13634,RegionB,1554
14617,RegionB,1554
36488,RegionC,1554
43965,RegionB,1554
1375,RegionC,1555
2278,RegionB,1555
3553,RegionC,1555
9972,RegionB,1555
12485,RegionB,1555
30321,RegionB,1555
33765,RegionB,1555
35061,RegionA,1555
43810,RegionE,1555
20,RegionA,1556
1460,RegionC,1556
7714,RegionA,1556
8723,RegionE,1556
9497,RegionE,1556
20792,RegionC,1556
21343,RegionC,1556
48688,RegionB,1556
5983,RegionA,1557
10997,RegionB,1557
17655,RegionB,1557
19488,RegionA,1557
28012,RegionB,1557
28186,RegionA,1557
36770,RegionC,1557
42688,RegionD,1557
3199,RegionC,1558
7699,RegionC,1558
16002,RegionB,1558
18059,RegionA,1558
30947,RegionF,1558
32381,RegionB,1558
32749,RegionC,1558
35874,RegionA,1558
37862,RegionA,1558
43556,RegionA,1558
3126,RegionC,1559
12183,RegionB,1559
31926,RegionA,1559
37554,RegionA,1559
40608,RegionC,1559
41775,RegionC,1559
2810,RegionB,1560
16654,RegionA,1560
19353,RegionB,1560
24463,RegionB,1560
36851,RegionA,1560
6672,RegionA,1561
8198,RegionD,1561
13729,RegionA,1561
21051,RegionA,1561
26568,RegionB,1561
31859,RegionA,1561
37394,RegionC,1561
48113,RegionE,1561
598,RegionA,1562
5191,RegionB,1562
8122,RegionA,1562
12608,RegionA,1562
21701,RegionB,1562
27254,RegionF,1562
28741,RegionC,1562
3925,RegionB,1563
22654,RegionC,1563
5728,RegionB,1564
19883,RegionA,1564
30814,RegionC,1564
41174,RegionA,1564
44489,RegionB,1564
3149,RegionA,1565
13903,RegionB,1565
581,RegionC,1566
1897,RegionA,1566
6284,RegionA,1566
7087,RegionB,1566
16640,RegionC,1566
17306,RegionB,1566
22612,RegionA,1566
36678,RegionC,1566
1707,RegionB,1567
3597,RegionB,1567
4075,RegionB,1567
11120,RegionB,1567
25545,RegionB,1567
25724,RegionC,1567
30980,RegionA,1567
37261,RegionB,1567
307,RegionD,1568
20722,RegionA,1568
30113,RegionC,1568
1703,RegionC,1569
8917,RegionB,1569
20624,RegionA,1569
24734,RegionC,1569
27592,RegionB,1569
33049,RegionB,1569
36214,RegionE,1569
39446,RegionC,1569
22284,RegionA,1570
23902,RegionF,1570
31238,RegionB,1570
43999,RegionC,1570
44462,RegionB,1570
527,RegionB,1571
2200,RegionB,1571
3391,RegionA,1571
4088,RegionA,1571
16307,RegionA,1571
30633,RegionA,1571
40882,RegionB,1571
280,RegionC,1572
1609,RegionB,1572
1718,RegionA,1572
11250,RegionA,1572
13744,RegionB,1572
25696,RegionB,1572
26714,RegionC,1572
29331,RegionB,1572
31100,RegionA,1572
39868,RegionA,1572
43663,RegionB,1572
49386,RegionA,1572
3636,RegionB,1573
12986,RegionC,1573
14250,RegionB,1573
22703,RegionA,1573
24076,RegionB,1573
24156,RegionC,1573
38516,RegionC,1573
38981,RegionC,1573
39806,RegionB,1573
44215,RegionC,1573
3624,RegionB,1574
5232,RegionC,1574
14228,RegionA,1574
15729,RegionA,1574
26563,RegionC,1574
27214,RegionC,1574
33858,RegionC,1574
37808,RegionE,1574
38688,RegionA,1574
596,RegionF,1575
5782,RegionB,1575
30711,RegionA,1575
38297,RegionB,1575
42204,RegionA,1575
43129,RegionA,1575
49920,RegionB,1575
5213,RegionC,1576
19619,RegionA,1576
23078,RegionB,1576
23472,RegionB,1576
26145,RegionD,1576
29151,RegionA,1576
30647,RegionA,1576
31908,RegionB,1576
36967,RegionC,1576
37879,RegionC,1576
43048,RegionC,1576
240,RegionC,1577
5812,RegionA,1577
15201,RegionB,1577
23503,RegionA,1577
32201,RegionA,1577
33423,RegionB,1577
40590,RegionA,1577
41907,RegionC,1577
43245,RegionC,1577
49554,RegionB,1577
11396,RegionB,1578
11618,RegionA,1578
17438,RegionB,1578
17874,RegionA,1578
27383,RegionC,1578
28599,RegionA,1578
30424,RegionA,1578
31171,RegionA,1578
31351,RegionB,1578
35676,RegionD,1578
40824,RegionC,1578
44304,RegionA,1578
48633,RegionA,1578
6180,RegionA,1579
15059,RegionC,1579
18334,RegionA,1579
20704,RegionB,1579
20744,RegionB,1579
20985,RegionA,1579
22145,RegionA,1579
29615,RegionE,1579
1971,RegionB,1580
10638,RegionC,1580
38451,RegionF,1580
42860,RegionA,1580
42939,RegionA,1580
11716,RegionA,1581
33360,RegionC,1581
34697,RegionC,1581
37647,RegionB,1581
45533,RegionB,1581
6396,RegionA,1582
9811,RegionC,1582
13627,RegionB,1582
14267,RegionA,1582
15234,RegionB,1582
16870,RegionE,1582
17846,RegionC,1582
22223,RegionA,1582
24738,RegionB,1582
26632,RegionA,1582
27585,RegionB,1582
29229,RegionA,1582
37140,RegionA,1582
10849,RegionA,1583
23835,RegionC,1583
31162,RegionC,1583
40680,RegionC,1583
42894,RegionA,1583
1737,RegionD,1584
22918,RegionF,1584
24821,RegionA,1584
25534,RegionC,1584
27842,RegionB,1584
28884,RegionB,1584
32024,RegionA,1584
38266,RegionC,1584
6598,RegionF,1585
27209,RegionA,1585
28512,RegionC,1585
33115,RegionB,1585
38829,RegionB,1585
46378,RegionB,1585
48297,RegionA,1585
2353,RegionC,1586
3740,RegionA,1586
16415,RegionB,1586
17248,RegionB,1586
19752,RegionA,1586
25674,RegionA,1586
28615,RegionB,1586
3185,RegionC,1587
5926,RegionB,1587
7234,RegionE,1587
8200,RegionA,1587
8581,RegionA,1587
13218,RegionA,1587
14451,RegionA,1587
15692,RegionB,1587
19880,RegionC,1587
21699,RegionA,1587
25162,RegionA,1587
32362,RegionC,1587
32963,RegionA,1587
34307,RegionA,1587
34662,RegionA,1587
43303,RegionC,1587
46719,RegionB,1587
47225,RegionB,1587
8808,RegionD,1588
9302,RegionA,1588
13522,RegionB,1588
15452,RegionC,1588
29889,RegionC,1588
31586,RegionB,1588
40022,RegionB,1588
46497,RegionB,1588
47677,RegionB,1588
49809,RegionB,1588
2046,RegionA,1589
5351,RegionC,1589
8161,RegionA,1589
16439,RegionA,1589
29266,RegionC,1589
46602,RegionB,1589
10975,RegionA,1590
12032,RegionB,1590
13020,RegionA,1590
13968,RegionB,1590
14786,RegionA,1590
16981,RegionC,1590
19667,RegionB,1590
22821,RegionA,1590
25356,RegionB,1590
26825,RegionB,1590
29111,RegionA,1590
649,RegionA,1591
3121,RegionD,1591
19661,RegionB,1591
27289,RegionA,1591
28214,RegionA,1591
40809,RegionB,1591
45874,RegionB,1591
23759,RegionA,1592
26163,RegionC,1592
34781,RegionB,1592
39583,RegionB,1592
47147,RegionC,1592
2670,RegionA,1593
9271,RegionB,1593
11566,RegionB,1593
13011,RegionC,1593
14126,RegionB,1593
16156,RegionA,1593
16704,RegionB,1593
18279,RegionC,1593
19346,RegionB,1593
27884,RegionA,1593
29679,RegionC,1593
36002,RegionB,1593
37686,RegionB,1593
45709,RegionB,1593
48443,RegionA,1593
5120,RegionC,1594
9438,RegionE,1594
17091,RegionB,1594
2469,RegionB,1595
11054,RegionA,1595
12029,RegionE,1595
21923,RegionA,1595
23286,RegionA,1595
34723,RegionB,1595
2838,RegionC,1596
17035,RegionA,1596
26755,RegionD,1596
29737,RegionB,1596
41842,RegionE,1596
42033,RegionA,1596
42217,RegionA,1596
7609,RegionA,1597
7669,RegionA,1597
8126,RegionE,1597
22510,RegionC,1597
24050,RegionB,1597
19755,RegionC,1598
21418,RegionA,1598
32665,RegionD,1598
45725,RegionC,1598
143,RegionD,1599
936,RegionC,1599
3615,RegionA,1599
44961,RegionB,1599
45201,RegionA,1599
5001,RegionB,1600
13005,RegionC,1600
19744,RegionA,1600
21869,RegionA,1600
27778,RegionC,1600
40035,RegionB,1600
2484,RegionC,1601
12617,RegionB,1601
18339,RegionD,1601
33960,RegionA,1601
43593,RegionC,1601
6949,RegionB,1602
7850,RegionC,1602
8425,RegionB,1602
20919,RegionA,1602
21237,RegionC,1602
22863,RegionB,1602
24551,RegionD,1602
28638,RegionF,1602
29038,RegionE,1602
45543,RegionA,1602
4105,RegionE,1603
35014,RegionA,1603
44698,RegionA,1603
45323,RegionB,1603
46139,RegionA,1603
1729,RegionC,1604
9673,RegionC,1604
20160,RegionB,1604
33502,RegionB,1604
34311,RegionC,1604
36876,RegionC,1604
44530,RegionC,1604
47159,RegionB,1604
4798,RegionB,1605
24318,RegionB,1605
38311,RegionB,1605
48323,RegionE,1605
5875,RegionC,1606
17197,RegionC,1606
21965,RegionC,1606
27572,RegionB,1606
33184,RegionA,1606
40355,RegionA,1606
42208,RegionC,1606
16440,RegionB,1607
22987,RegionB,1607
29006,RegionA,1607
29676,RegionA,1607
29745,RegionC,1607
45292,RegionC,1607
1654,RegionA,1608
6427,RegionD,1608
11219,RegionB,1608
18379,RegionA,1608
27653,RegionC,1608
32126,RegionC,1608
47255,RegionA,1608
1127,RegionE,1609
4233,RegionB,1609
8241,RegionB,1609
10956,RegionB,1609
12714,RegionB,1609
16845,RegionA,1609
19108,RegionA,1609
28537,RegionB,1609
38118,RegionA,1609
41141,RegionA,1609
43845,RegionA,1609
49805,RegionC,1609
3223,RegionB,1610
14802,RegionC,1610
31118,RegionA,1610
45157,RegionA,1610
45906,RegionB,1610
5049,RegionC,1611
9183,RegionA,1611
10035,RegionE,1611
13971,RegionA,1611
36667,RegionA,1611
45632,RegionC,1611
24788,RegionA,1612
45917,RegionA,1612
331,RegionB,1613
9008,RegionB,1613
16747,RegionA,1613
19994,RegionA,1613
24049,RegionB,1613
28090,RegionB,1613
29730,RegionB,1613
33842,RegionA,1613
35532,RegionF,1613
47606,RegionC,1613
49151,RegionA,1613
13272,RegionB,1614
21447,RegionC,1614
31962,RegionC,1614
47381,RegionB,1614
10153,RegionE,1615
19038,RegionB,1615
45117,RegionA,1615
47467,RegionB,1615
629,RegionA,1616
5595,RegionA,1616
8383,RegionA,1616
25427,RegionB,1616
37055,RegionA,1616
47226,RegionC,1616
2032,RegionD,1617
22154,RegionB,1617
27698,RegionC,1617
39112,RegionC,1617
39535,RegionA,1617
49589,RegionE,1617
13003,RegionB,1618
15669,RegionC,1618
18760,RegionA,1618
36699,RegionC,1618
5355,RegionB,1619
15347,RegionC,1619
16030,RegionC,1619
36293,RegionF,1619
41948,RegionA,1619
43363,RegionC,1619
45728,RegionB,1619
1496,RegionA,1620
7381,RegionB,1620
13301,RegionC,1620
18157,RegionA,1620
36540,RegionB,1620
41071,RegionB,1620
46263,RegionD,1620
602,RegionC,1621
2066,RegionA,1621
4934,RegionA,1621
19765,RegionA,1621
20642,RegionF,1621
26703,RegionF,1621
30804,RegionA,1621
39616,RegionB,1621
43016,RegionD,1621
44742,RegionA,1621
7577,RegionA,1622
12362,RegionC,1622
16813,RegionA,1622
17490,RegionB,1622
19445,RegionB,1622
29069,RegionC,1622
39321,RegionB,1622
39584,RegionC,1622
43345,RegionA,1622
46298,RegionA,1622
1689,RegionB,1623
5865,RegionA,1623
8673,RegionA,1623
11573,RegionB,1623
13546,RegionA,1623
19095,RegionA,1623
19929,RegionA,1623
23605,RegionC,1623
26655,RegionC,1623
29189,RegionF,1623
31434,RegionA,1623
40638,RegionB,1623
5067,RegionB,1624
12195,RegionA,1624
23246,RegionF,1624
23696,RegionB,1624
23752,RegionA,1624
40091,RegionF,1624
2547,RegionB,1625
18095,RegionC,1625
24588,RegionB,1625
24770,RegionA,1625
26664,RegionA,1625
29533,RegionB,1625
31608,RegionC,1625
34948,RegionE,1625
38187,RegionC,1625
40784,RegionB,1625
43003,RegionE,1625
781,RegionA,1626
15936,RegionB,1626
19343,RegionE,1626
21442,RegionE,1626
23451,RegionA,1626
31095,RegionB,1626
33404,RegionB,1626
38695,RegionA,1626
627,RegionC,1627
22574,RegionB,1627
26309,RegionE,1627
29298,RegionB,1627
39456,RegionA,1627
39568,RegionA,1627
43334,RegionB,1627
43351,RegionF,1627
43503,RegionA,1627
4974,RegionB,1628
7819,RegionA,1628
12359,RegionA,1628
27566,RegionB,1628
33885,RegionC,1628
35456,RegionB,1628
10361,RegionC,1629
17391,RegionB,1629
22604,RegionA,1629
24668,RegionC,1629
27599,RegionB,1629
27680,RegionE,1629
32264,RegionC,1629
41508,RegionA,1629
43196,RegionB,1629
44913,RegionA,1629
48552,RegionC,1629
662,RegionA,1630
1745,RegionA,1630
9876,RegionC,1630
11534,RegionB,1630
24453,RegionF,1630
24601,RegionB,1630
29848,RegionB,1630
30673,RegionA,1630
35746,RegionB,1630
48092,RegionC,1630
1504,RegionB,1631
7260,RegionD,1631
9995,RegionC,1631
17368,RegionC,1631
37030,RegionA,1631
10090,RegionA,1632
12180,RegionE,1632
12193,RegionE,1632
34615,RegionA,1632
39116,RegionB,1632
49059,RegionA,1632
4377,RegionB,1633
4379,RegionC,1633
18556,RegionF,1633
25987,RegionC,1633
2727,RegionC,1634
20186,RegionB,1634
24360,RegionC,1634
27263,RegionB,1634
30079,RegionC,1634
31848,RegionB,1634
37856,RegionA,1634
43689,RegionB,1634
11036,RegionB,1635
13931,RegionD,1635
26059,RegionC,1635
41633,RegionA,1635
41897,RegionA,1635
49329,RegionA,1635
19367,RegionB,1636
46785,RegionB,1636
48335,RegionC,1636
48737,RegionA,1636
7236,RegionA,1637
26173,RegionA,1637
30784,RegionA,1637
34978,RegionB,1637
43756,RegionC,1637
44035,RegionA,1637
49887,RegionB,1637
9687,RegionD,1638
13188,RegionB,1638
13717,RegionA,1638
22912,RegionA,1638
34324,RegionC,1638
36150,RegionA,1638
36613,RegionC,1638
36772,RegionA,1638
37084,RegionB,1638
4879,RegionD,1639
6263,RegionD,1639
17671,RegionA,1639
19111,RegionB,1639
26599,RegionA,1639
29575,RegionC,1639
34561,RegionE,1639
35578,RegionF,1639
39355,RegionC,1639
44709,RegionA,1639
46002,RegionA,1639
48587,RegionA,1639
1105,RegionB,1640
1870,RegionA,1640
12461,RegionC,1640
17533,RegionA,1640
28724,RegionA,1640
4254,RegionB,1641
7837,RegionC,1641
15589,RegionC,1641
33869,RegionB,1641
34869,RegionD,1641
4275,RegionC,1642
7385,RegionE,1642
23934,RegionC,1642
47499,RegionA,1642
5628,RegionA,1643
11619,RegionB,1643
14865,RegionA,1643
19624,RegionC,1643
22289,RegionA,1643
22384,RegionB,1643
23571,RegionB,1643
47765,RegionC,1643
5972,RegionB,1644
7667,RegionE,1644
12934,RegionD,1644
15722,RegionE,1644
18544,RegionA,1644
21379,RegionB,1644
25087,RegionB,1644
25552,RegionB,1644
27467,RegionB,1644
42251,RegionA,1644
44085,RegionC,1644
44237,RegionA,1644
2065,RegionE,1645
3887,RegionC,1645
14445,RegionA,1645
14711,RegionC,1645
23717,RegionC,1645
28463,RegionA,1645
33289,RegionA,1645
8256,RegionC,1646
18248,RegionA,1646
21751,RegionA,1646
42773,RegionC,1646
43571,RegionB,1646
46431,RegionB,1646
5118,RegionB,1647
8224,RegionC,1647
13583,RegionC,1647
20247,RegionC,1647
20556,RegionC,1647
23426,RegionB,1647
43811,RegionA,1647
48337,RegionA,1647
13151,RegionF,1648
31665,RegionB,1648
34091,RegionA,1648
45065,RegionA,1648
126,RegionA,1649
6287,RegionB,1649
11014,RegionA,1649
19935,RegionA,1649
45577,RegionA,1649
46936,RegionB,1649
47908,RegionC,1649
6428,RegionA,1650
9851,RegionD,1650
32485,RegionB,1650
33186,RegionA,1650
33280,RegionC,1650
35431,RegionB,1650
38686,RegionC,1650
9946,RegionB,1651
13934,RegionB,1651
15411,RegionB,1651
19549,RegionB,1651
24579,RegionA,1651
38699,RegionC,1651
2211,RegionA,1652
2313,RegionC,1652
8027,RegionC,1652
20178,RegionA,1652
24421,RegionA,1652
25648,RegionA,1652
28197,RegionC,1652
36282,RegionA,1652
39332,RegionA,1652
41163,RegionB,1652
9372,RegionC,1653
25849,RegionC,1653
31218,RegionA,1653
35288,RegionC,1653
36141,RegionC,1653
5406,RegionA,1654
7394,RegionA,1654
8951,RegionC,1654
31867,RegionA,1654
34262,RegionB,1654
37964,RegionC,1654
39152,RegionC,1654
40938,RegionA,1654
2138,RegionA,1655
4057,RegionB,1655
7592,RegionB,1655
13523,RegionC,1655
14693,RegionA,1655
14894,RegionC,1655
42378,RegionB,1655
46642,RegionC,1655
401,RegionA,1656
1862,RegionF,1656
9403,RegionB,1656
13371,RegionB,1656
18612,RegionB,1656
20201,RegionC,1656
23515,RegionF,1656
24583,RegionC,1656
25560,RegionC,1656
28817,RegionA,1656
29176,RegionA,1656
33985,RegionA,1656
48376,RegionA,1656
6299,RegionB,1657
7949,RegionE,1657
12556,RegionA,1657
13549,RegionC,1657
20447,RegionA,1657
27685,RegionC,1657
38719,RegionC,1657
9746,RegionD,1658
13265,RegionB,1658
14422,RegionC,1658
34398,RegionA,1658
41520,RegionC,1658
42108,RegionB,1658
48720,RegionB,1658
49022,RegionB,1658
1567,RegionA,1659
9653,RegionC,1659
10026,RegionB,1659
13600,RegionB,1659
23255,RegionA,1659
32203,RegionB,1659
32936,RegionA,1659
49135,RegionC,1659
1224,RegionC,1660
1241,RegionA,1660
1417,RegionA,1660
5430,RegionD,1660
17476,RegionA,1660
29652,RegionB,1660
35293,RegionB,1660
36362,RegionB,1660
44984,RegionE,1660
47935,RegionC,1660
3416,RegionC,1661
11109,RegionC,1661
17377,RegionA,1661
20668,RegionE,1661
21681,RegionB,1661
48238,RegionA,1661
49616,RegionA,1661
8226,RegionA,1662
9582,RegionC,1662
20420,RegionA,1662
38770,RegionB,1662
42720,RegionC,1662
47251,RegionB,1662
985,RegionA,1663
8696,RegionC,1663
12297,RegionC,1663
12747,RegionB,1663
19068,RegionA,1663
24392,RegionC,1663
24410,RegionB,1663
26833,RegionC,1663
32387,RegionB,1663
34151,RegionB,1663
41607,RegionA,1663
6014,RegionE,1664
12062,RegionF,1664
19175,RegionB,1664
29398,RegionC,1664
36086,RegionB,1664
39290,RegionC,1664
39681,RegionB,1664
47300,RegionA,1664
47315,RegionA,1664
9665,RegionB,1665
10641,RegionA,1665
14685,RegionC,1665
16633,RegionC,1665
24558,RegionF,1665
38612,RegionB,1665
45847,RegionB,1665
1196,RegionB,1666
15225,RegionA,1666
40566,RegionB,1666
41052,RegionB,1666
2080,RegionA,1667
4196,RegionC,1667
11344,RegionB,1667
12653,RegionA,1667
13580,RegionB,1667
15348,RegionD,1667
20121,RegionB,1667
26029,RegionA,1667
29452,RegionA,1667
30622,RegionB,1667
34867,RegionB,1667
41531,RegionB,1667
43851,RegionA,1667
45858,RegionA,1667
49704,RegionB,1667
9246,RegionC,1668
9836,RegionB,1668
10661,RegionB,1668
13956,RegionC,1668
16623,RegionA,1668
23072,RegionB,1668
31887,RegionA,1668
44799,RegionC,1668
4029,RegionA,1669
6766,RegionB,1669
17644,RegionE,1669
28559,RegionE,1669
39233,RegionA,1669
48196,RegionB,1669
9393,RegionA,1670
13694,RegionC,1670
16133,RegionB,1670
18218,RegionB,1670
18429,RegionB,1670
22411,RegionC,1670
35208,RegionB,1670
40188,RegionC,1670
46947,RegionA,1670
15726,RegionB,1671
22981,RegionB,1671
24350,RegionA,1671
26264,RegionA,1671
27037,RegionD,1671
28446,RegionC,1671
32657,RegionC,1671
46033,RegionC,1671
48087,RegionF,1671
14028,RegionC,1672
14290,RegionB,1672
17165,RegionD,1672
31724,RegionB,1672
36498,RegionA,1672
42982,RegionC,1672
456,RegionB,1673
3189,RegionA,1673
4624,RegionA,1673
6692,RegionA,1673
6772,RegionB,1673
8935,RegionA,1673
10475,RegionA,1673
10798,RegionA,1673
16342,RegionB,1673
32750,RegionC,1673
34732,RegionA,1673
37275,RegionC,1673
42329,RegionA,1673
46618,RegionA,1673
7593,RegionC,1674
16742,RegionB,1674
18373,RegionA,1674
44719,RegionB,1674
49932,RegionA,1674
6900,RegionA,1675
19290,RegionC,1675
23580,RegionC,1675
26913,RegionA,1675
35348,RegionD,1675
45379,RegionA,1675
30655,RegionB,1676
32117,RegionB,1676
32520,RegionC,1676
38556,RegionF,1676
42959,RegionA,1676
44518,RegionC,1676
46048,RegionA,1676
48559,RegionE,1676
4650,RegionA,1677
8986,RegionA,1677
38017,RegionC,1677
42280,RegionC,1677
46296,RegionE,1677
48208,RegionB,1677
24810,RegionB,1678
25330,RegionC,1678
43742,RegionB,1678
48312,RegionA,1678
1815,RegionC,1679
14855,RegionC,1679
19993,RegionA,1679
26081,RegionA,1679
39516,RegionA,1679
43253,RegionA,1679
47371,RegionC,1679
6346,RegionB,1680
7847,RegionB,1680
40394,RegionA,1680
41381,RegionC,1680
48471,RegionB,1680
8735,RegionC,1681
16959,RegionB,1681
21246,RegionA,1681
23591,RegionB,1681
24125,RegionF,1681
41373,RegionB,1681
46237,RegionE,1681
47290,RegionB,1681
49583,RegionA,1681
545,RegionA,1682
877,RegionC,1682
2607,RegionB,1682
5578,RegionB,1682
10542,RegionA,1682
13742,RegionA,1682
18033,RegionA,1682
21107,RegionC,1682
25569,RegionA,1682
44842,RegionA,1682
45872,RegionA,1682
5126,RegionB,1683
14949,RegionA,1683
25574,RegionC,1683
34075,RegionC,1683
39697,RegionE,1683
39778,RegionA,1683
39838,RegionB,1683
42645,RegionB,1683
2282,RegionA,1684
8258,RegionA,1684
21179,RegionC,1684
29264,RegionB,1684
31062,RegionB,1684
31695,RegionA,1684
39770,RegionA,1684
44268,RegionC,1684
1648,RegionB,1685
25773,RegionA,1685
31211,RegionA,1685
33442,RegionB,1685
35721,RegionC,1685
16232,RegionC,1686
17679,RegionA,1686
19179,RegionE,1686
26017,RegionB,1686
36809,RegionC,1686
45444,RegionA,1686
47262,RegionA,1686
12161,RegionA,1687
21815,RegionC,1687
28633,RegionA,1687
37650,RegionC,1687
41278,RegionE,1687
216,RegionA,1688
20967,RegionB,1688
27809,RegionB,1688
1389,RegionC,1689
10459,RegionB,1689
18094,RegionB,1689
36176,RegionA,1689
36917,RegionA,1689
2360,RegionD,1690
2496,RegionB,1690
4692,RegionB,1690
8533,RegionF,1690
12888,RegionC,1690
26795,RegionA,1690
32035,RegionC,1690
43315,RegionB,1690
47833,RegionA,1690
6609,RegionC,1691
14801,RegionB,1691
20450,RegionC,1691
28671,RegionA,1691
32752,RegionA,1691
36310,RegionB,1691
45127,RegionC,1691
48463,RegionA,1691
2654,RegionC,1692
22775,RegionA,1692
23789,RegionC,1692
25220,RegionD,1692
31199,RegionB,1692
33559,RegionA,1692
34188,RegionA,1692
37336,RegionF,1692
40790,RegionB,1692
1319,RegionA,1693
8816,RegionA,1693
9449,RegionB,1693
11090,RegionC,1693
16438,RegionA,1693
18040,RegionA,1693
32383,RegionD,1693
48713,RegionB,1693
710,RegionB,1694
14851,RegionA,1694
19157,RegionB,1694
20595,RegionC,1694
22740,RegionC,1694
23141,RegionE,1694
36168,RegionE,1694
1973,RegionD,1695
15436,RegionA,1695
26247,RegionB,1695
26953,RegionA,1695
27130,RegionA,1695
38447,RegionB,1695
13625,RegionA,1696
20518,RegionA,1696
22870,RegionC,1696
23918,RegionB,1696
25105,RegionB,1696
27414,RegionB,1696
28498,RegionB,1696
40339,RegionC,1696
41438,RegionA,1696
42562,RegionC,1696
49024,RegionC,1696
2341,RegionA,1697
4266,RegionB,1697
7340,RegionA,1697
12235,RegionA,1697
18065,RegionA,1697
26650,RegionD,1697
27417,RegionC,1697
32538,RegionB,1697
33621,RegionB,1697
36370,RegionC,1697
48541,RegionA,1697
6067,RegionA,1698
32254,RegionA,1698
45706,RegionA,1698
310,RegionB,1699
4676,RegionF,1699
8556,RegionB,1699
19205,RegionD,1699
22587,RegionB,1699
30888,RegionF,1699
40866,RegionA,1699
3680,RegionA,1700
6206,RegionA,1700
8280,RegionB,1700
17038,RegionB,1700
22950,RegionC,1700
30524,RegionB,1700
40899,RegionA,1700
42104,RegionC,1700
48677,RegionE,1700
10244,RegionC,1701
15997,RegionC,1701
22467,RegionA,1701
22637,RegionA,1701
30389,RegionD,1701
34903,RegionA,1701
40828,RegionB,1701
41259,RegionA,1701
43721,RegionB,1701
48387,RegionC,1701
5108,RegionC,1702
14581,RegionF,1702
16073,RegionB,1702
18844,RegionC,1702
22383,RegionB,1702
44834,RegionA,1702
2425,RegionC,1703
3481,RegionC,1703
4498,RegionC,1703
24636,RegionC,1703
27104,RegionA,1703
30329,RegionC,1703
32417,RegionA,1703
35380,RegionC,1703
1795,RegionC,1704
4424,RegionB,1704
22641,RegionC,1704
28649,RegionC,1704
40837,RegionC,1704
41108,RegionA,1704
8443,RegionA,1705
23297,RegionC,1705
29723,RegionB,1705
36696,RegionB,1705
37580,RegionA,1705
37598,RegionE,1705
40380,RegionA,1705
43933,RegionC,1705
14767,RegionB,1706
20659,RegionB,1706
24181,RegionB,1706
33024,RegionB,1706
34006,RegionA,1706
40194,RegionC,1706
41093,RegionC,1706
49725,RegionC,1706
14191,RegionB,1707
16636,RegionA,1707
16871,RegionA,1707
45082,RegionC,1707
14249,RegionB,1708
19833,RegionC,1708
24759,RegionB,1708
32407,RegionB,1708
16649,RegionA,1709
41357,RegionF,1709
13400,RegionE,1710
21151,RegionB,1710
23104,RegionA,1710
28038,RegionB,1710
30229,RegionB,1710
32110,RegionA,1710
33501,RegionB,1710
43366,RegionA,1710
44773,RegionC,1710
45700,RegionA,1710
46531,RegionC,1710
1204,RegionC,1711
8308,RegionC,1711
18479,RegionA,1711
26301,RegionC,1711
36408,RegionB,1711
37146,RegionA,1711
43050,RegionA,1711
46112,RegionC,1711
5675,RegionA,1712
6873,RegionD,1712
13431,RegionC,1712
15174,RegionB,1712
9096,RegionC,1713
15098,RegionC,1713
21723,RegionC,1713
25906,RegionB,1713
33999,RegionA,1713
41251,RegionC,1713
6778,RegionB,1714
8773,RegionB,1714
12823,RegionF,1714
13237,RegionA,1714
16139,RegionB,1714
16691,RegionC,1714
20603,RegionA,1714
20634,RegionC,1714
47483,RegionD,1714
48063,RegionA,1714
10592,RegionC,1715
18736,RegionB,1715
24652,RegionA,1715
2772,RegionC,1716
7851,RegionA,1716
8674,RegionB,1716
13831,RegionC,1716
27231,RegionB,1716
44003,RegionB,1716
44238,RegionA,1716
49853,RegionA,1716
1302,RegionB,1717
1894,RegionC,1717
7734,RegionA,1717
12602,RegionA,1717
16639,RegionC,1717
26175,RegionB,1717
41640,RegionA,1717
41819,RegionB,1717
44350,RegionA,1717
22626,RegionB,1718
45959,RegionB,1718
46583,RegionC,1718
6118,RegionC,1719
7754,RegionA,1719
9694,RegionF,1719
11053,RegionA,1719
11370,RegionB,1719
23910,RegionA,1719
27092,RegionA,1719
28142,RegionB,1719
29274,RegionE,1719
31432,RegionE,1719
41577,RegionB,1719
314,RegionF,1720
370,RegionB,1720
14029,RegionC,1720
19187,RegionA,1720
22822,RegionA,1720
25346,RegionA,1720
25952,RegionB,1720
40755,RegionA,1720
41478,RegionB,1720
49409,RegionB,1720
1283,RegionC,1721
9562,RegionC,1721
20408,RegionA,1721
26488,RegionA,1721
36765,RegionE,1721
256,RegionA,1722
22769,RegionA,1722
27784,RegionC,1722
29146,RegionB,1722
38885,RegionA,1722
14460,RegionB,1723
31167,RegionB,1723
37792,RegionB,1723
683,RegionA,1724
5600,RegionC,1724
7203,RegionA,1724
14597,RegionB,1724
20607,RegionC,1724
29950,RegionA,1724
37503,RegionB,1724
43471,RegionA,1724
10726,RegionA,1725
22765,RegionB,1725
24844,RegionB,1725
35936,RegionB,1725
38085,RegionA,1725
2785,RegionC,1726
8498,RegionB,1726
11325,RegionB,1726
26576,RegionB,1726
31503,RegionC,1726
44068,RegionA,1726
5101,RegionC,1727
17098,RegionC,1727
18871,RegionA,1727
24470,RegionB,1727
27068,RegionB,1727
28538,RegionC,1727
36352,RegionF,1727
42291,RegionB,1727
6,RegionA,1728
131,RegionA,1728
4860,RegionA,1728
13460,RegionA,1728
34915,RegionD,1728
36940,RegionB,1728
37001,RegionD,1728
1700,RegionA,1729
9611,RegionA,1729
12516,RegionA,1729
15641,RegionB,1729
25461,RegionC,1729
36381,RegionB,1729
42626,RegionB,1729
44979,RegionA,1729
4394,RegionF,1730
10722,RegionC,1730
16418,RegionA,1730
19217,RegionC,1730
33498,RegionC,1730
36698,RegionC,1730
38139,RegionB,1730
8720,RegionB,1731
23541,RegionE,1731
24648,RegionC,1731
24858,RegionC,1731
25625,RegionC,1731
33083,RegionB,1731
44389,RegionA,1731
5449,RegionC,1732
13667,RegionC,1732
21988,RegionA,1732
39472,RegionB,1732
41991,RegionC,1732
45056,RegionD,1732
8903,RegionB,1733
14113,RegionC,1733
14509,RegionA,1733
17559,RegionF,1733
20242,RegionA,1733
38123,RegionF,1733
195,RegionC,1734
860,RegionA,1734
10602,RegionB,1734
11260,RegionC,1734
13307,RegionC,1734
17154,RegionA,1734
25262,RegionA,1734
39451,RegionB,1734
42724,RegionB,1734
1277,RegionC,1735
10464,RegionB,1735
26094,RegionA,1735
30315,RegionB,1735
35802,RegionA,1735
37837,RegionB,1735
40444,RegionC,1735
40693,RegionC,1735
46114,RegionA,1735
47751,RegionC,1735
3912,RegionB,1736
5179,RegionC,1736
5534,RegionC,1736
10412,RegionB,1736
15973,RegionA,1736
20068,RegionB,1736
31290,RegionA,1736
31512,RegionA,1736
35476,RegionB,1736
39013,RegionC,1736
7005,RegionA,1737
7689,RegionA,1737
25031,RegionA,1737
28439,RegionB,1737
29316,RegionA,1737
46918,RegionC,1737
23491,RegionA,1738
27768,RegionB,1738
31082,RegionB,1738
43829,RegionC,1738
44269,RegionE,1738
48577,RegionC,1738
3488,RegionC,1739
14575,RegionA,1739
22459,RegionF,1739
25121,RegionC,1739
30216,RegionB,1739
33193,RegionB,1739
3993,RegionC,1740
6889,RegionB,1740
10655,RegionB,1740
12542,RegionA,1740
13172,RegionA,1740
284,RegionB,1741
13036,RegionB,1741
15662,RegionC,1741
24353,RegionC,1741
43989,RegionA,1741
47900,RegionB,1741
2633,RegionB,1742
10768,RegionC,1742
11530,RegionC,1742
14906,RegionB,1742
3769,RegionC,1743
4602,RegionC,1743
6998,RegionE,1743
10214,RegionA,1743
16040,RegionB,1743
21614,RegionA,1743
22449,RegionB,1743
33025,RegionC,1743
37749,RegionE,1743
40222,RegionE,1743
46163,RegionC,1743
10011,RegionA,1744
34931,RegionB,1744
39429,RegionA,1744
39859,RegionB,1744
49401,RegionA,1744
18075,RegionC,1745
20618,RegionA,1745
21689,RegionB,1745
24345,RegionB,1745
28061,RegionA,1745
29891,RegionA,1745
30591,RegionC,1745
5749,RegionB,1746
6721,RegionC,1746
25328,RegionB,1746
40572,RegionA,1746
8387,RegionC,1747
12451,RegionA,1747
13273,RegionB,1747
17876,RegionA,1747
19950,RegionB,1747
27110,RegionA,1747
36727,RegionA,1747
41434,RegionC,1747
18144,RegionA,1748
36237,RegionB,1748
19329,RegionC,1749
20167,RegionB,1749
22283,RegionA,1749
29860,RegionA,1749
38482,RegionC,1749
41688,RegionB,1749
46807,RegionC,1749
18800,RegionA,1750
26150,RegionC,1750
29620,RegionC,1750
30758,RegionA,1750
33202,RegionC,1750
39693,RegionA,1750
44501,RegionA,1750
47742,RegionB,1750
13728,RegionE,1752
14688,RegionA,1752
15279,RegionB,1752
25990,RegionA,1752
26504,RegionC,1752
26810,RegionA,1752
33705,RegionB,1752
38816,RegionB,1752
49916,RegionC,1752
3760,RegionA,1753
10200,RegionA,1753
20580,RegionB,1753
30678,RegionF,1753
37525,RegionC,1753
38517,RegionA,1753
43942,RegionA,1753
11186,RegionB,1754
32681,RegionA,1754
39644,RegionC,1754
40121,RegionB,1754
40740,RegionE,1754
48229,RegionB,1754
334,RegionA,1755
2409,RegionB,1755
5792,RegionA,1755
5998,RegionB,1755
19425,RegionB,1755
27967,RegionC,1755
35472,RegionC,1755
39333,RegionB,1755
44432,RegionC,1755
45162,RegionA,1755
4541,RegionB,1756
16219,RegionC,1756
26400,RegionC,1756
33708,RegionD,1756
44251,RegionA,1756
48174,RegionA,1756
738,RegionB,1757
12915,RegionA,1757
19686,RegionA,1757
25583,RegionA,1757
33646,RegionB,1757
45488,RegionC,1757
46694,RegionB,1757
10821,RegionC,1758
14365,RegionA,1758
17427,RegionC,1758
18168,RegionC,1758
19669,RegionC,1758
31641,RegionC,1758
41021,RegionC,1758
49370,RegionB,1758
9275,RegionA,1759
22044,RegionC,1759
28278,RegionA,1759
36679,RegionC,1759
46129,RegionB,1759
263,RegionA,1760
9818,RegionC,1760
9871,RegionE,1760
10968,RegionA,1760
12688,RegionB,1760
14167,RegionC,1760
38159,RegionB,1760
48853,RegionC,1760
3162,RegionA,1761
10049,RegionA,1761
24875,RegionA,1761
28443,RegionA,1761
49230,RegionA,1761
4087,RegionA,1762
8034,RegionD,1762
24166,RegionA,1762
24531,RegionC,1762
34403,RegionC,1762
972,RegionA,1763
2867,RegionA,1763
13223,RegionE,1763
31085,RegionA,1763
36937,RegionA,1763
43399,RegionA,1763
47389,RegionB,1763
9504,RegionA,1764
10558,RegionC,1764
25785,RegionA,1764
29093,RegionB,1764
40209,RegionF,1764
48814,RegionC,1764
1469,RegionA,1765
3427,RegionB,1765
7659,RegionC,1765
15281,RegionC,1765
21780,RegionB,1765
23215,RegionA,1765
31036,RegionB,1765
36174,RegionC,1765
37137,RegionC,1765
47183,RegionA,1765
9990,RegionA,1766
26764,RegionA,1766
29399,RegionA,1766
30161,RegionA,1766
31694,RegionC,1766
37334,RegionC,1766
40856,RegionB,1766
41549,RegionA,1766
2626,RegionB,1767
11277,RegionA,1767
12000,RegionB,1767
13351,RegionB,1767
22078,RegionD,1767
23699,RegionA,1767
26609,RegionC,1767
26933,RegionA,1767
28737,RegionA,1767
32545,RegionB,1767
36955,RegionD,1767
45506,RegionB,1767
49083,RegionC,1767
3464,RegionA,1768
42503,RegionC,1768
42908,RegionB,1768
44738,RegionB,1768
49246,RegionC,1768
3067,RegionC,1769
5045,RegionA,1769
7563,RegionA,1769
12069,RegionA,1769
14512,RegionB,1769
16909,RegionD,1769
21144,RegionB,1769
21652,RegionF,1769
23982,RegionA,1769
24904,RegionC,1769
41029,RegionF,1769
43755,RegionB,1769
45195,RegionA,1769
1569,RegionA,1770
19894,RegionE,1770
21037,RegionA,1770
21838,RegionA,1770
22236,RegionA,1770
25340,RegionA,1770
25372,RegionA,1770
26993,RegionA,1770
34334,RegionA,1770
45573,RegionC,1770
46078,RegionC,1770
49742,RegionA,1770
14136,RegionA,1771
26559,RegionA,1771
32092,RegionB,1771
37705,RegionA,1771
38391,RegionC,1771
43700,RegionA,1771
1040,RegionC,1772
8831,RegionB,1772
15633,RegionB,1772
16129,RegionF,1772
19355,RegionC,1772
20215,RegionD,1772
30829,RegionA,1772
33665,RegionB,1772
8362,RegionD,1773
22228,RegionC,1773
26877,RegionB,1773
38011,RegionD,1773
40970,RegionF,1773
49259,RegionC,1773
9444,RegionC,1774
43523,RegionA,1774
48071,RegionB,1774
6855,RegionA,1775
23809,RegionC,1775
25611,RegionB,1775
25954,RegionC,1775
26311,RegionA,1775
27571,RegionA,1775
31151,RegionA,1775
38175,RegionD,1775
39298,RegionA,1775
42212,RegionA,1775
44297,RegionA,1775
8111,RegionB,1776
15682,RegionC,1776
16015,RegionB,1776
36989,RegionA,1776
38503,RegionD,1776
44478,RegionC,1776
45805,RegionA,1776
46937,RegionC,1776
5736,RegionB,1777
7168,RegionC,1777
11397,RegionB,1777
13974,RegionB,1777
17258,RegionA,1777
39426,RegionB,1777
43522,RegionA,1777
6869,RegionA,1778
7718,RegionC,1778
14881,RegionC,1778
15768,RegionE,1778
17446,RegionC,1778
21849,RegionA,1778
27657,RegionB,1778
39414,RegionC,1778
39996,RegionB,1778
43318,RegionE,1778
45106,RegionB,1778
237,RegionA,1779
1761,RegionB,1779
8421,RegionD,1779
12769,RegionC,1779
24091,RegionC,1779
28531,RegionC,1779
41074,RegionC,1779
1487,RegionC,1780
35637,RegionF,1780
41953,RegionC,1780
42154,RegionB,1780
44819,RegionC,1780
1835,RegionC,1781
5323,RegionB,1781
28467,RegionD,1781
31660,RegionC,1781
24211,RegionA,1782
40114,RegionB,1782
44606,RegionA,1782
7012,RegionA,1783
43570,RegionB,1783
49140,RegionB,1783
11015,RegionB,1784
40203,RegionA,1784
41597,RegionB,1784
42834,RegionA,1784
48964,RegionC,1784
8164,RegionC,1785
8984,RegionC,1785
15874,RegionA,1785
15912,RegionD,1785
47546,RegionB,1785
2523,RegionC,1786
9820,RegionA,1786
47217,RegionB,1786
47423,RegionC,1786
5215,RegionA,1787
13146,RegionA,1787
23417,RegionA,1787
26898,RegionC,1787
43984,RegionB,1787
46622,RegionB,1787
793,RegionA,1788
11442,RegionB,1788
15034,RegionA,1788
22218,RegionA,1788
33368,RegionA,1788
35865,RegionC,1788
1943,RegionA,1789
13013,RegionE,1789
16764,RegionC,1789
21039,RegionB,1789
22687,RegionC,1789
30485,RegionB,1789
38778,RegionC,1790
42065,RegionE,1790
6091,RegionC,1791
16846,RegionA,1791
19342,RegionC,1791
24320,RegionC,1791
40717,RegionB,1791
47954,RegionC,1791
49724,RegionB,1791
11158,RegionA,1792
11868,RegionB,1792
14595,RegionA,1792
17748,RegionC,1792
18414,RegionA,1792
22581,RegionB,1792
34914,RegionC,1792
49627,RegionC,1792
5692,RegionC,1793
6602,RegionB,1793
11668,RegionD,1793
12163,RegionB,1793
17277,RegionA,1793
29504,RegionA,1793
181,RegionC,1794
8767,RegionC,1794
11168,RegionC,1794
27151,RegionA,1794
38671,RegionB,1794
41240,RegionA,1794
7866,RegionA,1795
12227,RegionA,1795
16986,RegionB,1795
22071,RegionC,1795
22957,RegionD,1795
25566,RegionC,1795
25959,RegionB,1795
39404,RegionA,1795
45646,RegionC,1795
4815,RegionA,1796
4983,RegionC,1796
5587,RegionC,1796
16835,RegionB,1796
21377,RegionA,1796
21642,RegionB,1796
27072,RegionA,1796
28548,RegionA,1796
31457,RegionC,1796
35038,RegionC,1796
48334,RegionB,1796
4237,RegionA,1797
5520,RegionB,1797
11336,RegionA,1797
17698,RegionA,1797
25774,RegionB,1797
32664,RegionC,1797
38742,RegionA,1797
39105,RegionC,1797
39219,RegionA,1797
39346,RegionB,1797
40265,RegionB,1797
40331,RegionB,1797
43077,RegionA,1797
45802,RegionB,1797
9048,RegionB,1798
16036,RegionC,1798
19924,RegionB,1798
23588,RegionA,1798
24194,RegionB,1798
25204,RegionB,1798
25581,RegionE,1798
25676,RegionB,1798
30190,RegionB,1798
40178,RegionA,1798
41873,RegionC,1798
46572,RegionA,1798
46617,RegionC,1798
47449,RegionC,1798
48656,RegionC,1798
49884,RegionE,1798
3194,RegionA,1799
11518,RegionA,1799
16404,RegionD,1799
37914,RegionA,1799
38494,RegionB,1799
40640,RegionC,1799
43937,RegionA,1799
1070,RegionA,1800
10500,RegionC,1800
25057,RegionA,1800
25913,RegionB,1800
27473,RegionB,1800
816,RegionB,1801
6688,RegionC,1801
12466,RegionB,1801
12854,RegionC,1801
19405,RegionB,1801
33492,RegionF,1801
33940,RegionA,1801
39957,RegionB,1801
10309,RegionC,1802
43608,RegionA,1802
43774,RegionB,1802
46353,RegionB,1802
48967,RegionA,1802
49110,RegionE,1802
49144,RegionA,1802
553,RegionB,1803
22334,RegionE,1803
39956,RegionB,1803
5086,RegionB,1804
8183,RegionB,1804
11069,RegionB,1804
13199,RegionA,1804
23656,RegionB,1804
25931,RegionA,1804
30631,RegionC,1804
35355,RegionF,1804
44083,RegionB,1804
3863,RegionA,1805
15691,RegionA,1805
40147,RegionB,1805
42676,RegionA,1805
12396,RegionC,1806
20110,RegionC,1806
40604,RegionA,1806
40776,RegionB,1806
1680,RegionA,1807
10067,RegionC,1807
14043,RegionF,1807
18649,RegionA,1807
35940,RegionA,1807
46284,RegionA,1807
49577,RegionA,1807
20917,RegionD,1808
21617,RegionB,1808
21949,RegionA,1808
21974,RegionA,1808
24288,RegionC,1808
29020,RegionA,1808
33901,RegionA,1808
199,RegionB,1809
2079,RegionA,1809
22271,RegionA,1809
40211,RegionA,1809
41245,RegionD,1809
41426,RegionB,1809
43193,RegionC,1809
46605,RegionA,1809
3983,RegionA,1810
5090,RegionA,1810
7090,RegionF,1810
7536,RegionF,1810
9879,RegionA,1810
27258,RegionB,1810
5166,RegionC,1811
5731,RegionC,1811
13094,RegionA,1811
17915,RegionA,1811
19008,RegionC,1811
20636,RegionA,1811
37907,RegionA,1811
39096,RegionA,1811
42009,RegionB,1811
4545,RegionA,1812
7958,RegionA,1812
14127,RegionC,1812
15497,RegionB,1812
23408,RegionC,1812
24657,RegionA,1812
27866,RegionA,1812
31461,RegionB,1812
34208,RegionA,1812
34344,RegionC,1812
36188,RegionF,1812
36689,RegionB,1812
40538,RegionA,1812
44349,RegionA,1812
46276,RegionC,1812
46382,RegionA,1812
10695,RegionB,1813
18358,RegionC,1813
30311,RegionA,1813
49072,RegionA,1813
49349,RegionB,1813
49424,RegionC,1813
2399,RegionC,1814
8251,RegionF,1814
10273,RegionA,1814
14146,RegionC,1814
17089,RegionA,1814
25443,RegionD,1814
26444,RegionB,1814
27578,RegionB,1814
29381,RegionA,1814
31358,RegionC,1814
38243,RegionA,1814
41310,RegionC,1814
134,RegionB,1815
7565,RegionB,1815
34393,RegionA,1815
35904,RegionC,1815
37667,RegionB,1815
40807,RegionA,1815
44449,RegionB,1815
45274,RegionA,1815
47318,RegionC,1815
657,RegionA,1816
6626,RegionA,1816
7114,RegionC,1816
7859,RegionA,1816
21278,RegionE,1816
33216,RegionD,1816
47695,RegionA,1816
3350,RegionC,1817
5152,RegionB,1817
13948,RegionB,1817
17428,RegionA,1817
24716,RegionA,1817
26147,RegionA,1817
28878,RegionB,1817
34748,RegionB,1817
43790,RegionD,1817
45494,RegionC,1817
48154,RegionA,1817
48779,RegionB,1817
980,RegionB,1818
10635,RegionB,1818
15208,RegionB,1818
17319,RegionB,1818
26141,RegionA,1818
35553,RegionA,1818
47523,RegionA,1818
48259,RegionA,1818
49055,RegionB,1818
6051,RegionB,1819
15096,RegionB,1819
25045,RegionA,1819
41540,RegionC,1819
10574,RegionA,1820
23537,RegionA,1820
30505,RegionB,1820
34083,RegionA,1820
38587,RegionC,1820
42069,RegionB,1820
47986,RegionB,1820
48236,RegionC,1820
3726,RegionA,1821
11507,RegionB,1821
13442,RegionB,1821
20906,RegionA,1821
26249,RegionC,1821
30117,RegionB,1821
32773,RegionB,1821
34388,RegionB,1821
36349,RegionB,1821
41402,RegionC,1821
44377,RegionB,1821
47252,RegionC,1821
11272,RegionB,1822
19546,RegionD,1822
31057,RegionC,1822
36609,RegionA,1822
38285,RegionC,1822
40502,RegionC,1822
44047,RegionA,1822
3436,RegionE,1823
4456,RegionB,1823
12344,RegionE,1823
12426,RegionB,1823
13475,RegionB,1823
14407,RegionB,1823
18250,RegionA,1823
21694,RegionB,1823
25487,RegionB,1823
27684,RegionB,1823
34335,RegionB,1823
11125,RegionA,1824
21598,RegionC,1824
24055,RegionA,1824
25051,RegionA,1824
27929,RegionC,1824
31292,RegionB,1824
40702,RegionA,1824
1542,RegionA,1825
5668,RegionA,1825
13189,RegionC,1825
19391,RegionA,1825
26831,RegionB,1825
27522,RegionC,1825
31883,RegionC,1825
41069,RegionA,1825
3394,RegionB,1826
8397,RegionA,1826
16878,RegionA,1826
19753,RegionB,1826
22453,RegionA,1826
26186,RegionA,1826
29426,RegionA,1826
37938,RegionC,1826
46857,RegionB,1826
5735,RegionB,1827
10555,RegionA,1827
13644,RegionA,1827
16453,RegionB,1827
28897,RegionB,1827
40010,RegionB,1827
44351,RegionB,1827
4816,RegionA,1828
12788,RegionC,1828
16434,RegionB,1828
30975,RegionA,1828
33553,RegionA,1828
46088,RegionA,1828
537,RegionF,1829
1232,RegionE,1829
12945,RegionB,1829
19334,RegionB,1829
29972,RegionB,1829
30137,RegionB,1829
43688,RegionB,1829
10305,RegionA,1830
10515,RegionA,1830
26341,RegionC,1830
36600,RegionC,1830
43577,RegionB,1830
47000,RegionA,1830
8455,RegionA,1831
22554,RegionB,1831
25143,RegionA,1831
22249,RegionF,1832
23714,RegionA,1832
27536,RegionF,1832
30779,RegionB,1832
31542,RegionC,1832
42775,RegionA,1832
44249,RegionC,1832
46849,RegionA,1832
14032,RegionA,1833
21160,RegionE,1833
28304,RegionA,1833
38640,RegionC,1833
43191,RegionB,1833
46322,RegionD,1833
8090,RegionB,1834
22304,RegionB,1834
23586,RegionC,1834
29372,RegionC,1834
11969,RegionC,1835
21243,RegionB,1835
22887,RegionA,1835
27062,RegionC,1835
46193,RegionA,1835
14979,RegionC,1836
25276,RegionB,1836
26927,RegionA,1836
32896,RegionA,1836
39092,RegionC,1836
8541,RegionA,1837
13316,RegionA,1837
24293,RegionB,1837
33711,RegionB,1837
45360,RegionA,1837
22610,RegionA,1838
46522,RegionB,1838
2037,RegionC,1839
8141,RegionA,1839
9576,RegionF,1839
9945,RegionA,1839
13062,RegionB,1839
18150,RegionA,1839
20680,RegionC,1839
25040,RegionB,1839
26826,RegionC,1839
43904,RegionA,1839
44768,RegionA,1839
45696,RegionB,1839
49408,RegionB,1839
10461,RegionD,1840
25317,RegionC,1840
26519,RegionE,1840
35660,RegionB,1840
37684,RegionA,1840
42523,RegionC,1840
47537,RegionA,1840
4458,RegionC,1841
6526,RegionA,1841
8475,RegionA,1841
9551,RegionA,1841
15195,RegionB,1841
22263,RegionA,1841
23463,RegionA,1841
25866,RegionB,1841
43365,RegionA,1841
17862,RegionA,1842
21947,RegionE,1842
28675,RegionB,1842
33944,RegionC,1842
40413,RegionA,1842
44235,RegionC,1842
21262,RegionB,1843
27238,RegionB,1843
34090,RegionA,1843
49864,RegionC,1843
14207,RegionF,1844
14221,RegionA,1844
14392,RegionA,1844
20362,RegionA,1844
20971,RegionA,1844
30896,RegionA,1844
43229,RegionB,1844
43763,RegionC,1844
45155,RegionA,1844
834,RegionA,1845
5260,RegionA,1845
43697,RegionC,1845
44848,RegionA,1845
49067,RegionB,1845
49337,RegionB,1845
11825,RegionC,1846
22212,RegionA,1846
23016,RegionD,1846
34477,RegionA,1846
43042,RegionC,1846
899,RegionA,1847
12090,RegionA,1847
29632,RegionB,1847
31399,RegionD,1847
32855,RegionC,1847
49114,RegionB,1847
1979,RegionC,1848
9294,RegionF,1848
9789,RegionB,1848
15213,RegionA,1848
44565,RegionA,1848
12634,RegionA,1849
27004,RegionC,1849
27695,RegionA,1849
34096,RegionA,1849
42234,RegionC,1849
44712,RegionB,1849
12402,RegionC,1850
37108,RegionA,1850
39106,RegionC,1850
46944,RegionC,1850
46969,RegionB,1850
2182,RegionC,1851
4933,RegionA,1851
10074,RegionD,1851
10772,RegionA,1851
15925,RegionC,1851
20823,RegionB,1851
27102,RegionC,1851
27697,RegionB,1851
35100,RegionA,1851
41537,RegionB,1851
41647,RegionA,1851
46677,RegionA,1851
48763,RegionA,1851
29210,RegionA,1852
45375,RegionB,1852
19785,RegionA,1853
25621,RegionA,1853
34013,RegionB,1853
42681,RegionC,1853
49898,RegionA,1853
13233,RegionB,1854
13530,RegionC,1854
25255,RegionA,1854
27308,RegionA,1854
29996,RegionA,1854
36245,RegionC,1854
39178,RegionC,1854
39395,RegionC,1854
9325,RegionC,1855
9849,RegionB,1855
18513,RegionB,1855
21820,RegionB,1855
29908,RegionB,1855
33666,RegionB,1855
44131,RegionC,1855
7796,RegionB,1856
9933,RegionB,1856
11464,RegionC,1856
25488,RegionC,1856
31157,RegionA,1856
34024,RegionA,1856
38380,RegionA,1856
1267,RegionA,1857
1762,RegionC,1857
12540,RegionC,1857
23550,RegionA,1857
24323,RegionA,1857
26654,RegionB,1857
31701,RegionE,1857
32268,RegionB,1857
35931,RegionC,1857
37367,RegionC,1857
42502,RegionB,1857
45630,RegionB,1857
3226,RegionD,1858
8690,RegionD,1858
11394,RegionA,1858
13227,RegionB,1858
13746,RegionC,1858
18718,RegionC,1858
41669,RegionB,1858
47962,RegionE,1858
6776,RegionA,1859
9961,RegionC,1859
18485,RegionA,1859
18665,RegionB,1859
30157,RegionB,1859
35067,RegionA,1859
35243,RegionD,1859
46110,RegionB,1859
46595,RegionB,1859
47004,RegionC,1859
11887,RegionA,1860
23687,RegionA,1860
27916,RegionD,1860
38529,RegionC,1860
40656,RegionA,1860
43552,RegionB,1860
9455,RegionB,1861
13535,RegionB,1861
15121,RegionA,1861
17009,RegionA,1861
21634,RegionA,1861
22272,RegionB,1861
23829,RegionC,1861
32509,RegionA,1861
47406,RegionA,1861
664,RegionB,1862
5016,RegionC,1862
6055,RegionA,1862
12651,RegionC,1862
20612,RegionB,1862
41279,RegionA,1862
3739,RegionA,1863
3783,RegionC,1863
5750,RegionC,1863
17232,RegionA,1863
17859,RegionC,1863
20206,RegionB,1863
22359,RegionC,1863
28260,RegionB,1863
43813,RegionB,1863
40780,RegionA,1864
48162,RegionB,1864
18105,RegionA,1865
25710,RegionB,1865
32756,RegionC,1865
35162,RegionB,1865
44753,RegionC,1865
3401,RegionB,1866
9812,RegionE,1866
18688,RegionA,1866
23524,RegionB,1866
34753,RegionA,1866
35047,RegionA,1866
39301,RegionB,1866
43818,RegionA,1866
44059,RegionD,1866
18230,RegionA,1867
29005,RegionE,1867
37420,RegionC,1867
45336,RegionB,1867
2319,RegionC,1868
7521,RegionC,1868
16884,RegionA,1868
21223,RegionB,1868
22896,RegionB,1868
30766,RegionB,1868
289,RegionA,1869
2091,RegionC,1869
19914,RegionA,1869
25869,RegionC,1869
26752,RegionB,1869
36857,RegionF,1869
38018,RegionE,1869
43343,RegionC,1869
46951,RegionC,1869
2850,RegionB,1870
10170,RegionB,1870
12754,RegionB,1870
16014,RegionB,1870
23975,RegionA,1870
39515,RegionA,1870
40583,RegionA,1870
47325,RegionC,1870
12491,RegionB,1871
18182,RegionE,1871
36303,RegionB,1871
37977,RegionC,1871
16064,RegionA,1872
30431,RegionA,1872
36035,RegionC,1872
44611,RegionA,1872
1620,RegionA,1873
12093,RegionC,1873
35526,RegionA,1873
41280,RegionA,1873
1580,RegionF,1874
17856,RegionA,1874
29513,RegionB,1874
41606,RegionE,1874
3825,RegionA,1875
15793,RegionC,1875
28845,RegionB,1875
45409,RegionC,1875
46340,RegionC,1875
3874,RegionC,1876
17615,RegionB,1876
18694,RegionA,1876
27307,RegionA,1876
12838,RegionA,1877
23815,RegionC,1877
26031,RegionB,1877
28502,RegionA,1877
39437,RegionA,1877
40891,RegionE,1877
43256,RegionB,1877
47447,RegionB,1877
3251,RegionC,1878
12194,RegionA,1878
17566,RegionA,1878
18381,RegionA,1878
18618,RegionB,1878
20126,RegionA,1878
27864,RegionF,1878
41543,RegionB,1878
45803,RegionC,1878
48880,RegionC,1878
5121,RegionC,1879
15525,RegionD,1879
16021,RegionB,1879
16049,RegionC,1879
47214,RegionC,1879
2307,RegionC,1880
2458,RegionC,1880
25594,RegionD,1880
27616,RegionA,1880
28381,RegionC,1880
34874,RegionC,1880
23,RegionB,1881
3781,RegionB,1881
11039,RegionA,1881
14369,RegionC,1881
34126,RegionB,1881
36254,RegionA,1881
43431,RegionA,1881
48226,RegionA,1881
8925,RegionC,1882
22949,RegionC,1882
33998,RegionA,1882
49490,RegionC,1882
20587,RegionB,1883
30770,RegionA,1883
16983,RegionA,1884
35124,RegionC,1884
35390,RegionA,1884
36193,RegionC,1884
40387,RegionA,1884
224,RegionA,1885
5568,RegionE,1885
7992,RegionB,1885
31648,RegionC,1885
49633,RegionC,1885
1298,RegionA,1886
11005,RegionC,1886
13082,RegionB,1886
15939,RegionA,1886
34218,RegionC,1886
34336,RegionB,1886
36389,RegionB,1886
37190,RegionC,1886
38334,RegionA,1886
39631,RegionC,1886
43445,RegionA,1886
2912,RegionA,1887
5941,RegionC,1887
15772,RegionB,1887
15828,RegionA,1887
23310,RegionC,1887
28252,RegionA,1887
34191,RegionB,1887
1878,RegionB,1888
6268,RegionC,1888
11002,RegionB,1888
12460,RegionC,1888
16135,RegionD,1888
21734,RegionB,1888
32739,RegionA,1888
34004,RegionA,1888
39947,RegionA,1888
47458,RegionA,1888
47552,RegionB,1888
12315,RegionB,1889
34440,RegionB,1889
39184,RegionC,1889
40149,RegionC,1889
44227,RegionB,1889
1514,RegionE,1890
17802,RegionA,1890
21480,RegionC,1890
24820,RegionE,1890
31772,RegionC,1890
44472,RegionC,1890
47772,RegionE,1890
335,RegionA,1891
5064,RegionA,1891
6199,RegionA,1891
12503,RegionA,1891
21977,RegionB,1891
24679,RegionB,1891
34837,RegionA,1891
40309,RegionA,1891
41447,RegionC,1891
49223,RegionA,1891
7357,RegionC,1892
12403,RegionE,1892
13213,RegionB,1892
17803,RegionA,1892
34223,RegionB,1892
35141,RegionB,1892
46290,RegionA,1892
41,RegionB,1893
17144,RegionC,1893
47446,RegionA,1893
4272,RegionB,1894
15419,RegionC,1894
20672,RegionB,1894
27166,RegionB,1894
34312,RegionF,1894
36442,RegionC,1894
4757,RegionA,1895
8868,RegionA,1895
11733,RegionC,1895
21930,RegionB,1895
26295,RegionC,1895
27548,RegionC,1895
44430,RegionB,1895
5565,RegionB,1896
5915,RegionC,1896
13439,RegionC,1896
18245,RegionB,1896
30853,RegionC,1896
33199,RegionA,1896
38571,RegionA,1896
43154,RegionE,1896
8741,RegionC,1897
10536,RegionA,1897
10604,RegionC,1897
18483,RegionC,1897
20983,RegionF,1897
27455,RegionB,1897
29941,RegionB,1897
30162,RegionA,1897
40738,RegionB,1897
3218,RegionC,1898
14002,RegionC,1898
19419,RegionB,1898
46950,RegionC,1898
11172,RegionA,1899
21332,RegionA,1899
35611,RegionA,1899
43034,RegionC,1899
3549,RegionA,1900
14318,RegionD,1900
21832,RegionB,1900
46310,RegionA,1900
48166,RegionA,1900
3709,RegionB,1901
9128,RegionC,1901
9968,RegionC,1901
27971,RegionA,1901
31139,RegionA,1901
33928,RegionB,1901
33932,RegionA,1901
43919,RegionB,1901
47665,RegionC,1901
49977,RegionA,1901
15038,RegionC,1902
25078,RegionA,1902
26137,RegionC,1902
27889,RegionC,1902
43948,RegionF,1902
290,RegionA,1903
2545,RegionA,1903
4415,RegionA,1903
12830,RegionA,1903
21744,RegionF,1903
22426,RegionE,1903
23976,RegionA,1903
28182,RegionB,1903
30230,RegionC,1903
32455,RegionC,1903
33516,RegionB,1903
39874,RegionD,1903
42350,RegionB,1903
45438,RegionA,1903
46551,RegionC,1903
3119,RegionB,1904
7262,RegionA,1904
21576,RegionB,1904
24268,RegionC,1904
28329,RegionC,1904
31611,RegionA,1904
44511,RegionC,1904
4944,RegionC,1905
7990,RegionA,1905
22189,RegionC,1905
23521,RegionC,1905
30371,RegionA,1905
30689,RegionC,1905
34703,RegionB,1905
6177,RegionC,1906
18735,RegionA,1906
19377,RegionA,1906
20664,RegionB,1906
31202,RegionC,1906
32830,RegionA,1906
37293,RegionB,1906
39194,RegionA,1906
40464,RegionC,1906
43836,RegionD,1906
3398,RegionA,1907
11839,RegionF,1907
12674,RegionA,1907
30899,RegionC,1907
37720,RegionB,1907
4031,RegionB,1908
25426,RegionA,1908
43150,RegionA,1908
18548,RegionC,1909
24484,RegionC,1909
28824,RegionA,1909
29554,RegionB,1909
42777,RegionB,1909
6689,RegionC,1910
7873,RegionB,1910
17374,RegionC,1910
23641,RegionA,1910
34053,RegionB,1910
34957,RegionA,1910
35009,RegionA,1910
37644,RegionE,1910
17431,RegionB,1911
17486,RegionC,1911
27708,RegionA,1911
28472,RegionC,1911
34875,RegionC,1911
39088,RegionA,1911
42306,RegionC,1911
13663,RegionA,1912
24389,RegionA,1912
31961,RegionB,1912
40323,RegionB,1912
41731,RegionA,1912
45223,RegionB,1912
46012,RegionC,1912
48623,RegionC,1912
9510,RegionD,1913
21538,RegionB,1913
22397,RegionB,1913
29609,RegionA,1913
32019,RegionB,1913
37027,RegionC,1913
45401,RegionB,1913
16258,RegionC,1914
20177,RegionA,1914
26994,RegionB,1914
42097,RegionC,1914
46468,RegionA,1914
7175,RegionE,1915
9976,RegionE,1915
12811,RegionA,1915
15922,RegionB,1915
40283,RegionA,1915
49240,RegionC,1915
6485,RegionC,1916
28771,RegionA,1916
33759,RegionC,1916
42687,RegionC,1916
45384,RegionD,1916
47912,RegionA,1916
2989,RegionC,1917
11513,RegionA,1917
15454,RegionA,1917
19075,RegionA,1917
21776,RegionC,1917
32287,RegionA,1917
44653,RegionB,1917
47980,RegionC,1917
625,RegionB,1918
3400,RegionB,1918
11102,RegionB,1918
23861,RegionC,1918
30904,RegionB,1918
31970,RegionE,1918
35866,RegionC,1918
472,RegionA,1919
7034,RegionB,1919
10312,RegionA,1919
47931,RegionA,1919
817,RegionC,1920
3510,RegionA,1920
8158,RegionC,1920
10270,RegionC,1920
18586,RegionB,1920
19279,RegionA,1920
24270,RegionA,1920
26619,RegionA,1920
33924,RegionC,1920
47235,RegionA,1920
9010,RegionC,1921
9380,RegionA,1921
22291,RegionB,1921
22512,RegionA,1921
26778,RegionB,1921
32294,RegionA,1921
35809,RegionA,1921
36257,RegionB,1921
5202,RegionA,1922
8731,RegionA,1922
8846,RegionC,1922
19748,RegionC,1922
23182,RegionA,1922
24246,RegionB,1922
38376,RegionB,1922
558,RegionA,1923
1364,RegionA,1923
4131,RegionC,1923
4853,RegionE,1923
15739,RegionB,1923
27333,RegionA,1923
37765,RegionB,1923
45142,RegionA,1923
47621,RegionE,1923
6205,RegionA,1924
40076,RegionC,1924
41070,RegionA,1924
41561,RegionA,1924
41862,RegionF,1924
46766,RegionB,1924
47974,RegionC,1924
491,RegionF,1925
12984,RegionB,1925
23820,RegionB,1925
33818,RegionC,1925
41931,RegionB,1925
48550,RegionB,1925
4338,RegionB,1926
8242,RegionB,1926
16200,RegionC,1926
17597,RegionC,1926
25318,RegionC,1926
49339,RegionC,1926
486,RegionA,1927
3767,RegionB,1927
5582,RegionA,1927
7028,RegionB,1927
16218,RegionB,1927
26468,RegionA,1927
2155,RegionC,1928
3389,RegionC,1928
4309,RegionA,1928
5076,RegionE,1928
5187,RegionC,1928
17039,RegionC,1928
18256,RegionA,1928
25352,RegionA,1928
28532,RegionC,1928
29486,RegionA,1928
33234,RegionB,1928
12060,RegionC,1929
17355,RegionC,1929
24658,RegionA,1929
27662,RegionA,1929
41653,RegionA,1929
18802,RegionB,1930
23623,RegionB,1930
29719,RegionC,1930
33789,RegionA,1930
44643,RegionE,1930
45260,RegionA,1930
46269,RegionC,1930
10250,RegionC,1931
14396,RegionC,1931
42535,RegionB,1931
1789,RegionC,1932
1907,RegionC,1932
14756,RegionC,1932
18139,RegionB,1932
23081,RegionC,1932
24762,RegionA,1932
38354,RegionA,1932
38938,RegionA,1932
39729,RegionC,1932
40663,RegionA,1932
1280,RegionA,1933
18148,RegionC,1933
31092,RegionA,1933
40077,RegionC,1933
7422,RegionB,1934
16607,RegionC,1934
29701,RegionA,1934
32823,RegionF,1934
33628,RegionC,1934
34124,RegionA,1934
36375,RegionB,1934
44383,RegionA,1934
45133,RegionB,1934
48603,RegionC,1934
49664,RegionB,1934
3504,RegionA,1935
6325,RegionB,1935
10982,RegionA,1935
12973,RegionC,1935
16297,RegionB,1935
17213,RegionA,1935
19865,RegionB,1935
43252,RegionC,1935
43511,RegionB,1935
34928,RegionC,1936
34962,RegionA,1936
38484,RegionA,1936
40315,RegionA,1936
40884,RegionC,1936
118,RegionA,1937
33293,RegionB,1937
40973,RegionB,1937
42022,RegionB,1937
13465,RegionC,1938
22369,RegionA,1938
30363,RegionE,1938
2009,RegionB,1939
4811,RegionB,1939
26972,RegionA,1939
40419,RegionA,1939
45282,RegionB,1939
6454,RegionA,1940
9558,RegionA,1940
13142,RegionB,1940
13808,RegionA,1940
14391,RegionA,1940
19185,RegionC,1940
20397,RegionB,1940
23804,RegionA,1940
33372,RegionC,1940
35304,RegionA,1940
3837,RegionA,1941
4453,RegionF,1941
5622,RegionA,1941
12650,RegionB,1941
13432,RegionC,1941
16013,RegionA,1941
17347,RegionC,1941
33726,RegionC,1941
38970,RegionA,1941
40611,RegionA,1941
47349,RegionB,1941
47795,RegionB,1941
11093,RegionA,1942
14600,RegionC,1942
33010,RegionB,1942
41916,RegionA,1942
49374,RegionA,1942
2100,RegionA,1943
3713,RegionA,1943
10721,RegionB,1943
10788,RegionC,1943
26004,RegionB,1943
30623,RegionB,1943
34908,RegionC,1943
38776,RegionB,1943
42885,RegionE,1943
45194,RegionE,1943
47928,RegionC,1943
10841,RegionC,1944
20125,RegionA,1944
23683,RegionB,1944
32122,RegionA,1944
33221,RegionC,1944
34742,RegionB,1944
34942,RegionA,1944
41636,RegionB,1944
44425,RegionC,1944
48549,RegionB,1944
8725,RegionA,1945
30099,RegionC,1945
33326,RegionC,1945
34849,RegionC,1945
46600,RegionA,1945
48127,RegionA,1945
2068,RegionB,1946
3410,RegionF,1946
10663,RegionC,1946
31940,RegionB,1946
36866,RegionA,1946
41309,RegionC,1946
42322,RegionA,1946
45683,RegionB,1946
49614,RegionC,1946
49822,RegionB,1946
25007,RegionB,1947
27249,RegionA,1947
34687,RegionA,1947
39968,RegionA,1947
42524,RegionD,1947
4044,RegionB,1948
4864,RegionB,1948
33064,RegionC,1948
42116,RegionC,1948
42177,RegionA,1948
42189,RegionC,1948
46046,RegionC,1948
2620,RegionB,1949
4665,RegionA,1949
7537,RegionA,1949
8368,RegionC,1949
9528,RegionC,1949
13641,RegionC,1949
26495,RegionA,1949
32536,RegionA,1949
40652,RegionB,1949
45045,RegionA,1949
397,RegionB,1950
5976,RegionA,1950
6469,RegionA,1950
16165,RegionB,1950
16456,RegionC,1950
19908,RegionA,1950
24267,RegionB,1950
45118,RegionB,1950
2730,RegionA,1951
15437,RegionB,1951
24061,RegionA,1951
49180,RegionB,1951
11310,RegionA,1952
15844,RegionB,1952
16431,RegionA,1952
25250,RegionB,1952
27811,RegionD,1952
34733,RegionA,1952
38476,RegionC,1952
38481,RegionB,1952
5846,RegionA,1953
9379,RegionE,1953
9833,RegionA,1953
11763,RegionB,1953
13150,RegionC,1953
13506,RegionA,1953
19580,RegionA,1953
21495,RegionA,1953
25111,RegionA,1953
37388,RegionD,1953
23346,RegionA,1954
25777,RegionC,1954
27017,RegionC,1954
32660,RegionA,1954
33095,RegionB,1954
49939,RegionA,1954
28631,RegionD,1955
31313,RegionC,1955
46170,RegionC,1955
4405,RegionC,1956
5222,RegionA,1956
8813,RegionC,1956
10716,RegionC,1956
16782,RegionB,1956
24409,RegionA,1956
42326,RegionC,1956
5273,RegionF,1957
10352,RegionA,1957
19653,RegionA,1957
25916,RegionA,1957
31370,RegionB,1957
13113,RegionA,1958
14082,RegionD,1958
14907,RegionC,1958
24080,RegionA,1958
24182,RegionC,1958
24704,RegionA,1958
25363,RegionC,1958
28678,RegionA,1958
34545,RegionB,1958
37064,RegionB,1958
38201,RegionC,1958
43623,RegionB,1958
3808,RegionC,1959
7535,RegionC,1959
25251,RegionB,1959
47142,RegionD,1959
9310,RegionB,1960
11773,RegionD,1960
15266,RegionB,1960
43066,RegionB,1960
46752,RegionB,1960
694,RegionD,1961
11774,RegionA,1961
14429,RegionC,1961
15106,RegionA,1961
16222,RegionA,1961
19888,RegionA,1961
23404,RegionA,1961
26306,RegionB,1961
37254,RegionB,1961
38853,RegionA,1961
40761,RegionA,1961
49830,RegionC,1961
17658,RegionA,1962
33747,RegionC,1962
39768,RegionC,1962
1349,RegionC,1963
9064,RegionE,1963
28823,RegionA,1963
18569,RegionE,1964
24164,RegionD,1964
25028,RegionB,1964
38236,RegionA,1964
3779,RegionA,1965
4807,RegionE,1965
12337,RegionC,1965
43652,RegionC,1965
44226,RegionB,1965
17168,RegionB,1966
17933,RegionA,1966
25024,RegionA,1966
31422,RegionB,1966
37800,RegionC,1966
40227,RegionC,1966
8803,RegionA,1967
16272,RegionC,1967
18477,RegionE,1967
22569,RegionC,1967
25370,RegionC,1967
31412,RegionC,1967
38511,RegionA,1967
17909,RegionB,1968
22470,RegionC,1968
40789,RegionB,1968
3077,RegionA,1969
4876,RegionB,1969
33227,RegionB,1969
35761,RegionC,1969
9136,RegionD,1970
14449,RegionC,1970
34648,RegionA,1970
35549,RegionB,1970
36893,RegionB,1970
38097,RegionA,1970
9298,RegionB,1971
10145,RegionC,1971
17383,RegionA,1971
17554,RegionA,1971
24541,RegionB,1971
26156,RegionB,1971
29684,RegionB,1971
31519,RegionA,1971
48093,RegionD,1971
11056,RegionB,1972
13304,RegionA,1972
17963,RegionB,1972
49828,RegionB,1972
18689,RegionA,1973
32168,RegionA,1973
40888,RegionB,1973
42682,RegionF,1973
5190,RegionA,1974
36593,RegionC,1974
42519,RegionA,1974
17304,RegionA,1975
19363,RegionA,1975
24669,RegionD,1975
30672,RegionA,1975
47213,RegionC,1975
10936,RegionA,1976
21646,RegionA,1976
22193,RegionB,1976
23679,RegionF,1976
32048,RegionC,1976
37099,RegionC,1976
41040,RegionC,1976
45005,RegionA,1976
1546,RegionC,1977
9234,RegionC,1977
12586,RegionC,1977
20368,RegionA,1977
22810,RegionB,1977
43744,RegionC,1977
19634,RegionA,1978
38771,RegionC,1978
43643,RegionB,1978
44310,RegionA,1978
7968,RegionC,1979
17104,RegionB,1979
22326,RegionC,1979
38980,RegionB,1979
43959,RegionC,1979
47496,RegionC,1979
29389,RegionB,1980
36761,RegionA,1980
46509,RegionB,1980
49063,RegionC,1980
3289,RegionB,1981
11076,RegionC,1981
11524,RegionE,1981
12099,RegionB,1981
17231,RegionF,1981
24590,RegionC,1981
34455,RegionC,1981
40433,RegionA,1981
42925,RegionA,1981
7496,RegionC,1982
22321,RegionE,1982
29320,RegionE,1982
29735,RegionA,1982
31081,RegionB,1982
37696,RegionC,1982
40293,RegionC,1982
49314,RegionA,1982
19516,RegionA,1983
29739,RegionC,1983
37177,RegionC,1983
40422,RegionB,1983
42866,RegionA,1983
45512,RegionB,1983
5305,RegionC,1984
6864,RegionB,1984
16374,RegionA,1984
28187,RegionA,1984
36041,RegionB,1984
40109,RegionC,1984
47099,RegionB,1984
22040,RegionA,1985
27824,RegionC,1985
34688,RegionA,1985
39197,RegionC,1985
10546,RegionC,1986
22160,RegionB,1986
23150,RegionA,1986
29483,RegionC,1986
31792,RegionC,1986
39845,RegionB,1986
41325,RegionA,1986
30057,RegionA,1987
31878,RegionD,1987
40745,RegionC,1987
41608,RegionA,1987
46794,RegionC,1987
11047,RegionA,1988
11915,RegionB,1988
15152,RegionA,1988
25832,RegionA,1988
34077,RegionA,1988
38002,RegionB,1988
39277,RegionD,1988
41022,RegionD,1988
45548,RegionD,1988
20147,RegionB,1989
25103,RegionA,1989
25939,RegionB,1989
27544,RegionA,1989
45663,RegionB,1989
91,RegionF,1990
14676,RegionB,1990
15002,RegionA,1990
20288,RegionA,1990
20492,RegionA,1990
22558,RegionA,1990
24519,RegionA,1990
31582,RegionC,1990
40589,RegionD,1990
7270,RegionB,1991
41782,RegionC,1991
42821,RegionA,1991
4510,RegionC,1992
5258,RegionC,1992
7364,RegionC,1992
30419,RegionB,1992
40684,RegionB,1992
3478,RegionA,1993
20871,RegionD,1993
26542,RegionB,1993
29288,RegionA,1993
30154,RegionA,1993
49480,RegionA,1993
9222,RegionA,1994
14467,RegionB,1994
19188,RegionA,1994
21609,RegionB,1994
37432,RegionB,1994
7875,RegionC,1995
31904,RegionC,1995
32821,RegionC,1995
33182,RegionC,1995
34692,RegionD,1995
37621,RegionB,1995
5374,RegionB,1996
5579,RegionB,1996
8435,RegionA,1996
8724,RegionA,1996
10617,RegionC,1996
19307,RegionB,1996
22743,RegionA,1996
35045,RegionC,1996
44932,RegionA,1996
388,RegionA,1997
2179,RegionA,1997
2557,RegionE,1997
6253,RegionB,1997
25100,RegionB,1997
26139,RegionA,1997
26527,RegionA,1997
29948,RegionC,1997
30004,RegionA,1997
34900,RegionB,1997
41882,RegionA,1997
7894,RegionB,1998
15284,RegionA,1998
16142,RegionF,1998
17783,RegionA,1998
21892,RegionB,1998
22813,RegionE,1998
24941,RegionB,1998
35275,RegionC,1998
44148,RegionB,1998
45257,RegionB,1998
8138,RegionC,1999
17659,RegionA,1999
32285,RegionF,1999
32402,RegionC,1999
41493,RegionC,1999
45820,RegionB,1999
4136,RegionC,2000
6324,RegionA,2000
6381,RegionD,2000
12323,RegionC,2000
14444,RegionA,2000
22491,RegionC,2000
40489,RegionC,2000
42262,RegionE,2000
43225,RegionC,2000
47703,RegionB,2000
8466,RegionC,2001
43915,RegionE,2001
47205,RegionB,2001
4637,RegionA,2002
10463,RegionA,2002
20060,RegionA,2002
21353,RegionB,2002
21910,RegionA,2002
28978,RegionC,2002
31228,RegionC,2002
36986,RegionB,2002
10295,RegionB,2003
17008,RegionF,2003
17365,RegionB,2003
40739,RegionC,2003
44093,RegionA,2003
20199,RegionB,2004
26639,RegionA,2004
31454,RegionA,2004
2185,RegionA,2005
4390,RegionB,2005
10134,RegionA,2005
14616,RegionA,2005
21517,RegionB,2005
20551,RegionA,2006
22503,RegionC,2006
29454,RegionB,2006
29661,RegionE,2006
44382,RegionA,2006
45040,RegionB,2006
48781,RegionC,2006
20084,RegionD,2007
20905,RegionA,2007
24971,RegionE,2007
32089,RegionA,2007
34808,RegionB,2007
35055,RegionA,2007
36316,RegionB,2007
40867,RegionA,2007
1925,RegionB,2008
3898,RegionB,2008
10315,RegionB,2008
12512,RegionB,2008
19641,RegionB,2008
35751,RegionB,2008
40122,RegionC,2008
40985,RegionA,2008
6870,RegionB,2009
12707,RegionA,2009
23509,RegionA,2009
33763,RegionA,2009
33930,RegionC,2009
34488,RegionC,2009
12539,RegionC,2010
15268,RegionC,2010
20367,RegionA,2010
20750,RegionB,2010
26485,RegionC,2010
26680,RegionB,2010
33132,RegionA,2010
39853,RegionC,2010
19109,RegionA,2011
21768,RegionC,2011
31549,RegionC,2011
33362,RegionA,2011
37637,RegionC,2011
47517,RegionA,2011
31945,RegionA,2012
33367,RegionD,2012
42976,RegionC,2012
44038,RegionC,2012
2300,RegionC,2013
4241,RegionC,2013
5168,RegionF,2013
15819,RegionC,2013
34554,RegionC,2013
35449,RegionA,2013
36016,RegionC,2013
36771,RegionC,2013
37665,RegionA,2013
40053,RegionA,2013
41575,RegionA,2013
48230,RegionC,2013
17746,RegionB,2014
22567,RegionB,2014
3604,RegionB,2015
26809,RegionA,2015
36660,RegionE,2015
36929,RegionE,2015
40858,RegionD,2015
45511,RegionA,2015
1923,RegionA,2016
11940,RegionB,2016
31930,RegionC,2016
16130,RegionA,2017
28710,RegionE,2017
28887,RegionE,2017
30241,RegionB,2017
37124,RegionC,2017
40359,RegionC,2017
10189,RegionB,2018
14138,RegionB,2018
17186,RegionA,2018
18537,RegionA,2018
47100,RegionB,2018
21033,RegionB,2019
31988,RegionC,2019
11138,RegionA,2020
27990,RegionA,2020
28602,RegionB,2020
31343,RegionB,2020
49280,RegionC,2020
6580,RegionA,2021
20345,RegionC,2021
33623,RegionE,2021
36601,RegionE,2021
38200,RegionC,2021
40452,RegionA,2021
44144,RegionC,2021
49658,RegionB,2021
4765,RegionB,2022
42490,RegionC,2022
43398,RegionA,2022
47005,RegionA,2022
810,RegionB,2023
1024,RegionA,2023
6189,RegionB,2023
8394,RegionC,2023
10086,RegionC,2023
19837,RegionA,2023
26644,RegionA,2023
35958,RegionD,2023
40117,RegionE,2023
2681,RegionC,2024
6112,RegionC,2024
29230,RegionA,2024
32688,RegionB,2024
34402,RegionC,2024
35015,RegionA,2024
35203,RegionC,2024
35949,RegionB,2024
49025,RegionF,2024
6249,RegionC,2025
7879,RegionA,2025
7962,RegionE,2025
8659,RegionA,2025
21853,RegionB,2025
21883,RegionA,2025
26389,RegionA,2025
30403,RegionA,2025
32187,RegionA,2025
12579,RegionC,2026
22800,RegionF,2026
29413,RegionA,2026
44765,RegionB,2026
49953,RegionB,2026
1731,RegionA,2027
12627,RegionA,2027
31417,RegionB,2027
39254,RegionB,2027
42124,RegionD,2027
8369,RegionF,2028
38857,RegionC,2028
44463,RegionB,2028
15588,RegionB,2029
27185,RegionB,2029
27833,RegionA,2029
36128,RegionC,2029
38681,RegionA,2029
40896,RegionC,2029
49672,RegionB,2029
4033,RegionE,2030
18297,RegionB,2030
21397,RegionA,2030
31418,RegionC,2030
40678,RegionB,2030
41815,RegionC,2030
12647,RegionA,2031
14159,RegionC,2031
20205,RegionB,2031
20766,RegionD,2031
27167,RegionC,2031
28156,RegionB,2031
35778,RegionB,2031
967,RegionB,2032
1959,RegionC,2032
11651,RegionA,2032
13829,RegionB,2032
29256,RegionA,2032
32361,RegionB,2032
40087,RegionB,2032
41822,RegionC,2032
47162,RegionF,2032
1768,RegionC,2033
6049,RegionA,2033
9180,RegionB,2033
12952,RegionC,2033
19159,RegionD,2033
22257,RegionA,2033
30268,RegionB,2033
6865,RegionC,2034
12938,RegionB,2034
24966,RegionA,2034
25923,RegionA,2034
35302,RegionD,2034
37285,RegionA,2034
38443,RegionC,2034
39478,RegionB,2034
43912,RegionB,2034
46069,RegionA,2034
3343,RegionC,2035
4142,RegionB,2035
8874,RegionE,2035
12809,RegionC,2035
15270,RegionA,2035
18350,RegionB,2035
19274,RegionB,2035
21423,RegionA,2035
30537,RegionB,2035
32851,RegionA,2035
37519,RegionC,2035
37970,RegionB,2035
42279,RegionB,2035
16866,RegionA,2036
25205,RegionB,2036
32922,RegionA,2036
44861,RegionA,2036
47167,RegionC,2036
20710,RegionB,2037
22270,RegionA,2037
29803,RegionB,2037
32375,RegionC,2037
37142,RegionB,2037
2236,RegionA,2038
9213,RegionB,2038
12847,RegionB,2038
19767,RegionB,2038
29434,RegionA,2038
31849,RegionB,2038
15249,RegionC,2039
21136,RegionA,2039
24451,RegionC,2039
38739,RegionC,2039
40043,RegionC,2039
4073,RegionA,2040
4358,RegionB,2040
9351,RegionC,2040
20195,RegionC,2040
33369,RegionA,2040
33476,RegionB,2040
40639,RegionB,2040
15731,RegionA,2041
21688,RegionB,2041
24782,RegionA,2041
44970,RegionC,2041
25541,RegionC,2042
46696,RegionD,2042
49471,RegionF,2042
2345,RegionB,2043
6369,RegionA,2043
29703,RegionA,2043
33908,RegionB,2043
39809,RegionA,2043
40704,RegionB,2043
44163,RegionC,2043
47176,RegionA,2043
50,RegionC,2044
4326,RegionB,2044
8945,RegionC,2044
18695,RegionA,2044
26015,RegionA,2044
36132,RegionB,2044
48283,RegionC,2044
39513,RegionC,2045
43995,RegionA,2045
44686,RegionB,2045
1733,RegionA,2046
1781,RegionB,2046
8594,RegionA,2046
10221,RegionA,2046
22016,RegionB,2046
23324,RegionC,2046
25822,RegionC,2046
29669,RegionA,2046
30799,RegionB,2046
30909,RegionA,2046
36980,RegionC,2046
39482,RegionA,2046
1422,RegionD,2047
5359,RegionA,2047
7249,RegionA,2047
8715,RegionC,2047
20426,RegionA,2047
24712,RegionB,2047
34259,RegionD,2047
39146,RegionE,2047
18663,RegionA,2048
21206,RegionF,2048
28357,RegionA,2048
4711,RegionA,2049
9865,RegionA,2049
22536,RegionC,2049
34209,RegionA,2049
34773,RegionA,2049
48562,RegionB,2049
3131,RegionB,2050
3220,RegionA,2050
5205,RegionB,2050
8551,RegionC,2050
14740,RegionA,2050
19203,RegionB,2050
26395,RegionA,2050
38098,RegionA,2050
40030,RegionC,2050
40319,RegionC,2050
46878,RegionC,2050
48008,RegionE,2050
49208,RegionC,2050
13498,RegionC,2051
21156,RegionB,2051
38740,RegionA,2051
17115,RegionA,2052
19535,RegionA,2052
24452,RegionC,2052
29724,RegionB,2052
39033,RegionC,2052
47051,RegionA,2052
3141,RegionE,2053
8675,RegionB,2053
15490,RegionB,2053
23775,RegionB,2053
25726,RegionA,2053
31146,RegionA,2053
34382,RegionC,2053
36525,RegionB,2053
6933,RegionA,2054
19632,RegionA,2054
21599,RegionC,2054
21822,RegionC,2054
31322,RegionA,2054
33322,RegionA,2054
33728,RegionE,2054
40557,RegionA,2054
40695,RegionA,2054
13342,RegionA,2055
16497,RegionA,2055
22546,RegionA,2055
29302,RegionA,2055
32947,RegionC,2055
33358,RegionB,2055
43247,RegionA,2055
1799,RegionB,2056
5910,RegionA,2056
8740,RegionB,2056
10197,RegionC,2056
19333,RegionB,2056
22114,RegionB,2056
22721,RegionE,2056
24167,RegionB,2056
24928,RegionB,2056
37290,RegionF,2056
45078,RegionA,2056
551,RegionA,2057
1403,RegionA,2057
3182,RegionA,2057
12298,RegionE,2057
12455,RegionC,2057
13560,RegionA,2057
19821,RegionC,2057
30095,RegionA,2057
31518,RegionA,2057
36760,RegionA,2057
46858,RegionB,2057
49338,RegionC,2057
1053,RegionC,2058
2755,RegionA,2058
5259,RegionC,2058
10644,RegionC,2058
16698,RegionC,2058
28349,RegionD,2058
31699,RegionB,2058
20845,RegionE,2059
23488,RegionC,2059
26093,RegionA,2059
28715,RegionC,2059
29016,RegionB,2059
35276,RegionE,2059
40853,RegionA,2059
44902,RegionB,2059
2707,RegionC,2060
7603,RegionA,2060
11287,RegionC,2060
13912,RegionA,2060
30989,RegionB,2060
37693,RegionB,2060
39067,RegionC,2060
40198,RegionA,2060
3973,RegionC,2061
7408,RegionB,2061
39181,RegionA,2061
39369,RegionD,2061
46665,RegionA,2061
47293,RegionE,2061
48586,RegionA,2061
4419,RegionC,2062
4505,RegionD,2062
14152,RegionB,2062
27039,RegionA,2062
35453,RegionE,2062
39863,RegionA,2062
1312,RegionA,2063
4318,RegionB,2063
12548,RegionA,2063
17697,RegionA,2063
21702,RegionB,2063
38375,RegionB,2063
44908,RegionA,2063
15543,RegionC,2064
21629,RegionB,2064
23144,RegionB,2064
32708,RegionB,2064
41980,RegionF,2064
46924,RegionC,2064
1214,RegionA,2065
4022,RegionA,2065
12721,RegionB,2065
42623,RegionF,2065
43839,RegionB,2065
5058,RegionA,2066
6944,RegionC,2066
18882,RegionC,2066
19570,RegionB,2066
20293,RegionC,2066
22622,RegionC,2066
23949,RegionA,2066
45842,RegionC,2066
4646,RegionB,2067
4733,RegionC,2067
7818,RegionF,2067
16883,RegionE,2067
28668,RegionB,2067
32194,RegionA,2067
46990,RegionC,2067
9751,RegionC,2068
20878,RegionF,2068
23214,RegionA,2068
27503,RegionE,2068
27741,RegionA,2068
42375,RegionA,2068
9,RegionB,2069
2424,RegionC,2069
17629,RegionC,2069
22903,RegionC,2069
29287,RegionD,2069
31496,RegionC,2069
31712,RegionB,2069
46920,RegionA,2069
47297,RegionB,2069
13915,RegionB,2070
16565,RegionB,2070
20557,RegionA,2070
31533,RegionA,2070
40439,RegionA,2070
6455,RegionA,2071
9787,RegionA,2071
11568,RegionC,2071
12531,RegionB,2071
23748,RegionB,2071
28124,RegionB,2071
368,RegionA,2072
2963,RegionC,2072
26533,RegionA,2072
29842,RegionB,2072
31913,RegionA,2072
32530,RegionA,2072
16829,RegionC,2073
28470,RegionB,2073
29725,RegionC,2073
30999,RegionD,2073
47094,RegionB,2073
11187,RegionB,2074
17042,RegionA,2074
25437,RegionF,2074
28232,RegionA,2074
46575,RegionB,2074
46718,RegionA,2074
48932,RegionC,2074
4104,RegionC,2075
6705,RegionA,2075
31909,RegionC,2075
38968,RegionC,2075
39797,RegionA,2075
45121,RegionC,2075
48115,RegionA,2075
2303,RegionA,2076
6715,RegionC,2076
7202,RegionA,2076
12800,RegionB,2076
25605,RegionB,2076
35784,RegionB,2076
38626,RegionC,2076
42635,RegionC,2076
46277,RegionA,2076
2535,RegionB,2077
11560,RegionB,2077
15718,RegionA,2077
22234,RegionC,2077
25193,RegionC,2077
29931,RegionA,2077
30225,RegionD,2077
39154,RegionA,2077
40710,RegionB,2077
42549,RegionC,2077
43059,RegionB,2077
44247,RegionB,2077
49392,RegionE,2077
6062,RegionA,2078
17254,RegionB,2078
37173,RegionA,2078
37638,RegionA,2078
40494,RegionB,2078
48757,RegionA,2078
18294,RegionA,2079
22904,RegionC,2079
24220,RegionB,2079
26602,RegionB,2079
33047,RegionA,2079
33222,RegionC,2079
36973,RegionC,2079
38586,RegionB,2079
39734,RegionB,2079
39962,RegionA,2079
40112,RegionA,2079
45178,RegionB,2079
3415,RegionC,2080
10922,RegionA,2080
15775,RegionA,2080
26087,RegionA,2080
28838,RegionB,2080
40110,RegionC,2080
49233,RegionC,2080
49437,RegionC,2080
528,RegionB,2081
4916,RegionB,2081
17093,RegionE,2081
26987,RegionA,2081
30155,RegionA,2081
31614,RegionC,2081
43554,RegionE,2081
45729,RegionB,2081
47880,RegionB,2081
10474,RegionC,2082
14171,RegionB,2082
21802,RegionC,2082
26044,RegionB,2082
45024,RegionA,2082
48214,RegionA,2082
4351,RegionB,2083
4920,RegionA,2083
28397,RegionA,2083
33158,RegionA,2083
34462,RegionC,2083
34824,RegionA,2083
38597,RegionA,2083
1786,RegionB,2084
13588,RegionB,2084
16726,RegionA,2084
21649,RegionB,2084
23337,RegionC,2084
33263,RegionA,2084
35770,RegionA,2084
42302,RegionA,2084
44589,RegionC,2084
45196,RegionA,2084
47821,RegionB,2084
1117,RegionB,2085
12517,RegionA,2085
28484,RegionB,2085
39892,RegionC,2085
9072,RegionA,2086
12639,RegionE,2086
12873,RegionB,2086
29929,RegionC,2086
34152,RegionB,2086
9392,RegionE,2087
27521,RegionC,2087
40793,RegionA,2087
46765,RegionB,2087
47109,RegionC,2087
48843,RegionA,2087
5639,RegionC,2088
19332,RegionA,2088
26078,RegionC,2088
48048,RegionA,2088
48844,RegionB,2088
49574,RegionC,2088
8554,RegionA,2089
8797,RegionA,2089
20528,RegionB,2089
33776,RegionA,2089
34205,RegionC,2089
3456,RegionF,2090
12889,RegionA,2090
22182,RegionC,2090
23196,RegionB,2090
30869,RegionA,2090
31217,RegionA,2090
42608,RegionC,2090
43332,RegionA,2090
1538,RegionB,2091
2685,RegionB,2091
4413,RegionC,2091
15048,RegionA,2091
23071,RegionA,2091
25725,RegionC,2091
28603,RegionC,2091
38589,RegionA,2091
10600,RegionA,2092
18482,RegionC,2092
19852,RegionB,2092
22782,RegionA,2092
25765,RegionF,2092
26132,RegionE,2092
27044,RegionF,2092
33613,RegionB,2092
40201,RegionC,2092
41209,RegionB,2092
48808,RegionD,2092
2749,RegionA,2093
8590,RegionC,2093
12702,RegionB,2093
17070,RegionB,2093
22602,RegionC,2093
23292,RegionF,2093
37773,RegionB,2093
39661,RegionB,2093
40487,RegionB,2093
45185,RegionB,2093
6162,RegionB,2094
11565,RegionA,2094
18136,RegionE,2094
23176,RegionA,2094
26328,RegionC,2094
31206,RegionB,2094
37222,RegionB,2094
39499,RegionC,2094
41349,RegionC,2094
44137,RegionC,2094
48501,RegionA,2094
2127,RegionB,2095
4573,RegionA,2095
5775,RegionB,2095
6467,RegionA,2095
13467,RegionA,2095
30473,RegionC,2095
30722,RegionC,2095
36329,RegionB,2095
42352,RegionC,2095
43823,RegionE,2095
45677,RegionB,2095
49427,RegionA,2095
14995,RegionA,2096
23597,RegionB,2096
38286,RegionC,2096
7207,RegionC,2097
17753,RegionB,2097
33474,RegionA,2097
35581,RegionB,2097
48430,RegionA,2097
48728,RegionC,2097
763,RegionB,2098
9314,RegionA,2098
29853,RegionA,2098
29943,RegionE,2098
33618,RegionA,2098
34361,RegionB,2098
2596,RegionC,2099
14294,RegionA,2099
26617,RegionC,2099
27161,RegionC,2099
31409,RegionB,2099
33549,RegionC,2099
38862,RegionB,2099
9225,RegionB,2100
18939,RegionB,2100
19120,RegionE,2100
25747,RegionA,2100
40721,RegionA,2100
13646,RegionB,2101
27437,RegionC,2101
29187,RegionC,2101
1268,RegionB,2102
2709,RegionA,2102
4412,RegionC,2102
4618,RegionA,2102
7173,RegionB,2102
14218,RegionC,2102
17547,RegionA,2102
18312,RegionC,2102
29811,RegionC,2102
38772,RegionD,2102
46358,RegionB,2102
46671,RegionA,2102
14351,RegionE,2103
14557,RegionA,2103
16103,RegionA,2103
17036,RegionA,2103
31186,RegionB,2103
44045,RegionC,2103
5552,RegionB,2104
13893,RegionA,2104
25451,RegionA,2104
29673,RegionC,2104
33861,RegionA,2104
45318,RegionC,2104
112,RegionA,2105
15192,RegionA,2105
18525,RegionA,2105
23253,RegionA,2105
30428,RegionC,2105
32495,RegionF,2105
34508,RegionC,2105
37725,RegionA,2105
46931,RegionC,2105
4028,RegionA,2106
36471,RegionA,2106
26857,RegionB,2107
44177,RegionD,2107
45795,RegionB,2107
7768,RegionB,2108
9179,RegionB,2108
10729,RegionC,2108
11406,RegionE,2108
16248,RegionA,2108
16707,RegionA,2108
20496,RegionC,2108
29201,RegionC,2108
36029,RegionC,2108
39769,RegionD,2108
7284,RegionB,2109
29720,RegionE,2109
32056,RegionA,2109
32345,RegionA,2109
37971,RegionC,2109
39594,RegionA,2109
924,RegionF,2110
2083,RegionC,2110
31261,RegionC,2110
34739,RegionA,2110
34985,RegionB,2110
48675,RegionB,2110
3619,RegionC,2111
4514,RegionA,2111
5403,RegionC,2111
19606,RegionA,2111
21683,RegionC,2111
21896,RegionA,2111
31164,RegionA,2111
44735,RegionF,2111
18343,RegionB,2112
23314,RegionA,2112
30562,RegionA,2112
33041,RegionA,2112
43802,RegionC,2112
893,RegionA,2113
18538,RegionA,2113
37849,RegionA,2113
45153,RegionC,2113
48108,RegionA,2113
12743,RegionC,2114
20278,RegionB,2114
32745,RegionA,2114
33140,RegionA,2114
38903,RegionC,2114
21247,RegionA,2115
33592,RegionA,2115
36264,RegionB,2115
2600,RegionB,2116
8746,RegionB,2116
25958,RegionB,2116
45882,RegionC,2116
2442,RegionB,2117
7177,RegionA,2117
9079,RegionA,2117
10908,RegionA,2117
13533,RegionA,2117
22579,RegionA,2117
34203,RegionB,2117
36668,RegionA,2117
45643,RegionB,2117
16393,RegionA,2118
42062,RegionB,2118
44347,RegionC,2118
45205,RegionB,2118
26715,RegionC,2119
34493,RegionB,2119
40483,RegionC,2119
48488,RegionA,2119
1727,RegionB,2120
4856,RegionB,2120
6566,RegionA,2120
13648,RegionC,2120
13723,RegionA,2120
32498,RegionB,2120
37475,RegionA,2120
38072,RegionA,2120
44198,RegionA,2120
44399,RegionC,2120
9593,RegionB,2121
15475,RegionA,2121
20939,RegionA,2121
22082,RegionB,2121
31117,RegionD,2121
35406,RegionC,2121
1042,RegionF,2122
2683,RegionA,2122
3968,RegionA,2122
4791,RegionB,2122
8157,RegionC,2122
16975,RegionE,2122
25540,RegionC,2122
12392,RegionA,2123
15570,RegionC,2123
17458,RegionB,2123
20165,RegionA,2123
24861,RegionA,2123
34731,RegionC,2123
39054,RegionD,2123
43685,RegionD,2123
45614,RegionF,2123
47563,RegionA,2123
7727,RegionA,2124
13795,RegionA,2124
26565,RegionE,2124
27344,RegionC,2124
41262,RegionB,2124
17927,RegionA,2125
22497,RegionC,2125
31697,RegionA,2125
43615,RegionA,2125
20701,RegionF,2126
23017,RegionA,2126
29430,RegionC,2126
43401,RegionB,2126
48012,RegionB,2126
2998,RegionA,2127
5452,RegionA,2127
14713,RegionA,2127
26497,RegionB,2127
39554,RegionA,2127
43061,RegionC,2127
48262,RegionC,2127
1828,RegionC,2128
2642,RegionC,2128
3842,RegionC,2128
4032,RegionC,2128
9795,RegionB,2128
10243,RegionC,2128
13363,RegionA,2128
19376,RegionF,2128
30116,RegionA,2128
32525,RegionB,2128
40163,RegionF,2128
43745,RegionA,2128
47065,RegionA,2128
244,RegionA,2129
4079,RegionE,2129
16895,RegionC,2129
28104,RegionB,2129
31207,RegionB,2129
31394,RegionA,2129
44503,RegionB,2129
9807,RegionA,2130
22123,RegionC,2130
28159,RegionE,2130
32518,RegionB,2130
37233,RegionA,2130
47620,RegionC,2130
11853,RegionA,2131
17731,RegionA,2131
31966,RegionA,2131
36151,RegionA,2131
39916,RegionA,2131
48710,RegionE,2131
2423,RegionB,2132
3833,RegionB,2132
9333,RegionE,2132
40327,RegionF,2132
41726,RegionA,2132
48172,RegionE,2132
14922,RegionF,2133
18308,RegionA,2133
20862,RegionB,2133
22832,RegionC,2133
34949,RegionA,2133
39921,RegionA,2133
41982,RegionA,2133
47995,RegionE,2133
1552,RegionC,2134
9073,RegionA,2134
12330,RegionC,2134
19572,RegionC,2134
21062,RegionA,2134
23882,RegionE,2134
39757,RegionA,2134
1318,RegionA,2135
2566,RegionA,2135
6856,RegionA,2135
8829,RegionA,2135
10900,RegionC,2135
22611,RegionA,2135
30626,RegionA,2135
33673,RegionB,2135
41409,RegionD,2135
41767,RegionB,2135
10148,RegionA,2136
32746,RegionA,2136
41352,RegionA,2136
44567,RegionB,2136
4201,RegionB,2137
10213,RegionA,2137
19254,RegionB,2137
21285,RegionA,2137
21875,RegionE,2137
22246,RegionB,2137
23452,RegionB,2137
33833,RegionE,2137
42734,RegionD,2137
49797,RegionC,2137
9308,RegionA,2138
9857,RegionC,2138
33413,RegionE,2138
5279,RegionD,2139
12837,RegionA,2139
21557,RegionB,2139
24828,RegionA,2139
28386,RegionB,2139
7527,RegionB,2140
24028,RegionA,2140
26457,RegionB,2140
28089,RegionA,2140
2378,RegionB,2141
2617,RegionA,2141
10965,RegionC,2141
14180,RegionC,2141
18769,RegionB,2141
21198,RegionC,2141
3655,RegionA,2142
4408,RegionA,2142
9394,RegionA,2142
12410,RegionA,2142
26126,RegionA,2142
39503,RegionB,2142
49607,RegionC,2142
2861,RegionA,2143
12773,RegionB,2143
18775,RegionB,2143
27190,RegionA,2143
37209,RegionB,2143
45180,RegionC,2143
5549,RegionA,2144
20409,RegionB,2144
23060,RegionB,2144
37187,RegionA,2144
45428,RegionB,2144
48830,RegionA,2144
3235,RegionA,2145
8041,RegionF,2145
9763,RegionB,2145
10172,RegionC,2145
15390,RegionA,2145
19406,RegionB,2145
20074,RegionB,2145
25019,RegionA,2145
25365,RegionA,2145
30929,RegionA,2145
32920,RegionC,2145
35557,RegionC,2145
35845,RegionC,2145
47221,RegionE,2145
23269,RegionB,2146
30864,RegionA,2146
1143,RegionB,2147
1406,RegionB,2147
7024,RegionE,2147
25501,RegionC,2147
30763,RegionE,2147
42858,RegionC,2147
45319,RegionA,2147
46022,RegionA,2147
10505,RegionB,2148
19746,RegionB,2148
20877,RegionC,2148
23228,RegionA,2148
27010,RegionC,2148
28251,RegionF,2148
32174,RegionA,2148
33877,RegionC,2148
43651,RegionC,2148
2286,RegionB,2149
14410,RegionD,2149
27219,RegionC,2149
27586,RegionB,2149
27894,RegionB,2149
28184,RegionC,2149
29295,RegionA,2149
31201,RegionC,2149
38047,RegionB,2149
38661,RegionF,2149
39736,RegionC,2149
3346,RegionA,2150
9357,RegionB,2150
14427,RegionB,2150
40228,RegionC,2150
40506,RegionA,2150
46885,RegionC,2150
6329,RegionF,2151
8770,RegionA,2151
8981,RegionA,2151
15144,RegionC,2151
16230,RegionB,2151
24262,RegionC,2151
33914,RegionA,2151
45206,RegionC,2151
16758,RegionC,2152
20281,RegionE,2152
26626,RegionA,2152
26946,RegionA,2152
32789,RegionC,2152
38830,RegionC,2152
1895,RegionA,2153
4281,RegionC,2153
9669,RegionA,2153
13435,RegionA,2153
18991,RegionA,2153
28241,RegionB,2153
35072,RegionC,2153
45552,RegionB,2153
46105,RegionC,2153
554,RegionB,2154
933,RegionB,2154
4355,RegionA,2154
9777,RegionB,2154
21499,RegionB,2154
29453,RegionA,2154
46570,RegionC,2154
1937,RegionB,2155
9732,RegionC,2155
20285,RegionB,2155
22716,RegionA,2155
35112,RegionE,2155
39393,RegionB,2155
859,RegionA,2156
1408,RegionC,2156
1929,RegionA,2156
3500,RegionC,2156
6932,RegionD,2156
22542,RegionC,2156
24384,RegionB,2156
25435,RegionC,2156
45320,RegionA,2156
47256,RegionA,2156
2842,RegionB,2157
5752,RegionA,2157
16522,RegionD,2157
25025,RegionA,2157
30796,RegionF,2157
32840,RegionB,2157
43460,RegionB,2157
47811,RegionD,2157
13148,RegionB,2158
17359,RegionB,2158
29405,RegionD,2158
41334,RegionB,2158
16573,RegionC,2159
26172,RegionA,2159
37105,RegionC,2159
44335,RegionF,2159
46902,RegionA,2159
17648,RegionB,2160
28981,RegionA,2160
30526,RegionC,2160
34924,RegionA,2160
45929,RegionF,2160
49325,RegionC,2160
6255,RegionC,2161
9401,RegionA,2161
9830,RegionC,2161
18850,RegionC,2161
19460,RegionC,2161
22251,RegionA,2161
28835,RegionA,2161
45192,RegionB,2161
4677,RegionA,2162
10977,RegionB,2162
13767,RegionD,2162
20639,RegionB,2162
23070,RegionA,2162
25320,RegionA,2162
42743,RegionA,2162
46616,RegionC,2162
5546,RegionB,2163
6544,RegionC,2163
12415,RegionC,2163
22385,RegionC,2163
31594,RegionB,2163
32449,RegionF,2163
35593,RegionA,2163
38473,RegionA,2163
44978,RegionA,2163
45451,RegionA,2163
45778,RegionF,2163
9906,RegionA,2164
14663,RegionB,2164
22355,RegionA,2164
46734,RegionC,2164
48699,RegionA,2164
10804,RegionA,2165
26863,RegionB,2165
28634,RegionB,2165
48849,RegionA,2165
5500,RegionB,2166
11732,RegionC,2166
13120,RegionA,2166
18176,RegionA,2166
30771,RegionA,2166
35187,RegionB,2166
37265,RegionA,2166
39192,RegionE,2166
40628,RegionC,2166
8047,RegionC,2167
8472,RegionC,2167
12303,RegionC,2167
14283,RegionB,2167
16022,RegionC,2167
16657,RegionB,2167
18803,RegionB,2167
22221,RegionC,2167
38758,RegionC,2167
38811,RegionC,2167
42832,RegionC,2167
48086,RegionC,2167
1400,RegionB,2168
17317,RegionA,2168
24638,RegionA,2168
4539,RegionA,2169
23526,RegionC,2169
33242,RegionC,2169
41405,RegionA,2169
8233,RegionA,2170
23516,RegionA,2170
25405,RegionA,2170
25833,RegionB,2170
33034,RegionA,2170
36497,RegionA,2170
48197,RegionC,2170
49663,RegionA,2170
3706,RegionA,2171
18625,RegionB,2171
26874,RegionA,2171
28354,RegionC,2171
35169,RegionB,2171
39222,RegionB,2171
42792,RegionC,2171
44295,RegionC,2171
749,RegionA,2172
1709,RegionC,2172
2346,RegionC,2172
3556,RegionA,2172
13674,RegionC,2172
28747,RegionB,2172
47760,RegionA,2172
22524,RegionD,2173
24929,RegionB,2173
35034,RegionA,2173
35967,RegionA,2173
37946,RegionF,2173
39659,RegionA,2173
12026,RegionB,2174
12807,RegionB,2174
15652,RegionA,2174
16957,RegionA,2174
45856,RegionC,2174
46567,RegionA,2174
12453,RegionB,2175
23889,RegionA,2175
27055,RegionC,2175
30693,RegionA,2175
3561,RegionF,2176
5487,RegionB,2176
12374,RegionB,2176
26256,RegionC,2176
30066,RegionC,2176
32301,RegionB,2176
32939,RegionC,2176
35914,RegionA,2176
38458,RegionA,2176
48485,RegionC,2176
26446,RegionC,2177
28146,RegionF,2177
28910,RegionB,2177
43724,RegionC,2177
46893,RegionE,2177
4667,RegionB,2178
35527,RegionA,2178
42249,RegionF,2178
47536,RegionF,2178
6297,RegionA,2179
20115,RegionC,2179
26022,RegionA,2179
33617,RegionA,2179
46301,RegionC,2179
7359,RegionA,2180
8281,RegionB,2180
36111,RegionA,2180
92,RegionA,2181
4907,RegionA,2181
7399,RegionA,2181
9502,RegionC,2181
10249,RegionB,2181
12446,RegionB,2181
18783,RegionB,2181
27379,RegionA,2181
49700,RegionC,2181
9574,RegionC,2182
13714,RegionC,2182
16595,RegionA,2182
19374,RegionC,2182
24680,RegionB,2182
27446,RegionA,2182
31574,RegionB,2182
41458,RegionB,2182
43188,RegionA,2182
49115,RegionC,2182
9561,RegionC,2183
10121,RegionA,2183
16018,RegionA,2183
17807,RegionC,2183
21211,RegionC,2183
22194,RegionB,2183
36554,RegionC,2183
39175,RegionB,2183
39842,RegionA,2183
41249,RegionB,2183
42941,RegionB,2183
46202,RegionB,2183
13386,RegionC,2184
14000,RegionB,2184
14638,RegionC,2184
23273,RegionA,2184
24651,RegionA,2184
40518,RegionA,2184
46852,RegionC,2184
3397,RegionF,2185
5672,RegionC,2185
5707,RegionA,2185
9002,RegionB,2185
25694,RegionA,2185
48665,RegionA,2185
15618,RegionA,2186
21382,RegionC,2186
45425,RegionA,2186
48784,RegionA,2186
881,RegionB,2187
4727,RegionC,2187
7442,RegionC,2187
9268,RegionA,2187
11484,RegionC,2187
41114,RegionE,2187
47153,RegionB,2187
49981,RegionC,2187
3965,RegionB,2188
15699,RegionB,2188
27537,RegionA,2188
29726,RegionC,2188
31197,RegionA,2188
42215,RegionC,2188
47289,RegionA,2188
49050,RegionC,2188
1668,RegionB,2189
5002,RegionC,2189
5081,RegionC,2189
5713,RegionA,2189
13963,RegionC,2189
27420,RegionA,2189
31566,RegionB,2189
37148,RegionA,2189
41026,RegionB,2189
48206,RegionA,2189
26358,RegionB,2190
28092,RegionC,2190
1202,RegionB,2191
2889,RegionB,2191
7304,RegionB,2191
10336,RegionC,2191
14106,RegionB,2191
19168,RegionA,2191
21141,RegionA,2191
8055,RegionA,2192
18100,RegionB,2192
37409,RegionA,2192
38734,RegionA,2192
43482,RegionE,2192
44461,RegionA,2192
49858,RegionF,2192
1343,RegionC,2193
13603,RegionD,2193
15987,RegionA,2193
39565,RegionC,2193
45010,RegionC,2193
20287,RegionC,2194
26357,RegionA,2194
27131,RegionA,2194
33882,RegionB,2194
41236,RegionB,2194
44179,RegionA,2194
1848,RegionC,2195
14666,RegionE,2195
15015,RegionA,2195
43910,RegionA,2195
5128,RegionC,2196
8567,RegionA,2196
15003,RegionA,2196
19635,RegionB,2196
44687,RegionC,2196
1750,RegionD,2197
1755,RegionC,2197
5022,RegionC,2197
11844,RegionC,2197
16759,RegionA,2197
16947,RegionC,2197
25965,RegionB,2197
40681,RegionE,2197
41475,RegionF,2197
46548,RegionB,2197
10876,RegionA,2198
11902,RegionB,2198
40607,RegionC,2198
46344,RegionA,2198
8146,RegionF,2199
17078,RegionC,2199
18748,RegionA,2199
22698,RegionB,2199
32267,RegionA,2199
32284,RegionC,2199
35003,RegionA,2199
11352,RegionC,2200
16279,RegionC,2200
25135,RegionE,2200
38186,RegionB,2200
648,RegionD,2201
5726,RegionA,2201
10575,RegionA,2201
28322,RegionC,2201
31654,RegionC,2201
33057,RegionC,2201
43331,RegionE,2201
43645,RegionC,2201
46101,RegionA,2201
6765,RegionB,2202
10724,RegionF,2202
29546,RegionB,2202
34894,RegionC,2202
47763,RegionB,2202
1331,RegionA,2203
2449,RegionB,2203
16588,RegionE,2203
27879,RegionA,2203
32572,RegionC,2203
5356,RegionB,2204
12008,RegionC,2204
12125,RegionB,2204
25263,RegionB,2204
25300,RegionA,2204
27281,RegionA,2204
45941,RegionC,2204
46133,RegionA,2204
3895,RegionD,2205
4126,RegionA,2205
25106,RegionB,2205
28689,RegionC,2205
47752,RegionD,2205
13417,RegionB,2206
19943,RegionB,2206
36722,RegionB,2206
43202,RegionA,2206
44607,RegionB,2206
46397,RegionA,2206
9594,RegionC,2207
26227,RegionB,2207
31341,RegionA,2207
36812,RegionA,2207
40495,RegionB,2207
43192,RegionC,2207
98,RegionA,2208
115,RegionC,2208
12799,RegionA,2208
15241,RegionB,2208
21023,RegionA,2208
23205,RegionC,2208
27299,RegionC,2208
35041,RegionA,2208
36137,RegionA,2208
43348,RegionB,2208
83,RegionC,2209
619,RegionB,2209
5161,RegionD,2209
10012,RegionB,2209
27513,RegionB,2209
42293,RegionC,2209
1310,RegionC,2210
3807,RegionB,2210
6916,RegionB,2210
13884,RegionC,2210
13888,RegionA,2210
26534,RegionA,2210
42661,RegionC,2210
10978,RegionC,2211
24137,RegionC,2211
28527,RegionA,2211
31368,RegionA,2211
32036,RegionA,2211
34735,RegionB,2211
39095,RegionA,2211
43893,RegionB,2211
675,RegionA,2212
7684,RegionB,2212
13788,RegionA,2212
21601,RegionA,2212
40781,RegionA,2212
42130,RegionC,2212
45794,RegionB,2212
9156,RegionE,2213
10893,RegionC,2213
21984,RegionB,2213
23157,RegionB,2213
33906,RegionA,2213
38523,RegionE,2213
136,RegionC,2214
3647,RegionA,2214
6558,RegionC,2214
12114,RegionD,2214
12637,RegionB,2214
24376,RegionA,2214
29577,RegionA,2214
30355,RegionC,2214
37508,RegionA,2214
11245,RegionB,2215
27374,RegionA,2215
37316,RegionE,2215
40361,RegionA,2215
2387,RegionA,2216
11364,RegionB,2216
19293,RegionA,2216
19709,RegionC,2216
31562,RegionC,2216
32467,RegionC,2216
34642,RegionA,2216
44747,RegionC,2216
8940,RegionA,2217
17227,RegionB,2217
26879,RegionC,2217
27562,RegionE,2217
35172,RegionA,2217
40944,RegionA,2217
44998,RegionA,2217
6659,RegionA,2218
8918,RegionC,2218
14242,RegionA,2218
17090,RegionB,2218
23037,RegionA,2218
26549,RegionB,2218
27432,RegionA,2218
43457,RegionA,2218
46656,RegionC,2218
17353,RegionB,2219
19236,RegionC,2219
25721,RegionA,2219
30319,RegionA,2219
33167,RegionB,2219
35653,RegionB,2219
42078,RegionD,2219
46836,RegionA,2219
8377,RegionA,2220
13518,RegionE,2220
16189,RegionA,2220
29683,RegionA,2220
42152,RegionA,2220
42916,RegionC,2220
48744,RegionA,2220
22308,RegionF,2221
25228,RegionA,2221
38345,RegionC,2221
43417,RegionA,2221
503,RegionC,2222
3380,RegionB,2222
31958,RegionA,2222
37589,RegionB,2222
38366,RegionA,2222
39576,RegionB,2222
39696,RegionC,2222
7294,RegionA,2223
8243,RegionC,2223
16357,RegionC,2223
34661,RegionA,2223
37604,RegionC,2223
2905,RegionF,2224
13165,RegionA,2224
14247,RegionA,2224
24118,RegionD,2224
26835,RegionA,2224
35430,RegionB,2224
36947,RegionC,2224
37004,RegionB,2224
39566,RegionE,2224
6425,RegionB,2225
10233,RegionA,2225
16101,RegionC,2225
19386,RegionB,2225
22590,RegionE,2225
23134,RegionD,2225
27614,RegionC,2225
48538,RegionC,2225
1896,RegionA,2226
2954,RegionB,2226
6093,RegionA,2226
13786,RegionC,2226
14910,RegionA,2226
18257,RegionB,2226
18755,RegionA,2226
19177,RegionC,2226
34868,RegionC,2226
44631,RegionA,2226
33702,RegionF,2227
37643,RegionC,2227
47597,RegionA,2227
2013,RegionA,2228
12077,RegionA,2228
19125,RegionC,2228
21159,RegionC,2228
21797,RegionA,2228
27670,RegionB,2228
34237,RegionB,2228
35916,RegionB,2228
37441,RegionA,2228
43669,RegionB,2228
45497,RegionA,2228
12198,RegionC,2229
16237,RegionB,2229
29207,RegionC,2229
14411,RegionA,2230
22130,RegionC,2230
22131,RegionF,2230
34025,RegionA,2230
34769,RegionC,2230
36285,RegionC,2230
43130,RegionA,2230
48978,RegionC,2230
32419,RegionB,2231
34061,RegionC,2231
38274,RegionF,2231
45562,RegionA,2231
9273,RegionC,2232
21124,RegionB,2232
22048,RegionA,2232
26997,RegionC,2232
31465,RegionE,2232
36011,RegionA,2232
37331,RegionA,2232
37974,RegionA,2232
38204,RegionA,2232
44185,RegionA,2232
47327,RegionA,2232
9303,RegionB,2233
22199,RegionB,2233
32588,RegionA,2233
13241,RegionC,2234
24457,RegionB,2234
25716,RegionB,2234
26974,RegionA,2234
27829,RegionC,2234
30220,RegionA,2234
32669,RegionB,2234
33943,RegionC,2234
43655,RegionA,2234
10568,RegionA,2235
18527,RegionB,2235
34672,RegionC,2235
38179,RegionB,2235
40128,RegionB,2235
45286,RegionF,2235
4961,RegionB,2236
13061,RegionA,2236
13886,RegionA,2236
15580,RegionA,2236
33488,RegionB,2236
43731,RegionD,2236
3876,RegionA,2237
12611,RegionC,2237
19727,RegionB,2237
23864,RegionA,2237
25818,RegionA,2237
27910,RegionA,2237
35924,RegionC,2237
38837,RegionC,2237
39415,RegionE,2237
47277,RegionB,2237
47282,RegionA,2237
49978,RegionA,2237
1813,RegionB,2238
18203,RegionA,2238
23725,RegionF,2238
6460,RegionE,2239
12911,RegionB,2239
21088,RegionF,2239
22111,RegionE,2239
37727,RegionB,2239
38590,RegionA,2239
46283,RegionE,2239
6577,RegionC,2240
14793,RegionA,2240
24114,RegionA,2240
26588,RegionB,2240
30064,RegionB,2240
40478,RegionF,2240
42556,RegionC,2240
3260,RegionA,2241
12649,RegionB,2241
22277,RegionA,2241
30935,RegionA,2241
35330,RegionA,2241
37810,RegionA,2241
47012,RegionA,2241
47345,RegionC,2241
48005,RegionB,2241
11302,RegionA,2242
18491,RegionA,2242
37477,RegionB,2242
37505,RegionC,2242
43262,RegionB,2242
44923,RegionB,2242
12762,RegionC,2243
16500,RegionB,2243
19093,RegionC,2243
20010,RegionB,2243
38679,RegionC,2243
5377,RegionC,2244
9083,RegionC,2244
14015,RegionC,2244
14198,RegionB,2244
31731,RegionB,2244
32278,RegionD,2244
38183,RegionA,2244
43263,RegionB,2244
2242,RegionD,2245
2869,RegionB,2245
16173,RegionC,2245
30267,RegionA,2245
34122,RegionA,2245
37591,RegionC,2245
43500,RegionC,2245
2766,RegionC,2246
5488,RegionC,2246
9513,RegionB,2246
12551,RegionB,2246
29280,RegionC,2246
42209,RegionC,2246
42690,RegionA,2246
915,RegionB,2247
24438,RegionC,2247
26977,RegionC,2247
30951,RegionB,2247
35728,RegionC,2247
45124,RegionA,2247
2503,RegionC,2248
9368,RegionA,2248
12822,RegionC,2248
12996,RegionB,2248
15685,RegionA,2248
34202,RegionA,2248
42454,RegionA,2248
33277,RegionA,2249
12067,RegionC,2250
16327,RegionA,2250
18280,RegionD,2250
24172,RegionA,2250
2697,RegionA,2251
9762,RegionA,2251
19941,RegionA,2251
25673,RegionF,2251
39066,RegionC,2251
45845,RegionA,2251
49385,RegionC,2251
3011,RegionA,2252
5469,RegionC,2252
14537,RegionA,2252
37066,RegionC,2252
43837,RegionA,2252
47655,RegionA,2252
1513,RegionC,2253
15991,RegionE,2253
23945,RegionB,2253
24632,RegionA,2253
27896,RegionC,2253
29985,RegionA,2253
38850,RegionC,2253
40972,RegionA,2253
47076,RegionC,2253
1195,RegionA,2254
2304,RegionB,2254
7813,RegionA,2254
15671,RegionA,2254
18151,RegionA,2254
38509,RegionC,2254
42814,RegionA,2254
44835,RegionA,2254
9898,RegionA,2255
11275,RegionF,2255
18831,RegionD,2255
19286,RegionA,2255
24134,RegionB,2255
24316,RegionA,2255
31606,RegionB,2255
32907,RegionC,2255
33309,RegionA,2255
41837,RegionA,2255
12584,RegionB,2256
18408,RegionB,2256
23084,RegionA,2256
32560,RegionC,2256
33758,RegionB,2256
36518,RegionA,2256
40033,RegionA,2256
40618,RegionA,2256
12004,RegionA,2257
14130,RegionA,2257
16666,RegionC,2257
42360,RegionD,2257
43941,RegionD,2257
48785,RegionB,2257
5836,RegionC,2258
13700,RegionC,2258
27410,RegionC,2258
46505,RegionC,2258
49398,RegionC,2258
2539,RegionA,2259
25496,RegionF,2259
26484,RegionB,2259
31686,RegionC,2259
32238,RegionC,2259
33264,RegionA,2259
33972,RegionA,2259
37093,RegionE,2259
46493,RegionF,2259
48594,RegionA,2259
454,RegionA,2260
19713,RegionB,2260
29395,RegionB,2260
29658,RegionB,2260
36373,RegionA,2260
42901,RegionB,2260
45686,RegionE,2260
5465,RegionA,2261
6830,RegionB,2261
9204,RegionA,2261
11830,RegionB,2261
14403,RegionC,2261
15011,RegionB,2261
25375,RegionB,2261
37447,RegionD,2261
40171,RegionA,2261
517,RegionE,2262
17137,RegionC,2262
21488,RegionE,2262
26903,RegionB,2262
36269,RegionA,2262
17073,RegionD,2263
18227,RegionC,2263
21663,RegionB,2263
26722,RegionC,2263
34265,RegionC,2263
47711,RegionC,2263
48918,RegionC,2263
1792,RegionA,2264
5008,RegionB,2264
5194,RegionE,2264
8979,RegionF,2264
13228,RegionC,2264
31612,RegionB,2264
36882,RegionC,2264
37537,RegionB,2264
45095,RegionC,2264
1806,RegionB,2265
10286,RegionA,2265
15601,RegionB,2265
31069,RegionB,2265
36872,RegionA,2265
1723,RegionC,2266
6666,RegionB,2266
10999,RegionD,2266
21605,RegionC,2266
25615,RegionA,2266
26656,RegionC,2266
2488,RegionB,2267
11025,RegionC,2267
19846,RegionB,2267
26830,RegionB,2267
29040,RegionA,2267
34251,RegionC,2267
40055,RegionB,2267
106,RegionA,2268
4041,RegionA,2268
15222,RegionC,2268
28289,RegionC,2268
47694,RegionA,2268
14936,RegionA,2269
16582,RegionA,2269
21781,RegionB,2269
22476,RegionB,2269
23248,RegionA,2269
30921,RegionA,2269
31658,RegionB,2269
49784,RegionC,2269
670,RegionA,2270
15022,RegionA,2270
18375,RegionB,2270
19673,RegionA,2270
27900,RegionB,2270
184,RegionA,2271
2729,RegionA,2271
3635,RegionA,2271
8075,RegionA,2271
24594,RegionB,2271
28626,RegionA,2271
29894,RegionB,2271
4707,RegionC,2272
4883,RegionB,2272
5439,RegionA,2272
8155,RegionB,2272
14450,RegionA,2272
19285,RegionA,2272
25834,RegionB,2272
32597,RegionB,2272
41045,RegionB,2272
9126,RegionB,2273
10455,RegionF,2273
18874,RegionB,2273
20804,RegionC,2273
2780,RegionE,2274
7225,RegionB,2274
11801,RegionA,2274
12775,RegionC,2274
17199,RegionA,2274
17390,RegionA,2274
20009,RegionB,2274
24480,RegionA,2274
25326,RegionA,2274
33527,RegionA,2274
3472,RegionB,2275
15485,RegionC,2275
21047,RegionC,2275
23712,RegionA,2275
31517,RegionC,2275
42138,RegionA,2275
46929,RegionB,2275
47783,RegionB,2275
4333,RegionC,2276
6074,RegionA,2276
9675,RegionA,2276
28819,RegionB,2276
42379,RegionC,2276
15013,RegionC,2277
37828,RegionA,2277
40148,RegionC,2277
43031,RegionA,2277
722,RegionA,2278
12203,RegionB,2278
26215,RegionB,2278
27597,RegionA,2278
44271,RegionA,2278
44481,RegionA,2278
4731,RegionB,2279
6210,RegionC,2279
28242,RegionB,2279
35344,RegionA,2279
47886,RegionA,2279
1321,RegionB,2280
12335,RegionB,2280
18552,RegionB,2280
19706,RegionA,2280
25198,RegionB,2280
25551,RegionB,2280
48962,RegionB,2280
15686,RegionB,2281
22061,RegionA,2281
23383,RegionC,2281
26409,RegionA,2281
33359,RegionC,2281
3165,RegionB,2282
17204,RegionC,2282
21906,RegionC,2282
29028,RegionB,2282
30126,RegionC,2282
31543,RegionC,2282
32219,RegionD,2282
41023,RegionA,2282
10816,RegionA,2283
13673,RegionB,2283
14013,RegionB,2283
18758,RegionC,2283
28405,RegionB,2283
36875,RegionC,2283
44447,RegionA,2283
49816,RegionB,2283
3704,RegionC,2284
14580,RegionC,2284
15638,RegionA,2284
40264,RegionB,2284
40451,RegionC,2284
49318,RegionC,2284
443,RegionC,2285
848,RegionB,2285
12225,RegionC,2285
12591,RegionB,2285
22471,RegionC,2285
30039,RegionB,2285
39742,RegionC,2285
40151,RegionA,2285
40820,RegionA,2285
47466,RegionA,2285
2153,RegionA,2286
2295,RegionF,2286
11576,RegionC,2286
12974,RegionA,2286
13355,RegionA,2286
27027,RegionB,2286
47238,RegionB,2286
47700,RegionF,2286
10392,RegionB,2287
16630,RegionB,2287
23710,RegionC,2287
35155,RegionB,2287
39879,RegionC,2287
42530,RegionC,2287
44049,RegionB,2287
45152,RegionB,2287
2706,RegionC,2288
3803,RegionC,2288
27934,RegionC,2288
30822,RegionE,2288
31303,RegionA,2288
40859,RegionA,2288
42547,RegionB,2288
42800,RegionF,2288
48207,RegionA,2288
11613,RegionB,2289
23455,RegionC,2289
25678,RegionC,2289
26612,RegionA,2289
27325,RegionC,2289
28690,RegionD,2289
31196,RegionE,2289
36248,RegionA,2289
5876,RegionD,2290
18919,RegionA,2290
30046,RegionB,2290
38737,RegionB,2290
41783,RegionE,2290
47592,RegionB,2290
49509,RegionC,2290
4315,RegionE,2291
19456,RegionA,2291
22051,RegionC,2291
25979,RegionB,2291
27940,RegionB,2291
30743,RegionC,2291
35758,RegionB,2291
41091,RegionB,2291
7086,RegionB,2292
8791,RegionA,2292
11417,RegionB,2292
33506,RegionA,2292
35562,RegionB,2292
47963,RegionA,2292
7996,RegionA,2293
26785,RegionB,2293
31827,RegionA,2293
39633,RegionA,2293
47947,RegionB,2293
7067,RegionB,2294
9589,RegionE,2294
12510,RegionA,2294
17952,RegionD,2294
18186,RegionB,2294
23925,RegionB,2294
34623,RegionB,2294
45526,RegionB,2294
15955,RegionB,2295
20389,RegionB,2295
21365,RegionA,2295
21530,RegionB,2295
32991,RegionB,2295
14098,RegionB,2296
38515,RegionC,2296
46838,RegionB,2296
6183,RegionC,2297
6976,RegionB,2297
15728,RegionC,2297
16378,RegionE,2297
16740,RegionA,2297
27018,RegionA,2297
34766,RegionA,2297
36271,RegionB,2297
37094,RegionA,2297
40593,RegionB,2297
40643,RegionA,2297
2391,RegionB,2298
3081,RegionC,2298
14014,RegionB,2298
17688,RegionC,2298
20724,RegionB,2298
30359,RegionB,2298
46127,RegionA,2298
13619,RegionA,2299
27087,RegionB,2299
29571,RegionA,2299
30536,RegionA,2299
37061,RegionA,2299
42895,RegionB,2299
723,RegionA,2300
6179,RegionA,2300
8283,RegionC,2300
12836,RegionF,2300
22753,RegionC,2300
27351,RegionC,2300
1946,RegionC,2301
4509,RegionB,2301
8278,RegionA,2301
18005,RegionF,2301
23547,RegionC,2301
27091,RegionA,2301
28612,RegionA,2301
40317,RegionB,2301
43110,RegionA,2301
15803,RegionA,2302
16306,RegionF,2302
23366,RegionA,2302
23662,RegionB,2302
24146,RegionA,2302
26881,RegionA,2302
28623,RegionC,2302
28939,RegionC,2302
35731,RegionA,2302
40847,RegionA,2302
5444,RegionA,2303
6901,RegionA,2303
15374,RegionC,2303
17833,RegionC,2303
24420,RegionE,2303
30348,RegionC,2303
35269,RegionC,2303
3294,RegionA,2304
8199,RegionA,2304
13100,RegionA,2304
16881,RegionB,2304
20547,RegionB,2304
22924,RegionC,2304
45871,RegionA,2304
48360,RegionB,2304
49330,RegionB,2304
10523,RegionB,2305
17519,RegionC,2305
23329,RegionB,2305
25394,RegionB,2305
26080,RegionA,2305
31362,RegionA,2305
43216,RegionB,2305
44718,RegionB,2305
47475,RegionC,2305
1922,RegionA,2306
8626,RegionA,2306
13200,RegionB,2306
18914,RegionB,2306
25972,RegionB,2306
44374,RegionE,2306
44755,RegionA,2306
8958,RegionC,2307
21968,RegionA,2307
25847,RegionB,2307
32007,RegionB,2307
37903,RegionB,2307
48794,RegionC,2307
14343,RegionC,2308
21244,RegionC,2308
23781,RegionB,2308
38073,RegionB,2308
39932,RegionC,2308
41235,RegionB,2308
46325,RegionB,2308
1438,RegionA,2309
6400,RegionC,2309
6581,RegionB,2309
15381,RegionE,2309
27237,RegionB,2309
44695,RegionC,2309
44796,RegionA,2309
1256,RegionB,2310
24481,RegionA,2310
42755,RegionA,2310
48405,RegionB,2310
18110,RegionF,2311
25837,RegionF,2311
30755,RegionC,2311
37806,RegionB,2311
12705,RegionA,2312
24212,RegionA,2312
24448,RegionA,2312
24923,RegionB,2312
25068,RegionC,2312
26235,RegionB,2312
27687,RegionA,2312
29082,RegionC,2312
3163,RegionA,2313
14528,RegionD,2313
18643,RegionA,2313
27297,RegionB,2313
42222,RegionC,2313
47485,RegionA,2313
7154,RegionC,2314
9507,RegionB,2314
12581,RegionA,2314
21944,RegionB,2314
1615,RegionA,2315
9954,RegionB,2315
20678,RegionB,2315
25315,RegionB,2315
45373,RegionA,2315
46856,RegionA,2315
2518,RegionF,2316
14095,RegionD,2316
22768,RegionA,2316
28591,RegionC,2316
30091,RegionB,2316
43656,RegionB,2316
7646,RegionC,2317
16809,RegionC,2317
26553,RegionA,2317
26671,RegionA,2317
29029,RegionB,2317
31031,RegionC,2317
34254,RegionA,2317
36548,RegionC,2317
33446,RegionE,2318
39878,RegionB,2318
39959,RegionC,2318
40278,RegionB,2318
43765,RegionA,2318
745,RegionC,2319
2553,RegionA,2319
9891,RegionA,2319
27881,RegionB,2319
41282,RegionB,2319
42791,RegionB,2319
2054,RegionA,2320
31777,RegionB,2320
33416,RegionB,2320
33601,RegionB,2320
1439,RegionB,2321
2953,RegionA,2321
19823,RegionA,2321
29185,RegionB,2321
32409,RegionC,2321
33558,RegionA,2321
35078,RegionC,2321
41591,RegionC,2321
5929,RegionF,2322
7910,RegionA,2322
24735,RegionF,2322
31773,RegionD,2322
37077,RegionB,2322
40948,RegionB,2322
41316,RegionC,2322
2502,RegionB,2323
3626,RegionD,2323
6123,RegionB,2323
6327,RegionC,2323
25767,RegionA,2323
11368,RegionA,2324
15304,RegionA,2324
17932,RegionC,2324
22919,RegionA,2324
25548,RegionD,2324
32148,RegionA,2324
35001,RegionA,2324
39410,RegionA,2324
41049,RegionA,2324
1834,RegionC,2325
16825,RegionA,2325
18506,RegionB,2325
20831,RegionC,2325
31376,RegionB,2325
33183,RegionC,2325
37166,RegionA,2325
40615,RegionC,2325
48369,RegionF,2325
7210,RegionA,2326
17728,RegionC,2326
26365,RegionB,2326
40052,RegionA,2326
3496,RegionA,2327
22322,RegionA,2327
27855,RegionB,2327
38607,RegionC,2327
13803,RegionB,2328
18321,RegionA,2328
20798,RegionC,2328
25136,RegionA,2328
32277,RegionC,2328
36400,RegionA,2328
41424,RegionA,2328
44096,RegionB,2328
47989,RegionA,2328
3746,RegionA,2329
5562,RegionA,2329
5945,RegionB,2329
8171,RegionC,2329
15430,RegionB,2329
27589,RegionA,2329
31178,RegionA,2329
36629,RegionA,2329
9387,RegionA,2330
10405,RegionB,2330
39249,RegionB,2330
6553,RegionA,2331
7413,RegionA,2331
11723,RegionA,2331
16319,RegionE,2331
28986,RegionA,2331
36344,RegionC,2331
40797,RegionB,2331
48434,RegionC,2331
6764,RegionA,2332
11070,RegionC,2332
12648,RegionA,2332
23594,RegionA,2332
32175,RegionA,2332
42747,RegionD,2332
43732,RegionA,2332
15257,RegionA,2333
22520,RegionA,2333
28433,RegionC,2333
47056,RegionC,2333
12033,RegionB,2334
15666,RegionB,2334
16277,RegionB,2334
25811,RegionA,2334
34829,RegionC,2334
1106,RegionC,2335
1640,RegionA,2335
5897,RegionA,2335
8583,RegionB,2335
13798,RegionB,2335
48614,RegionA,2335
6546,RegionA,2336
8784,RegionA,2336
10346,RegionB,2336
20148,RegionC,2336
20956,RegionC,2336
24257,RegionA,2336
47612,RegionB,2336
929,RegionC,2337
7383,RegionC,2337
7409,RegionB,2337
8911,RegionB,2337
10043,RegionA,2337
14181,RegionA,2337
20824,RegionC,2337
20915,RegionB,2337
23189,RegionA,2337
32652,RegionD,2337
33576,RegionC,2337
35649,RegionC,2337
116,RegionC,2338
3337,RegionC,2338
7325,RegionC,2338
10308,RegionB,2338
11623,RegionA,2338
11770,RegionB,2338
22090,RegionC,2338
25164,RegionB,2338
29611,RegionA,2338
36287,RegionA,2338
37010,RegionA,2338
43911,RegionB,2338
12619,RegionC,2339
13318,RegionB,2339
31339,RegionC,2339
36543,RegionA,2339
42840,RegionA,2339
44418,RegionB,2339
2776,RegionA,2340
3287,RegionA,2340
7363,RegionB,2340
17460,RegionD,2340
30265,RegionA,2340
37595,RegionB,2340
39130,RegionB,2340
11000,RegionA,2341
15695,RegionC,2341
15721,RegionC,2341
20536,RegionC,2341
22797,RegionB,2341
24242,RegionC,2341
39925,RegionC,2341
40365,RegionC,2341
42453,RegionA,2341
42484,RegionC,2341
47379,RegionA,2341
1480,RegionC,2342
4800,RegionC,2342
6094,RegionA,2342
8347,RegionB,2342
12706,RegionA,2342
23192,RegionC,2342
31680,RegionC,2342
33118,RegionE,2342
34140,RegionC,2342
34705,RegionD,2342
2107,RegionA,2343
7791,RegionC,2343
19430,RegionA,2343
24190,RegionC,2343
30025,RegionB,2343
2597,RegionA,2344
10735,RegionC,2344
19000,RegionC,2344
28777,RegionA,2344
35085,RegionC,2344
38895,RegionC,2344
40578,RegionA,2344
1146,RegionC,2345
1259,RegionA,2345
1623,RegionB,2345
2491,RegionC,2345
5243,RegionB,2345
13217,RegionA,2345
13563,RegionC,2345
14064,RegionA,2345
16887,RegionB,2345
24752,RegionB,2345
25661,RegionA,2345
26438,RegionB,2345
27716,RegionB,2345
33123,RegionC,2345
42342,RegionA,2345
12424,RegionA,2346
17387,RegionC,2346
29527,RegionB,2346
37526,RegionE,2346
14322,RegionB,2347
17192,RegionA,2347
24039,RegionC,2347
33625,RegionA,2347
12779,RegionA,2348
24809,RegionA,2348
29772,RegionC,2348
36480,RegionB,2348
39401,RegionC,2348
39590,RegionB,2348
42805,RegionC,2348
2732,RegionB,2349
11532,RegionA,2349
12447,RegionC,2349
19174,RegionA,2349
26852,RegionC,2349
29525,RegionA,2349
33021,RegionA,2349
34128,RegionE,2349
12452,RegionB,2350
14248,RegionA,2350
17916,RegionB,2350
23025,RegionA,2350
25400,RegionB,2350
44491,RegionC,2350
1201,RegionA,2351
2248,RegionC,2351
12723,RegionC,2351
23920,RegionC,2351
30149,RegionA,2351
32787,RegionB,2351
46368,RegionD,2351
47126,RegionB,2351
23029,RegionC,2352
32240,RegionA,2352
32831,RegionA,2352
34936,RegionA,2352
36910,RegionA,2352
40713,RegionC,2352
41263,RegionC,2352
46008,RegionA,2352
17520,RegionA,2353
26242,RegionC,2353
31902,RegionB,2353
11755,RegionA,2354
26658,RegionA,2354
28097,RegionB,2354
44098,RegionC,2354
5029,RegionC,2355
5442,RegionC,2355
12367,RegionB,2355
12684,RegionC,2355
27487,RegionB,2355
29763,RegionB,2355
37576,RegionB,2355
39987,RegionA,2355
42141,RegionB,2355
44378,RegionB,2355
482,RegionB,2356
6295,RegionC,2356
6750,RegionA,2356
14110,RegionA,2356
18318,RegionC,2356
26320,RegionB,2356
28375,RegionC,2356
31449,RegionB,2356
33900,RegionA,2356
44930,RegionC,2356
48152,RegionC,2356
9536,RegionC,2357
12363,RegionC,2357
12443,RegionA,2357
13832,RegionC,2357
15221,RegionB,2357
15319,RegionB,2357
20152,RegionA,2357
24537,RegionC,2357
25021,RegionB,2357
37434,RegionE,2357
48810,RegionA,2357
1914,RegionD,2358
2777,RegionB,2358
6198,RegionA,2358
15079,RegionD,2358
19001,RegionC,2358
27752,RegionD,2358
29096,RegionC,2358
33596,RegionC,2358
5333,RegionA,2359
6774,RegionC,2359
40796,RegionB,2359
48112,RegionC,2359
48311,RegionA,2359
48734,RegionB,2359
2184,RegionA,2360
3050,RegionA,2360
6196,RegionC,2360
17346,RegionB,2360
29812,RegionE,2360
30111,RegionB,2360
32461,RegionC,2360
10356,RegionC,2361
10396,RegionF,2361
14782,RegionB,2361
18438,RegionF,2361
19266,RegionA,2361
20712,RegionC,2361
40243,RegionA,2361
43998,RegionB,2361
1060,RegionC,2362
2751,RegionB,2362
4164,RegionD,2362
9661,RegionE,2362
33696,RegionA,2362
39125,RegionC,2362
40558,RegionA,2362
47519,RegionB,2362
49530,RegionF,2362
438,RegionC,2363
8687,RegionB,2363
32788,RegionC,2363
10348,RegionC,2364
11509,RegionC,2364
20797,RegionB,2364
26930,RegionB,2364
39672,RegionA,2364
40292,RegionB,2364
3368,RegionB,2365
4986,RegionA,2365
12373,RegionB,2365
14941,RegionC,2365
16313,RegionA,2365
16724,RegionC,2365
22310,RegionA,2365
23047,RegionB,2365
33006,RegionC,2365
36398,RegionF,2365
40617,RegionA,2365
49348,RegionA,2365
3545,RegionB,2366
6077,RegionB,2366
10794,RegionC,2366
13584,RegionA,2366
14800,RegionB,2366
20666,RegionC,2366
35543,RegionC,2366
36898,RegionA,2366
38417,RegionC,2366
3266,RegionA,2367
6239,RegionA,2367
13015,RegionA,2367
13030,RegionB,2367
16269,RegionA,2367
28255,RegionB,2367
34654,RegionA,2367
43287,RegionA,2367
44763,RegionA,2367
47234,RegionE,2367
14837,RegionA,2368
30966,RegionC,2368
34873,RegionB,2368
37949,RegionB,2368
39549,RegionB,2368
43767,RegionB,2368
44160,RegionA,2368
48190,RegionC,2368
6008,RegionA,2369
24662,RegionC,2369
44922,RegionB,2369
46987,RegionA,2369
358,RegionC,2370
19802,RegionE,2370
23760,RegionA,2370
26302,RegionC,2370
39232,RegionA,2370
11182,RegionC,2371
20826,RegionA,2371
26088,RegionA,2371
31617,RegionA,2371
43695,RegionB,2371
45057,RegionA,2371
45967,RegionC,2371
150,RegionF,2372
12157,RegionB,2372
17782,RegionF,2372
22947,RegionB,2372
28392,RegionB,2372
33863,RegionB,2372
36801,RegionB,2372
43374,RegionB,2372
48326,RegionB,2372
614,RegionC,2373
3657,RegionB,2373
4670,RegionA,2373
6693,RegionB,2373
9254,RegionC,2373
10317,RegionE,2373
16696,RegionB,2373
17142,RegionB,2373
36533,RegionB,2373
49666,RegionC,2373
15509,RegionB,2374
47992,RegionB,2374
48150,RegionB,2374
49763,RegionB,2374
17253,RegionA,2375
19061,RegionF,2375
22150,RegionC,2375
23014,RegionB,2375
30183,RegionB,2375
31492,RegionA,2375
3498,RegionB,2376
17820,RegionC,2376
31600,RegionB,2376
33742,RegionA,2376
41926,RegionC,2376
49940,RegionB,2376
4316,RegionA,2377
6423,RegionA,2377
6481,RegionA,2377
20965,RegionA,2377
22636,RegionF,2377
29589,RegionE,2377
44279,RegionB,2377
45743,RegionB,2377
47993,RegionC,2377
49049,RegionB,2377
235,RegionE,2378
2508,RegionB,2378
3444,RegionA,2378
24568,RegionB,2378
25839,RegionA,2378
23424,RegionA,2379
30238,RegionD,2379
30708,RegionB,2379
24714,RegionC,2380
28667,RegionB,2380
29758,RegionC,2380
46876,RegionB,2380
9585,RegionB,2381
35202,RegionC,2381
39748,RegionC,2381
41513,RegionC,2381
43240,RegionA,2381
3948,RegionF,2382
4590,RegionC,2382
7542,RegionD,2382
11877,RegionC,2382
13505,RegionE,2382
15185,RegionA,2382
29651,RegionB,2382
42642,RegionC,2382
13331,RegionB,2383
21103,RegionA,2383
35298,RegionA,2383
41298,RegionA,2383
43047,RegionB,2383
45061,RegionC,2383
45879,RegionB,2383
11360,RegionE,2384
16950,RegionA,2384
22890,RegionC,2384
24748,RegionE,2384
26569,RegionB,2384
26779,RegionB,2384
32107,RegionC,2384
47997,RegionA,2384
9936,RegionC,2385
14669,RegionB,2385
23890,RegionA,2385
25467,RegionB,2385
36634,RegionF,2385
3455,RegionC,2386
8353,RegionB,2386
19264,RegionD,2386
19693,RegionA,2386
29239,RegionB,2386
32465,RegionB,2386
40554,RegionB,2386
40594,RegionC,2386
48007,RegionC,2386
48396,RegionA,2386
9168,RegionC,2387
12025,RegionA,2387
21428,RegionC,2387
23146,RegionC,2387
23708,RegionB,2387
25000,RegionB,2387
28952,RegionC,2387
29773,RegionA,2387
32719,RegionA,2387
35544,RegionC,2387
36735,RegionB,2387
27636,RegionA,2388
28692,RegionA,2388
36175,RegionA,2388
43032,RegionB,2388
1096,RegionA,2389
6232,RegionA,2389
10407,RegionC,2389
32162,RegionA,2389
48004,RegionA,2389
4354,RegionC,2390
21242,RegionB,2390
34531,RegionB,2390
37033,RegionC,2390
4943,RegionC,2391
14305,RegionD,2391
18687,RegionE,2391
22706,RegionC,2391
25215,RegionA,2391
35181,RegionB,2391
35783,RegionA,2391
39380,RegionB,2391
45363,RegionC,2391
49684,RegionB,2391
2412,RegionC,2392
6235,RegionB,2392
16024,RegionF,2392
21792,RegionA,2392
23364,RegionE,2392
32917,RegionA,2392
44811,RegionB,2392
5663,RegionB,2393
7484,RegionA,2393
21897,RegionA,2393
23544,RegionB,2393
27485,RegionA,2393
31748,RegionA,2393
38021,RegionB,2393
44602,RegionC,2393
45529,RegionA,2393
1843,RegionA,2394
12444,RegionA,2394
13174,RegionB,2394
16041,RegionB,2394
34439,RegionA,2394
42258,RegionB,2394
12481,RegionC,2395
13251,RegionA,2395
40599,RegionB,2395
41247,RegionA,2395
47260,RegionD,2395
49617,RegionA,2395
5138,RegionB,2396
15175,RegionB,2396
18394,RegionA,2396
23682,RegionB,2396
26836,RegionA,2396
28656,RegionC,2396
38774,RegionA,2396
40341,RegionA,2396
49227,RegionC,2396
7165,RegionB,2397
42220,RegionB,2397
4886,RegionF,2398
5272,RegionC,2398
7530,RegionA,2398
8972,RegionD,2398
13381,RegionA,2398
17052,RegionC,2398
19172,RegionC,2398
22360,RegionD,2398
30610,RegionB,2398
40375,RegionA,2398
7890,RegionE,2399
9621,RegionC,2399
16844,RegionF,2399
21400,RegionB,2399
39788,RegionC,2399
41451,RegionA,2399
9537,RegionA,0
11033,RegionA,0
26706,RegionC,0
30231,RegionE,0
7060,RegionC,1
33300,RegionD,1
37306,RegionC,1
45189,RegionA,1
1681,RegionB,2
1930,RegionB,2
11646,RegionD,2
23584,RegionC,2
24169,RegionD,2
28419,RegionD,2
28855,RegionA,2
33707,RegionE,2
40326,RegionE,2
46612,RegionA,2
7217,RegionB,3
22975,RegionD,3
29122,RegionE,3
34306,RegionA,3
46200,RegionB,3
15945,RegionF,4
18564,RegionB,4
23996,RegionB,4
28705,RegionB,4
29531,RegionA,4
32406,RegionC,4
1819,RegionC,5
9487,RegionC,5
17844,RegionC,5
20129,RegionE,5
34003,RegionF,5
44123,RegionD,5
5249,RegionB,6
10960,RegionF,6
12733,RegionB,6
23858,RegionB,6
28627,RegionB,6
47985,RegionC,6
16962,RegionF,7
34476,RegionF,7
39234,RegionB,7
47481,RegionD,7
47581,RegionE,7
49610,RegionA,7
4787,RegionF,8
28291,RegionA,8
32245,RegionE,8
9260,RegionE,9
16288,RegionB,9
17840,RegionE,9
22465,RegionF,9
24957,RegionE,9
31516,RegionD,9
38225,RegionC,9
46352,RegionC,9
15577,RegionE,10
25727,RegionB,10
31980,RegionC,10
37899,RegionE,10
38166,RegionC,10
39657,RegionE,10
9233,RegionD,11
10307,RegionC,11
13879,RegionF,11
13959,RegionA,11
26283,RegionF,11
30358,RegionB,11
31200,RegionD,11
37951,RegionE,11
44241,RegionD,11
47055,RegionD,11
14554,RegionF,12
21574,RegionA,12
22372,RegionD,12
33458,RegionE,12
40835,RegionC,12
75,RegionD,13
8884,RegionC,13
18715,RegionB,13
20253,RegionD,13
20728,RegionA,13
21075,RegionA,13
31977,RegionA,13
34240,RegionA,13
35896,RegionC,13
36843,RegionE,13
47813,RegionB,13
17152,RegionF,14
18519,RegionB,14
28327,RegionD,14
35334,RegionE,14
46821,RegionF,14
2003,RegionC,15
15627,RegionC,15
17866,RegionE,15
36155,RegionF,15
41484,RegionB,15
44082,RegionC,15
24913,RegionA,16
25812,RegionA,16
29883,RegionE,16
40001,RegionB,16
40014,RegionB,16
46736,RegionA,16
9256,RegionB,17
11283,RegionB,17
12937,RegionB,17
18202,RegionA,17
29753,RegionF,17
32629,RegionC,17
48170,RegionD,17
1573,RegionF,18
24581,RegionC,18
28403,RegionA,18
28789,RegionA,18
29796,RegionC,18
30202,RegionC,18
38259,RegionD,18
49112,RegionB,18
8124,RegionD,19
12495,RegionF,19
19278,RegionA,19
22157,RegionF,19
30686,RegionB,19
31877,RegionE,19
44243,RegionF,19
44474,RegionA,19
48373,RegionD,19
6382,RegionA,20
7226,RegionD,20
7338,RegionE,20
14281,RegionB,20
14743,RegionD,20
15164,RegionE,20
20240,RegionD,20
21588,RegionB,20
24815,RegionA,20
912,RegionA,21
19076,RegionB,21
33159,RegionB,21
33698,RegionB,21
41857,RegionB,21
44397,RegionC,21
26732,RegionC,22
48985,RegionF,22
2413,RegionF,23
13423,RegionC,23
15302,RegionF,23
22988,RegionD,23
25816,RegionE,23
35364,RegionB,23
35467,RegionA,23
318,RegionD,24
13130,RegionE,24
13597,RegionF,24
13967,RegionB,24
17966,RegionA,24
19703,RegionE,24
26807,RegionE,24
28080,RegionF,24
46443,RegionB,24
3313,RegionA,25
12272,RegionF,25
20576,RegionF,25
21077,RegionB,25
21707,RegionB,25
37018,RegionC,25
3029,RegionF,26
7559,RegionC,26
17814,RegionE,26
19933,RegionF,26
21492,RegionD,26
32363,RegionE,26
39019,RegionD,26
41624,RegionD,26
45331,RegionE,26
48545,RegionE,26
10175,RegionB,27
18431,RegionF,27
24542,RegionD,27
30223,RegionD,27
20960,RegionC,28
21074,RegionE,28
21746,RegionB,28
27799,RegionA,28
35712,RegionC,28
44138,RegionF,28
5276,RegionC,29
20061,RegionC,29
24313,RegionD,29
31942,RegionD,29
32621,RegionA,29
41929,RegionA,29
44584,RegionF,29
47134,RegionD,29
47855,RegionD,29
9330,RegionC,30
26937,RegionD,30
32723,RegionD,30
33676,RegionA,30
9559,RegionB,31
15172,RegionA,31
32474,RegionE,31
36764,RegionE,31
38678,RegionD,31
47395,RegionC,31
1807,RegionD,32
4559,RegionA,32
5611,RegionC,32
13980,RegionB,32
14986,RegionD,32
16748,RegionB,32
26530,RegionD,32
30942,RegionB,32
33056,RegionC,32
33384,RegionC,32
33626,RegionC,32
45689,RegionC,32
48420,RegionE,32
49429,RegionD,32
603,RegionA,33
16251,RegionD,33
16318,RegionE,33
20830,RegionD,33
25530,RegionA,33
27294,RegionA,33
29044,RegionF,33
44543,RegionD,33
49321,RegionA,33
4968,RegionC,34
5902,RegionF,34
11392,RegionE,34
12024,RegionA,34
15966,RegionA,34
17351,RegionB,34
21249,RegionC,34
23659,RegionF,34
25102,RegionF,34
33213,RegionC,34
37999,RegionA,34
44737,RegionB,34
13385,RegionD,35
15370,RegionB,35
21415,RegionE,35
28641,RegionC,35
30425,RegionC,35
34101,RegionE,35
34436,RegionF,35
45851,RegionA,35
12759,RegionB,36
15542,RegionC,36
20197,RegionA,36
6487,RegionA,37
15113,RegionA,37
35132,RegionF,37
47781,RegionB,37
48209,RegionD,37
4759,RegionD,38
5510,RegionA,38
12966,RegionE,38
22720,RegionE,38
35409,RegionB,38
41553,RegionE,38
1607,RegionA,39
2784,RegionC,39
13022,RegionB,39
17835,RegionA,39
18947,RegionD,39
25151,RegionB,39
28718,RegionA,39
41397,RegionA,39
42890,RegionD,39
43060,RegionD,39
4881,RegionB,40
6006,RegionD,40
12187,RegionA,40
12190,RegionC,40
13771,RegionC,40
26984,RegionE,40
31659,RegionC,40
45816,RegionE,40
6122,RegionC,41
8135,RegionB,41
18852,RegionA,41
22873,RegionA,41
24444,RegionD,41
8139,RegionF,42
14886,RegionC,42
16619,RegionD,42
28539,RegionF,42
39213,RegionA,42
43450,RegionA,42
2682,RegionF,43
2860,RegionA,43
18172,RegionC,43
24024,RegionD,43
29629,RegionA,43
35290,RegionA,43
40140,RegionC,43
48875,RegionA,43
7861,RegionC,44
21170,RegionC,44
22192,RegionB,44
29875,RegionD,44
33504,RegionE,44
34212,RegionD,44
31647,RegionD,45
32020,RegionD,45
33820,RegionF,45
40390,RegionD,45
45664,RegionD,45
47459,RegionB,45
47917,RegionA,45
1966,RegionE,46
13793,RegionE,46
36008,RegionC,46
36244,RegionC,46
42112,RegionA,46
42918,RegionF,46
45249,RegionB,46
46506,RegionF,46
5415,RegionD,47
9518,RegionA,47
10588,RegionB,47
19719,RegionB,47
26414,RegionF,47
44884,RegionD,47
1399,RegionC,48
3557,RegionB,48
10855,RegionF,48
11962,RegionD,48
21577,RegionC,48
22244,RegionB,48
24370,RegionB,48
39008,RegionF,48
41715,RegionD,48
41987,RegionA,48
42498,RegionF,48
44180,RegionB,48
48975,RegionB,48
3904,RegionB,49
11181,RegionD,49
12610,RegionC,49
14027,RegionC,49
17902,RegionB,49
44867,RegionA,49
48820,RegionD,49
1476,RegionA,50
2050,RegionD,50
20938,RegionA,50
24620,RegionC,50
24835,RegionB,50
31251,RegionB,50
44438,RegionD,50
46047,RegionF,50
2908,RegionC,51
10842,RegionF,51
22022,RegionB,51
22205,RegionB,51
36795,RegionC,51
39556,RegionC,51
49893,RegionB,51
19223,RegionD,52
26891,RegionD,52
28662,RegionD,52
45843,RegionF,52
46303,RegionA,52
8444,RegionC,53
14555,RegionA,53
27558,RegionB,53
39343,RegionF,53
47227,RegionE,53
5859,RegionB,54
15717,RegionA,54
27043,RegionE,54
31690,RegionB,54
41105,RegionD,54
49225,RegionC,54
6339,RegionC,55
10796,RegionF,55
25934,RegionE,55
33768,RegionA,55
3102,RegionA,56
5540,RegionD,56
9453,RegionB,56
21297,RegionE,56
22489,RegionD,56
24393,RegionE,56
34309,RegionC,56
46814,RegionF,56
48608,RegionC,56
49556,RegionF,56
423,RegionD,57
11371,RegionD,57
12558,RegionD,57
12600,RegionF,57
14656,RegionC,57
18518,RegionA,57
22772,RegionD,57
23008,RegionD,57
26469,RegionB,57
27876,RegionE,57
30141,RegionA,57
32532,RegionD,57
32956,RegionB,57
39331,RegionA,57
41077,RegionB,57
42786,RegionE,57
47102,RegionE,57
7497,RegionA,58
14189,RegionB,58
18412,RegionA,58
22671,RegionB,58
28673,RegionB,58
29225,RegionC,58
35841,RegionA,58
38983,RegionA,58
40805,RegionE,58
48472,RegionD,58
49743,RegionC,58
16236,RegionB,59
35709,RegionF,59
38224,RegionB,59
42640,RegionD,59
44745,RegionC,59
15086,RegionF,60
24591,RegionA,60
26043,RegionB,60
29822,RegionC,60
38322,RegionB,60
2927,RegionB,61
12887,RegionD,61
15133,RegionA,61
22528,RegionC,61
31896,RegionD,61
38480,RegionB,61
44199,RegionB,61
555,RegionD,62
1351,RegionA,62
22946,RegionB,62
25058,RegionB,62
34064,RegionA,62
6377,RegionB,63
25278,RegionE,63
26855,RegionA,63
28261,RegionC,63
28513,RegionF,63
33197,RegionA,63
36586,RegionD,63
37022,RegionA,63
7722,RegionB,64
10137,RegionC,64
15919,RegionF,64
26749,RegionA,64
43231,RegionD,64
45699,RegionF,64
7941,RegionD,65
12798,RegionA,65
15519,RegionF,65
16686,RegionF,65
36472,RegionB,65
38726,RegionF,65
43278,RegionE,65
3027,RegionD,66
6028,RegionA,66
6710,RegionA,66
7713,RegionF,66
9264,RegionC,66
13716,RegionA,66
25084,RegionA,66
25815,RegionD,66
41076,RegionA,66
43194,RegionA,66
44376,RegionB,66
46045,RegionD,66
46793,RegionD,66
3650,RegionD,67
13964,RegionF,67
20864,RegionE,67
41137,RegionC,67
44801,RegionA,67
45853,RegionC,67
46712,RegionB,67
9941,RegionD,68
23063,RegionA,68
32800,RegionC,68
37523,RegionC,68
8510,RegionC,69
10408,RegionE,69
11638,RegionB,69
13051,RegionD,69
14285,RegionE,69
22818,RegionD,69
26641,RegionC,69
27484,RegionA,69
30068,RegionF,69
46168,RegionC,69
399,RegionF,70
6964,RegionE,70
11757,RegionC,70
22532,RegionA,70
30477,RegionB,70
33888,RegionB,70
37457,RegionC,70
40769,RegionB,70
7297,RegionD,71
14339,RegionA,71
16530,RegionA,71
22669,RegionA,71
31974,RegionD,71
49034,RegionB,71
2312,RegionD,72
5631,RegionD,72
17667,RegionC,72
23288,RegionB,72
23834,RegionD,72
24642,RegionE,72
36122,RegionF,72
9805,RegionF,73
9842,RegionC,73
17375,RegionF,73
19934,RegionA,73
23863,RegionA,73
24921,RegionB,73
34490,RegionA,73
40016,RegionD,73
44722,RegionF,73
46584,RegionE,73
47222,RegionA,73
9304,RegionC,74
12925,RegionC,74
16963,RegionA,74
25295,RegionB,74
45469,RegionE,74
48023,RegionB,74
13885,RegionF,75
14160,RegionE,75
20034,RegionB,75
24726,RegionD,75
24915,RegionC,75
783,RegionC,76
3612,RegionE,76
16369,RegionD,76
16904,RegionA,76
25561,RegionF,76
38995,RegionF,76
47972,RegionC,76
6651,RegionA,77
19977,RegionD,77
20569,RegionE,77
25181,RegionF,77
26487,RegionA,77
39311,RegionA,77
39685,RegionA,77
44723,RegionA,77
3660,RegionA,78
17543,RegionD,78
33552,RegionA,78
47397,RegionE,78
86,RegionB,79
343,RegionC,79
9949,RegionE,79
18507,RegionC,79
19292,RegionA,79
26508,RegionB,79
29728,RegionA,79
45808,RegionD,79
10950,RegionC,80
17229,RegionD,80
24089,RegionC,80
27230,RegionB,80
30832,RegionC,80
33562,RegionD,80
35186,RegionB,80
2801,RegionA,81
8296,RegionE,81
12119,RegionD,81
14289,RegionC,81
16359,RegionA,81
28553,RegionA,81
28643,RegionD,81
29878,RegionA,81
31423,RegionD,81
38456,RegionD,81
42427,RegionA,81
42740,RegionE,81
1981,RegionA,82
26516,RegionC,82
28984,RegionD,82
36670,RegionC,82
39107,RegionF,82
46727,RegionD,82
8042,RegionA,83
8963,RegionC,83
13537,RegionE,83
36607,RegionE,83
40651,RegionB,83
44802,RegionA,83
9278,RegionD,84
26123,RegionD,84
33099,RegionA,84
33896,RegionD,84
49272,RegionD,84
789,RegionC,85
15077,RegionD,85
16310,RegionD,85
20364,RegionD,85
20567,RegionD,85
27201,RegionF,85
30334,RegionC,85
34510,RegionA,85
35541,RegionB,85
48802,RegionF,85
4223,RegionF,86
26285,RegionB,86
28520,RegionF,86
34491,RegionB,86
38906,RegionB,86
43273,RegionA,86
3839,RegionB,87
9798,RegionE,87
13425,RegionE,87
15532,RegionF,87
21803,RegionF,87
23617,RegionC,87
27217,RegionB,87
27630,RegionB,87
31601,RegionD,87
42619,RegionB,87
12165,RegionD,88
14511,RegionB,88
17563,RegionD,88
21273,RegionA,88
40465,RegionA,88
41637,RegionD,88
45983,RegionB,88
46302,RegionE,88
4454,RegionA,89
6115,RegionB,89
7629,RegionA,89
8960,RegionA,89
16080,RegionC,89
23529,RegionA,89
37885,RegionD,89
11452,RegionF,90
18951,RegionB,90
19137,RegionD,90
23743,RegionD,90
33301,RegionE,90
33641,RegionD,90
37829,RegionA,90
44441,RegionA,90
45825,RegionA,90
8614,RegionB,91
16344,RegionE,91
21320,RegionB,91
42927,RegionB,91
6559,RegionA,92
12668,RegionB,92
14987,RegionF,92
17291,RegionA,92
18096,RegionE,92
25201,RegionA,92
29988,RegionE,92
38382,RegionC,92
41664,RegionE,92
3105,RegionC,93
7416,RegionD,93
9353,RegionF,93
9956,RegionF,93
15364,RegionB,93
19049,RegionA,93
19505,RegionD,93
20174,RegionD,93
22667,RegionD,93
25329,RegionC,93
34293,RegionA,93
34600,RegionF,93
44616,RegionE,93
7639,RegionD,94
9874,RegionC,94
29084,RegionF,94
35954,RegionB,94
38277,RegionC,94
41275,RegionC,94
45890,RegionA,94
48527,RegionA,94
4674,RegionD,95
7375,RegionC,95
10990,RegionC,95
31159,RegionB,95
32843,RegionA,95
40251,RegionB,95
40305,RegionD,95
11691,RegionC,96
12834,RegionD,96
17919,RegionE,96
20100,RegionB,96
37073,RegionF,96
48510,RegionC,96
49279,RegionD,96
8095,RegionB,97
15785,RegionC,97
17721,RegionD,97
17995,RegionC,97
29209,RegionA,97
34754,RegionB,97
40664,RegionB,97
45097,RegionA,97
4808,RegionA,98
6783,RegionA,98
9074,RegionC,98
14541,RegionF,98
22070,RegionD,98
23315,RegionC,98
47030,RegionE,98
15333,RegionD,99
15906,RegionF,99
18076,RegionE,99
21431,RegionB,99
37875,RegionA,99
8417,RegionB,100
17974,RegionB,100
20412,RegionF,100
11270,RegionB,101
14508,RegionE,101
17252,RegionA,101
34352,RegionA,101
38065,RegionA,101
38717,RegionC,101
47477,RegionF,101
48431,RegionC,101
637,RegionB,102
3225,RegionE,102
29144,RegionA,102
37983,RegionD,102
43629,RegionB,102
46342,RegionF,102
6095,RegionB,103
8497,RegionC,103
12857,RegionA,103
36290,RegionC,103
37462,RegionB,103
43877,RegionA,103
7694,RegionA,104
7809,RegionD,104
10201,RegionB,104
13131,RegionF,104
14856,RegionF,104
16980,RegionD,104
18363,RegionD,104
22062,RegionC,104
24140,RegionB,104
30275,RegionC,104
31484,RegionE,104
37464,RegionC,104
40389,RegionC,104
43966,RegionD,104
6835,RegionA,105
13849,RegionC,105
24111,RegionE,105
28890,RegionC,105
42565,RegionA,105
4360,RegionE,106
4834,RegionA,106
5484,RegionA,106
6660,RegionC,106
20721,RegionA,106
27384,RegionE,106
29033,RegionB,106
44089,RegionC,106
45224,RegionC,106
49590,RegionA,106
5841,RegionD,107
9645,RegionC,107
28259,RegionB,107
35400,RegionE,107
36341,RegionB,107
37563,RegionD,107
22224,RegionA,108
29191,RegionB,108
34707,RegionB,108
46527,RegionA,108
900,RegionB,109
1137,RegionC,109
5063,RegionF,109
13611,RegionA,109
17188,RegionC,109
18535,RegionE,109
20321,RegionA,109
33427,RegionA,109
46264,RegionA,109
14606,RegionE,110
20109,RegionD,110
30445,RegionC,110
36674,RegionA,110
40065,RegionA,110
24275,RegionE,111
36952,RegionC,111
2105,RegionA,112
4250,RegionA,112
12982,RegionB,112
16455,RegionD,112
17292,RegionB,112
20018,RegionE,112
28363,RegionA,112
36984,RegionB,112
39937,RegionC,112
41207,RegionA,112
43309,RegionD,112
48782,RegionF,112
233,RegionD,113
6419,RegionD,113
8050,RegionB,113
10778,RegionB,113
19026,RegionD,113
21999,RegionE,113
25484,RegionA,113
31899,RegionA,113
49371,RegionD,113
4632,RegionB,114
33642,RegionE,114
38474,RegionC,114
38521,RegionD,114
41453,RegionD,114
10680,RegionB,115
38936,RegionF,115
39826,RegionD,115
44566,RegionB,115
48542,RegionB,115
7745,RegionE,116
7914,RegionD,116
21341,RegionD,116
35554,RegionB,116
386,RegionF,117
6272,RegionB,117
15863,RegionC,117
16220,RegionE,117
19154,RegionA,117
31625,RegionB,117
38425,RegionA,117
41162,RegionB,117
45008,RegionD,117
46714,RegionD,117
46806,RegionD,117
325,RegionD,118
2279,RegionD,118
4703,RegionA,118
7109,RegionF,118
8577,RegionD,118
16490,RegionA,118
24753,RegionD,118
34639,RegionE,118
36649,RegionB,118
43557,RegionB,118
44168,RegionC,118
1570,RegionC,119
10016,RegionA,119
32422,RegionE,119
32861,RegionE,119
41136,RegionB,119
41407,RegionD,119
43972,RegionD,119
49331,RegionD,119
1882,RegionA,120
3144,RegionC,120
12261,RegionB,120
22287,RegionE,120
27334,RegionA,120
28886,RegionE,120
1449,RegionA,121
10494,RegionF,121
21016,RegionA,121
21569,RegionB,121
25838,RegionA,121
39671,RegionF,121
43390,RegionF,121
46521,RegionB,121
6572,RegionA,122
9616,RegionA,122
9893,RegionB,122
17322,RegionE,122
19718,RegionA,122
20361,RegionA,122
25466,RegionC,122
35168,RegionC,122
44246,RegionC,122
49682,RegionA,122
3409,RegionE,123
10905,RegionD,123
13123,RegionD,123
13657,RegionA,123
19020,RegionD,123
23457,RegionA,123
38677,RegionC,123
42639,RegionC,123
43540,RegionE,123
45566,RegionD,123
49033,RegionB,123
8062,RegionA,124
21114,RegionF,124
23318,RegionF,124
27051,RegionA,124
27364,RegionE,124
10985,RegionE,125
36468,RegionD,125
43931,RegionC,125
19807,RegionD,126
24729,RegionA,126
29114,RegionD,126
45746,RegionA,126
46706,RegionC,126
47230,RegionB,126
3463,RegionA,127
16984,RegionB,127
19133,RegionF,127
21440,RegionD,127
26594,RegionB,127
46928,RegionB,127
49778,RegionE,127
7176,RegionA,128
38395,RegionC,128
47648,RegionA,128
20176,RegionF,129
25794,RegionC,129
26824,RegionC,129
38582,RegionF,129
44196,RegionE,129
44708,RegionE,129
15788,RegionA,130
18872,RegionA,130
39188,RegionB,130
44009,RegionB,130
7647,RegionF,131
19569,RegionC,131
22389,RegionB,131
33760,RegionE,131
35071,RegionD,131
39139,RegionE,131
46983,RegionD,131
48019,RegionD,131
1631,RegionE,132
12948,RegionA,132
16540,RegionD,132
24240,RegionC,132
26322,RegionF,132
27651,RegionC,132
42780,RegionF,132
458,RegionF,133
1617,RegionD,133
15877,RegionD,133
24553,RegionB,133
40534,RegionC,133
40913,RegionB,133
43111,RegionB,133
44986,RegionB,133
655,RegionF,134
7509,RegionE,134
14475,RegionE,134
29628,RegionF,134
35426,RegionE,134
41152,RegionD,134
24639,RegionB,135
29987,RegionD,135
37752,RegionC,135
13264,RegionB,136
13540,RegionB,136
17965,RegionF,136
18539,RegionB,136
23730,RegionE,136
25160,RegionE,136
28183,RegionD,136
36637,RegionC,136
38406,RegionA,136
39662,RegionD,136
43474,RegionD,136
3495,RegionF,137
8774,RegionD,137
17786,RegionD,137
23100,RegionD,137
26028,RegionA,137
28933,RegionF,137
29524,RegionA,137
41487,RegionE,137
42111,RegionF,137
6645,RegionA,138
7182,RegionA,138
9207,RegionD,138
10054,RegionE,138
11709,RegionA,138
17264,RegionA,138
19186,RegionA,138
24130,RegionD,138
24406,RegionE,138
41757,RegionF,138
48798,RegionB,138
6482,RegionB,139
13857,RegionD,139
19390,RegionA,139
33755,RegionA,139
48344,RegionA,139
7746,RegionA,140
14187,RegionF,140
17332,RegionB,140
22954,RegionC,140
24311,RegionB,140
32193,RegionF,140
40072,RegionA,140
42243,RegionA,140
8520,RegionF,141
14150,RegionB,141
23602,RegionB,141
28555,RegionB,141
29603,RegionA,141
31610,RegionA,141
33131,RegionF,141
37182,RegionC,141
9749,RegionB,142
11561,RegionD,142
18634,RegionE,142
23887,RegionD,142
44962,RegionD,142
45954,RegionE,142
5445,RegionB,143
8615,RegionC,143
19314,RegionC,143
39014,RegionE,143
40297,RegionC,143
40759,RegionE,143
2145,RegionA,144
17651,RegionA,144
24939,RegionA,144
28083,RegionB,144
3321,RegionC,145
7299,RegionE,145
28220,RegionB,145
32774,RegionC,145
37431,RegionC,145
37556,RegionC,145
44893,RegionA,145
46456,RegionB,145
48167,RegionA,145
2314,RegionF,146
3275,RegionB,146
19019,RegionD,146
26678,RegionA,146
28233,RegionB,146
28691,RegionA,146
34114,RegionE,146
37344,RegionB,146
41364,RegionA,146
4091,RegionE,147
8329,RegionE,147
15719,RegionC,147
25355,RegionC,147
47527,RegionD,147
11385,RegionE,148
11661,RegionE,148
23058,RegionB,148
23800,RegionC,148
25992,RegionD,148
41305,RegionA,148
959,RegionB,149
7301,RegionA,149
9793,RegionA,149
13541,RegionC,149
20520,RegionB,149
35573,RegionB,149
41821,RegionD,149
4766,RegionD,150
14446,RegionC,150
14706,RegionA,150
19448,RegionF,150
20686,RegionD,150
22480,RegionA,150
24488,RegionB,150
34213,RegionF,150
36742,RegionC,150
41723,RegionE,150
550,RegionF,151
4186,RegionB,151
4468,RegionB,151
4552,RegionA,151
6201,RegionC,151
12682,RegionC,151
17125,RegionE,151
23139,RegionD,151
23464,RegionB,151
32960,RegionE,151
38049,RegionD,151
42075,RegionC,151
45453,RegionC,151
45629,RegionB,151
46470,RegionC,151
16188,RegionF,152
18454,RegionC,152
20145,RegionB,152
28016,RegionA,152
32735,RegionD,152
34577,RegionB,152
36390,RegionE,152
36736,RegionC,152
37416,RegionA,152
42450,RegionD,152
2217,RegionA,153
4127,RegionB,153
5913,RegionD,153
12332,RegionA,153
14716,RegionD,153
17890,RegionC,153
25171,RegionC,153
27084,RegionA,153
38160,RegionD,153
39122,RegionB,153
43125,RegionC,153
10151,RegionD,154
29261,RegionF,154
45724,RegionD,154
47403,RegionD,154
48696,RegionE,154
49897,RegionF,154
33286,RegionD,155
41798,RegionB,155
236,RegionA,156
5978,RegionC,156
18175,RegionF,156
32775,RegionD,156
35962,RegionC,156
42594,RegionD,156
8195,RegionC,157
9229,RegionA,157
15808,RegionA,157
17842,RegionA,157
24427,RegionA,157
39999,RegionF,157
48489,RegionB,157
222,RegionF,158
6679,RegionB,158
9253,RegionD,158
11570,RegionF,158
18842,RegionD,158
24711,RegionB,158
5212,RegionD,159
9343,RegionC,159
11111,RegionF,159
17766,RegionD,159
18283,RegionB,159
18356,RegionC,159
30955,RegionB,159
36908,RegionD,159
37953,RegionA,159
43698,RegionF,159
49122,RegionE,159
49760,RegionA,159
3208,RegionA,160
23703,RegionD,160
24371,RegionC,160
34666,RegionF,160
34830,RegionF,160
36368,RegionC,160
43292,RegionF,160
1346,RegionB,161
2949,RegionD,161
9241,RegionF,161
10046,RegionD,161
15703,RegionA,161
21014,RegionD,161
23779,RegionB,161
40892,RegionA,161
5155,RegionA,162
5946,RegionD,162
21057,RegionB,162
29403,RegionD,162
36603,RegionB,162
39638,RegionF,162
43462,RegionF,162
209,RegionF,163
7904,RegionA,163
14097,RegionB,163
23465,RegionB,163
31269,RegionA,163
45368,RegionC,163
4627,RegionC,164
5594,RegionF,164
7201,RegionF,164
21230,RegionD,164
22327,RegionE,164
36268,RegionA,164
40597,RegionA,164
40971,RegionA,164
49106,RegionB,164
2556,RegionE,165
9643,RegionA,165
9827,RegionB,165
13841,RegionA,165
23542,RegionA,165
28086,RegionE,165
41425,RegionB,165
49839,RegionA,165
11376,RegionB,166
21782,RegionE,166
32034,RegionD,166
32141,RegionA,166
39673,RegionB,166
40071,RegionF,166
42610,RegionA,166
3801,RegionD,167
4342,RegionA,167
6378,RegionC,167
7871,RegionA,167
9700,RegionF,167
11359,RegionE,167
17268,RegionD,167
30377,RegionA,167
30798,RegionB,167
41877,RegionB,167
8167,RegionA,168
16442,RegionD,168
24593,RegionB,168
26805,RegionC,168
35184,RegionF,168
46965,RegionF,168
28415,RegionF,169
37199,RegionA,169
40685,RegionD,169
45558,RegionC,169
48432,RegionD,169
8080,RegionF,170
13999,RegionB,170
17617,RegionE,170
17805,RegionC,170
20233,RegionD,170
28802,RegionF,170
31689,RegionA,170
48591,RegionE,170
6707,RegionD,171
9662,RegionA,171
18835,RegionC,171
45445,RegionB,171
47572,RegionC,171
1178,RegionD,172
3927,RegionE,172
4871,RegionD,172
36954,RegionE,172
38378,RegionE,172
44676,RegionF,172
8548,RegionB,173
29057,RegionE,173
35609,RegionD,173
5955,RegionF,174
12487,RegionE,174
13917,RegionE,174
33993,RegionB,174
46689,RegionE,174
48593,RegionA,174
8820,RegionD,175
20972,RegionB,175
25824,RegionF,175
26918,RegionE,175
31583,RegionF,175
38135,RegionE,175
44231,RegionA,175
6226,RegionB,176
10608,RegionB,176
14001,RegionD,176
35837,RegionC,176
44792,RegionD,176
2628,RegionE,177
4002,RegionB,177
17779,RegionC,177
18376,RegionC,177
32439,RegionC,177
36811,RegionF,177
38347,RegionA,177
41748,RegionD,177
41806,RegionC,177
43107,RegionE,177
46721,RegionD,177
937,RegionF,178
28816,RegionA,178
39319,RegionB,178
2445,RegionE,179
3240,RegionA,179
4369,RegionA,179
4887,RegionA,179
6616,RegionD,179
7100,RegionC,179
8757,RegionA,179
9509,RegionE,179
11169,RegionE,179
16687,RegionA,179
27899,RegionB,179
30399,RegionC,179
47498,RegionA,179
196,RegionA,180
3363,RegionE,180
4325,RegionC,180
10614,RegionB,180
34357,RegionE,180
35636,RegionE,180
44711,RegionB,180
242,RegionA,181
3766,RegionB,181
6653,RegionB,181
16956,RegionA,181
17405,RegionC,181
25009,RegionD,181
29595,RegionF,181
37415,RegionA,181
38305,RegionD,181
39521,RegionA,181
41618,RegionE,181
44752,RegionD,181
49096,RegionE,181
2017,RegionD,182
7129,RegionF,182
9244,RegionB,182
35037,RegionC,182
37609,RegionD,182
1557,RegionC,183
3096,RegionA,183
8128,RegionB,183
14482,RegionF,183
16325,RegionE,183
17569,RegionC,183
20157,RegionA,183
20765,RegionD,183
35627,RegionC,183
4673,RegionC,184
11628,RegionE,184
39330,RegionF,184
39489,RegionB,184
47643,RegionB,184
4423,RegionC,185
11098,RegionA,185
32234,RegionA,185
48749,RegionF,185
3305,RegionF,186
4310,RegionA,186
4726,RegionD,186
5686,RegionF,186
6909,RegionC,186
12956,RegionB,186
13070,RegionD,186
14877,RegionA,186
21398,RegionB,186
39883,RegionB,186
46680,RegionC,186
49113,RegionC,186
1367,RegionC,187
3661,RegionB,187
10165,RegionE,187
13107,RegionB,187
17650,RegionE,187
23353,RegionB,187
2283,RegionA,188
19764,RegionA,188
35591,RegionF,188
35693,RegionC,188
35798,RegionC,188
37534,RegionA,188
38178,RegionB,188
40647,RegionE,188
46569,RegionD,188
13640,RegionC,189
15895,RegionB,189
17096,RegionC,189
20406,RegionA,189
21677,RegionE,189
47332,RegionF,189
2564,RegionA,190
7748,RegionB,190
11262,RegionA,190
12080,RegionD,190
13024,RegionD,190
25287,RegionA,190
25419,RegionB,190
37724,RegionA,190
44357,RegionB,190
49713,RegionE,190
4512,RegionF,191
6190,RegionE,191
13561,RegionC,191
19306,RegionB,191
21760,RegionC,191
29566,RegionC,191
34468,RegionE,191
41062,RegionA,191
47511,RegionA,191
9672,RegionD,192
11845,RegionF,192
13877,RegionD,192
17175,RegionC,192
21300,RegionB,192
22127,RegionB,192
25859,RegionB,192
29520,RegionC,192
33355,RegionA,192
33499,RegionA,192
3853,RegionC,193
10820,RegionD,193
23360,RegionB,193
30782,RegionE,193
37245,RegionA,193
45707,RegionA,193
49615,RegionF,193
36691,RegionD,194
38050,RegionE,194
43638,RegionD,194
9261,RegionF,195
9953,RegionC,195
26847,RegionF,195
27488,RegionD,195
29960,RegionC,195
34736,RegionD,195
37330,RegionA,195
7643,RegionB,196
11813,RegionA,196
14945,RegionC,196
19674,RegionC,196
23991,RegionD,196
28651,RegionF,196
28729,RegionE,196
43594,RegionA,196
45256,RegionC,196
6810,RegionB,197
17571,RegionE,197
22619,RegionB,197
27606,RegionD,197
28661,RegionC,197
1676,RegionD,198
7286,RegionE,198
19063,RegionB,198
20421,RegionB,198
26683,RegionF,198
35286,RegionC,198
36443,RegionE,198
42736,RegionB,198
46896,RegionC,198
49323,RegionC,198
1097,RegionB,199
1307,RegionB,199
16414,RegionC,199
24912,RegionF,199
28646,RegionB,199
33598,RegionA,199
9659,RegionD,200
17393,RegionD,200
22295,RegionF,200
30050,RegionB,200
46037,RegionC,200
7696,RegionB,201
9984,RegionA,201
10712,RegionA,201
23256,RegionC,201
24135,RegionC,201
29437,RegionE,201
30509,RegionB,201
33170,RegionF,201
37839,RegionD,201
41898,RegionC,201
49693,RegionE,201
11928,RegionC,202
20374,RegionA,202
28434,RegionF,202
35714,RegionD,202
39758,RegionB,202
43936,RegionA,202
49170,RegionA,202
2106,RegionA,203
13774,RegionF,203
15581,RegionC,203
15747,RegionE,203
20543,RegionF,203
25525,RegionC,203
10745,RegionA,204
11899,RegionA,204
11926,RegionB,204
13099,RegionA,204
25715,RegionB,204
26396,RegionA,204
30011,RegionB,204
37516,RegionC,204
287,RegionE,205
7290,RegionC,205
15535,RegionC,205
24175,RegionD,205
27224,RegionC,205
29744,RegionD,205
44663,RegionF,205
45366,RegionA,205
25842,RegionD,206
30551,RegionD,206
11162,RegionE,207
17467,RegionF,207
20914,RegionC,207
23235,RegionB,207
26195,RegionD,207
28023,RegionB,207
35226,RegionB,207
42190,RegionF,207
194,RegionD,208
2417,RegionD,208
5553,RegionD,208
8891,RegionD,208
10561,RegionA,208
25702,RegionB,208
32673,RegionA,208
45066,RegionC,208
49768,RegionB,208
13516,RegionD,209
18428,RegionC,209
25771,RegionF,209
31007,RegionA,209
34963,RegionB,209
37136,RegionC,209
40108,RegionD,209
47828,RegionC,209
9054,RegionC,210
14488,RegionE,210
22566,RegionB,210
31738,RegionD,210
32302,RegionD,210
37372,RegionC,210
37898,RegionD,210
41149,RegionB,210
48617,RegionE,210
5640,RegionF,211
5711,RegionE,211
6103,RegionC,211
21536,RegionB,211
23152,RegionD,211
28109,RegionB,211
31438,RegionE,211
37933,RegionA,211
38560,RegionD,211
45615,RegionA,211
4788,RegionA,212
10093,RegionE,212
27436,RegionD,212
40418,RegionE,212
45225,RegionD,212
890,RegionE,213
9376,RegionC,213
11890,RegionE,213
13122,RegionD,213
18087,RegionC,213
22757,RegionC,213
29446,RegionA,213
31720,RegionE,213
33454,RegionA,213
34556,RegionA,213
682,RegionA,214
5095,RegionE,214
16715,RegionB,214
21635,RegionB,214
24742,RegionA,214
29493,RegionB,214
30205,RegionE,214
43897,RegionB,214
47524,RegionA,214
11470,RegionD,215
13406,RegionE,215
22469,RegionC,215
25513,RegionD,215
31754,RegionA,215
48653,RegionB,215
48711,RegionA,215
12941,RegionF,216
18523,RegionF,216
32511,RegionC,216
43934,RegionE,216
45927,RegionD,216
3711,RegionE,217
6281,RegionD,217
10267,RegionB,217
25504,RegionB,217
29360,RegionA,217
31821,RegionB,217
33195,RegionD,217
37799,RegionD,217
901,RegionC,218
7151,RegionB,218
11021,RegionB,218
16110,RegionA,218
20494,RegionC,218
22196,RegionF,218
27541,RegionD,218
33012,RegionE,218
35869,RegionB,218
38006,RegionA,218
43792,RegionB,218
2166,RegionB,219
10867,RegionE,219
17997,RegionE,219
27750,RegionD,219
30646,RegionA,219
49867,RegionB,219
10421,RegionE,220
19011,RegionB,220
28605,RegionF,220
31275,RegionF,220
36399,RegionA,220
37771,RegionB,220
39955,RegionB,220
43033,RegionC,220
2173,RegionB,221
5843,RegionF,221
14047,RegionD,221
17578,RegionF,221
23612,RegionE,221
25034,RegionD,221
38886,RegionB,221
38957,RegionA,221
3737,RegionE,222
6431,RegionC,222
10323,RegionE,222
25665,RegionE,222
29777,RegionD,222
33266,RegionC,222
37540,RegionA,222
1730,RegionE,223
3815,RegionD,223
7272,RegionD,223
8898,RegionD,223
24462,RegionB,223
44248,RegionD,223
49958,RegionB,223
769,RegionB,224
4822,RegionB,224
10565,RegionE,224
16536,RegionA,224
22101,RegionC,224
24860,RegionA,224
27318,RegionE,224
28180,RegionA,224
32297,RegionE,224
32924,RegionB,224
36460,RegionC,224
8100,RegionF,225
23567,RegionF,225
38723,RegionC,225
39581,RegionB,225
43814,RegionD,225
48039,RegionD,225
3629,RegionB,226
19169,RegionC,226
34484,RegionB,226
42548,RegionD,226
44971,RegionF,226
46963,RegionD,226
47605,RegionC,226
4374,RegionF,227
20834,RegionB,227
30745,RegionA,227
34173,RegionE,227
41645,RegionF,227
16385,RegionA,228
26112,RegionF,228
29289,RegionB,228
29612,RegionC,228
36452,RegionB,228
39485,RegionD,228
41255,RegionC,228
41271,RegionF,228
574,RegionD,229
5874,RegionD,229
25735,RegionC,229
25895,RegionE,229
36807,RegionB,229
42193,RegionC,229
43657,RegionD,229
44824,RegionC,229
45931,RegionB,229
819,RegionF,230
12978,RegionD,230
25460,RegionC,230
29928,RegionD,230
43103,RegionA,230
47981,RegionE,230
4118,RegionF,231
19787,RegionD,231
23089,RegionA,231
28499,RegionE,231
7881,RegionD,232
13677,RegionA,232
21334,RegionC,232
26800,RegionE,232
38079,RegionB,232
41961,RegionA,232
43472,RegionC,232
46968,RegionB,232
6665,RegionB,233
9138,RegionB,233
30138,RegionD,233
30773,RegionC,233
39985,RegionE,233
984,RegionA,234
5289,RegionC,234
5721,RegionB,234
7102,RegionE,234
11598,RegionB,234
18234,RegionF,234
24840,RegionF,234
29226,RegionD,234
38071,RegionA,234
41986,RegionF,234
43631,RegionD,234
2680,RegionD,235
11421,RegionB,235
25477,RegionA,235
36845,RegionA,235
1335,RegionD,236
16093,RegionC,236
26312,RegionB,236
35619,RegionB,236
2181,RegionD,237
16579,RegionD,237
19030,RegionB,237
25217,RegionC,237
26849,RegionB,237
31270,RegionB,237
34519,RegionC,237
38468,RegionD,237
43846,RegionC,237
45622,RegionA,237
47629,RegionA,237
2993,RegionC,238
19481,RegionA,238
19517,RegionC,238
45251,RegionD,238
48248,RegionC,238
10183,RegionC,239
11891,RegionF,239
14565,RegionD,239
15216,RegionE,239
29550,RegionA,239
33101,RegionB,239
33989,RegionD,239
35159,RegionA,239
141,RegionD,240
8081,RegionA,240
14911,RegionB,240
28449,RegionA,240
36094,RegionD,240
44013,RegionF,240
8478,RegionD,241
14820,RegionC,241
21933,RegionE,241
23577,RegionC,241
41884,RegionB,241
47146,RegionC,241
1200,RegionA,242
19324,RegionA,242
21290,RegionE,242
22377,RegionC,242
30599,RegionF,242
32014,RegionD,242
37118,RegionE,242
48128,RegionB,242
1934,RegionF,243
11160,RegionC,243
13222,RegionE,243
13261,RegionE,243
37729,RegionF,243
44366,RegionD,243
8819,RegionD,244
15787,RegionE,244
17087,RegionA,244
24624,RegionA,244
32246,RegionA,244
45815,RegionD,244
9071,RegionF,245
25888,RegionD,245
31649,RegionA,245
40258,RegionC,245
42365,RegionD,245
42596,RegionF,245
49677,RegionB,245
43205,RegionD,246
1394,RegionD,247
8395,RegionF,247
10426,RegionD,247
11382,RegionB,247
20181,RegionD,247
21437,RegionA,247
25187,RegionF,247
31352,RegionD,247
37636,RegionD,247
8489,RegionB,248
36055,RegionD,248
36561,RegionE,248
37926,RegionF,248
39336,RegionF,248
40137,RegionA,248
47639,RegionD,248
47771,RegionE,248
7528,RegionE,249
10337,RegionF,249
10472,RegionD,249
12458,RegionB,249
27623,RegionB,249
34712,RegionF,249
41902,RegionA,249
42776,RegionB,249
44334,RegionE,249
13089,RegionC,250
23575,RegionA,250
40654,RegionE,250
3519,RegionD,251
4551,RegionF,251
7124,RegionA,251
15136,RegionD,251
20674,RegionE,251
27607,RegionE,251
28308,RegionD,251
40482,RegionD,251
45228,RegionA,251
46335,RegionF,251
47789,RegionD,251
9725,RegionD,252
30717,RegionF,252
34289,RegionC,252
38235,RegionA,252
39243,RegionD,252
41679,RegionA,252
47987,RegionD,252
48988,RegionB,252
3142,RegionA,253
5349,RegionD,253
11515,RegionD,253
25691,RegionD,253
43468,RegionE,253
48634,RegionB,253
13830,RegionC,254
21769,RegionE,254
27143,RegionA,254
28145,RegionE,254
28831,RegionC,254
32790,RegionF,254
42550,RegionE,254
47306,RegionF,254
313,RegionE,255
3458,RegionB,255
22256,RegionA,255
25653,RegionF,255
28942,RegionB,255
41018,RegionB,255
9920,RegionC,256
12342,RegionD,256
14609,RegionB,256
21163,RegionC,256
31407,RegionA,256
20073,RegionB,257
26924,RegionD,257
37005,RegionC,257
41035,RegionF,257
3678,RegionE,258
8454,RegionF,258
10682,RegionD,258
19298,RegionA,258
21127,RegionF,258
23048,RegionE,258
27421,RegionC,258
42026,RegionF,258
45753,RegionA,258
47032,RegionA,258
2967,RegionC,259
8627,RegionB,259
11626,RegionC,259
12117,RegionB,259
17827,RegionE,259
23349,RegionD,259
29781,RegionB,259
44562,RegionD,259
45102,RegionF,259
5428,RegionD,260
11447,RegionB,260
14553,RegionD,260
14632,RegionE,260
15283,RegionA,260
19571,RegionD,260
21205,RegionE,260
26191,RegionF,260
1278,RegionF,261
2131,RegionF,261
5434,RegionC,261
8526,RegionF,261
12052,RegionC,261
27313,RegionF,261
30086,RegionD,261
37348,RegionE,261
41366,RegionB,261
41437,RegionA,261
45463,RegionF,261
5034,RegionD,262
6696,RegionF,262
15343,RegionA,262
18547,RegionD,262
18719,RegionE,262
34899,RegionC,262
40159,RegionB,262
41529,RegionB,262
44107,RegionB,262
46691,RegionA,262
4175,RegionD,263
6160,RegionB,263
6519,RegionF,263
16096,RegionF,263
20495,RegionD,263
22290,RegionB,263
26663,RegionF,263
34174,RegionF,263
34671,RegionD,263
40277,RegionB,263
42343,RegionB,263
5973,RegionD,264
6376,RegionA,264
13080,RegionA,264
23621,RegionA,264
26422,RegionA,264
36839,RegionB,264
43311,RegionF,264
4919,RegionA,265
7425,RegionA,265
10445,RegionC,265
21115,RegionA,265
21915,RegionA,265
22833,RegionA,265
30817,RegionA,265
31624,RegionB,265
40645,RegionC,265
4820,RegionF,266
8346,RegionC,266
16249,RegionB,266
33866,RegionF,266
38768,RegionB,266
38807,RegionB,266
27418,RegionF,267
40282,RegionA,267
4702,RegionF,268
15754,RegionE,268
21886,RegionD,268
24981,RegionC,268
39804,RegionB,268
44307,RegionD,268
44541,RegionB,268
17491,RegionD,269
19062,RegionA,269
28660,RegionB,269
29137,RegionA,269
29766,RegionF,269
45028,RegionD,269
47825,RegionA,269
5489,RegionF,270
9210,RegionA,270
23328,RegionC,270
46336,RegionA,270
46649,RegionE,270
3333,RegionB,271
8833,RegionD,271
14306,RegionA,271
18158,RegionB,271
21180,RegionA,271
30042,RegionA,271
31272,RegionC,271
35804,RegionC,271
46717,RegionA,271
8145,RegionE,272
10344,RegionA,272
12301,RegionC,272
14952,RegionD,272
30209,RegionC,272
37455,RegionA,272
41171,RegionD,272
45546,RegionD,272
5053,RegionC,273
11365,RegionD,273
15087,RegionA,273
27197,RegionB,273
2045,RegionF,274
7651,RegionC,274
20512,RegionA,274
21715,RegionD,274
31336,RegionB,274
1556,RegionB,275
4151,RegionF,275
9959,RegionB,275
16537,RegionA,275
18583,RegionA,275
20928,RegionD,275
20940,RegionC,275
32318,RegionA,275
38588,RegionE,275
43428,RegionD,275
43533,RegionD,275
47326,RegionF,275
941,RegionD,276
2719,RegionD,276
14226,RegionE,276
18258,RegionD,276
25037,RegionA,276
38764,RegionD,276
41087,RegionE,276
41200,RegionA,276
43873,RegionD,276
47172,RegionC,276
3278,RegionE,277
3310,RegionD,277
5680,RegionA,277
11864,RegionE,277
12570,RegionC,277
22494,RegionB,277
23032,RegionB,277
23040,RegionD,277
36781,RegionB,277
40466,RegionA,277
11885,RegionF,278
21275,RegionC,278
22014,RegionA,278
28863,RegionB,278
29407,RegionB,278
32743,RegionE,278
34396,RegionE,278
46975,RegionC,278
6499,RegionF,279
21525,RegionD,279
26693,RegionC,279
31383,RegionC,279
34822,RegionD,279
43938,RegionC,279
16886,RegionB,280
29752,RegionE,280
31072,RegionA,280
43444,RegionA,280
48400,RegionD,280
48714,RegionD,280
2613,RegionC,281
12500,RegionD,281
14279,RegionF,281
15971,RegionF,281
18973,RegionD,281
20649,RegionA,281
30506,RegionE,281
36266,RegionE,281
37490,RegionC,281
42381,RegionA,281
44561,RegionC,281
1803,RegionF,282
28338,RegionB,282
34881,RegionD,282
47471,RegionA,282
7685,RegionD,283
18709,RegionB,283
19012,RegionC,283
22591,RegionA,283
26822,RegionA,283
28326,RegionC,283
35287,RegionD,283
41318,RegionA,283
229,RegionA,284
3601,RegionA,284
8052,RegionD,284
8534,RegionA,284
17777,RegionB,284
18154,RegionD,284
28786,RegionC,284
31736,RegionB,284
36756,RegionD,284
44361,RegionF,284
46640,RegionB,284
47420,RegionB,284
48774,RegionD,284
3438,RegionB,285
20153,RegionC,285
24847,RegionA,285
42625,RegionB,285
43848,RegionE,285
7435,RegionD,286
27349,RegionC,286
31071,RegionF,286
31375,RegionB,286
32431,RegionB,286
36433,RegionB,286
37332,RegionB,286
43733,RegionB,286
45362,RegionD,286
46149,RegionC,286
47384,RegionE,286
48531,RegionD,286
3622,RegionB,287
23497,RegionB,287
27100,RegionC,287
28590,RegionD,287
29019,RegionA,287
37707,RegionD,287
38173,RegionD,287
49245,RegionC,287
7439,RegionA,288
18003,RegionD,288
18293,RegionF,288
22597,RegionA,288
28834,RegionE,288
32410,RegionA,288
32628,RegionB,288
39864,RegionB,288
6583,RegionD,289
11199,RegionC,289
14119,RegionD,289
31367,RegionA,289
43427,RegionD,289
44881,RegionB,289
1702,RegionD,290
11073,RegionB,290
17873,RegionE,290
18654,RegionF,290
30732,RegionB,290
33174,RegionC,290
34891,RegionB,290
41386,RegionC,290
41718,RegionA,290
44427,RegionA,290
5211,RegionC,291
13041,RegionB,291
17584,RegionE,291
18532,RegionB,291
22316,RegionA,291
25206,RegionE,291
28451,RegionC,291
29644,RegionB,291
2815,RegionB,292
14273,RegionA,292
24999,RegionB,292
30793,RegionC,292
34518,RegionB,292
35056,RegionC,292
42666,RegionD,292
45400,RegionB,292
48035,RegionA,293
5381,RegionC,294
24550,RegionE,294
41321,RegionC,294
42630,RegionA,294
43097,RegionB,294
47547,RegionD,294
14601,RegionA,295
16379,RegionA,295
27812,RegionA,295
32255,RegionB,295
36721,RegionB,295
24536,RegionD,296
45337,RegionD,296
46021,RegionA,296
1938,RegionD,297
17570,RegionD,297
22184,RegionA,297
23296,RegionD,297
27040,RegionB,297
35982,RegionD,297
36511,RegionB,297
41915,RegionA,297
43852,RegionB,297
277,RegionB,298
1741,RegionC,298
9901,RegionC,298
13095,RegionC,298
27453,RegionB,298
35664,RegionA,298
37170,RegionD,298
7534,RegionD,299
17616,RegionD,299
21032,RegionC,299
21680,RegionB,299
35028,RegionA,299
36588,RegionF,299
42159,RegionB,299
13950,RegionE,300
27865,RegionA,300
38056,RegionE,300
38193,RegionD,300
49781,RegionB,300
1109,RegionA,301
6116,RegionC,301
17193,RegionA,301
17411,RegionC,301
32846,RegionC,301
40543,RegionF,301
44264,RegionA,301
46118,RegionE,301
49544,RegionA,301
1523,RegionB,302
18002,RegionC,302
30657,RegionE,302
1035,RegionF,303
7460,RegionC,303
11357,RegionC,303
41970,RegionC,303
9349,RegionB,304
9981,RegionD,304
22247,RegionD,304
24806,RegionE,304
26562,RegionC,304
27112,RegionB,304
28546,RegionF,304
36751,RegionE,304
44352,RegionD,304
49548,RegionD,304
10949,RegionB,305
22409,RegionB,305
23135,RegionA,305
26082,RegionB,305
48342,RegionE,305
6184,RegionE,306
6564,RegionE,306
10418,RegionB,306
18391,RegionE,306
38826,RegionA,306
47363,RegionD,306
6228,RegionD,307
14929,RegionA,307
19806,RegionC,307
24843,RegionC,307
26557,RegionD,307
26948,RegionB,307
33542,RegionD,307
39527,RegionA,307
12172,RegionD,308
21861,RegionE,308
37339,RegionC,308
40141,RegionD,308
42910,RegionE,308
43546,RegionD,308
49252,RegionD,308
12640,RegionA,309
33398,RegionD,309
38140,RegionD,309
42072,RegionF,309
46356,RegionA,309
3591,RegionD,310
4953,RegionB,310
15400,RegionE,310
24093,RegionA,310
35218,RegionA,310
36394,RegionB,310
43892,RegionC,310
7947,RegionD,311
12001,RegionD,311
13302,RegionA,311
16264,RegionD,311
16581,RegionF,311
22562,RegionD,311
45942,RegionF,311
47732,RegionE,311
5787,RegionB,312
5801,RegionC,312
6117,RegionD,312
30749,RegionE,312
2533,RegionB,313
5057,RegionA,313
12878,RegionB,313
16505,RegionB,313
19027,RegionE,313
28101,RegionA,313
34419,RegionB,313
41234,RegionB,313
998,RegionB,314
4357,RegionB,314
16152,RegionC,314
25659,RegionE,314
28223,RegionD,314
48540,RegionA,314
3828,RegionD,315
6320,RegionD,315
24936,RegionD,315
29999,RegionC,315
30340,RegionC,315
37103,RegionC,315
17625,RegionA,316
25101,RegionE,316
25500,RegionD,316
32918,RegionC,316
48670,RegionE,316
10988,RegionB,317
18761,RegionB,317
34364,RegionF,317
784,RegionD,318
2572,RegionB,318
7061,RegionD,318
13477,RegionD,318
13577,RegionF,318
16496,RegionF,318
22293,RegionD,318
32964,RegionC,318
41477,RegionB,318
42546,RegionB,318
1695,RegionC,319
1797,RegionA,319
2997,RegionA,319
4607,RegionC,319
14586,RegionE,319
31916,RegionD,319
31963,RegionF,319
34935,RegionF,319
2041,RegionB,320
12597,RegionC,320
16035,RegionD,320
17960,RegionA,320
20093,RegionB,320
29246,RegionD,320
33048,RegionB,320
41974,RegionA,320
43371,RegionA,320
3051,RegionB,321
6635,RegionD,321
6739,RegionC,321
17357,RegionA,321
17829,RegionA,321
25159,RegionD,321
28282,RegionD,321
30990,RegionC,321
31133,RegionB,321
33238,RegionB,321
33522,RegionD,321
35263,RegionF,321
36950,RegionA,321
48367,RegionD,321
25,RegionF,322
29109,RegionE,322
31107,RegionB,322
33485,RegionF,322
1047,RegionD,323
1179,RegionE,323
1341,RegionD,323
1753,RegionB,323
6846,RegionE,323
11802,RegionB,323
19863,RegionB,323
36577,RegionB,323
38543,RegionA,323
49735,RegionB,323
2876,RegionD,324
14430,RegionF,324
17361,RegionE,324
21696,RegionD,324
25981,RegionF,324
39933,RegionF,324
42483,RegionD,324
43087,RegionD,324
46779,RegionD,324
48428,RegionF,324
3180,RegionF,325
3258,RegionE,325
17680,RegionC,325
19123,RegionC,325
27272,RegionD,325
35663,RegionF,325
39069,RegionA,325
39780,RegionD,325
45369,RegionD,325
31,RegionE,326
6758,RegionB,326
10119,RegionE,326
10479,RegionD,326
26363,RegionA,326
28389,RegionA,326
2676,RegionA,327
3499,RegionC,327
7281,RegionA,327
11130,RegionF,327
18810,RegionD,327
22477,RegionD,327
35551,RegionE,327
41893,RegionD,327
1286,RegionA,328
2902,RegionC,328
15839,RegionE,328
36034,RegionC,328
38541,RegionD,328
47884,RegionA,328
49782,RegionB,328
477,RegionE,329
3632,RegionE,329
5233,RegionF,329
11982,RegionE,329
16499,RegionB,329
26771,RegionB,329
28041,RegionF,329
35991,RegionF,329
44012,RegionE,329
1415,RegionE,330
3688,RegionB,330
6584,RegionE,330
21333,RegionB,330
23830,RegionA,330
27661,RegionA,330
47895,RegionD,330
11066,RegionA,331
15947,RegionB,331
16023,RegionE,331
452,RegionA,332
7147,RegionD,332
19586,RegionA,332
24778,RegionC,332
31193,RegionC,332
35973,RegionB,332
36169,RegionA,332
39686,RegionB,332
44094,RegionB,332
852,RegionA,333
5306,RegionA,333
17187,RegionB,333
28125,RegionE,333
30369,RegionE,333
47271,RegionD,333
904,RegionF,334
5993,RegionE,334
8039,RegionD,334
27956,RegionA,334
29873,RegionB,334
33807,RegionA,334
40901,RegionC,334
49436,RegionD,334
49498,RegionA,334
342,RegionB,335
4603,RegionE,335
10341,RegionD,335
12273,RegionA,335
31166,RegionB,335
34673,RegionA,335
43831,RegionA,335
48619,RegionA,335
9699,RegionD,336
16558,RegionB,336
16637,RegionC,336
24325,RegionC,336
37037,RegionC,336
45116,RegionA,336
1687,RegionB,337
4954,RegionB,337
8094,RegionA,337
12772,RegionB,337
14550,RegionB,337
17509,RegionB,337
24490,RegionD,337
34959,RegionD,337
46524,RegionD,337
970,RegionF,338
3070,RegionA,338
5614,RegionF,338
17051,RegionC,338
35867,RegionA,338
46701,RegionD,338
6104,RegionD,339
17789,RegionA,339
20534,RegionC,339
33292,RegionC,339
40732,RegionD,339
41505,RegionD,339
46360,RegionD,339
48231,RegionF,339
49451,RegionF,339
5192,RegionD,340
5717,RegionD,340
7887,RegionC,340
8306,RegionB,340
11154,RegionD,340
12328,RegionC,340
12866,RegionC,340
18581,RegionE,340
27635,RegionA,340
5952,RegionC,341
8339,RegionC,341
12100,RegionE,341
32342,RegionD,341
34229,RegionB,341
36276,RegionB,341
42405,RegionE,341
48294,RegionC,341
1752,RegionB,342
5823,RegionE,342
14645,RegionE,342
22241,RegionE,342
22461,RegionB,342
24095,RegionC,342
27754,RegionB,343
31679,RegionD,343
39111,RegionD,343
44325,RegionC,343
1871,RegionB,344
12300,RegionB,344
32502,RegionA,344
3539,RegionD,345
10473,RegionD,345
28725,RegionB,345
28761,RegionD,345
29030,RegionD,345
32204,RegionD,345
40562,RegionE,345
42715,RegionA,345
1478,RegionC,346
4671,RegionB,346
6648,RegionD,346
28866,RegionD,346
44618,RegionA,346
1830,RegionA,347
3640,RegionA,347
8340,RegionD,347
19754,RegionD,347
22486,RegionA,347
40304,RegionC,347
46031,RegionC,347
3074,RegionE,348
18080,RegionC,348
19013,RegionD,348
20182,RegionE,348
22618,RegionB,348
24101,RegionB,348
43018,RegionB,348
43598,RegionD,348
49103,RegionE,348
10428,RegionE,349
17815,RegionA,349
18113,RegionC,349
20922,RegionD,349
21374,RegionD,349
24000,RegionF,349
31332,RegionD,349
33627,RegionD,349
46770,RegionB,349
6407,RegionE,350
27120,RegionD,350
28500,RegionF,350
38143,RegionA,350
38431,RegionF,350
45398,RegionA,350
46287,RegionD,350
48762,RegionF,350
1548,RegionA,351
4980,RegionB,351
15368,RegionF,351
17836,RegionB,351
23953,RegionE,351
24746,RegionD,351
28980,RegionA,351
33539,RegionA,351
33587,RegionC,351
37085,RegionD,351
44786,RegionD,351
45669,RegionB,351
48766,RegionC,351
17922,RegionB,352
4493,RegionA,353
18524,RegionA,353
24504,RegionE,353
24529,RegionD,353
32308,RegionC,353
33241,RegionD,353
8662,RegionD,354
11077,RegionE,354
11633,RegionD,354
20600,RegionD,354
33821,RegionA,354
45708,RegionB,354
1226,RegionA,355
22125,RegionA,355
22624,RegionA,355
31284,RegionB,355
33744,RegionB,355
36824,RegionF,355
38972,RegionC,355
44437,RegionC,355
46978,RegionF,355
1633,RegionA,356
5315,RegionB,356
5525,RegionC,356
10168,RegionB,356
15156,RegionD,356
16789,RegionD,356
22948,RegionC,356
28103,RegionC,356
29698,RegionD,356
31924,RegionF,356
3896,RegionA,357
5664,RegionD,357
12818,RegionB,357
13396,RegionB,357
20128,RegionD,357
31289,RegionA,357
49463,RegionE,357
2004,RegionD,358
4442,RegionB,358
12356,RegionE,358
24492,RegionF,358
34058,RegionB,358
3268,RegionB,359
19539,RegionE,359
32893,RegionD,359
46096,RegionC,359
47437,RegionF,359
48753,RegionC,359
499,RegionA,360
2309,RegionA,360
12908,RegionF,360
30016,RegionA,360
46986,RegionA,360
10154,RegionA,361
16467,RegionC,361
20465,RegionA,361
33811,RegionD,361
39591,RegionE,361
45303,RegionD,361
47937,RegionA,361
48020,RegionE,361
6421,RegionA,362
10611,RegionE,362
18627,RegionE,362
26776,RegionA,362
27717,RegionD,362
27944,RegionA,362
39651,RegionF,362
14083,RegionA,363
23172,RegionD,363
26253,RegionB,363
32594,RegionA,363
42881,RegionB,363
48094,RegionA,363
5490,RegionA,364
7927,RegionD,364
8026,RegionD,364
11706,RegionD,364
21823,RegionA,364
20005,RegionF,365
24075,RegionB,365
24399,RegionE,365
35616,RegionE,365
45939,RegionC,365
2934,RegionC,366
8966,RegionF,366
12433,RegionC,366
27658,RegionD,366
47911,RegionA,366
4729,RegionA,367
13859,RegionF,367
17575,RegionC,367
30296,RegionD,367
37653,RegionB,367
42876,RegionD,367
43039,RegionC,367
43384,RegionA,367
48477,RegionC,367
33534,RegionB,368
38470,RegionE,368
47067,RegionC,368
47905,RegionB,368
3228,RegionB,369
4197,RegionF,369
4204,RegionA,369
5527,RegionD,369
6918,RegionE,369
7223,RegionB,369
11007,RegionA,369
22756,RegionB,369
23193,RegionF,369
30860,RegionD,369
36740,RegionA,369
40511,RegionA,369
41711,RegionF,369
47891,RegionA,369
48637,RegionE,369
12476,RegionA,370
13596,RegionE,370
15889,RegionC,370
19543,RegionC,370
21459,RegionC,371
28126,RegionF,371
44189,RegionD,371
1265,RegionF,372
4679,RegionC,372
8847,RegionE,372
16247,RegionF,372
30410,RegionA,372
32185,RegionD,372
1692,RegionA,373
18883,RegionE,373
29312,RegionD,373
30613,RegionA,373
32025,RegionB,373
32901,RegionF,373
36082,RegionE,373
48693,RegionB,373
2936,RegionD,374
32321,RegionC,374
42058,RegionE,374
898,RegionA,375
27742,RegionB,375
2427,RegionA,376
3042,RegionE,376
5871,RegionA,376
14924,RegionB,376
15742,RegionF,376
24964,RegionF,376
29007,RegionB,376
31436,RegionC,376
42807,RegionA,376
45089,RegionF,376
14378,RegionA,377
14758,RegionF,377
15021,RegionA,377
29031,RegionF,377
30604,RegionD,377
30644,RegionE,377
41551,RegionD,377
46001,RegionF,377
7160,RegionD,378
11491,RegionF,378
17817,RegionB,378
26424,RegionC,378
32604,RegionD,378
33954,RegionC,378
36278,RegionD,378
40750,RegionC,378
45175,RegionA,378
21153,RegionF,379
22034,RegionB,379
23665,RegionE,379
7252,RegionD,380
9374,RegionA,380
14649,RegionB,380
16214,RegionF,380
16508,RegionE,380
21969,RegionB,380
36073,RegionC,380
37794,RegionE,380
39967,RegionA,380
49885,RegionA,380
518,RegionA,381
5901,RegionD,381
13448,RegionB,381
15097,RegionD,381
17830,RegionB,381
26025,RegionD,381
28867,RegionF,381
31839,RegionF,381
39260,RegionB,381
41812,RegionB,381
41824,RegionA,381
15425,RegionD,382
16280,RegionA,382
31129,RegionD,382
5738,RegionF,383
10594,RegionA,383
19452,RegionD,383
40662,RegionA,383
47768,RegionB,383
15507,RegionA,384
15843,RegionB,384
30795,RegionE,384
33363,RegionB,384
34717,RegionD,384
41781,RegionD,384
48478,RegionD,384
5934,RegionE,385
7094,RegionD,385
23788,RegionD,385
24487,RegionA,385
26759,RegionC,385
40181,RegionD,385
12559,RegionD,386
12671,RegionE,386
20687,RegionE,386
23320,RegionB,386
5422,RegionD,387
7033,RegionB,387
19616,RegionD,387
24741,RegionF,387
41528,RegionA,387
5130,RegionA,388
11145,RegionA,388
14661,RegionA,388
21281,RegionC,388
23201,RegionA,388
24937,RegionE,388
31302,RegionA,388
36089,RegionF,388
46994,RegionB,388
47699,RegionE,388
32580,RegionF,389
32684,RegionE,389
37883,RegionB,389
38131,RegionA,389
45138,RegionC,389
1227,RegionA,390
9753,RegionF,390
16941,RegionE,390
28206,RegionA,390
38722,RegionB,390
14702,RegionC,391
15856,RegionB,391
16562,RegionA,391
23840,RegionC,391
31241,RegionE,391
31934,RegionC,391
35475,RegionB,391
38522,RegionE,391
43226,RegionF,391
45745,RegionF,391
46445,RegionD,391
49673,RegionE,391
4828,RegionA,392
18215,RegionA,392
20064,RegionF,392
29024,RegionE,392
30243,RegionD,392
30807,RegionD,392
41124,RegionC,392
49384,RegionD,392
4388,RegionA,393
14809,RegionE,393
16889,RegionE,393
17633,RegionB,393
25642,RegionB,393
36379,RegionA,393
37208,RegionC,393
40174,RegionD,393
7764,RegionD,394
31340,RegionF,394
39546,RegionF,394
46071,RegionD,394
720,RegionF,395
6885,RegionD,395
31446,RegionA,395
16065,RegionB,396
19520,RegionF,396
21330,RegionF,396
25679,RegionF,396
28717,RegionA,396
32514,RegionF,396
42347,RegionF,396
45818,RegionA,396
7459,RegionB,397
8288,RegionD,397
12005,RegionB,397
13824,RegionD,397
49269,RegionA,397
49657,RegionB,397
3665,RegionE,398
4115,RegionC,398
5385,RegionA,398
6434,RegionF,398
17734,RegionD,398
20032,RegionA,398
21922,RegionA,398
32452,RegionC,398
1554,RegionA,399
7116,RegionF,399
9286,RegionE,399
27730,RegionD,399
30248,RegionC,399
30398,RegionB,399
35504,RegionD,399
3575,RegionA,400
6283,RegionF,400
16994,RegionE,400
24769,RegionA,400
26293,RegionC,400
37541,RegionB,400
39585,RegionE,400
46782,RegionA,400
47898,RegionA,400
3771,RegionA,401
4601,RegionC,401
30500,RegionE,401
33903,RegionD,401
45332,RegionF,401
46911,RegionD,401
2507,RegionB,402
3565,RegionD,402
7532,RegionB,402
9624,RegionB,402
9904,RegionF,402
12926,RegionD,402
23959,RegionD,402
33585,RegionA,402
569,RegionE,403
12962,RegionA,403
33261,RegionE,403
34010,RegionF,403
42679,RegionC,403
43201,RegionA,403
48216,RegionD,403
7510,RegionA,404
8082,RegionB,404
31954,RegionC,404
32115,RegionA,404
46254,RegionC,404
653,RegionD,405
2792,RegionE,405
5503,RegionA,405
12407,RegionD,405
14913,RegionD,405
17988,RegionB,405
20944,RegionA,405
27262,RegionB,405
48705,RegionB,405
659,RegionD,406
21692,RegionA,406
24634,RegionD,406
25844,RegionA,406
28114,RegionA,406
44980,RegionB,406
10543,RegionC,407
15187,RegionB,407
18199,RegionD,407
26597,RegionE,407
29283,RegionB,407
37488,RegionA,407
38880,RegionB,407
40865,RegionF,407
47673,RegionE,407
14909,RegionA,408
17756,RegionA,408
22513,RegionB,408
29867,RegionB,408
39709,RegionE,408
6471,RegionD,409
7228,RegionA,409
9167,RegionD,409
11170,RegionF,409
17847,RegionF,409
23517,RegionB,409
30528,RegionA,409
41905,RegionC,409
46433,RegionE,409
10511,RegionC,410
15980,RegionB,410
23222,RegionB,410
31634,RegionD,410
41933,RegionE,410
5308,RegionB,411
10962,RegionB,411
13812,RegionE,411
23777,RegionF,411
24366,RegionD,411
29874,RegionC,411
30318,RegionA,411
44875,RegionB,411
5274,RegionA,412
6114,RegionB,412
21097,RegionB,412
22976,RegionE,412
42244,RegionB,412
46926,RegionF,412
30465,RegionC,413
49454,RegionB,413
868,RegionC,414
20540,RegionC,414
29825,RegionF,414
37756,RegionA,414
39836,RegionA,414
42055,RegionC,414
1976,RegionB,415
14196,RegionB,415
17560,RegionA,415
26892,RegionE,415
32291,RegionF,415
39449,RegionA,415
43069,RegionF,415
10476,RegionA,416
11894,RegionB,416
13081,RegionB,416
16964,RegionB,416
18058,RegionA,416
31952,RegionB,416
41193,RegionF,416
1866,RegionD,417
11938,RegionA,417
25750,RegionD,417
26723,RegionA,417
32097,RegionB,417
41301,RegionC,417
42560,RegionB,417
45161,RegionF,417
19,RegionA,418
1467,RegionE,418
17769,RegionA,418
17774,RegionE,418
25456,RegionF,418
31950,RegionF,418
32055,RegionF,418
32379,RegionB,418
36592,RegionD,418
41813,RegionC,418
47946,RegionC,418
1629,RegionC,419
2389,RegionB,419
13800,RegionF,419
15043,RegionC,419
16298,RegionE,419
20193,RegionC,419
22454,RegionB,419
34380,RegionB,419
34386,RegionB,419
46137,RegionD,419
47127,RegionD,419
975,RegionE,420
6216,RegionE,420
14996,RegionB,420
18567,RegionD,420
25608,RegionA,420
28176,RegionD,420
35621,RegionC,420
48480,RegionF,420
1784,RegionA,421
2831,RegionD,421
6150,RegionD,421
7572,RegionC,421
15424,RegionC,421
29911,RegionA,421
39108,RegionA,421
47006,RegionA,421
47750,RegionD,421
14788,RegionD,422
16253,RegionF,422
16553,RegionD,422
17675,RegionD,422
20373,RegionF,422
27370,RegionD,422
34076,RegionA,422
37658,RegionA,422
43555,RegionA,422
43806,RegionB,422
1472,RegionC,423
13157,RegionF,423
18570,RegionA,423
24343,RegionB,423
30168,RegionB,423
35337,RegionB,423
41702,RegionD,423
47861,RegionC,423
185,RegionB,424
730,RegionC,424
7954,RegionD,424
11933,RegionB,424
23413,RegionC,424
25013,RegionB,424
28970,RegionD,424
45297,RegionD,424
5798,RegionA,425
31101,RegionC,425
18122,RegionE,426
18278,RegionD,426
18453,RegionB,426
24880,RegionA,426
25957,RegionB,426
29794,RegionB,426
33671,RegionB,426
45490,RegionA,426
8096,RegionB,427
18843,RegionD,427
24443,RegionC,427
27800,RegionB,427
27813,RegionB,427
29485,RegionA,427
31918,RegionA,427
49999,RegionC,427
7183,RegionA,428
10888,RegionF,428
11610,RegionA,428
26176,RegionD,428
29496,RegionE,428
42980,RegionC,428
46625,RegionA,428
49505,RegionA,428
2233,RegionC,429
24495,RegionB,429
29606,RegionD,429
30139,RegionE,429
34358,RegionA,429
34584,RegionC,429
40145,RegionB,429
48141,RegionB,429
5496,RegionF,430
18304,RegionD,430
26746,RegionD,430
27867,RegionC,430
40075,RegionD,430
40168,RegionD,430
47601,RegionF,430
48719,RegionB,430
49372,RegionF,430
7773,RegionA,431
22107,RegionB,431
371,RegionD,432
3006,RegionB,432
30737,RegionF,432
31187,RegionD,432
47383,RegionD,432
11230,RegionA,433
11897,RegionE,433
12981,RegionA,433
16179,RegionD,433
20767,RegionA,433
23380,RegionC,433
24795,RegionA,433
41558,RegionD,433
43131,RegionC,433
6827,RegionF,434
8437,RegionB,434
12211,RegionD,434
14361,RegionC,434
14972,RegionD,434
20868,RegionC,434
22673,RegionD,434
22951,RegionA,434
41659,RegionA,434
46486,RegionF,434
2331,RegionC,435
10451,RegionB,435
11286,RegionD,435
19662,RegionD,435
26374,RegionE,435
29332,RegionE,435
32630,RegionD,435
38489,RegionE,435
40523,RegionE,435
46146,RegionA,435
48930,RegionC,435
597,RegionA,436
9125,RegionB,436
13162,RegionD,436
14276,RegionC,436
15477,RegionD,436
17904,RegionD,436
21472,RegionC,436
24895,RegionB,436
45081,RegionD,436
48739,RegionB,436
25038,RegionA,437
25905,RegionB,437
38622,RegionA,437
44356,RegionA,437
46111,RegionD,437
1494,RegionF,438
5570,RegionB,438
6433,RegionE,438
9428,RegionC,438
10621,RegionB,438
11137,RegionF,438
40633,RegionD,438
43771,RegionA,438
4025,RegionD,439
8928,RegionA,439
10469,RegionA,439
21109,RegionA,439
31173,RegionC,439
40207,RegionD,439
48645,RegionA,439
6156,RegionD,440
8900,RegionF,440
10156,RegionC,440
14862,RegionE,440
23618,RegionD,440
26167,RegionB,440
36953,RegionD,440
40268,RegionF,440
6792,RegionD,441
8504,RegionD,441
17712,RegionB,441
18457,RegionF,441
27845,RegionA,441
29844,RegionE,441
32906,RegionD,441
37436,RegionB,441
47464,RegionA,441
2130,RegionE,442
4067,RegionA,442
15126,RegionA,442
19058,RegionC,442
27229,RegionA,442
34450,RegionA,442
44963,RegionD,442
47265,RegionD,442
47309,RegionB,442
17710,RegionA,443
30728,RegionD,443
30753,RegionC,443
31656,RegionA,443
33052,RegionF,443
44944,RegionE,443
5004,RegionF,444
9566,RegionC,444
17100,RegionA,444
27149,RegionF,444
38875,RegionD,444
43465,RegionB,444
43493,RegionD,444
44322,RegionA,444
45521,RegionE,444
9779,RegionF,445
9966,RegionC,445
12108,RegionF,445
13210,RegionF,445
21369,RegionE,445
21720,RegionB,445
25796,RegionD,445
30991,RegionD,445
36990,RegionB,445
5968,RegionF,446
26838,RegionD,446
28162,RegionC,446
39195,RegionC,446
48754,RegionD,446
49880,RegionB,446
6714,RegionD,447
8159,RegionF,447
11063,RegionD,447
21348,RegionD,447
25542,RegionA,447
29234,RegionE,447
36904,RegionA,447
42859,RegionF,447
47646,RegionE,447
49888,RegionC,447
1135,RegionA,448
4098,RegionE,448
7738,RegionE,448
10343,RegionF,448
23482,RegionF,448
24446,RegionF,448
24765,RegionC,448
29257,RegionB,448
40716,RegionB,448
48499,RegionE,448
3462,RegionF,449
8751,RegionB,449
15307,RegionD,449
15386,RegionD,449
25537,RegionB,449
29604,RegionB,449
41521,RegionF,449
5641,RegionA,450
15414,RegionF,450
15807,RegionF,450
23173,RegionE,450
33784,RegionC,450
36504,RegionA,450
46270,RegionF,450
6368,RegionF,451
11731,RegionC,451
20959,RegionB,451
23654,RegionA,451
33899,RegionA,451
46462,RegionB,451
46533,RegionA,451
2883,RegionD,452
23502,RegionA,452
23585,RegionD,452
31838,RegionE,452
37482,RegionB,452
40459,RegionA,452
15123,RegionD,453
17433,RegionE,453
20719,RegionD,453
36312,RegionF,453
37706,RegionC,453
40271,RegionC,453
765,RegionD,454
4898,RegionE,454
7617,RegionB,454
25600,RegionE,454
33097,RegionE,454
38244,RegionC,454
39090,RegionB,454
40822,RegionC,454
40958,RegionA,454
917,RegionF,455
3103,RegionA,455
5860,RegionC,455
7812,RegionA,455
13060,RegionA,455
14939,RegionD,455
31948,RegionD,455
5655,RegionB,456
7543,RegionA,456
20150,RegionF,456
25259,RegionE,456
28067,RegionF,456
30391,RegionB,456
30575,RegionB,456
49586,RegionC,456
16804,RegionF,457
45436,RegionE,457
49413,RegionA,457
3830,RegionA,458
12681,RegionB,458
12980,RegionF,458
28536,RegionC,458
30813,RegionD,458
43891,RegionB,458
29912,RegionB,459
30386,RegionC,459
30824,RegionB,459
38158,RegionB,459
49124,RegionA,459
2052,RegionF,460
3882,RegionF,460
4346,RegionD,460
12175,RegionB,460
35463,RegionC,460
49160,RegionD,460
1732,RegionA,461
9423,RegionD,461
16920,RegionD,461
33867,RegionA,461
39240,RegionB,461
43259,RegionF,461
49299,RegionE,461
4216,RegionE,462
15429,RegionB,462
18613,RegionD,462
28382,RegionF,462
36639,RegionD,462
38227,RegionE,462
38817,RegionE,462
5556,RegionA,463
6716,RegionF,463
31525,RegionA,463
40772,RegionE,463
2439,RegionF,464
9359,RegionF,464
10720,RegionB,464
21225,RegionE,464
24236,RegionF,464
24796,RegionB,464
32941,RegionF,464
7004,RegionF,465
18400,RegionB,465
22183,RegionF,465
25712,RegionF,465
47567,RegionD,465
1510,RegionB,466
2235,RegionE,466
14494,RegionD,466
13166,RegionB,467
24386,RegionE,467
29647,RegionE,467
31834,RegionB,467
36249,RegionB,467
42760,RegionF,467
352,RegionE,468
3433,RegionC,468
4124,RegionE,468
15537,RegionD,468
29404,RegionE,468
30160,RegionA,468
43840,RegionC,468
48065,RegionD,468
5069,RegionF,469
13446,RegionF,469
17641,RegionC,469
18916,RegionE,469
24395,RegionA,469
32527,RegionE,469
35530,RegionD,469
38075,RegionD,469
39460,RegionE,469
42857,RegionD,469
44814,RegionA,469
47600,RegionD,469
464,RegionE,470
736,RegionB,470
6135,RegionC,470
14552,RegionD,470
16032,RegionB,470
17350,RegionA,470
20017,RegionD,470
21567,RegionA,470
23554,RegionF,470
28528,RegionB,470
47991,RegionB,470
788,RegionB,471
5619,RegionD,471
9630,RegionB,471
27828,RegionC,471
40391,RegionD,471
49917,RegionF,471
36970,RegionA,472
40602,RegionF,472
40627,RegionD,472
41868,RegionF,472
4037,RegionD,473
5318,RegionE,473
9036,RegionD,473
12484,RegionB,473
30496,RegionB,473
38199,RegionD,473
44933,RegionA,473
501,RegionC,474
2260,RegionD,474
7274,RegionA,474
9270,RegionB,474
28515,RegionB,474
29954,RegionD,474
33302,RegionA,474
34596,RegionB,474
38368,RegionB,474
39325,RegionB,474
39461,RegionF,474
4341,RegionF,475
12521,RegionF,475
14915,RegionF,475
28018,RegionC,475
28516,RegionB,475
2718,RegionC,476
7324,RegionD,476
11475,RegionC,476
15330,RegionA,476
16037,RegionF,476
18041,RegionC,476
26652,RegionB,476
27196,RegionA,476
35669,RegionE,476
40325,RegionD,476
43176,RegionB,476
4435,RegionB,477
6845,RegionD,477
24206,RegionB,477
28314,RegionD,477
33175,RegionD,477
38453,RegionB,477
4324,RegionB,478
4478,RegionE,478
8683,RegionE,478
12131,RegionC,478
21847,RegionD,478
32879,RegionC,478
36455,RegionD,478
36481,RegionD,478
40527,RegionC,478
45130,RegionA,478
33718,RegionC,479
36218,RegionD,479
40623,RegionA,479
46787,RegionE,479
49894,RegionC,479
1634,RegionB,480
20255,RegionF,480
22392,RegionE,480
23085,RegionC,480
31927,RegionB,480
38091,RegionA,480
38361,RegionB,480
44330,RegionB,480
48536,RegionC,480
520,RegionB,481
15035,RegionB,481
16958,RegionB,481
20338,RegionD,481
30203,RegionD,481
33840,RegionA,481
41622,RegionB,481
1592,RegionE,482
2165,RegionA,482
9890,RegionE,482
47758,RegionE,482
3302,RegionC,483
6771,RegionB,483
32832,RegionB,483
47544,RegionB,483
2585,RegionB,484
3654,RegionA,484
6275,RegionD,484
9143,RegionF,484
13782,RegionA,484
19131,RegionD,484
28081,RegionA,484
30009,RegionF,484
37844,RegionC,484
39811,RegionB,484
41917,RegionB,484
42386,RegionE,484
43930,RegionB,484
10410,RegionA,485
23795,RegionD,485
29855,RegionC,485
48252,RegionA,485
1112,RegionD,486
2311,RegionC,486
18729,RegionB,486
30568,RegionB,486
33409,RegionB,486
35829,RegionB,486
37096,RegionC,486
45380,RegionB,486
4001,RegionA,487
8705,RegionB,487
10022,RegionF,487
42245,RegionB,487
8575,RegionB,488
14246,RegionF,488
19259,RegionA,488
22427,RegionA,488
23655,RegionB,488
41043,RegionA,488
47427,RegionB,488
413,RegionA,489
7113,RegionC,489
7502,RegionE,489
18534,RegionD,489
26696,RegionF,489
30305,RegionA,489
46339,RegionC,489
21514,RegionF,490
24010,RegionC,490
26858,RegionD,490
43008,RegionD,490
161,RegionD,491
6233,RegionB,491
10142,RegionB,491
13592,RegionB,491
23767,RegionC,491
26753,RegionD,491
33210,RegionF,491
37500,RegionF,491
43927,RegionE,491
6479,RegionE,492
9908,RegionD,492
13550,RegionE,492
16795,RegionC,492
17607,RegionB,492
20758,RegionD,492
28989,RegionC,492
40416,RegionC,492
2758,RegionD,493
3054,RegionD,493
16158,RegionC,493
21996,RegionC,493
23569,RegionB,493
36941,RegionE,493
40097,RegionF,493
3673,RegionA,494
5114,RegionE,494
12988,RegionA,494
13161,RegionC,494
19627,RegionB,494
22907,RegionB,494
26205,RegionA,494
28290,RegionF,494
30306,RegionB,494
34625,RegionD,494
46171,RegionF,494
47087,RegionC,494
103,RegionE,495
4694,RegionD,495
8701,RegionD,495
22011,RegionD,495
24520,RegionA,495
26962,RegionC,495
27288,RegionA,495
29470,RegionE,495
44372,RegionD,495
2802,RegionB,496
9979,RegionC,496
12450,RegionA,496
16728,RegionB,496
17601,RegionB,496
38189,RegionA,496
6215,RegionD,497
9295,RegionA,497
17811,RegionC,497
18036,RegionD,497
28905,RegionD,497
31247,RegionD,497
42165,RegionA,497
45036,RegionE,497
45989,RegionA,497
43455,RegionE,498
44641,RegionD,498
919,RegionB,499
1174,RegionA,499
4361,RegionF,499
11614,RegionD,499
20934,RegionC,499
21711,RegionF,499
31058,RegionF,499
6173,RegionA,500
19360,RegionD,500
23010,RegionF,500
40272,RegionD,500
45285,RegionE,500
45768,RegionC,500
49879,RegionA,500
1080,RegionE,501
1877,RegionB,501
6621,RegionC,501
11469,RegionD,501
37781,RegionE,501
48854,RegionF,501
6108,RegionB,502
23822,RegionE,502
28976,RegionC,502
42384,RegionD,502
4730,RegionB,503
35373,RegionD,503
38979,RegionC,503
44524,RegionE,503
44939,RegionA,503
7693,RegionF,504
10422,RegionF,504
14073,RegionD,504
14583,RegionB,504
23530,RegionB,504
24960,RegionB,504
25657,RegionC,504
25776,RegionD,504
38465,RegionA,504
42376,RegionB,504
7380,RegionB,505
7856,RegionE,505
22674,RegionE,505
36479,RegionB,505
37282,RegionE,505
2225,RegionB,506
35769,RegionA,506
43180,RegionF,506
46638,RegionA,506
49459,RegionA,506
49769,RegionC,506
2096,RegionD,507
4585,RegionA,507
24524,RegionE,507
25565,RegionC,507
36449,RegionE,507
7451,RegionA,508
16105,RegionB,508
16121,RegionE,508
19191,RegionE,508
33491,RegionE,508
39037,RegionB,508
40940,RegionC,508
963,RegionF,509
6058,RegionD,509
8882,RegionA,509
16971,RegionB,509
31912,RegionA,509
32976,RegionB,509
40405,RegionE,509
41194,RegionA,509
42346,RegionE,509
44473,RegionA,509
8922,RegionB,510
10675,RegionC,510
11572,RegionB,510
29555,RegionE,510
40048,RegionC,510
49783,RegionC,510
7867,RegionC,511
16923,RegionA,511
17426,RegionD,511
23394,RegionC,511
33712,RegionC,511
38335,RegionB,511
43800,RegionC,511
1050,RegionA,512
2892,RegionA,512
6599,RegionA,512
15482,RegionB,512
17855,RegionA,512
31116,RegionE,512
38728,RegionB,512
42496,RegionD,512
45589,RegionA,512
49516,RegionE,512
3991,RegionD,513
11212,RegionB,513
13119,RegionA,513
13375,RegionA,513
24562,RegionD,513
29462,RegionD,513
35897,RegionD,513
49823,RegionD,513
3475,RegionF,514
6017,RegionC,514
19163,RegionC,514
27743,RegionC,514
28177,RegionD,514
30654,RegionB,514
44081,RegionB,514
10728,RegionD,515
21420,RegionD,515
34970,RegionB,515
35842,RegionB,515
42898,RegionF,515
4570,RegionE,516
9197,RegionB,516
17993,RegionA,516
21288,RegionC,516
35277,RegionA,516
43147,RegionF,516
46529,RegionC,516
46594,RegionB,516
2841,RegionB,517
5353,RegionA,517
14738,RegionF,517
15309,RegionF,517
24856,RegionC,517
40123,RegionE,517
47229,RegionA,517
49438,RegionF,517
11449,RegionC,518
15358,RegionC,518
32116,RegionB,518
32638,RegionE,518
35368,RegionF,518
45592,RegionD,518
16286,RegionF,519
18797,RegionD,519
27545,RegionB,519
27682,RegionB,519
27891,RegionA,519
33946,RegionA,519
35848,RegionA,519
14476,RegionF,520
16598,RegionC,520
25232,RegionD,520
29492,RegionA,520
29734,RegionA,520
33604,RegionA,520
37506,RegionF,520
37742,RegionF,520
42120,RegionB,520
3745,RegionA,521
5602,RegionA,521
7000,RegionB,521
8902,RegionB,521
21916,RegionB,521
33481,RegionB,521
38262,RegionA,521
38506,RegionB,521
47675,RegionA,521
207,RegionD,522
329,RegionB,522
3457,RegionA,522
5509,RegionF,522
5811,RegionA,522
6788,RegionF,522
32119,RegionD,522
40236,RegionA,522
45283,RegionC,522
10815,RegionE,523
12279,RegionA,523
27481,RegionD,523
42247,RegionD,523
43467,RegionD,523
48433,RegionD,523
16716,RegionC,524
20265,RegionC,524
36242,RegionB,524
44727,RegionE,524
47441,RegionC,524
1038,RegionB,525
2510,RegionE,525
15492,RegionE,525
19873,RegionE,525
21878,RegionC,525
47206,RegionD,525
5467,RegionD,526
18981,RegionE,526
31198,RegionB,526
6078,RegionD,527
7267,RegionF,527
10400,RegionD,527
13851,RegionD,527
14683,RegionC,527
18167,RegionD,527
20553,RegionC,527
31214,RegionD,527
39654,RegionB,527
49455,RegionC,527
2199,RegionB,528
11771,RegionD,528
40991,RegionB,528
21478,RegionC,529
31919,RegionA,529
6505,RegionE,530
16010,RegionE,530
16665,RegionD,530
19373,RegionC,530
22537,RegionF,530
26074,RegionA,530
48081,RegionA,530
49405,RegionF,530
6619,RegionA,531
13433,RegionF,531
24108,RegionB,531
24839,RegionE,531
35149,RegionD,531
46371,RegionB,531
47728,RegionB,531
49732,RegionE,531
2411,RegionD,532
4605,RegionA,532
9947,RegionC,532
11228,RegionE,532
23832,RegionB,532
29129,RegionE,532
39338,RegionB,532
43766,RegionB,532
2624,RegionA,533
4288,RegionE,533
10416,RegionA,533
26006,RegionD,533
28421,RegionF,533
33655,RegionE,533
39510,RegionC,533
3076,RegionA,534
9053,RegionB,534
19201,RegionB,534
22039,RegionF,534
27776,RegionD,534
34787,RegionC,534
49632,RegionC,534
1076,RegionA,535
10757,RegionA,535
10760,RegionC,535
14819,RegionB,535
22598,RegionA,535
24369,RegionA,535
28207,RegionB,535
36328,RegionB,535
170,RegionA,536
6200,RegionB,536
19602,RegionC,536
35552,RegionA,536
40031,RegionE,536
42887,RegionB,536
46221,RegionC,536
46934,RegionB,536
48776,RegionA,536
18259,RegionD,537
19664,RegionF,537
34544,RegionB,537
35950,RegionD,537
49005,RegionF,537
615,RegionF,538
41390,RegionA,538
6866,RegionE,539
7780,RegionA,539
12656,RegionC,539
19722,RegionD,539
34454,RegionD,539
40519,RegionB,539
46467,RegionA,539
4320,RegionD,540
11024,RegionD,540
14448,RegionD,540
26692,RegionB,540
28033,RegionE,540
34479,RegionC,540
38069,RegionD,540
44513,RegionA,540
2114,RegionC,541
2615,RegionE,541
17987,RegionB,541
19772,RegionB,541
25302,RegionC,541
28687,RegionC,541
41925,RegionD,541
13672,RegionC,542
13787,RegionF,542
14251,RegionD,542
15900,RegionA,542
19340,RegionC,542
23430,RegionA,542
24539,RegionA,542
30491,RegionC,542
31707,RegionE,542
34172,RegionD,542
47367,RegionB,542
47515,RegionE,542
49189,RegionF,542
4645,RegionB,543
7424,RegionF,543
16226,RegionE,543
19428,RegionF,543
20568,RegionD,543
23420,RegionC,543
5710,RegionD,544
7953,RegionD,544
9216,RegionA,544
30706,RegionB,544
34594,RegionF,544
37687,RegionC,544
4300,RegionD,545
6527,RegionA,545
8794,RegionE,545
12567,RegionF,545
15373,RegionD,545
41488,RegionF,545
42506,RegionA,545
47893,RegionC,545
49224,RegionB,545
2359,RegionE,546
4262,RegionE,546
8006,RegionD,546
9463,RegionE,546
16933,RegionD,546
21809,RegionF,546
23653,RegionA,546
36412,RegionA,546
42110,RegionE,546
44859,RegionE,546
48906,RegionE,546
49776,RegionC,546
5719,RegionF,547
31013,RegionA,547
35354,RegionE,547
44873,RegionA,547
1102,RegionA,548
13285,RegionC,548
26228,RegionD,548
38603,RegionA,548
41843,RegionA,548
49728,RegionA,548
16260,RegionF,549
21025,RegionB,549
27931,RegionB,549
32668,RegionB,549
39028,RegionF,549
42986,RegionB,549
2786,RegionE,550
7618,RegionC,550
7758,RegionE,550
21119,RegionD,550
25122,RegionF,550
26607,RegionB,550
31004,RegionD,550
41167,RegionA,550
47401,RegionC,550
2948,RegionC,551
3281,RegionB,551
16706,RegionF,551
17081,RegionA,551
18173,RegionD,551
21017,RegionA,551
25185,RegionD,551
28043,RegionB,551
44762,RegionA,551
44087,RegionA,552
45021,RegionD,552
2848,RegionB,553
24605,RegionA,553
26792,RegionD,553
27580,RegionD,553
30826,RegionC,553
43528,RegionF,553
43559,RegionD,553
45498,RegionB,553
14153,RegionD,554
41172,RegionE,554
2086,RegionA,555
6404,RegionC,555
9514,RegionC,555
10259,RegionA,555
12618,RegionD,555
15850,RegionC,555
22230,RegionA,555
32258,RegionE,555
44609,RegionE,555
45115,RegionF,555
10736,RegionE,556
22335,RegionA,556
24643,RegionF,556
7841,RegionC,557
10376,RegionF,557
16221,RegionA,557
16850,RegionF,557
18732,RegionE,557
21366,RegionB,557
38412,RegionA,557
45072,RegionB,557
1942,RegionA,558
3741,RegionC,558
4188,RegionD,558
16331,RegionE,558
17973,RegionA,558
28076,RegionB,558
30036,RegionA,558
1608,RegionB,559
11465,RegionF,559
14928,RegionF,559
37470,RegionC,559
39707,RegionC,559
44807,RegionF,559
48161,RegionB,559
9345,RegionE,560
12254,RegionB,560
13489,RegionC,560
15329,RegionA,560
15942,RegionC,560
41603,RegionC,560
46834,RegionF,560
46960,RegionA,560
2232,RegionB,561
19756,RegionF,561
24956,RegionD,561
30961,RegionA,561
41191,RegionD,561
44154,RegionC,561
45168,RegionF,561
45381,RegionC,561
49621,RegionE,561
11401,RegionB,562
20532,RegionB,562
21845,RegionB,562
25558,RegionC,562
30212,RegionF,562
30502,RegionA,562
33639,RegionB,562
46812,RegionD,562
10650,RegionD,563
12977,RegionC,563
17370,RegionA,563
21035,RegionF,563
22916,RegionD,563
25918,RegionB,563
30602,RegionB,563
32154,RegionA,563
35316,RegionA,563
36778,RegionF,563
38045,RegionA,563
48468,RegionA,563
49511,RegionA,563
49955,RegionE,563
1597,RegionD,564
4529,RegionD,564
11122,RegionD,564
14165,RegionD,564
15805,RegionD,564
18152,RegionB,564
25967,RegionE,564
38852,RegionA,564
46240,RegionC,564
48860,RegionE,564
43121,RegionF,565
47494,RegionD,565
49566,RegionC,565
13118,RegionF,566
14117,RegionB,566
15522,RegionC,566
17477,RegionC,566
30849,RegionA,566
32309,RegionD,566
34517,RegionB,566
48799,RegionC,566
3784,RegionF,567
6137,RegionD,567
22670,RegionA,567
30107,RegionF,567
34383,RegionE,567
37648,RegionD,567
40688,RegionA,567
43626,RegionF,567
910,RegionE,568
14843,RegionF,568
15567,RegionB,568
20608,RegionE,568
25938,RegionB,568
28056,RegionB,568
35142,RegionC,568
38003,RegionD,568
49747,RegionA,568
3471,RegionB,569
26793,RegionD,569
32235,RegionB,569
47697,RegionC,569
5834,RegionC,570
11001,RegionB,570
19940,RegionF,570
35613,RegionB,570
42057,RegionD,570
49442,RegionD,570
15637,RegionF,571
23125,RegionC,571
24950,RegionE,571
25344,RegionE,571
36476,RegionF,571
41800,RegionC,571
1720,RegionB,572
5454,RegionD,572
7008,RegionC,572
7179,RegionD,572
9044,RegionF,572
14721,RegionB,572
21271,RegionF,572
27790,RegionD,572
38884,RegionF,572
43094,RegionE,572
49104,RegionA,572
2531,RegionF,573
5854,RegionD,573
7594,RegionE,573
18055,RegionD,573
35307,RegionD,573
43480,RegionD,573
47174,RegionE,573
15491,RegionD,574
26036,RegionB,574
27600,RegionD,574
37608,RegionC,574
47022,RegionD,574
2333,RegionE,575
4198,RegionA,575
7855,RegionD,575
17790,RegionB,575
24284,RegionB,575
27425,RegionA,575
29085,RegionA,575
34170,RegionB,575
37374,RegionE,575
39922,RegionB,575
42255,RegionF,575
42597,RegionA,575
12806,RegionB,576
14107,RegionD,576
14637,RegionC,576
22603,RegionF,576
29892,RegionA,576
37172,RegionF,576
46591,RegionF,576
22479,RegionA,577
36562,RegionA,577
40610,RegionA,577
3111,RegionB,578
5849,RegionE,578
12312,RegionA,578
15928,RegionB,578
28734,RegionD,578
30136,RegionB,578
41909,RegionA,578
42066,RegionA,578
1595,RegionB,579
7214,RegionF,579
31842,RegionC,579
40025,RegionF,579
49430,RegionD,579
4323,RegionA,580
5776,RegionD,580
17389,RegionA,580
21373,RegionC,580
26724,RegionA,580
30848,RegionF,580
40925,RegionA,580
6640,RegionB,581
11869,RegionD,581
13016,RegionC,581
15453,RegionF,581
29699,RegionD,581
45792,RegionA,581
467,RegionB,582
1655,RegionC,582
18445,RegionA,582
27497,RegionA,582
35119,RegionA,582
38052,RegionA,582
40715,RegionA,582
49403,RegionD,582
10262,RegionD,583
12642,RegionB,583
19388,RegionE,583
21117,RegionC,583
31639,RegionC,583
36045,RegionA,583
42957,RegionF,583
47679,RegionE,583
47910,RegionA,583
47941,RegionD,583
5244,RegionD,584
8166,RegionA,584
11458,RegionF,584
12514,RegionF,584
18210,RegionB,584
18276,RegionB,584
46554,RegionB,584
47913,RegionC,584
17823,RegionB,585
41443,RegionA,585
2177,RegionA,586
6722,RegionF,586
8477,RegionC,586
40431,RegionE,586
45968,RegionF,586
46271,RegionA,586
30585,RegionE,587
1073,RegionD,588
6974,RegionB,588
18884,RegionF,588
26513,RegionA,588
29551,RegionA,588
34515,RegionF,588
36149,RegionA,588
38793,RegionA,588
43026,RegionC,588
4682,RegionF,589
1116,RegionB,590
8013,RegionD,590
18698,RegionD,590
20472,RegionA,590
35110,RegionD,590
8694,RegionC,591
8948,RegionB,591
9430,RegionD,591
14390,RegionE,591
17271,RegionA,591
24019,RegionE,591
24851,RegionD,591
35797,RegionB,591
41044,RegionB,591
674,RegionE,592
10674,RegionB,592
20789,RegionC,592
28362,RegionF,592
38063,RegionE,592
44458,RegionD,592
2812,RegionE,593
3738,RegionF,593
4220,RegionC,593
5392,RegionA,593
7585,RegionC,593
38942,RegionE,593
41994,RegionA,593
42242,RegionF,593
42746,RegionE,593
47556,RegionA,593
4448,RegionB,594
6172,RegionA,594
7782,RegionC,594
9858,RegionF,594
32013,RegionC,594
37795,RegionF,594
39299,RegionB,594
45014,RegionC,594
2380,RegionF,595
49788,RegionB,595
5980,RegionE,596
10825,RegionB,596
12892,RegionC,596
14978,RegionC,596
17525,RegionE,596
25984,RegionB,596
39292,RegionA,596
39353,RegionC,596
40690,RegionB,596
47559,RegionC,596
48153,RegionA,596
4293,RegionD,597
7950,RegionA,597
30830,RegionA,597
38748,RegionB,597
39703,RegionE,597
15188,RegionC,598
16656,RegionB,598
21608,RegionB,598
29244,RegionB,598
30504,RegionC,598
1177,RegionD,599
5492,RegionB,599
6463,RegionC,599
42109,RegionD,599
42933,RegionB,599
49568,RegionE,599
11197,RegionA,600
13443,RegionC,600
14382,RegionD,600
16779,RegionA,600
19462,RegionA,600
20151,RegionA,600
29732,RegionE,600
35230,RegionF,600
43596,RegionB,600
11399,RegionF,601
13776,RegionB,601
28945,RegionE,601
37357,RegionA,601
46623,RegionE,601
48935,RegionB,601
9043,RegionD,602
13149,RegionD,602
14333,RegionA,602
15920,RegionA,602
20717,RegionC,602
28284,RegionA,602
42264,RegionB,602
47348,RegionB,602
48399,RegionD,602
4066,RegionF,603
13659,RegionC,603
16410,RegionE,603
17109,RegionB,603
21970,RegionC,603
22395,RegionB,603
30667,RegionB,603
34184,RegionC,603
40094,RegionC,603
804,RegionD,604
6012,RegionD,604
8500,RegionF,604
13104,RegionE,604
22214,RegionD,604
23583,RegionB,604
36355,RegionC,604
42281,RegionE,604
45183,RegionB,604
45220,RegionF,604
3868,RegionE,605
3901,RegionE,605
5804,RegionF,605
12429,RegionF,605
23785,RegionA,605
35094,RegionB,605
47558,RegionB,605
47829,RegionD,605
6477,RegionC,606
9223,RegionA,606
19775,RegionE,606
25258,RegionD,606
31165,RegionB,606
38040,RegionB,606
40447,RegionB,606
699,RegionD,607
5737,RegionD,607
8470,RegionB,607
12794,RegionD,607
18119,RegionB,607
39215,RegionC,607
39935,RegionB,607
1887,RegionE,608
4406,RegionE,608
11616,RegionF,608
22054,RegionB,608
27950,RegionA,608
33817,RegionC,608
44186,RegionB,608
45031,RegionA,608
3613,RegionF,609
9192,RegionC,609
12863,RegionA,609
16287,RegionA,609
30933,RegionE,609
1123,RegionB,610
15829,RegionB,610
18933,RegionC,610
21287,RegionB,610
37484,RegionD,610
37936,RegionC,610
43321,RegionC,610
43409,RegionE,610
1329,RegionD,611
3375,RegionD,611
8419,RegionD,611
9656,RegionA,611
19798,RegionB,611
20706,RegionE,611
28452,RegionD,611
31911,RegionF,611
36255,RegionA,611
2053,RegionA,612
11946,RegionB,612
34971,RegionC,612
36166,RegionD,612
47670,RegionC,612
8426,RegionD,613
14602,RegionA,613
17245,RegionA,613
25528,RegionE,613
33570,RegionE,613
38394,RegionB,613
12780,RegionC,614
15446,RegionE,614
34041,RegionD,614
44660,RegionC,614
48760,RegionD,614
6371,RegionB,615
8937,RegionD,615
13651,RegionB,615
19788,RegionE,615
21973,RegionF,615
32421,RegionD,615
36194,RegionF,615
49876,RegionD,615
3832,RegionB,616
7672,RegionD,616
19824,RegionB,616
23672,RegionF,616
27311,RegionD,616
46122,RegionC,616
47627,RegionE,616
7255,RegionA,617
14787,RegionC,617
21553,RegionE,617
28202,RegionC,617
32082,RegionA,617
42327,RegionE,617
12592,RegionE,618
20527,RegionC,618
20561,RegionD,618
24131,RegionF,618
28618,RegionF,618
43272,RegionF,618
43867,RegionD,618
10652,RegionA,619
11405,RegionE,619
13309,RegionA,619
13794,RegionA,619
18608,RegionF,619
21627,RegionA,619
34598,RegionD,619
37232,RegionA,619
42495,RegionC,619
1150,RegionC,620
3616,RegionB,620
11107,RegionB,620
15541,RegionB,620
24008,RegionA,620
35773,RegionD,620
46062,RegionB,620
9098,RegionA,621
10634,RegionB,621
17247,RegionC,621
18579,RegionC,621
22899,RegionA,621
44517,RegionD,621
45308,RegionB,621
49457,RegionE,621
17581,RegionB,622
35830,RegionC,622
549,RegionE,623
7661,RegionA,623
13726,RegionD,623
15251,RegionA,623
17951,RegionE,623
27693,RegionF,623
39041,RegionF,623
39942,RegionB,623
46772,RegionC,623
1373,RegionC,624
30436,RegionA,624
31776,RegionB,624
36865,RegionA,624
40889,RegionD,624
716,RegionB,625
14388,RegionD,625
16635,RegionA,625
32385,RegionB,625
39370,RegionA,625
44301,RegionE,625
47050,RegionF,625
9347,RegionA,626
13815,RegionB,626
14311,RegionE,626
30630,RegionD,626
1248,RegionB,627
2227,RegionD,627
8212,RegionA,627
15084,RegionD,627
39948,RegionA,627
44132,RegionA,627
5482,RegionE,628
16859,RegionB,628
21811,RegionB,628
24466,RegionF,628
31807,RegionA,628
42695,RegionF,628
48908,RegionA,628
4364,RegionC,629
14341,RegionC,629
17479,RegionE,629
39945,RegionD,629
40204,RegionB,629
9140,RegionC,630
10083,RegionB,630
11593,RegionC,630
14293,RegionA,630
17618,RegionF,630
20968,RegionD,630
3474,RegionD,631
4383,RegionB,631
11540,RegionB,631
11903,RegionD,631
11996,RegionF,631
14034,RegionD,631
25399,RegionB,631
37797,RegionB,631
557,RegionA,632
652,RegionC,632
5768,RegionC,632
13750,RegionB,632
17663,RegionE,632
19658,RegionF,632
29505,RegionA,632
40871,RegionF,632
46635,RegionD,632
48102,RegionB,632
214,RegionD,633
10260,RegionB,633
11303,RegionB,633
13069,RegionC,633
17949,RegionC,633
21455,RegionF,633
26547,RegionB,633
41063,RegionA,633
44443,RegionC,633
18672,RegionD,634
46097,RegionD,634
47156,RegionA,634
1299,RegionA,635
17759,RegionC,635
18528,RegionD,635
22050,RegionD,635
28113,RegionF,635
29771,RegionD,635
30482,RegionA,635
2837,RegionD,636
3323,RegionD,636
13054,RegionB,636
29801,RegionB,636
47713,RegionF,636
2859,RegionF,637
7166,RegionD,637
15017,RegionC,637
29502,RegionD,637
41949,RegionB,637
42084,RegionE,637
7490,RegionF,638
14903,RegionA,638
37728,RegionE,638
38864,RegionF,638
3875,RegionE,639
14981,RegionF,639
15340,RegionD,639
16995,RegionA,639
28296,RegionE,639
29500,RegionB,639
32881,RegionE,639
35451,RegionD,639
36450,RegionF,639
47973,RegionD,639
2482,RegionC,640
7576,RegionA,640
11493,RegionB,640
20027,RegionB,640
23660,RegionA,640
24258,RegionB,640
24549,RegionD,640
25495,RegionE,640
28379,RegionC,640
29515,RegionD,640
6849,RegionB,641
9208,RegionF,641
13026,RegionF,641
23445,RegionB,641
38403,RegionD,641
42469,RegionC,641
46475,RegionB,641
3752,RegionA,642
5870,RegionA,642
14021,RegionD,642
15153,RegionA,642
23634,RegionA,642
27969,RegionF,642
28977,RegionD,642
38466,RegionB,642
40018,RegionE,642
41691,RegionF,642
41923,RegionB,642
42813,RegionF,642
3137,RegionB,643
10906,RegionD,643
11221,RegionE,643
12285,RegionF,643
16600,RegionE,643
21432,RegionC,643
25234,RegionA,643
25737,RegionD,643
752,RegionE,644
1783,RegionF,644
8828,RegionF,644
17743,RegionA,644
37180,RegionB,644
11816,RegionC,645
14764,RegionF,645
17343,RegionA,645
21938,RegionD,645
22550,RegionE,645
23251,RegionD,645
36648,RegionA,645
42424,RegionD,645
43762,RegionD,645
15151,RegionF,646
19553,RegionF,646
20850,RegionD,646
24218,RegionA,646
29711,RegionD,646
36500,RegionC,646
39940,RegionF,646
74,RegionC,647
3013,RegionC,647
13992,RegionB,647
22373,RegionF,647
31051,RegionE,647
41125,RegionD,647
48075,RegionA,647
5961,RegionE,648
7474,RegionC,648
11649,RegionA,648
20054,RegionB,648
24559,RegionA,648
25418,RegionA,648
34719,RegionA,648
2917,RegionE,649
8445,RegionD,649
9445,RegionA,649
10436,RegionA,649
44273,RegionC,649
9383,RegionD,650
13936,RegionD,650
19853,RegionD,650
25128,RegionF,650
29978,RegionB,650
29989,RegionF,650
32537,RegionB,650
39522,RegionB,650
41579,RegionE,650
295,RegionA,651
17050,RegionB,651
18242,RegionA,651
39894,RegionF,651
220,RegionD,652
2552,RegionA,652
5376,RegionD,652
7227,RegionE,652
9150,RegionA,652
10034,RegionE,652
13650,RegionA,652
30517,RegionC,652
30651,RegionE,652
39424,RegionB,652
40988,RegionD,652
17340,RegionD,653
23693,RegionA,653
26760,RegionD,653
30182,RegionB,653
35514,RegionB,653
47311,RegionD,653
49775,RegionB,653
8571,RegionE,654
13791,RegionD,654
15867,RegionA,654
18224,RegionB,654
27047,RegionC,654
39104,RegionC,654
41497,RegionB,654
46176,RegionD,654
49942,RegionE,654
13292,RegionC,655
15766,RegionD,655
24064,RegionD,655
37802,RegionA,655
43625,RegionE,655
2241,RegionE,656
7849,RegionD,656
13891,RegionE,656
18125,RegionB,656
18155,RegionE,656
22213,RegionC,656
30174,RegionA,656
31865,RegionF,656
36704,RegionD,656
4012,RegionE,657
4178,RegionA,657
9461,RegionC,657
38343,RegionC,658
1985,RegionD,659
22595,RegionD,659
32227,RegionA,659
40720,RegionF,659
49588,RegionE,659
5077,RegionA,660
5914,RegionD,660
8392,RegionC,660
16119,RegionC,660
40139,RegionB,660
45200,RegionE,660
6927,RegionA,661
14890,RegionA,661
23487,RegionD,661
2665,RegionC,662
9283,RegionB,662
10747,RegionC,662
17931,RegionD,662
27978,RegionB,662
32157,RegionC,662
34965,RegionC,662
35622,RegionD,662
43414,RegionD,662
44173,RegionB,662
44642,RegionE,662
44778,RegionC,662
888,RegionC,663
3595,RegionA,663
4491,RegionE,663
10423,RegionA,663
11274,RegionE,663
18749,RegionC,663
22573,RegionB,663
25951,RegionB,663
44139,RegionA,663
46974,RegionB,663
9944,RegionA,664
11367,RegionA,664
13692,RegionC,664
24830,RegionC,664
27642,RegionA,664
40102,RegionD,664
1217,RegionD,665
24798,RegionD,665
29495,RegionD,665
31411,RegionD,665
32807,RegionD,665
36924,RegionA,665
42804,RegionD,665
5889,RegionF,666
7190,RegionB,666
9184,RegionB,666
10180,RegionA,666
19825,RegionC,666
20898,RegionA,666
30578,RegionD,666
33243,RegionA,666
40906,RegionB,666
42726,RegionD,666
3971,RegionC,667
8508,RegionA,667
10345,RegionB,667
32779,RegionB,667
32835,RegionE,667
38022,RegionD,667
38090,RegionF,667
43576,RegionB,667
3952,RegionD,668
5471,RegionA,668
5766,RegionA,668
10660,RegionB,668
16314,RegionA,668
19649,RegionD,668
23816,RegionE,668
24065,RegionE,668
46745,RegionB,668
4339,RegionD,669
14208,RegionA,669
17513,RegionF,669
25860,RegionC,669
28096,RegionB,669
45419,RegionB,669
49102,RegionD,669
5389,RegionD,670
22253,RegionD,670
25272,RegionE,670
25728,RegionB,670
26056,RegionB,670
33352,RegionD,670
36227,RegionF,670
37002,RegionA,670
41977,RegionC,670
21361,RegionD,671
22968,RegionD,671
24184,RegionF,671
36164,RegionB,671
43096,RegionA,671
5177,RegionB,672
10799,RegionC,672
16524,RegionB,672
30427,RegionD,672
34141,RegionF,672
35484,RegionD,672
47805,RegionF,672
4550,RegionE,673
10118,RegionD,673
11536,RegionE,673
13163,RegionE,673
28941,RegionA,673
29592,RegionC,673
33228,RegionD,673
36473,RegionC,673
37326,RegionC,673
9614,RegionE,674
18956,RegionF,674
24176,RegionE,674
24516,RegionD,674
39057,RegionB,674
47440,RegionB,674
1990,RegionC,675
4331,RegionB,675
5060,RegionC,675
5881,RegionD,675
17020,RegionE,675
26298,RegionB,675
32962,RegionA,675
33297,RegionB,675
35510,RegionD,675
45202,RegionA,675
16890,RegionA,676
21518,RegionC,676
22538,RegionA,676
37759,RegionC,676
37998,RegionF,676
1688,RegionC,677
2299,RegionD,677
7216,RegionB,677
14103,RegionA,677
18063,RegionE,677
25444,RegionA,677
26448,RegionA,677
35173,RegionB,677
37426,RegionD,677
2580,RegionC,678
6822,RegionA,678
9106,RegionB,678
18899,RegionB,678
21997,RegionD,678
24442,RegionB,678
28968,RegionB,678
44121,RegionB,678
5235,RegionA,679
26178,RegionF,679
33211,RegionA,679
36957,RegionB,679
14821,RegionD,680
22368,RegionA,680
30662,RegionC,680
41678,RegionF,680
571,RegionA,681
3214,RegionA,681
24733,RegionD,681
47561,RegionE,681
8987,RegionA,682
47719,RegionF,682
2272,RegionC,683
9031,RegionF,683
13531,RegionF,683
15826,RegionE,683
15860,RegionF,683
11487,RegionB,684
14955,RegionA,684
18607,RegionE,684
25915,RegionE,684
32384,RegionA,684
35386,RegionD,684
36423,RegionE,684
42529,RegionD,684
48291,RegionA,684
1614,RegionA,685
6161,RegionB,685
8147,RegionA,685
16822,RegionD,685
2611,RegionA,686
10124,RegionC,686
10188,RegionB,686
11261,RegionE,686
16547,RegionD,686
26366,RegionD,686
33637,RegionA,686
36299,RegionF,686
46927,RegionA,686
49653,RegionD,686
355,RegionB,687
1963,RegionB,687
22690,RegionB,687
29375,RegionB,687
46324,RegionB,687
48409,RegionA,687
5317,RegionD,688
21842,RegionF,688
37908,RegionA,688
44078,RegionE,688
1381,RegionD,689
9386,RegionA,689
13478,RegionE,689
18093,RegionC,689
29631,RegionB,689
31357,RegionC,689
32793,RegionC,689
33886,RegionA,689
38716,RegionB,689
41202,RegionB,689
43620,RegionF,689
44629,RegionE,689
19114,RegionA,690
35550,RegionD,690
36517,RegionA,690
42668,RegionE,690
46629,RegionD,690
10812,RegionC,691
11648,RegionE,691
13382,RegionB,691
22689,RegionA,691
32344,RegionF,691
36719,RegionF,691
43997,RegionC,691
45789,RegionD,691
46729,RegionF,691
7494,RegionD,692
13565,RegionA,692
15670,RegionA,692
19238,RegionF,692
25054,RegionD,692
25531,RegionB,692
38692,RegionD,692
42971,RegionA,692
43222,RegionB,692
49433,RegionA,692
3093,RegionD,693
14942,RegionA,693
22118,RegionA,693
30780,RegionC,693
36688,RegionB,693
44326,RegionD,693
5784,RegionF,694
20676,RegionA,694
20902,RegionD,694
26846,RegionE,694
28491,RegionD,694
28990,RegionD,694
31240,RegionD,694
33332,RegionD,694
48186,RegionA,694
4125,RegionF,695
10837,RegionB,695
10840,RegionD,695
22568,RegionD,695
29286,RegionE,695
29895,RegionD,695
47939,RegionC,695
1984,RegionD,696
4279,RegionC,696
33968,RegionC,696
35814,RegionF,696
44373,RegionE,696
6231,RegionA,697
13401,RegionA,697
16102,RegionE,697
21716,RegionD,697
21783,RegionF,697
27373,RegionA,697
29523,RegionF,697
44402,RegionB,697
45763,RegionD,697
2606,RegionC,698
4773,RegionE,698
5555,RegionF,698
6072,RegionE,698
7164,RegionB,698
11879,RegionA,698
18568,RegionE,698
28440,RegionE,698
40653,RegionD,698
48892,RegionD,698
3666,RegionA,699
7006,RegionA,699
12269,RegionC,699
12387,RegionC,699
17380,RegionD,699
34354,RegionB,699
48310,RegionF,699
6193,RegionB,700
12087,RegionE,700
12191,RegionD,700
41865,RegionC,700
44027,RegionA,700
48765,RegionB,700
3750,RegionE,701
4902,RegionC,701
9964,RegionA,701
21094,RegionF,701
34000,RegionC,701
49954,RegionD,701
10007,RegionD,702
22346,RegionE,702
41635,RegionB,702
790,RegionD,703
3850,RegionA,703
4019,RegionE,703
17151,RegionE,703
17448,RegionA,703
19348,RegionD,703
20813,RegionA,703
25861,RegionD,703
31435,RegionB,703
7926,RegionC,704
13390,RegionC,704
33719,RegionD,704
40192,RegionB,704
41511,RegionC,704
45322,RegionC,704
47892,RegionB,704
48331,RegionA,704
3985,RegionD,705
9577,RegionA,705
10528,RegionA,705
31244,RegionB,705
1588,RegionB,706
5410,RegionE,706
10449,RegionA,706
11305,RegionD,706
15978,RegionF,706
16389,RegionD,706
19268,RegionC,706
24489,RegionC,706
24846,RegionF,706
27710,RegionC,706
40313,RegionE,706
43606,RegionE,706
47303,RegionC,706
48293,RegionB,706
1013,RegionD,707
15734,RegionE,707
23229,RegionB,707
29166,RegionC,707
34085,RegionB,707
34187,RegionF,707
36578,RegionC,707
38615,RegionF,707
41257,RegionE,707
46912,RegionE,707
3047,RegionD,708
6148,RegionB,708
7132,RegionB,708
32087,RegionE,708
35054,RegionA,708
36979,RegionD,708
38074,RegionC,708
41358,RegionA,708
47175,RegionF,708
47356,RegionC,708
1160,RegionF,709
32033,RegionD,709
33616,RegionF,709
41526,RegionE,709
44359,RegionD,709
4263,RegionA,710
22417,RegionD,710
27434,RegionC,710
40432,RegionF,710
46556,RegionD,710
5117,RegionB,711
7106,RegionC,711
24517,RegionD,711
28583,RegionD,711
38398,RegionF,711
44112,RegionF,711
1861,RegionE,712
8655,RegionD,712
8747,RegionD,712
30302,RegionD,712
49241,RegionF,712
4891,RegionE,713
15117,RegionD,713
15131,RegionE,713
21006,RegionC,713
28967,RegionA,713
43798,RegionA,713
676,RegionA,714
25948,RegionF,714
26598,RegionF,714
38550,RegionA,714
8620,RegionB,715
16534,RegionD,715
22345,RegionD,715
24627,RegionC,715
30880,RegionE,715
34838,RegionA,715
37695,RegionD,715
40212,RegionC,715
2704,RegionB,716
3347,RegionB,716
3921,RegionE,716
10484,RegionC,716
24961,RegionC,716
37317,RegionA,716
37671,RegionA,716
947,RegionC,717
5043,RegionF,717
9015,RegionC,717
17145,RegionE,717
22867,RegionA,717
27667,RegionF,717
34677,RegionD,717
3535,RegionA,718
5134,RegionE,718
14956,RegionA,718
19141,RegionA,718
35115,RegionC,718
1764,RegionA,719
13171,RegionA,719
18781,RegionB,719
46644,RegionA,719
49811,RegionE,719
16059,RegionB,720
19322,RegionE,720
32050,RegionA,720
45940,RegionD,720
46203,RegionE,720
375,RegionB,721
11948,RegionD,721
17656,RegionE,721
18746,RegionF,721
24040,RegionA,721
26030,RegionB,721
48909,RegionB,721
3714,RegionB,722
32360,RegionC,722
40560,RegionC,722
42446,RegionA,722
46056,RegionB,722
6806,RegionD,723
7549,RegionF,723
8756,RegionF,723
14546,RegionD,723
19379,RegionC,723
28358,RegionB,723
29951,RegionA,723
37397,RegionB,723
45108,RegionE,723
48318,RegionB,723
2180,RegionC,724
6039,RegionE,724
13748,RegionA,724
15217,RegionF,724
18511,RegionA,724
22103,RegionD,724
28552,RegionE,724
31338,RegionD,724
33278,RegionB,724
33732,RegionD,724
35369,RegionA,724
37682,RegionD,724
39990,RegionD,724
47657,RegionC,724
4755,RegionA,725
9452,RegionA,725
9934,RegionD,725
11016,RegionC,725
12104,RegionB,725
12497,RegionB,725
23241,RegionB,725
36050,RegionF,725
19996,RegionC,726
22748,RegionA,726
31513,RegionB,726
33030,RegionC,726
8060,RegionE,727
9160,RegionD,727
11042,RegionC,727
12853,RegionD,727
14759,RegionA,727
20525,RegionA,727
26642,RegionD,727
34032,RegionB,727
42320,RegionE,727
45083,RegionA,727
3600,RegionF,728
5087,RegionD,728
20812,RegionF,728
29420,RegionB,728
33706,RegionD,728
38198,RegionC,728
41744,RegionF,728
42701,RegionF,728
47322,RegionB,728
4378,RegionC,729
8519,RegionE,729
16137,RegionB,729
16992,RegionD,729
22415,RegionB,729
29564,RegionA,729
46162,RegionC,729
46900,RegionA,729
49166,RegionC,729
3270,RegionD,730
7048,RegionD,730
23592,RegionD,730
27898,RegionA,730
34446,RegionC,730
36185,RegionC,730
39815,RegionF,730
7384,RegionE,731
13455,RegionB,731
33503,RegionD,731
34656,RegionC,731
38019,RegionA,731
39512,RegionD,731
40240,RegionD,731
40886,RegionA,731
48735,RegionE,731
48812,RegionC,731
2656,RegionA,732
3827,RegionC,732
6686,RegionC,732
7295,RegionB,732
8998,RegionE,732
9001,RegionB,732
15467,RegionA,732
23268,RegionB,732
28918,RegionD,732
29557,RegionA,732
7088,RegionD,733
9293,RegionE,733
11264,RegionB,733
19736,RegionE,733
20012,RegionF,733
22750,RegionB,733
28173,RegionA,733
35823,RegionB,733
422,RegionC,734
3936,RegionA,734
7027,RegionB,734
19776,RegionF,734
26148,RegionB,734
38916,RegionE,734
7259,RegionE,735
12081,RegionE,735
13612,RegionB,735
37168,RegionB,735
42252,RegionC,735
1903,RegionB,736
3297,RegionE,736
6697,RegionA,736
24972,RegionA,736
27567,RegionD,736
43316,RegionD,736
1282,RegionD,737
21559,RegionE,737
25722,RegionC,737
32306,RegionA,737
863,RegionD,738
2178,RegionA,738
4292,RegionC,738
12667,RegionB,738
13215,RegionE,738
15112,RegionF,738
16485,RegionB,738
34002,RegionD,738
40348,RegionA,738
41468,RegionF,738
4350,RegionB,739
6615,RegionD,739
21058,RegionC,739
27216,RegionB,739
36062,RegionE,739
38026,RegionA,739
46216,RegionE,739
49404,RegionE,739
3247,RegionA,740
3537,RegionB,740
21954,RegionA,740
26662,RegionD,740
28864,RegionC,740
28914,RegionA,740
36332,RegionF,740
12661,RegionB,741
24213,RegionB,741
31858,RegionE,741
34870,RegionA,741
38023,RegionD,741
39173,RegionA,741
11849,RegionC,742
15141,RegionB,742
19192,RegionF,742
19972,RegionE,742
20048,RegionC,742
27345,RegionE,742
30720,RegionB,742
49448,RegionC,742
488,RegionC,743
2906,RegionA,743
5739,RegionA,743
7681,RegionA,743
11468,RegionC,743
12343,RegionE,743
14731,RegionE,743
21529,RegionB,743
23877,RegionA,743
10277,RegionE,744
11462,RegionC,744
24328,RegionF,744
48788,RegionE,744
4267,RegionD,745
17259,RegionB,745
18812,RegionA,745
24764,RegionB,745
48182,RegionC,745
3858,RegionB,746
5585,RegionD,746
13294,RegionE,746
18466,RegionB,746
23952,RegionD,746
36964,RegionB,746
47549,RegionF,746
49152,RegionB,746
10105,RegionD,747
21503,RegionB,747
25113,RegionD,747
32697,RegionE,747
36921,RegionD,747
42928,RegionC,747
2733,RegionE,748
8758,RegionB,748
13472,RegionF,748
25447,RegionC,748
31674,RegionE,748
41384,RegionA,748
45109,RegionF,748
11599,RegionB,749
21001,RegionD,749
21867,RegionD,749
41966,RegionE,749
12871,RegionB,750
31991,RegionA,750
34790,RegionE,750
40288,RegionA,750
42019,RegionF,750
44651,RegionA,750
47548,RegionE,750
17434,RegionF,751
20175,RegionE,751
30685,RegionA,751
49387,RegionA,751
11229,RegionF,752
11232,RegionC,752
15149,RegionD,752
28316,RegionF,752
29366,RegionF,752
40535,RegionD,752
43436,RegionF,752
44218,RegionA,752
1385,RegionB,753
2770,RegionC,753
6459,RegionE,753
12341,RegionC,753
27986,RegionD,753
44559,RegionA,753
45238,RegionD,753
46399,RegionD,753
33803,RegionB,754
39647,RegionB,754
41796,RegionF,754
44006,RegionE,754
6655,RegionD,755
13180,RegionC,755
13741,RegionF,755
17489,RegionB,755
22091,RegionF,755
7775,RegionC,756
9355,RegionB,756
10335,RegionD,756
20220,RegionD,756
20294,RegionF,756
21660,RegionA,756
26991,RegionF,756
35459,RegionE,756
42101,RegionC,756
45167,RegionE,756
2014,RegionA,757
5652,RegionE,757
5740,RegionA,757
8373,RegionD,757
11010,RegionD,757
11976,RegionE,757
21767,RegionC,757
24244,RegionA,757
29303,RegionB,757
30089,RegionA,757
40285,RegionD,757
4024,RegionD,758
19461,RegionF,758
21046,RegionD,758
27746,RegionA,758
32758,RegionA,758
35195,RegionD,758
35389,RegionA,758
41217,RegionD,758
45416,RegionE,758
2964,RegionF,759
11457,RegionD,759
23187,RegionF,759
23198,RegionD,759
24496,RegionC,759
44982,RegionD,759
1454,RegionE,760
1599,RegionF,760
8117,RegionD,760
16068,RegionD,760
19840,RegionD,760
27709,RegionB,760
37069,RegionB,760
39476,RegionB,760
43982,RegionA,760
44841,RegionA,760
49014,RegionB,760
6168,RegionC,761
8985,RegionF,761
11065,RegionF,761
13105,RegionF,761
13739,RegionD,761
26289,RegionF,761
30992,RegionE,761
42680,RegionD,761
43918,RegionC,761
7972,RegionC,762
16680,RegionF,762
32136,RegionB,762
45372,RegionA,762
46390,RegionB,762
4395,RegionA,763
5256,RegionC,763
11718,RegionC,763
15851,RegionD,763
20856,RegionD,763
21704,RegionF,763
42106,RegionA,763
45439,RegionB,763
47744,RegionD,763
2016,RegionC,764
11420,RegionA,764
45732,RegionF,764
48838,RegionC,764
12116,RegionB,765
14102,RegionF,765
21956,RegionB,765
35811,RegionC,765
35986,RegionA,765
40373,RegionF,765
48416,RegionA,765
49722,RegionB,765
4429,RegionB,766
6271,RegionA,766
14579,RegionD,766
23676,RegionC,766
26498,RegionD,766
28340,RegionD,766
930,RegionF,767
12726,RegionB,767
13758,RegionC,767
20895,RegionD,767
22164,RegionA,767
26691,RegionA,767
5893,RegionC,768
7030,RegionE,768
9682,RegionA,768
20627,RegionD,768
25008,RegionD,768
28334,RegionD,768
31880,RegionB,768
32042,RegionF,768
36744,RegionD,768
40575,RegionE,768
43518,RegionC,768
47130,RegionA,768
4981,RegionC,769
5747,RegionB,769
7793,RegionA,769
22779,RegionE,769
31592,RegionB,769
9439,RegionA,770
18752,RegionE,770
23454,RegionD,770
30544,RegionD,770
32822,RegionE,770
37772,RegionC,770
37976,RegionD,770
42863,RegionD,770
2210,RegionA,771
5003,RegionE,771
8079,RegionE,771
8109,RegionB,771
11512,RegionA,771
11840,RegionA,771
24871,RegionD,771
28682,RegionD,771
30069,RegionA,771
542,RegionE,772
1300,RegionB,772
2870,RegionD,772
12078,RegionC,772
16154,RegionE,772
22613,RegionC,772
22825,RegionE,772
34708,RegionB,772
45833,RegionB,772
4043,RegionC,773
21943,RegionB,773
25401,RegionC,773
34281,RegionB,773
35994,RegionC,773
38434,RegionB,773
3840,RegionC,774
16597,RegionB,774
21682,RegionC,774
29198,RegionB,774
36092,RegionB,774
46455,RegionA,774
4291,RegionB,775
10928,RegionA,775
15441,RegionA,776
21963,RegionB,776
22336,RegionB,776
35329,RegionA,776
48507,RegionA,776
663,RegionA,777
2969,RegionD,777
17626,RegionB,777
22927,RegionB,777
32008,RegionD,777
36434,RegionC,777
42135,RegionD,777
6545,RegionF,778
23782,RegionD,778
27554,RegionD,778
38535,RegionE,778
38965,RegionB,778
39855,RegionA,778
48299,RegionB,778
119,RegionB,779
6857,RegionC,779
22055,RegionC,779
28755,RegionE,779
38950,RegionA,779
40808,RegionB,779
45969,RegionA,779
49481,RegionC,779
2339,RegionD,780
3090,RegionA,780
19737,RegionA,780
36633,RegionE,780
43083,RegionA,780
47584,RegionB,780
48823,RegionA,780
23216,RegionC,781
41008,RegionE,781
41462,RegionA,781
49495,RegionD,781
49706,RegionE,781
7149,RegionF,782
7708,RegionB,782
15402,RegionA,782
36391,RegionF,782
42544,RegionF,782
44409,RegionB,782
46316,RegionF,782
9411,RegionE,783
11171,RegionA,783
14340,RegionB,783
16675,RegionB,783
17800,RegionD,783
26926,RegionF,783
33217,RegionA,783
41328,RegionD,783
42784,RegionC,783
2980,RegionC,784
9209,RegionA,784
21166,RegionF,784
24783,RegionB,784
37676,RegionE,784
49780,RegionA,784
9710,RegionC,785
13586,RegionB,785
48124,RegionD,785
865,RegionF,786
8310,RegionF,786
9909,RegionE,786
35370,RegionB,786
4482,RegionC,787
5103,RegionA,787
23167,RegionF,787
26046,RegionE,787
31793,RegionF,787
40068,RegionC,787
47112,RegionB,787
48839,RegionD,787
2446,RegionA,788
4836,RegionB,788
14373,RegionB,788
16255,RegionA,788
43454,RegionD,788
48458,RegionC,788
6075,RegionB,789
21234,RegionB,789
26231,RegionA,789
26947,RegionA,789
30559,RegionE,789
41802,RegionE,789
43127,RegionE,789
2946,RegionB,790
3580,RegionF,790
4758,RegionC,790
6147,RegionB,790
12563,RegionB,790
19611,RegionE,790
20873,RegionB,790
21468,RegionF,790
25349,RegionD,790
32742,RegionD,790
35336,RegionA,790
44493,RegionA,790
8070,RegionB,791
8476,RegionB,791
39162,RegionB,791
7852,RegionA,792
9066,RegionB,792
9488,RegionD,792
18493,RegionB,792
28973,RegionA,792
33546,RegionB,792
36933,RegionD,792
40540,RegionC,792
42492,RegionA,792
6100,RegionA,793
6604,RegionF,793
11113,RegionB,793
17788,RegionF,793
28108,RegionA,793
28140,RegionA,793
28808,RegionF,793
38268,RegionA,793
44648,RegionD,793
49187,RegionD,793
883,RegionD,794
9831,RegionE,794
11501,RegionC,794
24575,RegionD,794
32860,RegionD,794
36457,RegionF,794
36553,RegionD,794
43120,RegionE,794
3742,RegionD,795
13408,RegionA,795
15029,RegionB,795
34046,RegionC,795
36753,RegionA,795
2169,RegionE,796
8462,RegionA,796
26223,RegionE,796
27218,RegionC,796
32398,RegionA,796
39649,RegionD,796
41414,RegionD,796
41939,RegionD,796
2684,RegionB,797
9785,RegionE,797
13679,RegionC,797
24252,RegionB,797
26876,RegionB,797
27870,RegionF,797
33654,RegionD,797
39113,RegionF,797
48303,RegionF,797
11529,RegionD,798
24112,RegionF,798
35678,RegionB,798
38029,RegionD,798
5310,RegionD,799
5383,RegionE,799
22301,RegionF,799
27908,RegionD,799
29958,RegionB,799
30872,RegionD,799
31900,RegionB,799
41015,RegionE,799
4861,RegionA,800
28346,RegionC,800
30545,RegionD,800
39628,RegionC,800
41680,RegionB,800
46448,RegionA,800
3450,RegionA,801
8573,RegionA,801
16569,RegionA,801
16614,RegionF,801
18380,RegionA,801
26790,RegionB,801
29154,RegionD,801
32341,RegionC,801
10072,RegionD,802
15211,RegionA,802
20248,RegionF,802
29124,RegionA,802
30191,RegionD,802
32653,RegionA,802
32804,RegionA,802
9498,RegionA,803
12930,RegionB,803
22381,RegionA,803
36491,RegionA,803
37114,RegionA,803
42422,RegionB,803
43114,RegionE,803
45522,RegionF,803
48143,RegionC,803
1048,RegionF,804
11387,RegionA,804
13481,RegionB,804
13827,RegionA,804
14832,RegionB,804
15948,RegionB,804
23436,RegionF,804
29161,RegionD,804
36361,RegionB,804
37277,RegionA,804
38313,RegionF,804
43144,RegionC,804
44379,RegionD,804
12074,RegionE,805
12541,RegionF,805
12620,RegionA,805
22437,RegionD,805
28383,RegionA,805
29927,RegionC,805
36830,RegionE,805
41362,RegionE,805
19810,RegionA,806
20821,RegionB,806
32374,RegionC,806
33192,RegionB,806
38280,RegionF,806
45648,RegionA,806
21253,RegionA,807
24017,RegionC,807
31892,RegionA,807
39774,RegionD,807
47801,RegionB,807
14905,RegionB,808
17911,RegionD,808
22245,RegionB,808
26014,RegionF,808
29802,RegionC,809
39320,RegionC,809
47062,RegionD,809
49376,RegionC,809
463,RegionD,810
8506,RegionE,810
17002,RegionA,810
26518,RegionE,810
28339,RegionC,810
32484,RegionB,810
37675,RegionD,810
38216,RegionA,810
6775,RegionF,811
21434,RegionD,811
31315,RegionA,811
40614,RegionD,811
45841,RegionD,811
361,RegionA,812
15495,RegionB,812
29624,RegionB,812
32307,RegionB,812
36653,RegionE,812
4265,RegionB,813
7130,RegionA,813
7698,RegionD,813
9041,RegionC,813
26453,RegionF,813
2803,RegionC,814
10497,RegionB,814
37263,RegionE,814
42590,RegionF,814
42889,RegionD,814
45429,RegionE,814
7637,RegionB,815
8890,RegionC,815
11715,RegionA,815
14041,RegionD,815
19791,RegionB,815
31083,RegionD,815
47684,RegionC,815
49856,RegionD,815
1198,RegionE,816
6141,RegionB,816
7157,RegionB,816
12319,RegionA,816
28966,RegionF,816
33198,RegionA,816
37612,RegionA,816
2735,RegionA,817
8327,RegionD,817
10483,RegionB,817
42654,RegionD,817
42685,RegionC,817
6158,RegionF,818
16466,RegionB,818
29290,RegionB,818
33548,RegionC,818
35382,RegionA,818
37601,RegionB,818
41025,RegionB,818
4158,RegionA,819
13134,RegionC,819
28545,RegionE,819
40905,RegionA,819
43859,RegionC,819
45889,RegionF,819
46653,RegionB,819
2694,RegionE,820
37805,RegionC,820
45536,RegionA,820
47070,RegionF,820
48286,RegionB,820
1808,RegionE,821
3370,RegionE,821
3602,RegionB,821
8175,RegionC,821
16781,RegionB,821
26717,RegionA,821
3117,RegionB,822
6448,RegionA,822
8156,RegionC,822
9458,RegionF,822
15595,RegionD,822
20083,RegionE,822
20396,RegionC,822
25980,RegionE,822
41112,RegionD,822
48451,RegionC,822
39587,RegionA,823
40093,RegionB,823
40879,RegionA,823
45754,RegionB,823
11707,RegionE,824
21446,RegionD,824
21612,RegionE,824
22985,RegionA,824
35024,RegionC,824
42537,RegionF,824
46347,RegionD,824
1931,RegionC,825
9436,RegionD,825
26999,RegionA,825
29162,RegionE,825
5032,RegionB,826
17285,RegionB,826
32058,RegionB,826
5149,RegionA,827
8154,RegionB,827
28703,RegionF,827
30957,RegionC,827
35948,RegionB,827
38531,RegionA,827
1682,RegionC,828
3744,RegionF,828
7936,RegionF,828
9227,RegionE,828
20751,RegionD,828
26149,RegionC,828
26814,RegionF,828
36860,RegionC,828
42421,RegionB,828
48717,RegionA,828
18938,RegionB,829
20625,RegionC,829
25829,RegionE,829
6954,RegionB,830
15634,RegionC,830
23155,RegionA,830
32389,RegionE,830
35025,RegionD,830
38872,RegionA,830
39508,RegionA,830
41393,RegionC,830
43826,RegionB,830
43951,RegionC,830
47128,RegionE,830
5030,RegionF,831
8269,RegionD,831
25766,RegionA,831
26704,RegionA,831
28883,RegionB,831
31304,RegionC,831
35943,RegionD,831
41871,RegionB,831
49985,RegionB,831
1340,RegionC,832
1365,RegionB,832
6836,RegionB,832
22837,RegionD,832
23525,RegionC,832
24304,RegionB,832
27283,RegionC,833
34232,RegionE,833
48228,RegionC,833
6089,RegionB,834
22814,RegionA,834
26297,RegionA,834
32226,RegionF,834
39913,RegionE,834
40081,RegionC,834
42953,RegionB,834
43246,RegionF,834
1072,RegionC,835
1151,RegionD,835
5733,RegionA,835
7740,RegionA,835
9284,RegionC,835
22013,RegionA,835
30746,RegionB,835
34409,RegionE,835
40499,RegionA,835
12148,RegionA,836
19427,RegionE,836
39643,RegionD,836
13564,RegionF,837
32191,RegionD,837
36206,RegionD,837
38146,RegionC,837
41504,RegionC,837
42573,RegionB,837
44551,RegionF,837
8579,RegionF,838
8618,RegionF,838
9052,RegionA,838
12504,RegionB,838
12595,RegionB,838
18183,RegionA,838
20418,RegionE,838
26686,RegionC,838
9993,RegionD,839
12861,RegionE,839
22802,RegionB,839
24198,RegionA,839
26958,RegionE,839
29444,RegionE,839
44548,RegionC,839
46223,RegionE,839
4563,RegionE,840
8941,RegionA,840
14874,RegionD,840
25618,RegionD,840
31495,RegionC,840
33841,RegionA,840
36611,RegionC,840
40004,RegionD,840
8947,RegionA,841
13230,RegionA,841
22657,RegionA,841
24934,RegionB,841
25096,RegionA,841
42867,RegionA,841
4669,RegionF,842
6303,RegionA,842
12464,RegionB,842
23477,RegionA,842
23980,RegionE,842
24845,RegionD,842
34634,RegionA,842
38260,RegionE,842
44460,RegionA,842
44728,RegionF,842
13581,RegionC,843
16891,RegionA,843
19469,RegionA,843
20140,RegionC,843
31372,RegionE,843
32005,RegionB,843
45374,RegionB,843
10834,RegionE,844
12408,RegionD,844
13153,RegionB,844
22827,RegionA,844
29211,RegionB,844
31047,RegionB,844
33634,RegionD,844
44053,RegionA,844
5025,RegionA,845
6351,RegionB,845
7500,RegionC,845
9429,RegionD,845
11734,RegionF,845
33005,RegionD,845
2737,RegionB,846
4289,RegionF,846
8120,RegionA,846
19926,RegionE,846
32206,RegionF,846
24023,RegionC,847
38838,RegionF,847
7339,RegionF,848
17695,RegionD,848
25022,RegionD,848
29827,RegionB,848
40481,RegionC,848
48417,RegionB,848
5061,RegionD,849
14542,RegionA,849
38101,RegionD,849
42430,RegionD,849
1849,RegionA,850
2243,RegionA,850
14190,RegionB,850
16469,RegionE,850
19866,RegionD,850
25786,RegionA,850
27029,RegionD,850
27352,RegionF,850
27510,RegionA,850
28175,RegionC,850
39042,RegionA,850
40090,RegionE,850
45722,RegionC,850
6113,RegionA,851
11822,RegionB,851
20491,RegionF,851
27960,RegionD,851
32905,RegionC,851
13115,RegionC,852
13268,RegionE,852
14818,RegionA,852
21104,RegionC,852
27549,RegionF,852
35160,RegionB,852
41885,RegionC,852
43328,RegionC,852
48730,RegionA,852
8710,RegionF,853
10384,RegionA,853
14779,RegionA,853
15587,RegionB,853
21656,RegionD,853
41951,RegionD,853
7695,RegionB,854
11448,RegionB,854
17979,RegionA,854
28250,RegionE,854
38046,RegionB,854
40911,RegionA,854
41887,RegionE,854
42649,RegionF,854
17335,RegionE,855
41446,RegionD,855
42082,RegionC,855
44466,RegionF,855
48474,RegionF,855
3106,RegionD,856
27495,RegionD,856
39282,RegionD,856
2183,RegionF,857
8697,RegionF,857
23245,RegionE,857
26606,RegionB,857
44621,RegionD,857
49416,RegionD,857
36,RegionD,858
1967,RegionF,858
3717,RegionE,858
5245,RegionD,858
16763,RegionD,858
21537,RegionC,858
28158,RegionE,858
35319,RegionC,858
36300,RegionA,858
43538,RegionC,858
3369,RegionD,859
15814,RegionF,859
25719,RegionF,859
28243,RegionE,859
39079,RegionD,859
42301,RegionF,859
43875,RegionE,859
47782,RegionC,859
210,RegionA,860
7458,RegionA,860
14413,RegionB,860
20884,RegionF,860
27441,RegionC,860
33461,RegionB,860
35425,RegionD,860
4236,RegionF,861
4899,RegionF,861
15273,RegionC,861
21967,RegionF,861
27997,RegionB,861
29152,RegionB,861
36451,RegionA,861
41203,RegionC,861
49360,RegionA,861
190,RegionA,862
4739,RegionD,862
16921,RegionD,862
18357,RegionD,862
29481,RegionC,862
35844,RegionC,862
1061,RegionE,863
2590,RegionF,863
17665,RegionA,863
24450,RegionC,863
24994,RegionC,863
27659,RegionD,863
32190,RegionC,863
35423,RegionB,863
9399,RegionA,864
29841,RegionB,864
37481,RegionA,864
44975,RegionD,864
49643,RegionA,864
49931,RegionA,864
771,RegionD,865
11321,RegionA,865
18614,RegionE,865
28659,RegionA,865
33600,RegionC,865
43388,RegionD,865
338,RegionD,866
11288,RegionF,866
42048,RegionB,866
1670,RegionD,867
6054,RegionA,867
13027,RegionA,867
20698,RegionC,867
23871,RegionB,867
32797,RegionA,867
44136,RegionD,867
44303,RegionA,867
44508,RegionB,867
27442,RegionD,868
27647,RegionF,868
34198,RegionD,868
46064,RegionD,868
46167,RegionB,868
6181,RegionC,869
9315,RegionA,869
13515,RegionC,869
16333,RegionA,869
22998,RegionA,869
31929,RegionD,869
37941,RegionB,869
44876,RegionC,869
11226,RegionC,870
14795,RegionD,870
22178,RegionA,870
29091,RegionA,870
32447,RegionD,870
44066,RegionF,870
46861,RegionA,870
2538,RegionA,871
4724,RegionB,871
8566,RegionA,871
19215,RegionC,871
19270,RegionE,871
31959,RegionB,871
46398,RegionC,871
48539,RegionF,871
4165,RegionA,872
5561,RegionF,872
18824,RegionE,872
21175,RegionB,872
23589,RegionB,872
27208,RegionF,872
39579,RegionF,872
3676,RegionC,873
4875,RegionB,873
11103,RegionE,873
24826,RegionE,873
32295,RegionC,873
35152,RegionA,873
35513,RegionA,873
36025,RegionA,873
40595,RegionE,873
45875,RegionE,873
8933,RegionF,874
11477,RegionE,874
23839,RegionB,874
29583,RegionA,874
39007,RegionD,874
39825,RegionC,874
44866,RegionF,874
47331,RegionD,874
140,RegionC,875
266,RegionD,875
4572,RegionA,875
23931,RegionC,875
42948,RegionC,875
9146,RegionC,876
9697,RegionC,876
12601,RegionA,876
16944,RegionB,876
22045,RegionF,876
27157,RegionB,876
33438,RegionD,876
37921,RegionA,876
9580,RegionD,877
39624,RegionE,877
44947,RegionB,877
10160,RegionA,878
17735,RegionE,878
17941,RegionB,878
22420,RegionA,878
31491,RegionF,878
38994,RegionE,878
41739,RegionB,878
45098,RegionB,878
4606,RegionB,879
33681,RegionE,879
35127,RegionB,879
36048,RegionD,879
37666,RegionB,879
39490,RegionB,879
40089,RegionD,879
40634,RegionE,879
44776,RegionB,879
49903,RegionE,879
10272,RegionA,880
16743,RegionD,880
20169,RegionF,880
36021,RegionC,880
5464,RegionA,881
7331,RegionD,881
8007,RegionE,881
30850,RegionB,881
41535,RegionA,881
46417,RegionB,881
14872,RegionB,882
19067,RegionF,882
19951,RegionD,882
20573,RegionC,882
27243,RegionB,882
28325,RegionB,882
28543,RegionC,882
35645,RegionB,882
914,RegionC,883
2338,RegionD,883
4636,RegionF,883
5367,RegionB,883
6929,RegionC,883
11663,RegionA,883
20236,RegionA,883
25316,RegionC,883
26212,RegionA,883
36894,RegionD,883
44469,RegionC,883
7965,RegionB,884
43614,RegionA,884
12631,RegionD,885
20783,RegionC,885
30776,RegionF,885
3757,RegionE,886
6662,RegionD,886
9532,RegionB,886
11400,RegionA,886
14882,RegionF,886
17947,RegionA,886
26116,RegionC,886
29066,RegionB,886
30508,RegionA,886
32348,RegionD,886
9745,RegionD,887
13378,RegionD,887
15503,RegionD,887
18115,RegionE,887
21524,RegionC,887
24701,RegionE,887
26336,RegionA,887
27935,RegionE,887
29149,RegionF,887
31188,RegionD,887
38177,RegionB,887
45823,RegionE,887
46879,RegionE,887
48902,RegionB,887
49139,RegionB,887
24804,RegionC,888
29567,RegionD,888
36138,RegionB,888
46435,RegionA,888
46952,RegionF,888
2897,RegionE,889
15594,RegionC,889
20467,RegionB,889
21871,RegionB,889
34776,RegionD,889
49576,RegionF,889
5563,RegionB,890
10871,RegionC,890
29778,RegionE,890
47990,RegionA,890
149,RegionE,891
7387,RegionB,891
16872,RegionB,891
26998,RegionF,891
31262,RegionA,891
32189,RegionB,891
44638,RegionA,891
45304,RegionD,891
1669,RegionD,892
4209,RegionE,892
26781,RegionF,892
33473,RegionA,892
36708,RegionB,892
37298,RegionB,892
44332,RegionC,892
45737,RegionD,892
2122,RegionD,893
18355,RegionB,893
21985,RegionD,893
27271,RegionD,893
36915,RegionE,893
2431,RegionD,894
9390,RegionD,894
14140,RegionE,894
18827,RegionB,894
43169,RegionB,894
14515,RegionF,895
6908,RegionB,896
9466,RegionB,896
12855,RegionE,896
25124,RegionB,896
36162,RegionA,896
40709,RegionB,896
43030,RegionA,896
12768,RegionD,897
31279,RegionD,897
33072,RegionF,897
36785,RegionF,897
41329,RegionD,897
44331,RegionB,897
46846,RegionE,897
323,RegionB,898
3578,RegionD,898
4872,RegionE,898
5723,RegionD,898
26878,RegionD,898
27115,RegionE,898
33314,RegionE,898
37097,RegionD,898
19915,RegionA,899
24271,RegionB,899
42751,RegionC,899
44878,RegionE,899
3751,RegionF,900
8916,RegionB,900
15103,RegionD,900
15847,RegionF,900
16433,RegionB,900
22967,RegionC,900
25585,RegionD,900
35877,RegionD,900
36217,RegionC,900
11480,RegionB,901
34636,RegionB,901
39761,RegionD,901
40220,RegionD,901
44649,RegionE,901
45413,RegionB,901
13,RegionA,902
2720,RegionE,902
15282,RegionE,902
15628,RegionD,902
25094,RegionD,902
25450,RegionF,902
29164,RegionA,902
35224,RegionA,902
36571,RegionB,902
47422,RegionD,902
2875,RegionC,903
3669,RegionC,903
9462,RegionD,903
11416,RegionC,903
14859,RegionB,903
18829,RegionD,903
21911,RegionC,903
28448,RegionA,903
42712,RegionD,903
47337,RegionD,903
1246,RegionA,904
23301,RegionB,904
31823,RegionC,904
36198,RegionC,904
47723,RegionC,904
8924,RegionD,905
35399,RegionD,905
36208,RegionA,905
639,RegionC,906
2428,RegionB,906
6911,RegionD,906
7891,RegionA,906
11745,RegionD,906
15165,RegionA,906
27057,RegionF,906
27101,RegionD,906
27122,RegionE,906
34272,RegionF,906
10126,RegionE,907
47454,RegionC,907
48746,RegionC,907
2675,RegionF,908
3030,RegionA,908
9735,RegionB,908
31150,RegionF,908
44183,RegionE,908
13512,RegionA,909
31993,RegionC,909
38092,RegionB,909
45475,RegionE,909
46092,RegionE,909
47610,RegionB,909
5495,RegionE,910
13711,RegionB,910
19561,RegionA,910
28846,RegionD,910
34575,RegionA,910
44308,RegionE,910
45348,RegionC,910
47979,RegionC,910
223,RegionA,911
3191,RegionD,911
23262,RegionC,911
36682,RegionB,911
2574,RegionC,912
7673,RegionE,912
7753,RegionA,912
12267,RegionB,912
17272,RegionB,912
33816,RegionB,912
34020,RegionC,912
49493,RegionB,912
24043,RegionC,913
27798,RegionF,913
33846,RegionF,913
43242,RegionB,913
49153,RegionC,913
18137,RegionA,914
23838,RegionB,914
28115,RegionB,914
28730,RegionA,914
30411,RegionB,914
33318,RegionC,914
36043,RegionE,914
49141,RegionD,914
12152,RegionD,915
15835,RegionA,915
16616,RegionB,915
17742,RegionF,915
30253,RegionA,915
31627,RegionD,915
40679,RegionD,915
6825,RegionD,916
8214,RegionB,916
9916,RegionE,916
10534,RegionA,916
33992,RegionB,916
35512,RegionF,916
37349,RegionF,916
38210,RegionB,916
39263,RegionE,916
45411,RegionA,916
49176,RegionA,916
6968,RegionB,917
16799,RegionA,917
25341,RegionB,917
28868,RegionA,917
37112,RegionE,917
4399,RegionE,918
10140,RegionF,918
18476,RegionE,918
20037,RegionE,918
35849,RegionB,918
36714,RegionA,918
40402,RegionC,918
44286,RegionC,918
45365,RegionA,918
905,RegionA,919
12361,RegionD,919
14810,RegionF,919
22798,RegionD,919
24336,RegionA,919
41473,RegionD,919
1618,RegionE,920
7499,RegionB,920
7876,RegionE,920
23212,RegionE,920
46843,RegionB,920
1167,RegionA,921
27365,RegionF,921
14011,RegionA,922
21918,RegionC,922
25475,RegionE,922
26659,RegionB,922
27668,RegionA,922
28818,RegionC,922
30648,RegionC,922
1045,RegionC,923
4990,RegionE,923
11557,RegionF,923
13821,RegionA,923
36077,RegionA,923
36187,RegionE,923
444,RegionE,924
3487,RegionD,924
36040,RegionC,924
47139,RegionC,924
48957,RegionD,924
13938,RegionF,925
17889,RegionB,925
25925,RegionB,925
36780,RegionB,925
47977,RegionB,925
36436,RegionE,926
12348,RegionD,927
15145,RegionF,927
30983,RegionC,927
37153,RegionA,927
38457,RegionF,927
45932,RegionC,927
3851,RegionB,928
17294,RegionD,928
24739,RegionD,928
31384,RegionD,928
13778,RegionD,929
15815,RegionA,929
16087,RegionD,929
20107,RegionC,929
30617,RegionD,929
36907,RegionD,929
38222,RegionA,929
39058,RegionC,929
43075,RegionF,929
43286,RegionA,929
15798,RegionC,930
32808,RegionD,930
34302,RegionC,930
38845,RegionA,930
421,RegionB,931
5869,RegionE,931
8543,RegionC,931
26207,RegionB,931
30561,RegionA,931
39026,RegionD,931
39903,RegionB,931
43283,RegionD,931
45055,RegionE,931
45231,RegionD,931
3731,RegionF,932
4958,RegionF,932
6592,RegionA,932
7635,RegionA,932
8382,RegionF,932
15882,RegionB,932
21312,RegionA,932
21539,RegionD,932
28205,RegionF,932
10807,RegionD,933
16086,RegionC,933
20866,RegionA,933
21424,RegionB,933
27479,RegionB,933
31939,RegionB,933
36148,RegionF,933
40284,RegionC,933
44146,RegionA,933
44400,RegionF,933
49559,RegionB,933
2817,RegionD,934
4540,RegionB,934
10431,RegionB,934
13092,RegionF,934
17473,RegionF,934
18856,RegionD,934
25803,RegionE,934
42998,RegionA,934
44459,RegionF,934
17032,RegionD,935
26917,RegionD,935
34645,RegionE,935
35538,RegionF,935
36642,RegionA,935
39623,RegionD,935
8761,RegionD,936
8968,RegionB,936
15932,RegionF,936
22865,RegionF,936
28635,RegionC,936
34679,RegionF,936
39630,RegionD,936
10017,RegionB,937
10805,RegionB,937
14672,RegionE,937
17969,RegionC,937
23119,RegionD,937
24163,RegionE,937
31572,RegionB,937
38691,RegionD,937
39695,RegionD,937
41789,RegionE,937
42035,RegionB,937
42452,RegionF,937
45013,RegionB,937
9706,RegionE,938
10478,RegionC,938
15885,RegionE,938
38373,RegionA,938
41518,RegionC,938
41738,RegionA,938
46519,RegionF,938
2630,RegionA,939
2839,RegionF,939
9567,RegionD,939
10853,RegionD,939
21111,RegionC,939
30821,RegionE,939
33797,RegionC,939
44152,RegionA,939
45625,RegionD,939
47867,RegionC,939
1297,RegionE,940
10205,RegionE,940
10854,RegionE,940
34789,RegionD,941
36556,RegionA,941
606,RegionC,942
24237,RegionA,942
34225,RegionD,942
37288,RegionD,942
41229,RegionC,942
41323,RegionE,942
19850,RegionB,943
28312,RegionB,943
28558,RegionE,943
29836,RegionD,943
32311,RegionF,943
36241,RegionA,943
40088,RegionC,943
40788,RegionB,943
411,RegionE,944
6557,RegionD,944
17126,RegionF,944
23821,RegionD,944
34466,RegionC,944
36125,RegionB,944
6753,RegionD,945
10424,RegionB,945
11348,RegionA,945
17481,RegionA,945
30461,RegionF,945
37670,RegionF,945
2253,RegionD,946
6083,RegionC,946
17541,RegionB,946
26060,RegionF,946
29443,RegionD,946
33560,RegionB,946
2868,RegionB,947
11666,RegionD,947
21489,RegionA,947
37163,RegionD,947
43704,RegionE,947
6515,RegionB,948
19145,RegionE,948
27679,RegionE,948
29995,RegionE,948
34956,RegionA,948
39519,RegionE,948
3403,RegionF,949
6880,RegionF,949
23020,RegionC,949
25371,RegionF,949
25985,RegionC,949
29522,RegionE,949
30037,RegionB,949
37782,RegionF,949
43881,RegionE,949
48336,RegionF,949
48654,RegionC,949
1446,RegionD,950
4484,RegionD,950
6970,RegionD,950
13305,RegionC,950
13797,RegionC,950
13960,RegionB,950
18739,RegionF,950
20810,RegionD,950
21785,RegionB,950
37625,RegionA,950
42815,RegionB,950
45367,RegionB,950
48059,RegionD,950
18336,RegionC,951
19562,RegionB,951
26441,RegionA,951
28188,RegionB,951
49265,RegionD,951
2635,RegionE,952
8011,RegionC,952
11994,RegionD,952
17588,RegionC,952
27350,RegionD,952
29738,RegionD,952
30721,RegionC,952
32596,RegionB,952
33348,RegionA,952
35983,RegionD,952
46699,RegionB,952
2943,RegionE,953
4651,RegionA,953
28471,RegionC,953
31552,RegionB,953
32942,RegionA,953
39821,RegionE,953
42396,RegionB,953
44677,RegionA,953
7690,RegionC,954
39081,RegionA,954
41104,RegionC,954
41361,RegionD,954
47295,RegionB,954
5338,RegionF,955
11975,RegionD,955
16190,RegionB,955
16738,RegionE,955
18970,RegionA,955
20669,RegionA,955
25485,RegionB,955
41274,RegionB,955
1841,RegionE,956
8458,RegionC,956
18950,RegionA,956
39749,RegionE,956
39923,RegionB,956
4704,RegionB,957
4952,RegionA,957
4977,RegionE,957
11377,RegionC,957
16278,RegionD,957
21718,RegionA,957
22237,RegionA,957
30917,RegionC,957
34698,RegionE,957
39720,RegionC,957
48561,RegionB,957
21668,RegionC,958
23322,RegionD,958
29913,RegionB,958
30775,RegionE,958
36565,RegionC,958
40216,RegionA,958
42442,RegionC,958
47680,RegionF,958
1313,RegionB,959
22547,RegionC,959
23632,RegionE,959
29561,RegionD,959
34177,RegionC,959
34573,RegionE,959
44905,RegionF,959
48010,RegionB,959
2245,RegionB,960
29795,RegionB,960
30681,RegionC,960
40945,RegionA,960
24692,RegionC,961
25245,RegionD,961
31631,RegionB,961
2306,RegionD,962
12864,RegionB,962
19974,RegionA,962
29463,RegionE,962
33445,RegionE,962
45607,RegionF,962
9189,RegionF,963
13129,RegionD,963
27704,RegionD,963
29073,RegionB,963
29641,RegionF,963
33857,RegionD,963
37507,RegionA,963
47858,RegionA,963
47889,RegionE,963
4295,RegionF,964
18092,RegionB,964
37714,RegionD,964
38240,RegionE,964
47106,RegionC,964
903,RegionE,965
6993,RegionB,965
9144,RegionA,965
26370,RegionB,965
28307,RegionC,965
32303,RegionD,965
34375,RegionD,965
36074,RegionD,965
40107,RegionC,965
42411,RegionD,965
46485,RegionE,965
47416,RegionD,965
12259,RegionA,966
31426,RegionA,966
34144,RegionB,966
45881,RegionD,966
45894,RegionD,966
47093,RegionC,966
658,RegionC,967
3536,RegionA,967
4179,RegionB,967
10340,RegionC,967
13538,RegionF,967
14468,RegionE,967
15654,RegionD,967
17515,RegionB,967
21630,RegionD,967
24188,RegionD,967
30511,RegionC,967
33079,RegionA,967
35895,RegionB,967
37011,RegionC,967
38913,RegionC,967
44073,RegionA,967
44149,RegionD,967
5144,RegionB,968
8913,RegionF,968
11299,RegionD,968
12213,RegionF,968
34147,RegionE,968
34395,RegionD,968
9523,RegionF,969
12859,RegionC,969
20688,RegionA,969
23456,RegionF,969
30611,RegionE,969
42721,RegionF,969
43585,RegionD,969
24217,RegionA,970
28928,RegionA,970
29879,RegionA,970
46813,RegionE,970
2767,RegionF,971
18323,RegionC,971
49613,RegionD,971
878,RegionF,972
1998,RegionD,972
21116,RegionB,972
41928,RegionA,972
918,RegionA,973
2067,RegionB,973
2392,RegionE,973
8208,RegionC,973
9799,RegionF,973
13333,RegionD,973
22407,RegionA,973
24296,RegionA,973
31059,RegionA,973
32499,RegionD,973
44637,RegionA,973
48217,RegionE,973
679,RegionD,974
3542,RegionA,974
9974,RegionD,974
33533,RegionB,974
47541,RegionD,974
6673,RegionC,975
13247,RegionD,975
17436,RegionB,975
31602,RegionE,975
32848,RegionE,975
45288,RegionB,975
48652,RegionA,975
48740,RegionC,975
4180,RegionB,976
24977,RegionE,976
33926,RegionA,976
40883,RegionD,976
46698,RegionB,976
5099,RegionC,977
6296,RegionF,977
22442,RegionC,977
24763,RegionB,977
33245,RegionB,977
36243,RegionB,977
40636,RegionA,977
47372,RegionF,977
9259,RegionD,978
9729,RegionB,978
13860,RegionA,978
36618,RegionC,978
37533,RegionA,978
2689,RegionA,979
3697,RegionD,979
18980,RegionD,979
20589,RegionF,979
28275,RegionD,979
49683,RegionB,979
88,RegionC,980
1356,RegionE,980
8855,RegionA,980
11418,RegionE,980
12740,RegionB,980
2877,RegionD,981
5287,RegionA,981
15069,RegionB,981
20456,RegionD,981
21693,RegionB,981
23261,RegionB,981
42592,RegionB,981
48916,RegionB,981
28238,RegionA,982
38551,RegionB,982
38623,RegionA,982
45896,RegionF,982
47257,RegionC,982
15564,RegionE,983
18912,RegionB,983
20760,RegionF,983
28273,RegionB,983
28943,RegionC,983
41055,RegionF,983
2436,RegionC,984
3151,RegionC,984
22549,RegionD,984
24900,RegionA,984
25202,RegionA,984
26940,RegionA,984
31131,RegionA,984
43944,RegionB,984
46385,RegionC,984
21879,RegionD,985
23199,RegionE,985
26618,RegionA,985
40267,RegionE,985
42296,RegionA,985
1095,RegionA,986
2301,RegionF,986
25687,RegionA,986
29284,RegionC,986
34463,RegionA,986
48062,RegionA,986
49829,RegionD,986
942,RegionD,987
1332,RegionA,987
22992,RegionB,987
24612,RegionB,987
40876,RegionD,987
44079,RegionF,987
47662,RegionA,987
9720,RegionF,988
14573,RegionE,988
20101,RegionC,988
24344,RegionB,988
36826,RegionB,988
37343,RegionA,988
44480,RegionA,988
13202,RegionE,989
38961,RegionD,989
39278,RegionA,989
1079,RegionD,990
41261,RegionB,990
42451,RegionE,990
44141,RegionC,990
45668,RegionB,990
16532,RegionC,991
17706,RegionC,991
19467,RegionE,991
21336,RegionE,991
28281,RegionD,991
29598,RegionB,991
31644,RegionB,991
36627,RegionF,991
42275,RegionF,991
43224,RegionD,991
45052,RegionB,991
5160,RegionE,992
11603,RegionA,992
13707,RegionE,992
15893,RegionA,992
18727,RegionA,992
19282,RegionD,992
21950,RegionC,992
23079,RegionC,992
25407,RegionC,992
28391,RegionB,992
46943,RegionD,992
48910,RegionC,992
1810,RegionA,993
5837,RegionF,993
15561,RegionB,993
42940,RegionB,993
48551,RegionD,993
1339,RegionB,994
7233,RegionE,994
18817,RegionE,994
25156,RegionA,994
28584,RegionE,994
32667,RegionB,994
33077,RegionD,994
2930,RegionE,995
6752,RegionC,995
17642,RegionD,995
27490,RegionF,995
48131,RegionD,995
2714,RegionE,996
14667,RegionA,996
15534,RegionB,996
16132,RegionC,996
24592,RegionA,996
34566,RegionD,996
37212,RegionA,996
38448,RegionC,996
40980,RegionC,996
48500,RegionF,996
3683,RegionD,997
7197,RegionB,997
11195,RegionE,997
24364,RegionC,997
30242,RegionC,997
383,RegionC,998
525,RegionA,998
7967,RegionD,998
13952,RegionA,998
14658,RegionD,998
15530,RegionD,998
15781,RegionF,998
17936,RegionC,998
22817,RegionD,998
30797,RegionA,998
42517,RegionE,998
6751,RegionB,999
10933,RegionE,999
12094,RegionE,999
23023,RegionF,999
23443,RegionA,999
36131,RegionB,999
36773,RegionA,999
6629,RegionD,1000
9478,RegionA,1000
11244,RegionB,1000
11712,RegionD,1000
11995,RegionE,1000
12082,RegionA,1000
16481,RegionD,1000
21304,RegionF,1000
21363,RegionF,1000
22551,RegionA,1000
26697,RegionA,1000
44155,RegionD,1000
47644,RegionC,1000
48821,RegionF,1000
9046,RegionA,1001
12036,RegionA,1001
31148,RegionD,1001
41231,RegionE,1001
43705,RegionF,1001
43870,RegionA,1001
45454,RegionD,1001
47988,RegionF,1001
3937,RegionB,1002
30925,RegionD,1002
36195,RegionA,1002
43602,RegionB,1002
1066,RegionD,1003
7428,RegionC,1003
13046,RegionF,1003
21326,RegionB,1003
22097,RegionE,1003
6169,RegionD,1004
7625,RegionD,1004
21411,RegionB,1004
46189,RegionD,1004
49375,RegionB,1004
381,RegionB,1005
4538,RegionF,1005
17311,RegionA,1005
19053,RegionE,1005
19547,RegionA,1005
34109,RegionA,1005
34597,RegionC,1005
34797,RegionF,1005
35227,RegionC,1005
39852,RegionD,1005
40328,RegionA,1005
8875,RegionA,1006
9014,RegionB,1006
20227,RegionD,1006
20591,RegionB,1006
33343,RegionB,1006
4737,RegionB,1007
14134,RegionE,1007
16484,RegionA,1007
28331,RegionA,1007
33455,RegionB,1007
42076,RegionD,1007
44674,RegionD,1007
45215,RegionA,1007
45684,RegionD,1007
48243,RegionE,1007
2522,RegionD,1008
12478,RegionB,1008
12486,RegionD,1008
14765,RegionA,1008
31010,RegionD,1008
10717,RegionF,1009
21452,RegionC,1009
23604,RegionD,1009
23673,RegionA,1009
24514,RegionB,1009
39716,RegionE,1009
1491,RegionC,1010
3197,RegionC,1010
5221,RegionA,1010
8479,RegionD,1010
13058,RegionE,1010
15125,RegionF,1010
19455,RegionA,1010
29317,RegionC,1010
29656,RegionA,1010
29907,RegionC,1010
46154,RegionB,1010
5035,RegionD,1011
7982,RegionF,1011
19526,RegionE,1011
31231,RegionB,1011
38273,RegionE,1011
40491,RegionF,1011
43558,RegionC,1011
45254,RegionA,1011
49756,RegionC,1011
4810,RegionC,1012
21795,RegionE,1012
23496,RegionA,1012
26900,RegionA,1012
43908,RegionF,1012
47982,RegionF,1012
5228,RegionA,1013
5620,RegionF,1013
14750,RegionE,1013
24269,RegionF,1013
24560,RegionB,1013
32149,RegionB,1013
37398,RegionC,1013
5615,RegionA,1014
22594,RegionD,1014
24434,RegionA,1014
33825,RegionD,1014
41673,RegionA,1014
45993,RegionE,1014
48271,RegionA,1014
33854,RegionA,1015
41459,RegionC,1015
219,RegionC,1016
2356,RegionB,1016
8492,RegionD,1016
10548,RegionA,1016
23700,RegionA,1016
25257,RegionD,1016
31403,RegionC,1016
35774,RegionE,1016
40646,RegionD,1016
46883,RegionC,1016
18068,RegionD,1017
27367,RegionB,1017
27844,RegionF,1017
29352,RegionE,1017
42839,RegionF,1017
42932,RegionA,1017
46410,RegionB,1017
46761,RegionE,1017
2292,RegionC,1018
7918,RegionB,1018
10379,RegionC,1018
10727,RegionC,1018
12738,RegionA,1018
17556,RegionC,1018
17737,RegionA,1018
21527,RegionF,1018
26002,RegionA,1018
35150,RegionD,1018
9680,RegionE,1019
17696,RegionE,1019
24689,RegionF,1019
29242,RegionA,1019
29865,RegionA,1019
32086,RegionD,1019
32815,RegionE,1019
5044,RegionA,1020
9406,RegionA,1020
11871,RegionE,1020
12914,RegionE,1020
17510,RegionC,1020
18722,RegionB,1020
22684,RegionB,1020
41946,RegionE,1020
49443,RegionD,1020
10526,RegionE,1021
12496,RegionA,1021
17527,RegionA,1021
21071,RegionB,1021
26943,RegionD,1021
28073,RegionE,1021
33142,RegionD,1021
49068,RegionC,1021
23133,RegionD,1022
23719,RegionA,1022
27759,RegionF,1022
34827,RegionC,1022
38674,RegionF,1022
46013,RegionE,1022
133,RegionB,1023
5557,RegionB,1023
6978,RegionF,1023
14712,RegionF,1023
27066,RegionB,1023
31121,RegionC,1023
33394,RegionA,1023
41354,RegionC,1023
42002,RegionB,1023
47469,RegionE,1023
15855,RegionB,1024
17128,RegionB,1024
18277,RegionC,1024
20033,RegionA,1024
24750,RegionB,1024
29541,RegionD,1024
45356,RegionD,1024
49499,RegionB,1024
49680,RegionE,1024
21831,RegionB,1025
22807,RegionA,1025
26941,RegionB,1025
38575,RegionF,1025
13109,RegionD,1026
20901,RegionC,1026
22119,RegionA,1026
23355,RegionD,1026
33753,RegionE,1026
42531,RegionF,1026
8173,RegionA,1027
10057,RegionB,1027
22771,RegionD,1027
27048,RegionD,1027
31976,RegionE,1027
34883,RegionA,1027
37219,RegionA,1027
39017,RegionB,1027
41614,RegionA,1027
45237,RegionC,1027
19563,RegionC,1028
20026,RegionA,1028
21964,RegionC,1028
35133,RegionA,1028
36311,RegionD,1028
45918,RegionB,1028
49058,RegionA,1028
3718,RegionF,1029
13340,RegionE,1029
22105,RegionA,1029
23395,RegionD,1029
23793,RegionB,1029
30494,RegionF,1029
48731,RegionA,1029
18401,RegionB,1030
21245,RegionF,1030
25593,RegionE,1030
29993,RegionD,1030
31401,RegionB,1030
46513,RegionA,1030
27890,RegionF,1031
31242,RegionF,1031
48114,RegionA,1031
850,RegionD,1032
3528,RegionF,1032
5989,RegionA,1032
6983,RegionD,1032
12243,RegionD,1032
29219,RegionD,1032
40825,RegionF,1032
43780,RegionB,1032
49465,RegionA,1032
500,RegionB,1033
16926,RegionC,1033
18006,RegionA,1033
18737,RegionD,1033
19980,RegionA,1033
36673,RegionF,1033
42485,RegionF,1033
43609,RegionB,1033
18328,RegionB,1034
24491,RegionE,1034
42835,RegionB,1034
43013,RegionC,1034
49486,RegionB,1034
5236,RegionB,1035
17379,RegionD,1035
18197,RegionB,1035
28118,RegionD,1035
42225,RegionB,1035
15359,RegionD,1036
20931,RegionA,1036
21408,RegionE,1036
23388,RegionD,1036
25273,RegionF,1036
31259,RegionD,1036
32205,RegionE,1036
38599,RegionC,1036
15371,RegionC,1037
21433,RegionD,1037
35529,RegionC,1037
939,RegionB,1038
24150,RegionE,1038
33104,RegionE,1038
37698,RegionA,1038
42345,RegionD,1038
7095,RegionE,1039
10302,RegionD,1039
17307,RegionD,1039
29572,RegionB,1039
39741,RegionD,1039
585,RegionB,1040
37492,RegionE,1040
4213,RegionB,1041
10864,RegionB,1041
14538,RegionC,1041
23309,RegionD,1041
34549,RegionA,1041
41760,RegionC,1041
48706,RegionB,1041
49396,RegionC,1041
1274,RegionB,1042
4938,RegionF,1042
11941,RegionC,1042
16937,RegionA,1042
11384,RegionD,1043
13145,RegionA,1043
22575,RegionD,1043
25253,RegionF,1043
30051,RegionB,1043
715,RegionA,1044
8967,RegionA,1044
12499,RegionD,1044
28763,RegionA,1044
38569,RegionF,1044
586,RegionC,1045
7711,RegionD,1045
12692,RegionA,1045
14275,RegionB,1045
15393,RegionE,1045
19101,RegionA,1045
19913,RegionE,1045
30541,RegionA,1045
39533,RegionF,1045
44329,RegionA,1045
7872,RegionB,1046
18641,RegionF,1046
18682,RegionA,1046
20516,RegionE,1046
23531,RegionC,1046
27158,RegionB,1046
27557,RegionA,1046
37925,RegionE,1046
39375,RegionE,1046
2218,RegionB,1047
22719,RegionD,1047
38867,RegionB,1047
11105,RegionA,1048
24687,RegionD,1048
25298,RegionE,1048
31301,RegionF,1048
32646,RegionA,1048
43451,RegionB,1048
44808,RegionA,1048
354,RegionA,1049
30442,RegionA,1049
2440,RegionA,1050
13520,RegionB,1050
21616,RegionC,1050
22235,RegionE,1050
27411,RegionF,1050
42313,RegionD,1050
45191,RegionC,1050
1969,RegionB,1051
17121,RegionB,1051
25526,RegionD,1051
33535,RegionC,1051
34105,RegionC,1051
35012,RegionD,1051
35166,RegionA,1051
49710,RegionC,1051
3530,RegionB,1052
7761,RegionB,1052
20006,RegionA,1052
23363,RegionE,1052
28576,RegionC,1052
28934,RegionA,1052
30906,RegionD,1052
38033,RegionB,1052
39381,RegionE,1052
42235,RegionE,1052
7480,RegionC,1053
8217,RegionE,1053
16798,RegionF,1053
20466,RegionA,1053
21286,RegionA,1053
23389,RegionE,1053
24870,RegionD,1053
26032,RegionD,1053
39929,RegionB,1053
11746,RegionE,1054
11970,RegionF,1054
13138,RegionA,1054
15861,RegionA,1054
27983,RegionA,1054
34543,RegionB,1054
37736,RegionF,1054
2638,RegionB,1055
13819,RegionE,1055
19261,RegionC,1055
38232,RegionD,1055
43573,RegionE,1055
4693,RegionD,1056
7283,RegionC,1056
18609,RegionA,1056
19352,RegionB,1056
19730,RegionF,1056
25539,RegionC,1056
29902,RegionD,1056
38479,RegionB,1056
38483,RegionE,1056
9111,RegionA,1057
16192,RegionD,1057
17863,RegionB,1057
18066,RegionB,1057
19803,RegionA,1057
23747,RegionB,1057
25753,RegionA,1057
33677,RegionA,1057
36821,RegionC,1057
40941,RegionD,1057
45263,RegionC,1057
48097,RegionC,1057
49137,RegionA,1057
13616,RegionF,1058
25305,RegionE,1058
25878,RegionB,1058
29903,RegionE,1058
34286,RegionA,1058
9677,RegionB,1059
18500,RegionC,1059
23116,RegionA,1059
39372,RegionB,1059
41671,RegionE,1059
45126,RegionD,1059
47957,RegionA,1059
3608,RegionA,1060
12701,RegionB,1060
24054,RegionA,1060
29736,RegionB,1060
41648,RegionB,1060
41999,RegionE,1060
297,RegionC,1061
12002,RegionE,1061
13249,RegionF,1061
35468,RegionB,1061
41283,RegionD,1061
49276,RegionB,1061
2143,RegionE,1062
14406,RegionB,1062
20091,RegionF,1062
40894,RegionC,1062
2765,RegionD,1063
4583,RegionE,1063
11166,RegionB,1063
11498,RegionF,1063
13009,RegionB,1063
16027,RegionC,1063
19581,RegionB,1063
29882,RegionD,1063
33561,RegionC,1063
46172,RegionA,1063
9178,RegionB,1064
17529,RegionC,1064
43375,RegionD,1064
46687,RegionD,1064
6087,RegionA,1065
7440,RegionB,1065
12528,RegionA,1065
13207,RegionC,1065
15292,RegionB,1065
32481,RegionE,1065
39120,RegionF,1065
41427,RegionD,1065
49537,RegionA,1065
8574,RegionB,1066
11896,RegionD,1066
25146,RegionD,1066
27305,RegionE,1066
27435,RegionD,1066
34611,RegionD,1066
39952,RegionE,1066
46262,RegionE,1066
2163,RegionE,1067
5470,RegionA,1067
6906,RegionF,1067
28902,RegionB,1067
30487,RegionE,1067
34338,RegionF,1067
36091,RegionA,1067
45678,RegionD,1067
167,RegionD,1068
6574,RegionB,1068
9632,RegionC,1068
21610,RegionD,1068
24978,RegionA,1068
25533,RegionD,1068
30699,RegionA,1068
36026,RegionB,1068
37735,RegionE,1068
43759,RegionA,1068
1982,RegionB,1069
2134,RegionC,1069
8495,RegionA,1069
16841,RegionC,1069
20232,RegionC,1069
26605,RegionA,1069
28071,RegionC,1069
36226,RegionE,1069
48068,RegionA,1069
2649,RegionF,1070
24497,RegionD,1070
27883,RegionF,1070
32369,RegionE,1070
1361,RegionD,1071
6902,RegionB,1071
7975,RegionF,1071
33371,RegionC,1071
33457,RegionD,1071
36056,RegionE,1071
44300,RegionD,1071
10866,RegionD,1072
11744,RegionC,1072
20306,RegionE,1072
23290,RegionD,1072
24088,RegionB,1072
26383,RegionB,1072
27655,RegionA,1072
33554,RegionC,1072
37546,RegionA,1072
6110,RegionD,1073
12027,RegionD,1073
27443,RegionE,1073
38858,RegionA,1073
40150,RegionF,1073
41787,RegionD,1073
13599,RegionB,1074
18022,RegionD,1074
20218,RegionB,1074
24209,RegionE,1074
38359,RegionF,1074
3555,RegionA,1075
11585,RegionB,1075
12406,RegionC,1075
26134,RegionB,1075
1632,RegionF,1076
11209,RegionF,1076
14625,RegionD,1076
25383,RegionE,1076
25711,RegionE,1076
30700,RegionB,1076
34675,RegionB,1076
36758,RegionF,1076
37425,RegionD,1076
47385,RegionF,1076
6843,RegionB,1077
7921,RegionD,1077
17977,RegionD,1077
37512,RegionE,1077
46663,RegionF,1077
2019,RegionF,1078
14691,RegionE,1078
16906,RegionC,1078
19877,RegionB,1078
30842,RegionF,1078
13086,RegionA,1079
13911,RegionE,1079
16693,RegionF,1079
17682,RegionD,1079
19716,RegionE,1079
30245,RegionF,1079
31729,RegionB,1079
37083,RegionC,1079
43639,RegionF,1079
4329,RegionA,1080
8860,RegionE,1080
15573,RegionB,1080
32519,RegionD,1080
33848,RegionB,1080
39676,RegionD,1080
17057,RegionC,1081
26432,RegionD,1081
27279,RegionE,1081
34183,RegionB,1081
37965,RegionF,1081
46516,RegionC,1081
1163,RegionC,1082
24003,RegionB,1082
36144,RegionB,1082
41376,RegionF,1082
22,RegionC,1083
12568,RegionA,1083
19964,RegionD,1083
21460,RegionD,1083
9252,RegionD,1084
10813,RegionD,1084
15817,RegionC,1084
27788,RegionC,1084
28578,RegionE,1084
31577,RegionA,1084
38655,RegionA,1084
41957,RegionC,1084
44025,RegionD,1084
1851,RegionB,1085
2012,RegionE,1085
16445,RegionA,1085
21505,RegionD,1085
28072,RegionD,1085
34744,RegionE,1085
4145,RegionA,1086
20351,RegionD,1086
22398,RegionD,1086
42772,RegionD,1086
47824,RegionF,1086
12507,RegionE,1087
33859,RegionF,1087
44450,RegionC,1087
5599,RegionD,1088
35291,RegionB,1088
46042,RegionB,1088
9897,RegionF,1089
21639,RegionF,1089
37663,RegionE,1089
40477,RegionE,1089
49262,RegionA,1089
49626,RegionD,1089
41563,RegionC,1090
47689,RegionB,1090
48636,RegionD,1090
22358,RegionD,1091
31771,RegionD,1091
36078,RegionB,1091
45067,RegionD,1091
4130,RegionD,1092
13476,RegionC,1092
32747,RegionC,1092
47650,RegionB,1092
47923,RegionF,1092
48050,RegionB,1092
4177,RegionF,1093
7342,RegionC,1093
13543,RegionE,1093
23664,RegionD,1093
32259,RegionA,1093
44190,RegionF,1093
14177,RegionC,1094
14352,RegionA,1094
16268,RegionA,1094
16847,RegionC,1094
20204,RegionB,1094
38051,RegionF,1094
48365,RegionB,1094
23754,RegionC,1095
23837,RegionA,1095
28062,RegionA,1095
39224,RegionE,1095
42089,RegionD,1095
47733,RegionA,1095
47,RegionB,1096
6063,RegionC,1096
9684,RegionC,1096
11634,RegionD,1096
16161,RegionE,1096
26234,RegionC,1096
27593,RegionD,1096
41604,RegionD,1096
13500,RegionA,1097
19496,RegionB,1097
33031,RegionD,1097
34132,RegionC,1097
36308,RegionB,1097
39582,RegionB,1097
41793,RegionC,1097
49739,RegionE,1097
2265,RegionC,1098
8851,RegionC,1098
12159,RegionE,1098
13167,RegionC,1098
20478,RegionF,1098
22746,RegionE,1098
22910,RegionE,1098
24696,RegionA,1098
37812,RegionD,1098
45834,RegionC,1098
380,RegionA,1099
1671,RegionE,1099
4392,RegionD,1099
4928,RegionB,1099
10104,RegionC,1099
16239,RegionE,1099
29634,RegionE,1099
43439,RegionB,1099
6681,RegionD,1100
10954,RegionA,1100
25977,RegionB,1100
28739,RegionB,1100
32140,RegionE,1100
39610,RegionD,1100
39733,RegionC,1100
10963,RegionC,1101
16311,RegionD,1101
16775,RegionC,1101
26552,RegionF,1101
29247,RegionE,1101
33682,RegionF,1101
34558,RegionC,1101
41896,RegionA,1101
47018,RegionA,1101
49006,RegionA,1101
6749,RegionA,1102
22580,RegionC,1102
27925,RegionB,1102
34227,RegionA,1102
34442,RegionE,1102
2076,RegionD,1103
4367,RegionE,1103
7204,RegionB,1103
13681,RegionE,1103
15110,RegionD,1103
15317,RegionB,1103
27942,RegionF,1103
29022,RegionC,1103
31860,RegionA,1103
35772,RegionD,1103
44831,RegionD,1103
47151,RegionB,1103
12534,RegionF,1104
15707,RegionD,1104
19139,RegionE,1104
22487,RegionB,1104
29947,RegionC,1104
40734,RegionA,1104
42,RegionC,1105
21901,RegionF,1105
26543,RegionD,1105
39398,RegionB,1105
8625,RegionA,1106
13280,RegionD,1106
24522,RegionC,1106
26236,RegionE,1106
37501,RegionA,1106
3564,RegionC,1107
10601,RegionB,1107
16939,RegionC,1107
24873,RegionA,1107
28956,RegionC,1107
35178,RegionA,1107
35473,RegionF,1107
35614,RegionC,1107
39391,RegionB,1107
45179,RegionD,1107
7548,RegionE,1108
12286,RegionA,1108
21481,RegionF,1108
21623,RegionC,1108
23778,RegionA,1108
28444,RegionC,1108
11444,RegionE,1109
12545,RegionD,1109
14775,RegionD,1109
21337,RegionF,1109
32875,RegionF,1109
35592,RegionA,1109
1428,RegionE,1110
3382,RegionD,1110
7013,RegionB,1110
19886,RegionD,1110
31835,RegionB,1110
35372,RegionD,1110
38760,RegionA,1110
40601,RegionD,1110
42999,RegionB,1110
13873,RegionA,1111
17751,RegionB,1111
23802,RegionD,1111
25953,RegionD,1111
27625,RegionD,1111
27874,RegionC,1111
30299,RegionB,1111
42203,RegionF,1111
48973,RegionA,1111
5695,RegionB,1112
6155,RegionC,1112
17367,RegionD,1112
20335,RegionA,1112
25312,RegionF,1112
30451,RegionB,1112
36584,RegionB,1112
2270,RegionA,1113
9492,RegionA,1113
12894,RegionE,1113
30671,RegionF,1113
31476,RegionD,1113
35542,RegionC,1113
41963,RegionB,1113
1775,RegionD,1114
16899,RegionB,1114
24432,RegionE,1114
32765,RegionA,1114
36971,RegionB,1114
37450,RegionB,1114
40707,RegionF,1114
11693,RegionD,1115
16180,RegionE,1115
21691,RegionF,1115
31732,RegionD,1115
38157,RegionA,1115
40852,RegionA,1115
3563,RegionB,1116
6282,RegionE,1116
18779,RegionF,1116
19149,RegionB,1116
20461,RegionC,1116
22264,RegionB,1116
27310,RegionC,1116
28908,RegionA,1116
29538,RegionA,1116
29876,RegionD,1116
30291,RegionF,1116
34670,RegionD,1116
38467,RegionC,1116
44391,RegionC,1116
1215,RegionB,1117
14400,RegionC,1117
32251,RegionE,1117
40239,RegionD,1117
45970,RegionB,1117
762,RegionB,1118
21738,RegionA,1118
3920,RegionD,1119
4721,RegionE,1119
14005,RegionA,1119
15092,RegionF,1119
28837,RegionB,1119
29805,RegionF,1119
31629,RegionF,1119
38930,RegionA,1119
40736,RegionB,1119
41666,RegionA,1119
42476,RegionD,1119
46725,RegionB,1119
6140,RegionA,1120
14563,RegionB,1120
21409,RegionF,1120
35477,RegionD,1120
3171,RegionC,1121
7134,RegionD,1121
18048,RegionC,1121
19246,RegionA,1121
20080,RegionB,1121
28189,RegionC,1121
47442,RegionD,1121
4790,RegionB,1122
6953,RegionA,1122
7604,RegionB,1122
8954,RegionA,1122
10741,RegionD,1122
19705,RegionA,1122
39235,RegionC,1122
42838,RegionE,1122
6675,RegionD,1123
7595,RegionF,1123
12725,RegionA,1123
42587,RegionC,1123
14265,RegionE,1124
20291,RegionC,1124
28754,RegionD,1124
33268,RegionE,1124
41296,RegionD,1124
45275,RegionB,1124
48414,RegionE,1124
7308,RegionB,1125
7332,RegionF,1125
20451,RegionE,1125
29791,RegionE,1125
33330,RegionB,1125
44958,RegionF,1125
11038,RegionE,1126
13362,RegionA,1126
14828,RegionD,1126
30912,RegionD,1126
48848,RegionA,1126
1320,RegionB,1127
6473,RegionF,1127
15720,RegionD,1127
20256,RegionA,1127
36579,RegionD,1127
38242,RegionA,1127
16893,RegionC,1128
17785,RegionC,1128
21787,RegionD,1128
33571,RegionA,1128
41355,RegionD,1128
49061,RegionC,1128
49843,RegionD,1128
7883,RegionF,1129
30404,RegionB,1129
36951,RegionB,1129
37778,RegionB,1129
14644,RegionD,1130
22390,RegionC,1130
33233,RegionC,1130
42087,RegionB,1130
49333,RegionF,1130
391,RegionD,1131
6698,RegionB,1131
10462,RegionA,1131
19331,RegionA,1131
19582,RegionB,1131
24737,RegionB,1131
29173,RegionC,1131
46098,RegionE,1131
2132,RegionA,1132
2700,RegionD,1132
12907,RegionE,1132
13724,RegionB,1132
21036,RegionA,1132
32269,RegionC,1132
47455,RegionD,1132
11126,RegionB,1133
11627,RegionD,1133
27362,RegionC,1133
29971,RegionB,1133
47169,RegionA,1133
12382,RegionE,1134
16722,RegionB,1134
36182,RegionA,1134
46357,RegionB,1134
46446,RegionE,1134
18329,RegionB,1135
26166,RegionA,1135
38960,RegionD,1135
43244,RegionD,1135
48965,RegionE,1135
8837,RegionB,1136
34976,RegionB,1136
37091,RegionD,1136
41119,RegionD,1136
44759,RegionD,1136
14257,RegionD,1137
26261,RegionD,1137
26841,RegionA,1137
28196,RegionD,1137
40975,RegionE,1137
46074,RegionA,1137
17,RegionD,1138
33,RegionA,1138
6646,RegionB,1138
25222,RegionB,1138
40676,RegionA,1138
44680,RegionD,1138
49367,RegionA,1138
49483,RegionE,1138
14,RegionB,1139
2302,RegionA,1139
8137,RegionD,1139
11784,RegionD,1139
16531,RegionB,1139
20449,RegionD,1139
23204,RegionD,1139
23405,RegionB,1139
32680,RegionA,1139
35340,RegionD,1139
36117,RegionA,1139
13502,RegionC,1140
16175,RegionA,1140
18853,RegionB,1140
20874,RegionB,1140
28587,RegionB,1140
32791,RegionA,1140
34160,RegionE,1140
42497,RegionE,1140
43517,RegionB,1140
15607,RegionC,1141
18706,RegionE,1141
29600,RegionD,1141
31078,RegionF,1141
48992,RegionF,1141
49172,RegionB,1141
7388,RegionC,1142
10947,RegionF,1142
25233,RegionF,1142
27306,RegionF,1142
47803,RegionD,1142
3759,RegionA,1143
23185,RegionD,1143
26064,RegionD,1143
28676,RegionE,1143
45255,RegionB,1143
10187,RegionA,1144
12577,RegionC,1144
12645,RegionE,1144
17925,RegionE,1144
36916,RegionF,1144
18484,RegionA,1145
20111,RegionA,1145
24602,RegionD,1145
43265,RegionE,1145
47342,RegionC,1145
1886,RegionD,1146
14368,RegionC,1146
16435,RegionD,1146
17209,RegionD,1146
17290,RegionF,1146
36539,RegionC,1146
5650,RegionC,1147
18894,RegionC,1147
30208,RegionB,1147
33591,RegionA,1147
36081,RegionD,1147
5326,RegionA,1148
25626,RegionE,1148
38110,RegionF,1148
8838,RegionC,1150
15190,RegionE,1150
32367,RegionC,1150
44446,RegionF,1150
49572,RegionB,1150
37196,RegionD,1151
41244,RegionE,1151
44760,RegionE,1151
13434,RegionA,1152
16420,RegionB,1152
16459,RegionB,1152
25374,RegionB,1152
30639,RegionA,1152
31320,RegionE,1152
36143,RegionA,1152
39609,RegionC,1152
49573,RegionC,1152
1997,RegionD,1153
7287,RegionA,1153
8338,RegionB,1153
8637,RegionE,1153
9943,RegionF,1153
11741,RegionA,1153
27861,RegionC,1153
29285,RegionD,1153
31855,RegionC,1153
38054,RegionC,1153
39751,RegionA,1153
42826,RegionF,1153
4969,RegionD,1154
15129,RegionC,1154
15413,RegionE,1154
23114,RegionE,1154
28469,RegionB,1154
30383,RegionA,1154
40086,RegionB,1154
40648,RegionF,1154
42951,RegionA,1154
44715,RegionF,1154
5613,RegionE,1155
20593,RegionC,1155
20778,RegionD,1155
30649,RegionD,1155
33483,RegionD,1155
39889,RegionB,1155
47925,RegionB,1155
1804,RegionA,1156
5903,RegionA,1156
14968,RegionF,1156
21261,RegionB,1156
21413,RegionC,1156
26071,RegionD,1156
18371,RegionE,1157
25701,RegionB,1157
33448,RegionB,1157
34751,RegionF,1157
44433,RegionF,1157
4328,RegionF,1158
32512,RegionD,1158
32549,RegionB,1158
32928,RegionF,1158
44942,RegionC,1158
7237,RegionC,1159
14019,RegionB,1159
17713,RegionC,1159
20024,RegionE,1159
32411,RegionA,1159
33678,RegionB,1159
43377,RegionF,1159
49549,RegionE,1159
5198,RegionD,1160
16977,RegionB,1160
18421,RegionC,1160
35123,RegionD,1160
39471,RegionC,1160
45032,RegionB,1160
1672,RegionA,1161
4038,RegionD,1161
9768,RegionB,1161
13263,RegionA,1161
37958,RegionE,1161
47364,RegionE,1161
47653,RegionE,1161
49560,RegionC,1161
5013,RegionB,1162
13732,RegionD,1162
20897,RegionE,1162
21698,RegionF,1162
34239,RegionE,1162
36712,RegionE,1162
17677,RegionF,1163
26179,RegionA,1163
36896,RegionF,1163
38303,RegionC,1163
39588,RegionB,1163
46081,RegionA,1163
26990,RegionD,1164
32161,RegionA,1164
39002,RegionF,1164
1211,RegionD,1165
15533,RegionA,1165
18324,RegionD,1165
30433,RegionD,1165
32912,RegionD,1165
46669,RegionE,1165
8151,RegionD,1166
9991,RegionB,1166
16334,RegionB,1166
20216,RegionA,1166
22185,RegionB,1166
26840,RegionF,1166
35668,RegionD,1166
41027,RegionD,1166
180,RegionD,1167
879,RegionA,1167
6042,RegionB,1167
10448,RegionF,1167
11754,RegionA,1167
13410,RegionC,1167
19194,RegionB,1167
33868,RegionB,1167
37026,RegionD,1167
37235,RegionD,1167
40131,RegionA,1167
5181,RegionF,1168
18572,RegionC,1168
25991,RegionC,1168
33713,RegionD,1168
34946,RegionD,1168
11451,RegionE,1169
18848,RegionC,1169
24672,RegionB,1169
28015,RegionA,1169
31108,RegionC,1169
33651,RegionB,1169
34851,RegionA,1169
34991,RegionC,1169
40064,RegionF,1169
46441,RegionA,1169
9847,RegionB,1170
14346,RegionA,1170
22679,RegionC,1170
28321,RegionD,1170
30173,RegionF,1170
40649,RegionA,1170
3213,RegionF,1171
11838,RegionE,1171
39160,RegionA,1171
42658,RegionB,1171
44415,RegionA,1171
18918,RegionA,1172
20893,RegionB,1172
27014,RegionC,1172
32083,RegionA,1172
34485,RegionB,1172
35884,RegionD,1172
45631,RegionD,1172
16052,RegionB,1173
17063,RegionB,1173
17921,RegionA,1173
19325,RegionB,1173
23630,RegionC,1173
25632,RegionD,1173
29596,RegionA,1173
39918,RegionD,1173
42031,RegionD,1173
42896,RegionD,1173
42920,RegionB,1173
5947,RegionD,1174
10545,RegionD,1174
23137,RegionB,1174
24235,RegionD,1174
24869,RegionC,1174
29304,RegionC,1174
31468,RegionC,1174
42464,RegionE,1174
45501,RegionE,1174
262,RegionA,1175
824,RegionD,1175
7152,RegionC,1175
22980,RegionC,1175
25404,RegionF,1175
41178,RegionD,1175
10139,RegionE,1176
17309,RegionF,1176
26065,RegionD,1176
28217,RegionE,1176
32072,RegionC,1176
38632,RegionD,1176
44217,RegionA,1176
6667,RegionC,1177
12380,RegionC,1177
20699,RegionD,1177
26738,RegionB,1177
37242,RegionD,1177
48943,RegionC,1177
588,RegionE,1178
13453,RegionA,1178
14569,RegionA,1178
15052,RegionE,1178
28079,RegionE,1178
6305,RegionB,1179
8371,RegionB,1179
10230,RegionD,1179
11179,RegionB,1179
16304,RegionD,1179
21470,RegionB,1179
36023,RegionE,1179
42027,RegionA,1179
4034,RegionA,1180
14202,RegionB,1180
29458,RegionF,1180
34444,RegionA,1180
43752,RegionA,1180
7398,RegionF,1181
14634,RegionA,1181
16876,RegionE,1181
19917,RegionC,1181
32076,RegionA,1181
32364,RegionA,1181
36126,RegionC,1181
37853,RegionE,1181
3911,RegionB,1182
7169,RegionA,1182
17891,RegionD,1182
36669,RegionB,1182
47002,RegionD,1182
1168,RegionA,1183
1603,RegionC,1183
8852,RegionD,1183
17870,RegionC,1183
18593,RegionD,1183
28028,RegionF,1183
30668,RegionC,1183
42799,RegionE,1183
45666,RegionF,1183
47294,RegionA,1183
48903,RegionB,1183
3515,RegionF,1184
4718,RegionB,1184
14096,RegionA,1184
12320,RegionB,1185
17230,RegionE,1185
19421,RegionE,1185
21038,RegionB,1185
23573,RegionE,1185
34268,RegionB,1185
47057,RegionF,1185
21628,RegionB,1186
24295,RegionF,1186
25556,RegionA,1186
30910,RegionB,1186
3633,RegionF,1187
3879,RegionC,1187
6470,RegionC,1187
10299,RegionB,1187
11737,RegionC,1187
12186,RegionE,1187
12196,RegionC,1187
17242,RegionD,1187
28479,RegionD,1187
33344,RegionC,1187
40501,RegionC,1187
49697,RegionC,1187
15502,RegionC,1188
18204,RegionB,1188
21966,RegionE,1188
22220,RegionD,1188
23068,RegionE,1188
24171,RegionF,1188
41769,RegionE,1188
44451,RegionD,1188
48022,RegionA,1188
18838,RegionF,1189
34718,RegionF,1189
39051,RegionC,1189
39946,RegionF,1189
40158,RegionB,1189
48058,RegionD,1189
4042,RegionB,1190
9704,RegionC,1190
9715,RegionA,1190
18145,RegionB,1190
23921,RegionE,1190
37809,RegionA,1190
39732,RegionB,1190
41457,RegionB,1190
44240,RegionC,1190
45023,RegionE,1190
46155,RegionC,1190
13045,RegionE,1191
27175,RegionF,1191
30579,RegionF,1191
31143,RegionE,1191
41472,RegionC,1191
7473,RegionB,1192
34743,RegionD,1192
36004,RegionF,1192
38718,RegionD,1192
1505,RegionD,1193
1516,RegionB,1193
5368,RegionC,1193
8065,RegionD,1193
11929,RegionD,1193
15674,RegionD,1193
24565,RegionA,1193
26777,RegionB,1193
31698,RegionC,1193
44354,RegionF,1193
47709,RegionB,1193
9701,RegionA,1194
14543,RegionB,1194
18615,RegionF,1194
26086,RegionF,1194
27134,RegionD,1194
35775,RegionA,1194
39771,RegionB,1194
45467,RegionD,1194
522,RegionD,1195
2329,RegionA,1195
12477,RegionB,1195
15385,RegionD,1195
22623,RegionF,1195
27203,RegionB,1195
30088,RegionA,1195
30993,RegionA,1195
40956,RegionE,1195
15946,RegionA,1196
20448,RegionC,1196
22900,RegionB,1196
23232,RegionE,1196
30786,RegionC,1196
37410,RegionB,1196
8658,RegionA,1197
13462,RegionC,1197
24078,RegionE,1197
27530,RegionA,1197
30707,RegionC,1197
35333,RegionD,1197
36855,RegionD,1197
42175,RegionD,1197
13075,RegionC,1198
15838,RegionD,1198
19521,RegionA,1198
29511,RegionA,1198
36058,RegionA,1198
45520,RegionD,1198
47529,RegionF,1198
11820,RegionA,1199
12224,RegionD,1199
15280,RegionD,1199
46596,RegionD,1199
19070,RegionB,1200
22708,RegionF,1200
23968,RegionA,1200
29576,RegionF,1200
31281,RegionF,1200
42593,RegionC,1200
8748,RegionE,1201
12882,RegionF,1201
13486,RegionA,1201
20078,RegionA,1201
26895,RegionB,1201
29862,RegionD,1201
40007,RegionA,1201
41779,RegionB,1201
42162,RegionD,1201
42989,RegionE,1201
5560,RegionD,1202
10155,RegionB,1202
11026,RegionA,1202
19197,RegionD,1202
31632,RegionC,1202
34273,RegionA,1202
35039,RegionE,1202
36624,RegionC,1202
49377,RegionD,1202
23036,RegionF,1203
29622,RegionF,1203
31335,RegionA,1203
41638,RegionE,1203
41858,RegionB,1203
48751,RegionB,1203
2358,RegionD,1204
4631,RegionA,1204
6727,RegionD,1204
9988,RegionE,1204
10109,RegionB,1204
21102,RegionA,1204
3215,RegionB,1205
11956,RegionE,1205
25144,RegionB,1205
28814,RegionE,1205
31413,RegionA,1205
32534,RegionF,1205
38414,RegionB,1205
3590,RegionC,1206
18726,RegionF,1206
46847,RegionF,1206
5720,RegionA,1207
21403,RegionA,1207
25080,RegionD,1207
30634,RegionB,1207
30967,RegionA,1207
40981,RegionD,1207
42877,RegionD,1207
45387,RegionB,1207
623,RegionA,1208
6840,RegionF,1208
31021,RegionB,1208
41940,RegionE,1208
7463,RegionE,1209
24992,RegionA,1209
27591,RegionB,1209
32780,RegionC,1209
35328,RegionE,1209
39436,RegionA,1209
4409,RegionB,1210
12242,RegionC,1210
19875,RegionA,1210
26780,RegionD,1210
26808,RegionA,1210
35852,RegionE,1210
36903,RegionF,1210
42868,RegionB,1210
47767,RegionB,1210
48831,RegionC,1210
2960,RegionB,1211
3777,RegionF,1211
17723,RegionF,1211
18932,RegionB,1211
33787,RegionF,1211
48970,RegionD,1211
49174,RegionD,1211
2254,RegionD,1212
15515,RegionB,1212
20705,RegionD,1212
29042,RegionD,1212
39403,RegionA,1212
42023,RegionC,1212
44999,RegionB,1212
6244,RegionA,1213
7293,RegionF,1213
15684,RegionA,1213
40574,RegionD,1213
49155,RegionE,1213
9855,RegionC,1214
14192,RegionD,1214
14839,RegionB,1214
18676,RegionB,1214
23651,RegionD,1214
11009,RegionC,1215
30596,RegionC,1215
41899,RegionD,1215
42707,RegionE,1215
47185,RegionC,1215
49597,RegionA,1215
5999,RegionD,1216
13525,RegionA,1216
17449,RegionB,1216
27366,RegionA,1216
28245,RegionA,1216
30187,RegionA,1216
36692,RegionE,1216
36701,RegionA,1216
41059,RegionD,1216
15019,RegionE,1217
20980,RegionC,1217
35376,RegionA,1217
37442,RegionA,1217
38080,RegionC,1217
38707,RegionA,1217
40066,RegionA,1217
47701,RegionA,1217
49976,RegionF,1217
5042,RegionE,1218
9692,RegionD,1218
17119,RegionF,1218
17366,RegionD,1218
33980,RegionB,1218
38341,RegionB,1218
40974,RegionD,1218
43947,RegionE,1218
48145,RegionE,1218
15894,RegionA,1219
22306,RegionD,1219
32845,RegionB,1219
42749,RegionB,1219
43637,RegionD,1219
43776,RegionE,1219
47754,RegionB,1219
4587,RegionC,1220
12156,RegionB,1220
28294,RegionC,1220
13019,RegionE,1221
18750,RegionD,1221
24042,RegionB,1221
33956,RegionD,1221
37691,RegionA,1221
48963,RegionC,1221
5569,RegionA,1222
6213,RegionB,1222
9832,RegionA,1222
11358,RegionD,1222
12598,RegionD,1222
13643,RegionF,1222
14741,RegionB,1222
17123,RegionC,1222
28929,RegionB,1222
34292,RegionF,1222
319,RegionE,1223
18762,RegionB,1223
25718,RegionE,1223
31937,RegionF,1223
2031,RegionD,1224
16853,RegionB,1224
33014,RegionA,1224
33692,RegionC,1224
35267,RegionD,1224
40160,RegionC,1224
46160,RegionB,1224
1706,RegionB,1225
4593,RegionB,1225
5559,RegionD,1225
9134,RegionD,1225
10957,RegionC,1225
19861,RegionF,1225
21777,RegionA,1225
28366,RegionC,1225
32892,RegionC,1225
18743,RegionC,1226
40541,RegionD,1226
42961,RegionC,1226
46026,RegionE,1226
2866,RegionA,1227
4868,RegionB,1227
7552,RegionC,1227
9555,RegionE,1227
11735,RegionA,1227
13449,RegionC,1227
15769,RegionA,1227
26233,RegionB,1227
33205,RegionB,1227
42404,RegionD,1227
43607,RegionA,1227
47211,RegionC,1227
48142,RegionB,1227
1019,RegionC,1228
2789,RegionB,1228
8220,RegionB,1228
9352,RegionE,1228
15476,RegionC,1228
20332,RegionD,1228
31381,RegionA,1228
33538,RegionF,1228
3311,RegionF,1229
3933,RegionD,1229
14212,RegionD,1229
14768,RegionC,1229
26585,RegionA,1229
37514,RegionA,1229
41554,RegionA,1229
43491,RegionB,1229
46317,RegionA,1229
14069,RegionF,1230
16692,RegionE,1230
23122,RegionA,1230
29074,RegionC,1230
12710,RegionE,1231
17522,RegionB,1231
20839,RegionA,1231
21289,RegionD,1231
32915,RegionA,1231
42094,RegionB,1231
45534,RegionE,1231
48569,RegionC,1231
4234,RegionD,1232
16390,RegionE,1232
26281,RegionD,1232
38824,RegionE,1232
39385,RegionB,1232
40548,RegionD,1232
42588,RegionD,1232
45838,RegionA,1232
1484,RegionB,1233
3963,RegionB,1233
6340,RegionD,1233
18628,RegionF,1233
20365,RegionE,1233
30466,RegionD,1233
44820,RegionF,1233
6936,RegionC,1234
10387,RegionD,1234
11775,RegionB,1234
13236,RegionF,1234
27181,RegionE,1234
29418,RegionF,1234
30834,RegionE,1234
45544,RegionB,1234
45575,RegionA,1234
47197,RegionB,1234
28876,RegionB,1235
31256,RegionA,1235
33543,RegionE,1235
41131,RegionC,1235
41945,RegionD,1235
43879,RegionC,1235
44143,RegionD,1235
1941,RegionA,1236
7319,RegionF,1236
41122,RegionA,1236
595,RegionE,1237
1065,RegionC,1237
2123,RegionE,1237
10673,RegionB,1237
11461,RegionB,1237
14052,RegionB,1237
29733,RegionF,1237
34161,RegionF,1237
40929,RegionD,1237
40968,RegionD,1237
3140,RegionE,1238
13606,RegionB,1238
16549,RegionA,1238
17978,RegionE,1238
19415,RegionF,1238
21022,RegionF,1238
3345,RegionA,1239
4964,RegionF,1239
7065,RegionA,1239
14278,RegionE,1239
17320,RegionD,1239
32329,RegionD,1239
41973,RegionF,1239
818,RegionE,1240
3628,RegionB,1240
6498,RegionD,1240
17794,RegionE,1240
23217,RegionD,1240
34939,RegionD,1240
46267,RegionC,1240
48898,RegionD,1240
7326,RegionF,1241
9456,RegionD,1241
27359,RegionA,1241
32257,RegionD,1241
39915,RegionA,1241
3170,RegionB,1242
5702,RegionB,1242
8277,RegionF,1242
10217,RegionD,1242
22073,RegionA,1242
36377,RegionE,1242
36874,RegionD,1242
42985,RegionA,1242
44342,RegionA,1242
46174,RegionB,1242
4499,RegionF,1243
7584,RegionB,1243
12264,RegionE,1243
16629,RegionB,1243
25897,RegionA,1243
28406,RegionD,1243
33965,RegionA,1243
22866,RegionA,1244
33831,RegionD,1244
41752,RegionB,1244
48888,RegionA,1244
3848,RegionE,1245
7368,RegionB,1245
10580,RegionA,1245
14610,RegionC,1245
26275,RegionD,1245
30658,RegionF,1245
45908,RegionE,1245
17691,RegionA,1246
46538,RegionE,1246
5006,RegionB,1247
12162,RegionB,1247
19320,RegionC,1247
30892,RegionD,1247
41097,RegionB,1247
20651,RegionB,1248
30819,RegionC,1248
26789,RegionA,1249
30467,RegionE,1249
38295,RegionA,1249
48329,RegionE,1249
225,RegionC,1250
25424,RegionA,1250
30911,RegionC,1250
39891,RegionC,1250
10822,RegionF,1251
12030,RegionA,1251
18545,RegionB,1251
20049,RegionD,1251
21177,RegionD,1251
23534,RegionF,1251
33844,RegionD,1251
36829,RegionD,1251
48404,RegionB,1251
2516,RegionD,1252
5197,RegionC,1252
7931,RegionB,1252
21240,RegionA,1252
28574,RegionB,1252
32394,RegionD,1252
33038,RegionE,1252
33135,RegionD,1252
37649,RegionD,1252
40334,RegionA,1252
41656,RegionD,1252
46915,RegionB,1252
14233,RegionF,1253
17055,RegionA,1253
23271,RegionE,1253
31504,RegionF,1253
31741,RegionA,1253
31928,RegionC,1253
32340,RegionB,1253
37732,RegionB,1253
46769,RegionA,1253
8857,RegionB,1254
12652,RegionF,1254
17501,RegionA,1254
21463,RegionA,1254
40060,RegionB,1254
47865,RegionA,1254
410,RegionD,1255
16506,RegionC,1255
21840,RegionD,1255
24899,RegionF,1255
29067,RegionB,1255
30458,RegionC,1255
49079,RegionB,1255
1240,RegionA,1256
1949,RegionB,1256
2659,RegionC,1256
31881,RegionB,1256
6029,RegionB,1257
9983,RegionA,1257
35154,RegionB,1257
41596,RegionC,1257
42827,RegionA,1257
12308,RegionC,1258
14612,RegionD,1258
30867,RegionE,1258
48805,RegionC,1258
49746,RegionF,1258
7220,RegionE,1259
12448,RegionE,1259
17457,RegionC,1259
19299,RegionB,1259
25723,RegionD,1259
28485,RegionD,1259
29350,RegionC,1259
29401,RegionB,1259
44316,RegionA,1259
44592,RegionA,1259
46043,RegionB,1259
46273,RegionC,1259
49656,RegionA,1259
24413,RegionF,1260
26200,RegionB,1260
31735,RegionA,1260
33550,RegionE,1260
38095,RegionD,1260
38276,RegionB,1260
45385,RegionA,1260
45935,RegionF,1260
2857,RegionD,1261
3245,RegionE,1261
3906,RegionD,1261
7589,RegionA,1261
16734,RegionB,1261
20022,RegionC,1261
31137,RegionF,1261
37543,RegionD,1261
46247,RegionC,1261
1850,RegionA,1262
5094,RegionD,1262
25227,RegionF,1262
26399,RegionD,1262
30134,RegionA,1262
38371,RegionE,1262
41717,RegionF,1262
42965,RegionA,1262
45270,RegionC,1262
45863,RegionF,1262
12305,RegionA,1263
25056,RegionF,1263
26130,RegionD,1263
26360,RegionD,1263
37188,RegionC,1263
37717,RegionA,1263
44309,RegionA,1263
45603,RegionB,1263
11683,RegionA,1264
21108,RegionA,1264
43088,RegionF,1264
47270,RegionC,1264
49464,RegionF,1264
742,RegionB,1265
34023,RegionF,1265
43553,RegionE,1265
4228,RegionD,1266
6361,RegionE,1266
11701,RegionF,1266
15194,RegionC,1266
18403,RegionD,1266
32608,RegionB,1266
9287,RegionF,1267
18461,RegionC,1267
19508,RegionA,1267
25167,RegionE,1267
26707,RegionD,1267
29447,RegionB,1267
30469,RegionA,1267
30781,RegionD,1267
47841,RegionC,1267
17021,RegionF,1268
17349,RegionF,1268
27045,RegionA,1268
30085,RegionD,1268
44416,RegionB,1268
47922,RegionE,1268
49761,RegionA,1268
7717,RegionD,1269
29980,RegionD,1269
32813,RegionC,1269
39455,RegionA,1269
40592,RegionB,1269
797,RegionD,1270
854,RegionB,1270
956,RegionE,1270
9660,RegionE,1270
15406,RegionE,1270
16560,RegionD,1270
43053,RegionD,1270
44537,RegionE,1270
45559,RegionD,1270
13844,RegionD,1271
24139,RegionA,1271
32029,RegionF,1271
47177,RegionB,1271
6399,RegionD,1272
8446,RegionD,1272
27408,RegionC,1272
38328,RegionB,1272
39310,RegionF,1272
2071,RegionE,1273
4805,RegionD,1273
6446,RegionE,1273
11307,RegionE,1273
16375,RegionC,1273
17316,RegionF,1273
19839,RegionD,1273
22540,RegionB,1273
27705,RegionE,1273
29608,RegionE,1273
32633,RegionA,1273
35977,RegionE,1273
7256,RegionB,1274
22643,RegionA,1274
34092,RegionC,1274
6984,RegionE,1275
9366,RegionF,1275
24695,RegionE,1275
31068,RegionC,1275
45787,RegionB,1275
753,RegionF,1276
7070,RegionF,1276
10706,RegionB,1276
12814,RegionD,1276
13883,RegionD,1276
28655,RegionD,1276
30197,RegionD,1276
34328,RegionC,1276
35201,RegionC,1276
43443,RegionA,1276
1550,RegionC,1277
4039,RegionE,1277
12700,RegionB,1277
17841,RegionF,1277
34139,RegionD,1277
35254,RegionD,1277
42401,RegionA,1277
45726,RegionA,1277
49213,RegionD,1277
17360,RegionD,1278
20988,RegionD,1278
30609,RegionC,1278
31114,RegionC,1278
35209,RegionD,1278
38715,RegionB,1278
43101,RegionE,1278
47624,RegionC,1278
729,RegionB,1279
3153,RegionE,1279
28728,RegionD,1279
40095,RegionD,1279
42158,RegionA,1279
43282,RegionC,1279
2396,RegionB,1280
16235,RegionA,1280
18327,RegionA,1280
22012,RegionE,1280
29039,RegionA,1280
48952,RegionE,1280
1366,RegionB,1281
9629,RegionA,1281
13499,RegionA,1281
16625,RegionD,1281
40794,RegionA,1281
42831,RegionD,1281
5879,RegionB,1282
8895,RegionA,1282
11227,RegionD,1282
14151,RegionC,1282
16076,RegionF,1282
33312,RegionC,1282
46898,RegionD,1282
49604,RegionB,1282
49641,RegionF,1282
18927,RegionC,1283
21884,RegionB,1283
32388,RegionD,1283
35261,RegionD,1283
40084,RegionF,1283
238,RegionC,1284
1149,RegionB,1284
4558,RegionF,1284
5935,RegionF,1284
6119,RegionF,1284
22707,RegionE,1284
22774,RegionA,1284
27274,RegionA,1284
31846,RegionA,1284
33299,RegionD,1284
35114,RegionB,1284
11074,RegionB,1285
14409,RegionE,1285
1503,RegionB,1286
8485,RegionD,1286
29384,RegionD,1286
34502,RegionF,1286
43580,RegionF,1286
1001,RegionD,1287
5440,RegionC,1287
38411,RegionF,1287
46206,RegionB,1287
3340,RegionB,1288
4089,RegionC,1288
10885,RegionC,1288
21376,RegionF,1288
25826,RegionB,1288
26909,RegionC,1288
40099,RegionB,1288
40330,RegionC,1288
43946,RegionD,1288
48391,RegionB,1288
4549,RegionD,1289
6754,RegionE,1289
11713,RegionE,1289
17854,RegionF,1289
22025,RegionE,1289
25729,RegionC,1289
32952,RegionD,1289
34853,RegionC,1289
1838,RegionB,1290
3015,RegionE,1290
9733,RegionF,1290
23439,RegionB,1290
45943,RegionA,1290
7369,RegionC,1291
7686,RegionE,1291
11612,RegionB,1291
13321,RegionF,1291
15128,RegionB,1291
31258,RegionC,1291
32357,RegionF,1291
35444,RegionD,1291
43680,RegionA,1291
2760,RegionF,1292
19607,RegionB,1292
21747,RegionC,1292
33007,RegionA,1292
33953,RegionB,1292
48984,RegionD,1292
3559,RegionD,1293
9579,RegionC,1293
13823,RegionC,1293
27645,RegionD,1293
5357,RegionE,1294
24138,RegionF,1294
31522,RegionD,1294
36791,RegionF,1294
36914,RegionD,1294
38600,RegionD,1294
45925,RegionB,1294
172,RegionB,1295
2468,RegionB,1295
4797,RegionC,1295
8261,RegionC,1295
19084,RegionC,1295
28130,RegionC,1295
47522,RegionE,1295
47539,RegionC,1295
49127,RegionC,1295
1736,RegionE,1296
3291,RegionE,1296
6010,RegionB,1296
6013,RegionE,1296
7119,RegionC,1296
24749,RegionA,1296
26051,RegionD,1296
30083,RegionB,1296
31439,RegionF,1296
40182,RegionE,1296
42211,RegionA,1296
563,RegionF,1297
2818,RegionD,1297
11476,RegionD,1297
14653,RegionF,1297
15471,RegionD,1297
44509,RegionC,1297
48415,RegionF,1297
4949,RegionD,1298
18027,RegionB,1298
24849,RegionB,1298
42973,RegionB,1298
6208,RegionC,1299
10195,RegionB,1299
10209,RegionC,1299
18081,RegionD,1299
21134,RegionA,1299
28793,RegionD,1299
33116,RegionD,1299
37807,RegionE,1299
43346,RegionB,1299
45960,RegionD,1299
47278,RegionD,1299
24812,RegionD,1300
27319,RegionF,1300
35674,RegionD,1300
41281,RegionC,1300
14317,RegionE,1301
15950,RegionD,1301
32678,RegionF,1301
45493,RegionC,1301
10677,RegionE,1302
13091,RegionE,1302
18521,RegionD,1302
33441,RegionB,1302
34539,RegionD,1302
34945,RegionC,1302
40276,RegionA,1302
46130,RegionD,1302
6081,RegionA,1303
7343,RegionD,1303
9361,RegionB,1303
13708,RegionF,1303
15095,RegionB,1303
16195,RegionA,1303
16801,RegionC,1303
30471,RegionC,1303
33700,RegionD,1303
38667,RegionF,1303
48668,RegionD,1303
6815,RegionA,1304
8313,RegionC,1304
11629,RegionF,1304
17056,RegionB,1304
24867,RegionA,1304
32812,RegionB,1304
38646,RegionD,1304
45971,RegionC,1304
14254,RegionA,1305
31672,RegionC,1305
44783,RegionB,1305
6891,RegionD,1306
10754,RegionD,1306
11978,RegionA,1306
27163,RegionA,1306
27892,RegionB,1306
44794,RegionF,1306
46850,RegionC,1306
1074,RegionE,1307
5813,RegionB,1307
16902,RegionE,1307
41038,RegionB,1307
41385,RegionB,1307
42886,RegionA,1307
46345,RegionC,1307
46447,RegionF,1307
10435,RegionF,1308
17544,RegionD,1308
18243,RegionB,1308
23300,RegionB,1308
27180,RegionD,1308
32121,RegionF,1308
33370,RegionB,1308
34866,RegionC,1308
36350,RegionD,1308
38863,RegionE,1308
304,RegionC,1309
5352,RegionA,1309
7355,RegionB,1309
15407,RegionF,1309
20097,RegionF,1309
21808,RegionE,1309
22250,RegionA,1309
26473,RegionF,1309
33435,RegionB,1309
36142,RegionF,1309
41471,RegionB,1309
8484,RegionC,1310
30118,RegionD,1310
42238,RegionB,1310
47125,RegionB,1310
47691,RegionD,1310
6187,RegionB,1311
10593,RegionA,1311
22170,RegionF,1311
22589,RegionE,1311
23493,RegionD,1311
27897,RegionA,1311
29640,RegionD,1311
39390,RegionA,1311
4109,RegionC,1312
6805,RegionC,1312
8089,RegionB,1312
8366,RegionC,1312
11949,RegionD,1312
19476,RegionB,1312
21919,RegionD,1312
33822,RegionB,1312
37603,RegionD,1312
1501,RegionF,1313
30102,RegionA,1313
30890,RegionB,1313
39119,RegionE,1313
42515,RegionC,1313
42696,RegionA,1313
10256,RegionD,1314
16863,RegionF,1314
44974,RegionC,1314
49009,RegionC,1314
493,RegionB,1315
1199,RegionF,1315
7743,RegionC,1315
14123,RegionA,1315
18268,RegionA,1315
24811,RegionD,1315
25120,RegionD,1315
26922,RegionB,1315
27958,RegionB,1315
28342,RegionE,1315
34602,RegionA,1315
13785,RegionD,1316
13855,RegionB,1316
22710,RegionB,1316
27999,RegionD,1316
34238,RegionD,1316
39161,RegionB,1316
44666,RegionC,1316
13901,RegionB,1317
14004,RegionA,1317
33687,RegionD,1317
39830,RegionB,1317
41312,RegionA,1317
41502,RegionA,1317
42183,RegionF,1317
42339,RegionD,1317
47720,RegionA,1317
48203,RegionD,1317
6241,RegionD,1318
25139,RegionD,1318
30027,RegionD,1318
32125,RegionD,1318
34997,RegionC,1318
36469,RegionE,1318
46783,RegionA,1318
8944,RegionD,1319
9322,RegionB,1319
24238,RegionB,1319
29930,RegionF,1319
30280,RegionB,1319
38332,RegionE,1319
44869,RegionC,1319
45351,RegionF,1319
49202,RegionF,1319
479,RegionA,1320
6401,RegionF,1320
14260,RegionA,1320
26416,RegionB,1320
33397,RegionC,1320
42670,RegionA,1320
49394,RegionB,1320
5110,RegionA,1321
7790,RegionD,1321
14253,RegionF,1321
25863,RegionF,1321
44693,RegionD,1321
44817,RegionC,1321
6814,RegionF,1322
7180,RegionD,1322
8552,RegionE,1322
13594,RegionC,1322
40067,RegionB,1322
40815,RegionB,1322
41113,RegionE,1322
47195,RegionA,1322
17300,RegionC,1323
26000,RegionE,1323
28264,RegionF,1323
36526,RegionC,1323
41981,RegionA,1323
44849,RegionB,1323
48530,RegionC,1323
49365,RegionE,1323
3085,RegionC,1324
3224,RegionD,1324
7723,RegionC,1324
30200,RegionA,1324
37639,RegionA,1324
41682,RegionC,1324
45160,RegionE,1324
45165,RegionC,1324
1229,RegionC,1325
2955,RegionD,1325
22500,RegionB,1325
23111,RegionB,1325
23148,RegionA,1325
26963,RegionD,1325
27246,RegionE,1325
29762,RegionB,1325
36353,RegionA,1325
37923,RegionC,1325
42983,RegionF,1325
16773,RegionA,1326
18426,RegionA,1326
21606,RegionF,1326
38866,RegionB,1326
3229,RegionB,1327
16370,RegionD,1327
22124,RegionF,1327
31994,RegionD,1327
33185,RegionA,1327
44395,RegionA,1327
8412,RegionC,1328
17516,RegionC,1328
27140,RegionD,1328
38815,RegionC,1328
44623,RegionF,1328
7298,RegionD,1329
12810,RegionA,1330
16261,RegionA,1330
18413,RegionA,1330
28441,RegionF,1330
37384,RegionB,1330
387,RegionA,1331
2807,RegionA,1331
9432,RegionA,1331
12849,RegionF,1331
26230,RegionF,1331
6888,RegionA,1332
24264,RegionA,1332
24377,RegionB,1332
29240,RegionE,1332
35923,RegionD,1332
38709,RegionB,1332
20835,RegionC,1333
24464,RegionD,1333
16355,RegionC,1334
19245,RegionA,1334
20605,RegionB,1334
24020,RegionF,1334
31255,RegionF,1334
33880,RegionA,1334
38207,RegionE,1334
45099,RegionC,1334
1579,RegionE,1335
4994,RegionC,1335
8231,RegionF,1335
16905,RegionB,1335
18767,RegionA,1335
25554,RegionE,1335
26364,RegionB,1335
31266,RegionD,1335
38364,RegionD,1335
38627,RegionE,1335
48813,RegionD,1335
1839,RegionC,1336
3845,RegionB,1336
29909,RegionE,1336
34486,RegionC,1336
39795,RegionE,1336
44067,RegionA,1336
9077,RegionF,1337
9190,RegionA,1337
22533,RegionB,1337
24771,RegionC,1337
25140,RegionD,1337
30713,RegionB,1337
35673,RegionC,1337
47761,RegionB,1337
339,RegionE,1338
12346,RegionB,1338
16321,RegionB,1338
29816,RegionD,1338
30159,RegionE,1338
30836,RegionA,1338
15305,RegionB,1339
20986,RegionC,1339
29469,RegionD,1339
1805,RegionB,1340
3356,RegionD,1340
13789,RegionB,1340
15445,RegionD,1340
17760,RegionD,1340
20457,RegionE,1340
22021,RegionB,1340
36309,RegionC,1340
39665,RegionA,1340
42263,RegionA,1340
9752,RegionE,1341
29052,RegionA,1341
38508,RegionD,1341
41728,RegionD,1341
46239,RegionB,1341
10157,RegionD,1342
17983,RegionD,1342
20502,RegionD,1342
22268,RegionF,1342
27817,RegionE,1342
30889,RegionA,1342
31489,RegionD,1342
34595,RegionA,1342
35026,RegionE,1342
48263,RegionE,1342
773,RegionF,1343
11222,RegionF,1343
14461,RegionD,1343
30759,RegionB,1343
32772,RegionB,1343
38250,RegionB,1343
41823,RegionA,1343
228,RegionF,1344
9121,RegionD,1344
27974,RegionE,1344
30145,RegionD,1344
33907,RegionB,1344
44560,RegionB,1344
858,RegionF,1345
4740,RegionD,1345
12389,RegionE,1345
18261,RegionA,1345
23428,RegionD,1345
34166,RegionD,1345
46788,RegionF,1345
4869,RegionC,1346
30846,RegionD,1346
47250,RegionB,1346
10847,RegionD,1347
13559,RegionA,1347
23461,RegionE,1347
30303,RegionE,1347
32479,RegionC,1347
38573,RegionD,1347
39977,RegionD,1347
44263,RegionA,1347
4206,RegionB,1348
6229,RegionD,1348
24314,RegionE,1348
35359,RegionD,1348
13063,RegionD,1349
17954,RegionB,1349
20283,RegionB,1349
21766,RegionB,1349
26190,RegionE,1349
33231,RegionA,1349
38745,RegionE,1349
1233,RegionA,1350
16094,RegionD,1350
29776,RegionC,1350
31764,RegionC,1350
36454,RegionC,1350
40753,RegionF,1351
45694,RegionA,1351
49157,RegionA,1351
1192,RegionE,1352
2587,RegionC,1352
5290,RegionD,1352
14072,RegionB,1352
16583,RegionB,1352
20470,RegionE,1352
25549,RegionA,1352
45471,RegionA,1352
10512,RegionD,1353
24158,RegionA,1353
29659,RegionD,1353
31093,RegionB,1353
32217,RegionD,1353
32938,RegionC,1353
44002,RegionB,1353
9533,RegionC,1354
11710,RegionB,1354
18642,RegionA,1354
18705,RegionD,1354
21993,RegionF,1354
28580,RegionA,1354
35488,RegionB,1354
37221,RegionC,1354
42080,RegionB,1354
311,RegionC,1355
2509,RegionD,1355
11238,RegionB,1355
11437,RegionD,1355
20645,RegionC,1355
22645,RegionB,1355
41404,RegionA,1355
49469,RegionD,1355
1423,RegionA,1356
5596,RegionB,1356
17703,RegionF,1356
22325,RegionD,1356
23896,RegionA,1356
30128,RegionA,1356
35116,RegionD,1356
2162,RegionD,1357
6436,RegionB,1357
6928,RegionB,1357
8750,RegionA,1357
34710,RegionD,1357
37203,RegionD,1357
41960,RegionF,1357
47882,RegionD,1357
5767,RegionB,1358
9723,RegionB,1358
15089,RegionC,1358
32075,RegionF,1358
45557,RegionB,1358
45877,RegionA,1358
47532,RegionB,1358
2322,RegionA,1359
18160,RegionD,1359
38460,RegionB,1359
45644,RegionD,1359
9603,RegionA,1360
23652,RegionE,1360
26544,RegionE,1360
33916,RegionD,1360
42798,RegionD,1360
45519,RegionC,1360
46648,RegionD,1360
49171,RegionB,1360
539,RegionB,1361
3396,RegionE,1361
10670,RegionE,1361
14761,RegionC,1361
37528,RegionB,1361
39344,RegionA,1361
3598,RegionD,1362
9199,RegionC,1362
9245,RegionC,1362
20326,RegionE,1362
27822,RegionD,1362
42349,RegionB,1362
3790,RegionF,1363
19113,RegionF,1363
24493,RegionA,1363
28854,RegionF,1363
32731,RegionF,1363
34887,RegionD,1363
39089,RegionB,1363
49636,RegionA,1363
20781,RegionA,1364
35351,RegionB,1364
40826,RegionA,1364
41096,RegionB,1364
42545,RegionA,1364
44713,RegionD,1364
13283,RegionA,1365
16406,RegionB,1365
32230,RegionD,1365
36345,RegionF,1365
5491,RegionB,1366
7586,RegionD,1366
26865,RegionD,1366
27234,RegionF,1366
33518,RegionF,1366
43300,RegionB,1366
44219,RegionB,1366
24041,RegionA,1367
31915,RegionD,1367
6318,RegionB,1368
10765,RegionB,1368
11124,RegionF,1368
11255,RegionF,1368
17923,RegionC,1368
32372,RegionB,1368
44289,RegionF,1368
46796,RegionA,1368
5654,RegionA,1369
20896,RegionD,1369
23689,RegionC,1369
26294,RegionD,1369
34678,RegionE,1369
38491,RegionA,1369
2797,RegionC,1370
11254,RegionE,1370
13534,RegionB,1370
16111,RegionB,1370
25502,RegionF,1370
20088,RegionC,1371
23989,RegionB,1371
28087,RegionF,1371
32967,RegionF,1371
34983,RegionB,1371
39491,RegionC,1371
43456,RegionF,1371
7277,RegionC,1372
9790,RegionD,1372
14698,RegionE,1372
24279,RegionC,1372
34926,RegionD,1372
45723,RegionD,1372
21591,RegionD,1373
33936,RegionD,1373
41081,RegionF,1373
11003,RegionC,1374
11129,RegionD,1374
11343,RegionB,1374
29336,RegionB,1374
40525,RegionA,1374
24566,RegionB,1375
29355,RegionB,1375
29686,RegionE,1375
34007,RegionC,1375
34923,RegionA,1375
44948,RegionC,1375
326,RegionE,1376
24358,RegionC,1376
28147,RegionA,1376
34387,RegionC,1376
43816,RegionE,1376
44934,RegionB,1376
49717,RegionC,1376
15549,RegionD,1377
19849,RegionA,1377
22665,RegionC,1377
24250,RegionA,1377
24708,RegionE,1377
29918,RegionA,1377
30735,RegionD,1377
36336,RegionC,1377
39109,RegionB,1377
49647,RegionE,1377
10762,RegionE,1378
12422,RegionE,1378
15256,RegionF,1378
30640,RegionA,1378
37578,RegionF,1378
39517,RegionC,1378
47788,RegionC,1378
49305,RegionD,1378
7187,RegionE,1379
11779,RegionE,1379
11850,RegionD,1379
25308,RegionB,1379
31460,RegionB,1379
32186,RegionE,1379
38169,RegionF,1379
5283,RegionC,1380
7938,RegionB,1380
17720,RegionC,1380
31219,RegionC,1380
39740,RegionC,1380
47540,RegionD,1380
3671,RegionE,1381
7801,RegionB,1381
8427,RegionE,1381
18451,RegionF,1381
26869,RegionB,1381
29276,RegionB,1381
39022,RegionA,1381
43568,RegionA,1381
47945,RegionB,1381
49720,RegionF,1381
5378,RegionF,1382
8318,RegionB,1382
26711,RegionB,1382
31237,RegionB,1382
40291,RegionC,1382
49012,RegionA,1382
10060,RegionE,1383
33453,RegionA,1383
35672,RegionB,1383
3319,RegionA,1384
17169,RegionC,1384
19151,RegionD,1384
20927,RegionC,1384
21027,RegionD,1384
22242,RegionF,1384
32777,RegionF,1384
35232,RegionB,1384
38176,RegionA,1384
844,RegionE,1385
8532,RegionE,1385
20606,RegionC,1385
22458,RegionE,1385
43641,RegionA,1385
43747,RegionB,1385
559,RegionB,1386
8275,RegionD,1386
16031,RegionA,1386
20300,RegionE,1386
28368,RegionE,1386
41020,RegionD,1386
43322,RegionD,1386
49500,RegionB,1386
3386,RegionB,1387
12990,RegionC,1387
35435,RegionA,1387
37785,RegionC,1387
41630,RegionD,1387
46750,RegionA,1387
966,RegionB,1388
4589,RegionD,1388
4652,RegionB,1388
13144,RegionF,1388
23880,RegionD,1388
26460,RegionF,1388
28683,RegionE,1388
32698,RegionF,1388
4319,RegionD,1389
11671,RegionB,1389
20586,RegionC,1389
21600,RegionA,1389
46244,RegionA,1389
48679,RegionB,1389
26773,RegionD,1390
27008,RegionC,1390
28770,RegionA,1390
29311,RegionD,1390
34034,RegionD,1390
45340,RegionB,1390
49751,RegionD,1390
8298,RegionA,1391
11167,RegionC,1391
15924,RegionD,1391
25243,RegionC,1391
26001,RegionF,1391
30988,RegionB,1391
37040,RegionE,1391
45265,RegionE,1391
531,RegionA,1392
2708,RegionF,1392
7245,RegionD,1392
9348,RegionB,1392
10751,RegionA,1392
31020,RegionA,1392
72,RegionA,1393
4511,RegionE,1393
10710,RegionE,1393
13466,RegionA,1393
14472,RegionB,1393
16867,RegionC,1393
17220,RegionB,1393
23955,RegionA,1393
43213,RegionF,1393
49289,RegionB,1393
390,RegionD,1394
19724,RegionA,1394
31469,RegionD,1394
32263,RegionD,1394
40619,RegionC,1394
433,RegionA,1395
12969,RegionB,1395
21586,RegionF,1395
32153,RegionE,1395
45242,RegionB,1395
45291,RegionD,1395
28920,RegionF,1396
42719,RegionD,1396
47111,RegionA,1396
27804,RegionE,1397
35204,RegionF,1397
37247,RegionC,1397
40469,RegionD,1397
43667,RegionA,1397
45073,RegionC,1397
4533,RegionA,1398
8839,RegionD,1398
9649,RegionA,1398
11505,RegionA,1398
12366,RegionB,1398
15679,RegionB,1398
17244,RegionF,1398
24528,RegionC,1398
6770,RegionB,1399
19138,RegionD,1399
21220,RegionA,1399
23203,RegionC,1399
37053,RegionE,1399
13298,RegionC,1400
31663,RegionA,1400
34069,RegionF,1400
38374,RegionB,1400
40085,RegionA,1400
8334,RegionD,1401
14125,RegionC,1401
18837,RegionE,1401
43056,RegionA,1401
49256,RegionB,1401
5974,RegionE,1402
15271,RegionA,1402
33672,RegionC,1402
39907,RegionF,1402
46116,RegionC,1402
48786,RegionC,1402
2267,RegionD,1403
4734,RegionE,1403
32336,RegionD,1403
4854,RegionA,1404
9783,RegionC,1404
12246,RegionA,1404
19202,RegionC,1404
25941,RegionE,1404
36993,RegionD,1404
21913,RegionE,1405
22934,RegionC,1405
33336,RegionA,1405
36044,RegionA,1405
15811,RegionC,1406
16880,RegionC,1406
18626,RegionD,1406
18851,RegionF,1406
22382,RegionB,1406
32842,RegionF,1406
43022,RegionE,1406
5065,RegionB,1407
25943,RegionA,1407
45198,RegionD,1407
4483,RegionD,1408
17296,RegionF,1408
19826,RegionD,1408
28002,RegionA,1408
44741,RegionF,1408
47073,RegionC,1408
1900,RegionE,1409
15198,RegionA,1409
26653,RegionB,1409
28053,RegionE,1409
30893,RegionE,1409
37719,RegionB,1409
40471,RegionF,1409
41363,RegionF,1409
2102,RegionD,1410
3454,RegionD,1410
9402,RegionC,1410
14954,RegionE,1410
15074,RegionA,1410
43905,RegionC,1410
44225,RegionB,1410
49244,RegionB,1410
3091,RegionB,1411
9900,RegionB,1411
11087,RegionB,1411
16783,RegionD,1411
21648,RegionB,1411
27739,RegionF,1411
28906,RegionE,1411
32888,RegionF,1411
35825,RegionD,1411
3905,RegionC,1412
8388,RegionE,1412
12678,RegionF,1412
15327,RegionD,1412
38009,RegionD,1412
46540,RegionA,1412
2576,RegionE,1413
4116,RegionD,1413
10248,RegionC,1413
15387,RegionE,1413
16586,RegionD,1413
24498,RegionE,1413
47140,RegionD,1413
49721,RegionA,1413
10862,RegionA,1414
15286,RegionC,1414
15801,RegionF,1414
22544,RegionF,1414
22749,RegionB,1414
33537,RegionE,1414
36623,RegionB,1414
43968,RegionA,1414
591,RegionB,1415
29919,RegionB,1415
35017,RegionC,1415
46029,RegionB,1415
2293,RegionD,1416
10808,RegionE,1416
11539,RegionB,1416
23677,RegionD,1416
32902,RegionA,1416
37559,RegionF,1416
41051,RegionB,1416
48672,RegionA,1416
31169,RegionE,1417
35882,RegionB,1417
13869,RegionC,1418
18109,RegionE,1418
29429,RegionD,1418
31145,RegionA,1418
34120,RegionD,1418
40756,RegionB,1418
48607,RegionB,1418
49986,RegionC,1418
21817,RegionA,1419
22723,RegionB,1419
27988,RegionF,1419
29854,RegionB,1419
32679,RegionA,1419
41797,RegionA,1419
4479,RegionF,1420
8654,RegionC,1420
10064,RegionB,1420
19032,RegionD,1420
19832,RegionC,1420
43310,RegionD,1420
18815,RegionC,1421
33891,RegionE,1421
36096,RegionF,1421
36739,RegionF,1421
40179,RegionC,1421
43477,RegionA,1421
2854,RegionB,1422
11870,RegionD,1422
25662,RegionB,1422
26499,RegionF,1422
27656,RegionB,1422
29532,RegionB,1422
37529,RegionC,1422
42507,RegionB,1422
45995,RegionA,1422
11708,RegionA,1423
26425,RegionD,1423
28170,RegionD,1423
30258,RegionF,1423
33254,RegionD,1423
36752,RegionF,1423
37888,RegionA,1423
12275,RegionC,1424
33016,RegionC,1424
49382,RegionC,1424
49624,RegionB,1424
36346,RegionA,1425
37412,RegionD,1425
39291,RegionA,1425
39787,RegionD,1425
41036,RegionA,1425
1553,RegionE,1426
3981,RegionA,1426
11184,RegionA,1426
21258,RegionF,1426
26337,RegionA,1426
26896,RegionC,1426
28094,RegionA,1426
29742,RegionB,1426
42778,RegionD,1426
5216,RegionB,1427
22644,RegionB,1427
27256,RegionB,1427
31546,RegionB,1427
35059,RegionE,1427
15545,RegionF,1428
43167,RegionF,1428
9538,RegionA,1429
13452,RegionF,1429
21825,RegionB,1429
25390,RegionE,1429
26751,RegionB,1429
36120,RegionD,1429
10331,RegionA,1430
11983,RegionF,1430
23303,RegionD,1430
33971,RegionA,1430
43627,RegionA,1430
18728,RegionB,1431
23970,RegionB,1431
27654,RegionF,1431
40733,RegionE,1431
3306,RegionA,1432
6617,RegionF,1432
38247,RegionE,1432
42037,RegionD,1432
46407,RegionE,1432
19525,RegionD,1433
22331,RegionC,1433
24362,RegionA,1433
25787,RegionB,1433
38205,RegionC,1433
38713,RegionF,1433
16412,RegionA,1434
26108,RegionB,1434
31593,RegionC,1434
34811,RegionA,1434
42371,RegionD,1434
46504,RegionD,1434
14017,RegionA,1435
16901,RegionD,1435
30181,RegionB,1435
41378,RegionA,1435
12535,RegionA,1436
17877,RegionC,1436
19140,RegionA,1436
19235,RegionC,1436
39305,RegionA,1436
743,RegionB,1437
5643,RegionB,1437
15698,RegionB,1437
23619,RegionE,1437
25179,RegionD,1437
30744,RegionA,1437
31437,RegionD,1437
43367,RegionC,1437
45321,RegionB,1437
47809,RegionD,1437
230,RegionA,1438
1712,RegionA,1438
43267,RegionA,1438
8716,RegionE,1439
13519,RegionA,1439
19970,RegionC,1439
48969,RegionC,1439
7928,RegionD,1440
20848,RegionC,1440
25655,RegionB,1440
34305,RegionF,1440
43495,RegionF,1440
408,RegionB,1441
1587,RegionA,1441
6274,RegionD,1441
12997,RegionC,1441
22914,RegionB,1441
29472,RegionA,1441
38990,RegionA,1441
40758,RegionD,1441
41918,RegionC,1441
44193,RegionB,1441
44471,RegionD,1441
6034,RegionA,1442
6383,RegionB,1442
14262,RegionB,1442
18751,RegionD,1442
26510,RegionD,1442
45029,RegionE,1442
11676,RegionA,1443
16136,RegionA,1443
19884,RegionC,1443
20324,RegionC,1443
20855,RegionC,1443
25420,RegionC,1443
3812,RegionB,1444
20252,RegionC,1444
36060,RegionC,1444
37266,RegionB,1444
39530,RegionC,1444
42917,RegionE,1444
43347,RegionB,1444
46866,RegionE,1444
47198,RegionC,1444
3514,RegionE,1445
25196,RegionB,1445
35909,RegionC,1445
8953,RegionA,1446
12670,RegionD,1446
15278,RegionB,1446
22036,RegionC,1446
23937,RegionB,1446
30390,RegionA,1446
37793,RegionD,1446
44688,RegionE,1446
48882,RegionA,1446
5939,RegionC,1447
39961,RegionA,1447
43010,RegionF,1447
43072,RegionC,1447
726,RegionE,1448
2731,RegionC,1448
20094,RegionC,1448
21804,RegionA,1448
22005,RegionE,1448
30002,RegionF,1448
32212,RegionE,1448
38610,RegionB,1448
19615,RegionC,1449
26837,RegionC,1449
33910,RegionD,1449
37641,RegionC,1449
38055,RegionD,1449
43105,RegionC,1449
43970,RegionB,1449
44536,RegionD,1449
6416,RegionB,1450
31128,RegionD,1450
45077,RegionA,1450
1409,RegionF,1451
13356,RegionB,1451
16705,RegionE,1451
17472,RegionD,1451
46016,RegionB,1451
47948,RegionE,1451
4989,RegionD,1452
5573,RegionD,1452
6395,RegionA,1452
13327,RegionE,1452
16463,RegionF,1452
36028,RegionD,1452
39103,RegionB,1452
43529,RegionA,1452
49799,RegionF,1452
1915,RegionA,1453
19548,RegionB,1453
26348,RegionE,1453
27385,RegionF,1453
38320,RegionA,1453
42178,RegionA,1453
44104,RegionE,1453
44597,RegionF,1453
44632,RegionB,1453
48279,RegionB,1453
7161,RegionE,1454
8033,RegionE,1454
9668,RegionA,1454
20523,RegionE,1454
26259,RegionB,1454
26784,RegionB,1454
28426,RegionD,1454
43923,RegionA,1454
4417,RegionC,1455
4842,RegionB,1455
24186,RegionB,1455
32053,RegionD,1455
36524,RegionB,1455
37297,RegionA,1455
44847,RegionA,1455
3037,RegionA,1456
19882,RegionA,1456
20379,RegionF,1456
21112,RegionD,1456
24292,RegionC,1456
28744,RegionA,1456
30661,RegionB,1456
45812,RegionA,1456
5906,RegionC,1457
9817,RegionD,1457
11350,RegionC,1457
20601,RegionD,1457
34882,RegionF,1457
35075,RegionB,1457
8481,RegionA,1458
10583,RegionC,1458
26037,RegionC,1458
28912,RegionE,1458
35244,RegionA,1458
38109,RegionE,1458
12903,RegionA,1459
16613,RegionE,1459
23120,RegionE,1459
24402,RegionB,1459
29175,RegionE,1459
30522,RegionB,1459
32069,RegionA,1459
45295,RegionB,1459
48599,RegionA,1459
4343,RegionB,1460
6548,RegionB,1460
13012,RegionE,1460
15442,RegionB,1460
17576,RegionD,1460
21526,RegionE,1460
27539,RegionC,1460
33978,RegionA,1460
35479,RegionF,1460
38818,RegionF,1460
39378,RegionB,1460
43514,RegionE,1460
45966,RegionD,1460
7296,RegionB,1461
23327,RegionB,1461
38103,RegionF,1461
38613,RegionD,1461
49533,RegionC,1461
961,RegionD,1462
4503,RegionD,1462
6625,RegionA,1462
16476,RegionF,1462
21917,RegionB,1462
24437,RegionC,1462
25307,RegionA,1462
3889,RegionA,1463
34542,RegionA,1463
44135,RegionC,1463
48503,RegionC,1463
2264,RegionB,1464
8706,RegionB,1464
15846,RegionE,1464
31981,RegionD,1464
39458,RegionC,1464
48521,RegionA,1464
4761,RegionF,1465
11644,RegionB,1465
28237,RegionE,1465
35555,RegionC,1465
36523,RegionA,1465
41766,RegionB,1465
6097,RegionD,1466
8403,RegionA,1466
14598,RegionD,1466
15827,RegionF,1466
17600,RegionB,1466
28927,RegionA,1466
28936,RegionC,1466
37777,RegionB,1466
37985,RegionF,1466
38154,RegionD,1466
46880,RegionF,1466
49959,RegionB,1466
7706,RegionF,1467
19118,RegionD,1467
30592,RegionE,1467
31657,RegionB,1467
43100,RegionD,1467
575,RegionE,1468
7916,RegionF,1468
10994,RegionA,1468
14261,RegionB,1468
30351,RegionA,1468
46413,RegionE,1468
2527,RegionB,1469
9186,RegionC,1469
9895,RegionD,1469
18254,RegionF,1469
25174,RegionF,1469
43661,RegionB,1469
43795,RegionD,1469
19734,RegionD,1470
30920,RegionE,1470
44903,RegionD,1470
11337,RegionC,1471
19240,RegionB,1471
19698,RegionA,1471
26049,RegionB,1471
39359,RegionC,1471
44806,RegionE,1471
2524,RegionF,1472
8962,RegionB,1472
24705,RegionC,1472
25483,RegionA,1472
25672,RegionE,1472
28249,RegionD,1472
35945,RegionF,1472
36279,RegionE,1472
36783,RegionD,1472
37564,RegionE,1472
11900,RegionB,1473
31321,RegionA,1473
42091,RegionF,1473
45604,RegionC,1473
48157,RegionD,1473
1466,RegionD,1474
11128,RegionD,1474
24129,RegionD,1474
25586,RegionD,1474
28054,RegionF,1474
32987,RegionF,1474
38321,RegionA,1474
41350,RegionF,1474
2258,RegionB,1475
3473,RegionD,1475
4490,RegionD,1475
5924,RegionB,1475
8661,RegionC,1475
19954,RegionA,1475
23221,RegionA,1475
28221,RegionC,1475
4327,RegionE,1476
14611,RegionD,1476
18404,RegionE,1476
18998,RegionB,1476
19294,RegionC,1476
20369,RegionB,1476
24071,RegionD,1476
26726,RegionC,1476
28798,RegionB,1476
31851,RegionE,1476
38326,RegionF,1476
49038,RegionF,1476
49929,RegionE,1476
1463,RegionA,1477
2430,RegionD,1477
4440,RegionA,1477
21568,RegionA,1477
30460,RegionE,1477
35091,RegionD,1477
36110,RegionA,1477
45624,RegionC,1477
49767,RegionA,1477
2798,RegionD,1478
10176,RegionC,1478
20136,RegionE,1478
21218,RegionE,1479
22880,RegionA,1479
27266,RegionE,1479
29245,RegionC,1479
5659,RegionE,1480
7939,RegionC,1480
8399,RegionD,1480
27526,RegionC,1480
28395,RegionF,1480
29749,RegionB,1480
33288,RegionE,1480
46851,RegionD,1480
47916,RegionF,1480
9884,RegionF,1481
14383,RegionE,1481
15901,RegionB,1481
36494,RegionD,1481
41273,RegionA,1481
58,RegionF,1482
10819,RegionC,1482
11381,RegionA,1482
27212,RegionD,1482
27428,RegionC,1482
28917,RegionC,1482
38004,RegionE,1482
46373,RegionD,1482
372,RegionE,1483
2646,RegionC,1483
7636,RegionB,1483
13068,RegionB,1483
16953,RegionD,1483
19478,RegionC,1483
23879,RegionC,1483
31052,RegionA,1483
38396,RegionD,1483
38608,RegionF,1483
40657,RegionB,1483
41825,RegionB,1483
3964,RegionC,1484
27839,RegionA,1484
37545,RegionE,1484
39495,RegionA,1484
43162,RegionA,1484
46178,RegionF,1484
48392,RegionC,1484
49689,RegionB,1484
3982,RegionA,1485
14348,RegionC,1485
44857,RegionD,1485
49708,RegionA,1485
19442,RegionA,1486
23270,RegionD,1486
24424,RegionD,1486
7389,RegionD,1487
10257,RegionE,1487
19267,RegionB,1487
20055,RegionC,1487
23792,RegionB,1487
30468,RegionF,1487
42323,RegionB,1487
42400,RegionA,1487
45276,RegionC,1487
48024,RegionB,1487
2320,RegionE,1488
13942,RegionD,1488
15738,RegionB,1488
31841,RegionB,1488
32108,RegionF,1488
34568,RegionA,1488
40155,RegionE,1488
45797,RegionE,1488
5642,RegionB,1489
8230,RegionE,1489
10289,RegionD,1489
17538,RegionE,1489
40520,RegionB,1489
47975,RegionF,1489
49036,RegionD,1489
17967,RegionA,1490
18347,RegionA,1490
20191,RegionB,1490
22391,RegionD,1490
24282,RegionF,1490
24479,RegionF,1490
28229,RegionD,1490
34043,RegionF,1490
34961,RegionF,1490
35265,RegionB,1490
36787,RegionB,1490
37120,RegionA,1490
39679,RegionA,1490
43549,RegionA,1490
48772,RegionC,1490
8647,RegionB,1491
13698,RegionB,1491
19102,RegionB,1491
20347,RegionA,1491
20359,RegionE,1491
33620,RegionC,1491
5584,RegionC,1492
6338,RegionB,1492
24802,RegionA,1492
27179,RegionD,1492
30189,RegionC,1492
30323,RegionE,1492
36416,RegionD,1492
41377,RegionA,1492
7978,RegionB,1493
8976,RegionC,1493
20376,RegionC,1493
27629,RegionA,1493
29690,RegionB,1493
36615,RegionA,1493
42501,RegionC,1493
48926,RegionF,1493
34,RegionB,1494
15569,RegionD,1494
15773,RegionD,1494
34643,RegionC,1494
35086,RegionF,1494
36995,RegionA,1494
44016,RegionB,1494
11867,RegionB,1495
20295,RegionA,1495
20657,RegionB,1495
21422,RegionF,1495
39960,RegionA,1495
48397,RegionB,1495
49644,RegionB,1495
3089,RegionA,1496
14058,RegionB,1496
15288,RegionE,1496
25224,RegionC,1496
34701,RegionB,1496
3800,RegionC,1497
8420,RegionE,1497
32873,RegionD,1497
35483,RegionC,1497
40579,RegionB,1497
1103,RegionB,1498
1104,RegionC,1498
10133,RegionF,1498
18902,RegionD,1498
31667,RegionE,1498
41460,RegionD,1498
41681,RegionB,1498
45510,RegionA,1498
29494,RegionC,1499
30615,RegionB,1499
32004,RegionA,1499
48855,RegionA,1499
3802,RegionD,1500
20578,RegionB,1500
21187,RegionA,1500
25055,RegionE,1500
29607,RegionD,1500
32054,RegionE,1500
35199,RegionB,1500
39218,RegionF,1500
8768,RegionE,1501
8969,RegionC,1501
21486,RegionD,1501
5950,RegionB,1502
8332,RegionB,1502
9162,RegionE,1502
14162,RegionA,1502
17157,RegionD,1502
34080,RegionD,1502
36063,RegionF,1502
41264,RegionE,1502
3039,RegionC,1503
14984,RegionC,1503
31486,RegionA,1503
32028,RegionE,1503
33872,RegionF,1503
43498,RegionB,1503
47604,RegionB,1503
13715,RegionF,1504
28698,RegionA,1504
29293,RegionE,1504
4948,RegionC,1505
14483,RegionA,1505
15298,RegionB,1505
38248,RegionA,1505
42628,RegionE,1505
9772,RegionE,1506
18910,RegionF,1506
19025,RegionC,1506
20371,RegionD,1506
23520,RegionD,1506
24691,RegionB,1506
25606,RegionE,1506
36246,RegionE,1506
9078,RegionA,1507
18396,RegionD,1507
19479,RegionD,1507
38290,RegionC,1507
43447,RegionD,1507
1811,RegionB,1508
2094,RegionB,1508
20662,RegionA,1508
20822,RegionC,1508
22037,RegionD,1508
33342,RegionA,1508
632,RegionC,1509
3277,RegionD,1509
3497,RegionB,1509
12142,RegionA,1509
22428,RegionB,1509
23527,RegionE,1509
25297,RegionD,1509
26466,RegionE,1509
37454,RegionF,1509
37917,RegionD,1509
4855,RegionB,1510
8513,RegionF,1510
20711,RegionC,1510
37788,RegionF,1510
43916,RegionA,1510
45087,RegionD,1510
7420,RegionB,1511
21893,RegionD,1511
46921,RegionB,1511
32009,RegionF,1512
39427,RegionE,1512
43090,RegionA,1512
49980,RegionD,1512
2559,RegionB,1513
14420,RegionC,1513
14770,RegionE,1513
19413,RegionD,1513
35920,RegionA,1513
3864,RegionA,1514
6971,RegionE,1514
13076,RegionD,1514
28371,RegionB,1514
28919,RegionE,1514
30250,RegionD,1514
30309,RegionD,1514
31508,RegionC,1514
40383,RegionC,1514
11266,RegionD,1515
26823,RegionB,1515
31799,RegionF,1515
38548,RegionE,1515
43974,RegionF,1515
12123,RegionB,1516
26276,RegionF,1516
48394,RegionE,1516
49380,RegionA,1516
367,RegionA,1517
12215,RegionB,1517
28506,RegionE,1517
30645,RegionF,1517
45750,RegionD,1517
49148,RegionD,1517
5285,RegionE,1518
31500,RegionB,1518
650,RegionB,1519
1342,RegionD,1519
11152,RegionB,1519
13159,RegionB,1519
13994,RegionC,1519
18425,RegionA,1519
25109,RegionF,1519
29955,RegionE,1519
37304,RegionA,1519
44283,RegionA,1519
47047,RegionC,1519
48083,RegionB,1519
48195,RegionC,1519
2745,RegionD,1520
8651,RegionF,1520
11459,RegionA,1520
12583,RegionC,1520
15321,RegionE,1520
45606,RegionE,1520
22781,RegionA,1521
27119,RegionC,1521
28680,RegionB,1521
44853,RegionF,1521
46976,RegionD,1521
48244,RegionF,1521
48563,RegionD,1521
13291,RegionB,1522
20239,RegionD,1522
20414,RegionB,1522
31030,RegionD,1522
33059,RegionF,1522
997,RegionA,1523
3852,RegionB,1523
26273,RegionC,1523
36867,RegionC,1523
45972,RegionD,1523
9110,RegionF,1524
15075,RegionB,1524
17059,RegionE,1524
17586,RegionA,1524
38233,RegionD,1524
40908,RegionC,1524
1829,RegionF,1525
2069,RegionC,1525
4536,RegionD,1525
10731,RegionA,1525
12239,RegionF,1525
21756,RegionE,1525
44917,RegionD,1525
7314,RegionA,1526
15752,RegionC,1526
16475,RegionD,1526
17687,RegionC,1526
38941,RegionD,1526
46498,RegionD,1526
46608,RegionC,1526
842,RegionC,1527
3969,RegionA,1527
8612,RegionA,1527
16948,RegionE,1527
25699,RegionF,1527
25976,RegionA,1527
1114,RegionF,1528
2487,RegionB,1528
7198,RegionC,1528
20854,RegionB,1528
21650,RegionD,1528
23983,RegionB,1528
29480,RegionB,1528
30702,RegionD,1528
36119,RegionC,1528
38975,RegionE,1528
101,RegionC,1529
7598,RegionC,1529
8451,RegionC,1529
8684,RegionF,1529
24227,RegionC,1529
26018,RegionD,1529
26983,RegionD,1529
27178,RegionC,1529
39525,RegionD,1529
48253,RegionB,1529
1249,RegionC,1530
4362,RegionA,1530
9039,RegionA,1530
13232,RegionB,1530
25755,RegionC,1530
31363,RegionC,1530
35191,RegionF,1530
36017,RegionF,1530
49900,RegionB,1530
18196,RegionA,1531
18647,RegionE,1531
31359,RegionE,1531
49661,RegionF,1531
4908,RegionB,1532
9057,RegionE,1532
12248,RegionB,1532
16943,RegionA,1532
24650,RegionA,1532
38372,RegionF,1532
46474,RegionA,1532
4630,RegionF,1533
5583,RegionB,1533
6523,RegionD,1533
16446,RegionB,1533
28151,RegionD,1533
29662,RegionA,1533
36961,RegionE,1533
41120,RegionE,1533
15859,RegionE,1534
16885,RegionB,1534
17267,RegionC,1534
21709,RegionD,1534
22422,RegionB,1534
34912,RegionC,1534
8239,RegionA,1535
16521,RegionD,1535
29884,RegionF,1535
34301,RegionB,1535
48125,RegionE,1535
12789,RegionE,1536
13517,RegionE,1536
36697,RegionD,1536
42750,RegionB,1536
46319,RegionC,1536
15982,RegionD,1537
19749,RegionE,1537
40703,RegionB,1537
41692,RegionA,1537
43922,RegionA,1537
48666,RegionB,1537
9583,RegionA,1538
12480,RegionD,1538
37685,RegionB,1538
43708,RegionC,1538
49918,RegionA,1538
9038,RegionF,1539
24891,RegionE,1539
25219,RegionE,1539
26621,RegionC,1539
34765,RegionA,1539
37572,RegionF,1539
39764,RegionA,1539
48858,RegionC,1539
1508,RegionA,1540
12364,RegionA,1540
22177,RegionA,1540
26843,RegionB,1540
30642,RegionC,1540
41186,RegionF,1540
41840,RegionD,1540
43647,RegionA,1540
1330,RegionF,1541
4753,RegionD,1541
7232,RegionD,1541
10740,RegionC,1541
36713,RegionA,1541
39502,RegionB,1541
46868,RegionA,1541
48002,RegionA,1541
48042,RegionA,1541
48137,RegionD,1541
2120,RegionB,1542
6957,RegionD,1542
10700,RegionB,1542
18765,RegionE,1542
23697,RegionD,1542
23733,RegionB,1542
26579,RegionA,1542
26775,RegionF,1542
37028,RegionA,1542
37614,RegionB,1542
45104,RegionB,1542
45574,RegionE,1542
10891,RegionC,1543
11393,RegionF,1543
13197,RegionA,1543
15205,RegionA,1543
24155,RegionD,1543
30034,RegionE,1543
31378,RegionD,1543
1418,RegionB,1544
4936,RegionD,1544
23407,RegionC,1544
38112,RegionB,1544
40687,RegionE,1544
4268,RegionE,1545
4644,RegionA,1545
7068,RegionD,1545
8630,RegionE,1545
9713,RegionE,1545
10620,RegionA,1545
13111,RegionF,1545
17102,RegionB,1545
17170,RegionD,1545
22075,RegionC,1545
1285,RegionA,1546
24189,RegionD,1546
37101,RegionA,1546
41589,RegionB,1546
44945,RegionF,1546
4133,RegionA,1547
5186,RegionD,1547
21084,RegionB,1547
21197,RegionD,1547
30217,RegionD,1547
38664,RegionC,1547
38971,RegionB,1547
44234,RegionD,1547
44804,RegionC,1547
7493,RegionC,1548
38804,RegionE,1548
40967,RegionC,1548
47330,RegionD,1548
23275,RegionB,1549
27413,RegionB,1549
40417,RegionD,1549
40757,RegionC,1549
2571,RegionA,1550
13925,RegionF,1550
19766,RegionC,1550
20684,RegionB,1550
23410,RegionF,1550
27200,RegionE,1550
27478,RegionA,1550
39722,RegionD,1550
1974,RegionA,1551
9433,RegionA,1551
12358,RegionA,1551
18804,RegionE,1551
19857,RegionB,1551
31642,RegionF,1551
33207,RegionC,1551
41944,RegionC,1551
337,RegionC,1552
340,RegionF,1552
17684,RegionA,1552
21329,RegionD,1552
30476,RegionA,1552
10948,RegionA,1553
12697,RegionE,1553
43684,RegionD,1553
9642,RegionA,1554
10920,RegionE,1554
25819,RegionB,1554
26194,RegionB,1554
8729,RegionE,1555
24458,RegionD,1555
26524,RegionD,1555
27265,RegionD,1555
27712,RegionE,1555
29340,RegionA,1555
31452,RegionF,1555
34667,RegionA,1555
41527,RegionF,1555
1497,RegionB,1556
8177,RegionD,1556
8328,RegionD,1556
15264,RegionA,1556
16753,RegionA,1556
30680,RegionB,1556
34384,RegionF,1556
43842,RegionE,1556
10383,RegionA,1557
17255,RegionD,1557
22092,RegionA,1557
29374,RegionA,1557
31886,RegionA,1557
40821,RegionB,1557
44726,RegionD,1557
5196,RegionB,1558
10075,RegionA,1558
10403,RegionA,1558
14933,RegionD,1558
31744,RegionC,1558
38068,RegionD,1558
1358,RegionA,1559
15755,RegionF,1559
17809,RegionA,1559
20682,RegionA,1559
21671,RegionE,1559
34084,RegionB,1559
43469,RegionF,1559
48308,RegionD,1559
48466,RegionE,1559
48571,RegionE,1559
2781,RegionA,1560
10096,RegionB,1560
22842,RegionB,1560
23811,RegionA,1560
29614,RegionE,1560
2631,RegionB,1561
5000,RegionB,1561
8029,RegionA,1561
19463,RegionB,1561
21339,RegionB,1561
28468,RegionA,1561
38217,RegionB,1561
43071,RegionB,1561
2015,RegionB,1562
3468,RegionE,1562
4827,RegionF,1562
8607,RegionB,1562
11786,RegionF,1562
12355,RegionD,1562
14620,RegionF,1562
16823,RegionE,1562
25797,RegionE,1562
31112,RegionA,1562
40273,RegionD,1562
66,RegionA,1563
5336,RegionD,1563
12851,RegionB,1563
16273,RegionF,1563
18795,RegionC,1563
19262,RegionD,1563
26956,RegionD,1563
27322,RegionB,1563
31160,RegionC,1563
34567,RegionE,1563
886,RegionA,1564
4678,RegionB,1564
8501,RegionA,1564
27602,RegionA,1564
29491,RegionA,1564
35505,RegionE,1564
39166,RegionF,1564
39500,RegionF,1564
45262,RegionB,1564
46000,RegionE,1564
47439,RegionA,1564
48724,RegionA,1564
49138,RegionB,1564
5413,RegionB,1565
10539,RegionE,1565
13352,RegionD,1565
17767,RegionD,1565
25579,RegionD,1565
30240,RegionB,1565
47145,RegionB,1565
1284,RegionE,1566
4950,RegionE,1566
5139,RegionD,1566
7600,RegionD,1566
13007,RegionA,1566
15162,RegionD,1566
28901,RegionA,1566
29681,RegionF,1566
31293,RegionD,1566
36505,RegionB,1566
49660,RegionE,1566
12606,RegionF,1567
14274,RegionA,1567
21864,RegionB,1567
32315,RegionC,1567
35126,RegionA,1567
993,RegionC,1568
1790,RegionA,1568
1893,RegionD,1568
2060,RegionA,1568
20909,RegionD,1568
27270,RegionC,1568
43925,RegionC,1568
47398,RegionF,1568
13312,RegionC,1569
26213,RegionB,1569
28129,RegionB,1569
33777,RegionC,1569
36322,RegionC,1569
2190,RegionF,1570
13864,RegionD,1570
16267,RegionA,1570
24223,RegionF,1570
38513,RegionC,1570
40903,RegionE,1570
48917,RegionC,1570
48945,RegionE,1570
1231,RegionE,1571
10929,RegionB,1571
20487,RegionB,1571
28858,RegionC,1571
30343,RegionF,1571
45535,RegionF,1571
47570,RegionA,1571
48000,RegionD,1571
1441,RegionE,1572
3425,RegionB,1572
4831,RegionD,1572
5755,RegionC,1572
23613,RegionF,1572
30582,RegionB,1572
32564,RegionC,1572
41102,RegionA,1572
43779,RegionB,1572
1084,RegionB,1573
7253,RegionE,1573
15468,RegionB,1573
22356,RegionB,1573
28059,RegionD,1573
30464,RegionB,1573
39202,RegionC,1573
46351,RegionB,1573
10079,RegionD,1574
18037,RegionE,1574
31035,RegionC,1574
41078,RegionC,1574
49128,RegionD,1574
3486,RegionD,1575
5046,RegionB,1575
6652,RegionB,1575
8049,RegionA,1575
27505,RegionB,1575
41322,RegionD,1575
47434,RegionC,1575
22864,RegionD,1576
24274,RegionD,1576
25396,RegionD,1576
26219,RegionB,1576
33531,RegionF,1576
33887,RegionA,1576
34235,RegionB,1576
37673,RegionB,1576
48160,RegionA,1576
6252,RegionB,1577
17202,RegionD,1577
27868,RegionD,1577
31975,RegionD,1577
5779,RegionA,1578
23444,RegionA,1578
28614,RegionB,1578
35213,RegionB,1578
47780,RegionA,1578
6261,RegionD,1579
12121,RegionF,1579
18936,RegionF,1579
23787,RegionC,1579
27083,RegionF,1579
28084,RegionC,1579
37029,RegionA,1579
41826,RegionC,1579
6474,RegionA,1580
15290,RegionA,1580
27718,RegionD,1580
31803,RegionC,1580
32898,RegionC,1580
32966,RegionE,1580
47692,RegionE,1580
3903,RegionA,1581
18420,RegionB,1581
24031,RegionD,1581
47118,RegionB,1581
28029,RegionA,1582
38265,RegionD,1582
42414,RegionA,1582
47028,RegionC,1582
3125,RegionC,1583
9059,RegionA,1583
11445,RegionF,1583
18685,RegionD,1583
20785,RegionE,1583
31490,RegionE,1583
37448,RegionA,1583
38721,RegionA,1583
8207,RegionB,1584
38947,RegionD,1584
18540,RegionC,1585
30169,RegionB,1585
32819,RegionB,1585
34118,RegionC,1585
36706,RegionF,1585
843,RegionD,1586
10415,RegionF,1586
15563,RegionD,1586
22414,RegionA,1586
23249,RegionC,1586
27251,RegionC,1586
2395,RegionB,1587
3360,RegionB,1587
17681,RegionD,1587
17752,RegionC,1587
20308,RegionA,1587
21479,RegionD,1587
26634,RegionC,1587
27769,RegionC,1587
41519,RegionD,1587
46539,RegionF,1587
8709,RegionE,1588
11809,RegionC,1588
12038,RegionB,1588
18361,RegionB,1588
36275,RegionB,1588
40020,RegionA,1588
43876,RegionA,1588
4391,RegionC,1589
17957,RegionD,1589
24331,RegionB,1589
26675,RegionD,1589
32876,RegionA,1589
33269,RegionF,1589
36647,RegionF,1589
1902,RegionA,1590
28254,RegionC,1590
29068,RegionC,1590
35245,RegionB,1590
38218,RegionC,1590
4232,RegionB,1591
8229,RegionD,1591
12764,RegionF,1591
30331,RegionA,1591
3646,RegionF,1592
8098,RegionD,1592
32180,RegionF,1592
33032,RegionE,1592
33252,RegionB,1592
39801,RegionE,1592
42230,RegionA,1592
2915,RegionC,1593
25322,RegionC,1593
32627,RegionA,1593
33947,RegionB,1593
41643,RegionD,1593
43134,RegionF,1593
14314,RegionB,1594
21659,RegionA,1594
22450,RegionD,1594
23057,RegionA,1594
23469,RegionF,1594
25783,RegionD,1594
29983,RegionA,1594
41445,RegionC,1594
5505,RegionB,1595
9212,RegionC,1595
16197,RegionB,1595
25303,RegionD,1595
25684,RegionD,1595
44214,RegionC,1595
7838,RegionA,1596
17853,RegionE,1596
29445,RegionA,1596
29528,RegionD,1596
32282,RegionC,1596
35675,RegionE,1596
37733,RegionC,1596
40952,RegionB,1596
3448,RegionE,1597
3638,RegionD,1597
4690,RegionA,1597
27142,RegionF,1597
28811,RegionB,1597
32471,RegionB,1597
35799,RegionD,1597
36644,RegionC,1597
42174,RegionC,1597
24210,RegionF,1598
29277,RegionC,1598
29660,RegionE,1598
32997,RegionC,1598
34878,RegionB,1598
39428,RegionF,1598
45025,RegionA,1598
6561,RegionB,1599
9460,RegionB,1599
10071,RegionC,1599
18298,RegionD,1599
19491,RegionC,1599
19740,RegionC,1599
28121,RegionA,1599
32801,RegionD,1599
40935,RegionD,1599
49029,RegionD,1599
1756,RegionE,1600
6456,RegionB,1600
8597,RegionD,1600
9919,RegionB,1600
11848,RegionB,1600
19029,RegionA,1600
23768,RegionD,1600
5020,RegionC,1601
6359,RegionD,1601
15744,RegionB,1601
16058,RegionA,1601
17791,RegionB,1601
18200,RegionD,1601
18631,RegionC,1601
22984,RegionA,1601
31843,RegionD,1601
38794,RegionB,1601
39824,RegionB,1601
44497,RegionD,1601
48319,RegionB,1601
1543,RegionB,1602
22758,RegionD,1602
24667,RegionD,1602
26731,RegionB,1602
31750,RegionC,1602
39505,RegionD,1602
42819,RegionE,1602
45154,RegionE,1602
5380,RegionB,1603
6904,RegionD,1603
10114,RegionA,1603
14236,RegionC,1603
19499,RegionD,1603
22830,RegionD,1603
27923,RegionF,1603
34604,RegionC,1603
45302,RegionC,1603
18406,RegionA,1604
28481,RegionA,1604
34907,RegionD,1604
38952,RegionB,1604
49441,RegionC,1604
3393,RegionB,1605
3406,RegionB,1605
20713,RegionE,1605
20937,RegionF,1605
29580,RegionD,1605
34755,RegionC,1605
41747,RegionC,1605
46252,RegionB,1605
47628,RegionA,1605
6882,RegionB,1606
8429,RegionA,1606
16701,RegionA,1606
17240,RegionB,1606
25999,RegionD,1606
48704,RegionA,1606
2543,RegionE,1607
2904,RegionE,1607
23019,RegionB,1607
23340,RegionB,1607
28773,RegionD,1607
31345,RegionD,1607
31747,RegionF,1607
38676,RegionB,1607
39055,RegionA,1607
41151,RegionD,1607
34222,RegionB,1608
49093,RegionB,1608
1509,RegionA,1609
3147,RegionF,1609
6300,RegionD,1609
18120,RegionC,1609
22362,RegionB,1609
23362,RegionD,1609
24004,RegionC,1609
37307,RegionD,1609
44164,RegionF,1609
49257,RegionB,1609
49861,RegionC,1609
11375,RegionB,1610
17583,RegionD,1610
19559,RegionF,1610
27213,RegionD,1610
28995,RegionC,1610
36899,RegionB,1610
48904,RegionC,1610
11795,RegionB,1611
14495,RegionF,1611
20807,RegionA,1611
26075,RegionB,1611
27797,RegionE,1611
31598,RegionB,1611
36147,RegionD,1611
44369,RegionA,1611
45170,RegionB,1611
46571,RegionE,1611
48130,RegionC,1611
48260,RegionB,1611
49571,RegionB,1611
2756,RegionB,1612
6965,RegionF,1612
20087,RegionB,1612
27338,RegionE,1612
37067,RegionF,1612
39559,RegionF,1612
15617,RegionF,1613
10107,RegionF,1614
11911,RegionF,1614
14588,RegionA,1614
20144,RegionA,1614
38698,RegionD,1614
46566,RegionA,1614
3068,RegionE,1615
9092,RegionA,1615
13102,RegionC,1615
23399,RegionB,1615
27187,RegionE,1615
35030,RegionC,1615
42457,RegionD,1615
1176,RegionC,1616
2872,RegionF,1616
4313,RegionD,1616
5208,RegionA,1616
8821,RegionF,1616
9590,RegionA,1616
24474,RegionA,1616
31755,RegionA,1616
33327,RegionE,1616
38096,RegionE,1616
38731,RegionD,1616
42992,RegionB,1616
9255,RegionA,1617
17094,RegionA,1617
19327,RegionC,1617
26277,RegionA,1617
42705,RegionC,1617
2480,RegionA,1618
2693,RegionD,1618
10651,RegionE,1618
13225,RegionB,1618
19330,RegionF,1618
21182,RegionB,1618
22481,RegionB,1618
22931,RegionF,1618
29764,RegionD,1618
32578,RegionD,1618
32682,RegionC,1618
34530,RegionB,1618
39159,RegionF,1618
3079,RegionC,1619
9800,RegionA,1619
36864,RegionA,1619
40767,RegionA,1619
45799,RegionA,1619
1939,RegionD,1620
11700,RegionE,1620
20891,RegionF,1620
25464,RegionA,1620
25474,RegionD,1620
28697,RegionF,1620
35403,RegionB,1620
36838,RegionA,1620
46500,RegionA,1620
6060,RegionF,1621
8553,RegionA,1621
11345,RegionD,1621
13973,RegionB,1621
14078,RegionB,1621
18319,RegionE,1621
24850,RegionC,1621
31104,RegionF,1621
39634,RegionB,1621
3315,RegionC,1622
36671,RegionD,1622
47914,RegionD,1622
48543,RegionC,1622
1858,RegionB,1623
7642,RegionA,1623
18188,RegionF,1623
25184,RegionC,1623
28727,RegionD,1623
35040,RegionF,1623
37538,RegionE,1623
45395,RegionD,1623
15963,RegionD,1624
17881,RegionA,1624
19855,RegionA,1624
27361,RegionB,1624
33208,RegionD,1624
34180,RegionE,1624
47875,RegionD,1624
1410,RegionA,1625
11608,RegionE,1625
14834,RegionD,1625
19052,RegionD,1625
32828,RegionE,1625
35474,RegionA,1625
37215,RegionD,1625
37916,RegionC,1625
44938,RegionF,1625
3025,RegionB,1626
11131,RegionA,1626
11562,RegionE,1626
15668,RegionD,1626
24625,RegionB,1626
28991,RegionE,1626
30973,RegionF,1626
34918,RegionB,1626
29635,RegionF,1627
31319,RegionD,1627
34803,RegionE,1627
49579,RegionC,1627
4301,RegionE,1628
9214,RegionE,1628
14214,RegionA,1628
17990,RegionD,1628
23600,RegionF,1628
40124,RegionA,1628
2357,RegionC,1629
2750,RegionB,1629
9809,RegionC,1629
13374,RegionF,1629
18129,RegionF,1629
37819,RegionD,1629
3212,RegionE,1630
6893,RegionF,1630
13745,RegionC,1630
14020,RegionC,1630
15651,RegionA,1630
20597,RegionA,1630
25339,RegionA,1630
26308,RegionE,1630
33511,RegionE,1630
34974,RegionF,1630
6165,RegionF,1631
7446,RegionB,1631
24932,RegionA,1631
35598,RegionA,1631
39668,RegionC,1631
41164,RegionD,1631
5288,RegionB,1632
9910,RegionF,1632
13404,RegionD,1632
19399,RegionC,1632
36441,RegionD,1632
15513,RegionA,1633
19010,RegionA,1633
34138,RegionC,1633
40338,RegionD,1633
6397,RegionB,1634
16694,RegionA,1634
19048,RegionF,1634
25856,RegionE,1634
28666,RegionB,1634
36841,RegionC,1634
37174,RegionB,1634
6568,RegionC,1635
7010,RegionE,1635
12040,RegionD,1635
33020,RegionA,1635
281,RegionF,1636
2692,RegionC,1636
7448,RegionD,1636
19116,RegionB,1636
28784,RegionB,1636
4469,RegionC,1637
5603,RegionB,1637
9132,RegionB,1637
13568,RegionD,1637
16514,RegionD,1637
19997,RegionD,1637
43978,RegionD,1637
46156,RegionD,1637
46212,RegionA,1637
47450,RegionE,1637
13429,RegionB,1638
27952,RegionC,1638
33624,RegionA,1638
35457,RegionC,1638
42493,RegionA,1638
43079,RegionC,1638
2269,RegionA,1639
6209,RegionD,1639
7715,RegionB,1639
11510,RegionE,1639
12876,RegionA,1639
13430,RegionC,1639
15345,RegionC,1639
16838,RegionA,1639
17653,RegionB,1639
19375,RegionE,1639
34194,RegionF,1639
38141,RegionD,1639
497,RegionF,1640
795,RegionB,1640
2774,RegionA,1640
4052,RegionE,1640
8535,RegionB,1640
16215,RegionA,1640
16965,RegionC,1640
34365,RegionA,1640
3421,RegionD,1641
6941,RegionB,1641
7320,RegionA,1641
16042,RegionD,1641
21758,RegionA,1641
34589,RegionB,1641
48484,RegionC,1641
9188,RegionE,1642
11703,RegionB,1642
19958,RegionD,1642
24047,RegionA,1642
27807,RegionB,1642
34966,RegionD,1642
35494,RegionA,1642
46749,RegionA,1642
47508,RegionD,1642
7200,RegionE,1643
8780,RegionD,1643
10775,RegionE,1643
11857,RegionD,1643
20748,RegionA,1643
28622,RegionC,1643
42936,RegionD,1643
8037,RegionB,1644
11438,RegionE,1644
12023,RegionA,1644
13288,RegionE,1644
15660,RegionC,1644
16610,RegionB,1644
17729,RegionF,1644
37303,RegionF,1644
39664,RegionF,1644
45485,RegionB,1644
46565,RegionF,1644
5292,RegionF,1645
14144,RegionB,1645
16504,RegionA,1645
17000,RegionE,1645
26886,RegionF,1645
39622,RegionC,1645
40189,RegionF,1645
41617,RegionD,1645
47026,RegionB,1645
12465,RegionC,1646
14975,RegionA,1646
24543,RegionD,1646
25216,RegionB,1646
25947,RegionD,1646
31683,RegionA,1646
32631,RegionD,1646
4159,RegionA,1647
16653,RegionE,1647
19937,RegionC,1647
22314,RegionF,1647
33977,RegionF,1647
44386,RegionE,1647
253,RegionD,1648
4382,RegionA,1648
16978,RegionC,1648
17778,RegionB,1648
21277,RegionE,1648
21994,RegionA,1648
24472,RegionE,1648
26971,RegionE,1648
10372,RegionB,1649
27096,RegionF,1649
39005,RegionC,1649
45788,RegionC,1649
2064,RegionE,1650
7362,RegionC,1650
14375,RegionD,1650
18331,RegionD,1650
20118,RegionA,1650
22069,RegionC,1650
29367,RegionA,1650
31605,RegionB,1650
33306,RegionD,1650
35910,RegionD,1650
37387,RegionE,1650
45773,RegionB,1650
7043,RegionE,1651
12739,RegionA,1651
20979,RegionB,1651
24819,RegionE,1651
33421,RegionA,1651
34179,RegionD,1651
34831,RegionA,1651
44827,RegionF,1651
49352,RegionE,1651
9075,RegionD,1652
20471,RegionF,1652
29051,RegionF,1652
31809,RegionC,1652
32934,RegionF,1652
39439,RegionD,1652
39971,RegionD,1652
7741,RegionB,1653
9474,RegionC,1653
14604,RegionC,1653
17205,RegionA,1653
33976,RegionE,1653
34029,RegionE,1653
2702,RegionA,1654
4970,RegionE,1654
29548,RegionD,1654
30422,RegionF,1654
31156,RegionE,1654
38267,RegionF,1654
10945,RegionD,1655
14760,RegionB,1655
14982,RegionA,1655
16520,RegionD,1655
17940,RegionA,1655
20440,RegionB,1655
22784,RegionC,1655
27528,RegionE,1655
31568,RegionD,1655
35188,RegionC,1655
42143,RegionE,1655
45830,RegionF,1655
10759,RegionB,1656
22441,RegionB,1656
28639,RegionA,1656
49967,RegionD,1656
2144,RegionF,1657
5207,RegionF,1657
6458,RegionD,1657
9123,RegionF,1657
18236,RegionB,1657
27116,RegionF,1657
37430,RegionB,1657
38108,RegionD,1657
3198,RegionD,1658
16324,RegionD,1658
16918,RegionB,1658
25639,RegionE,1658
29002,RegionC,1658
30954,RegionA,1658
33235,RegionE,1658
4438,RegionD,1659
12924,RegionB,1659
13702,RegionF,1659
17023,RegionB,1659
19228,RegionC,1659
36295,RegionB,1659
47625,RegionD,1659
14840,RegionC,1660
22548,RegionD,1660
22811,RegionD,1660
26461,RegionA,1660
33026,RegionF,1660
45391,RegionF,1660
11430,RegionD,1661
12171,RegionD,1661
15398,RegionC,1661
22978,RegionA,1661
34453,RegionC,1661
38558,RegionB,1661
43562,RegionA,1661
9139,RegionB,1662
9381,RegionB,1662
11373,RegionF,1662
23091,RegionB,1662
23629,RegionB,1662
29788,RegionB,1662
35283,RegionA,1662
38602,RegionF,1662
42797,RegionC,1662
47402,RegionD,1662
47820,RegionB,1662
260,RegionE,1663
13671,RegionB,1663
14035,RegionE,1663
20736,RegionB,1663
25520,RegionD,1663
42665,RegionC,1663
44521,RegionB,1663
16800,RegionB,1664
25937,RegionB,1664
27346,RegionA,1664
31836,RegionC,1664
37352,RegionC,1664
38672,RegionD,1664
41910,RegionB,1664
1847,RegionD,1665
5526,RegionD,1665
17523,RegionC,1665
18966,RegionC,1665
36675,RegionB,1665
45920,RegionD,1665
46034,RegionA,1665
46466,RegionE,1665
49901,RegionC,1665
15300,RegionD,1666
22313,RegionD,1666
34220,RegionF,1666
34407,RegionC,1666
46599,RegionA,1666
17887,RegionF,1667
18209,RegionA,1667
19708,RegionD,1667
20318,RegionD,1667
23599,RegionE,1667
25760,RegionB,1667
4685,RegionB,1668
5634,RegionA,1668
5908,RegionE,1668
23909,RegionA,1668
27103,RegionF,1668
27848,RegionD,1668
30752,RegionB,1668
31905,RegionA,1668
35107,RegionA,1668
39128,RegionA,1668
41703,RegionD,1668
2465,RegionF,1669
15005,RegionD,1669
22606,RegionC,1669
32916,RegionA,1669
34260,RegionA,1669
37354,RegionD,1669
38000,RegionB,1669
44388,RegionA,1669
23557,RegionB,1670
26551,RegionE,1670
28319,RegionB,1670
38555,RegionE,1670
38925,RegionB,1670
43005,RegionB,1670
654,RegionE,1671
6541,RegionB,1671
6725,RegionB,1671
8688,RegionD,1671
13955,RegionD,1671
15643,RegionF,1671
15968,RegionC,1671
28430,RegionB,1671
30006,RegionC,1671
34389,RegionD,1671
43166,RegionE,1671
45545,RegionC,1671
492,RegionA,1672
18505,RegionB,1672
35497,RegionD,1672
40376,RegionC,1672
43307,RegionB,1672
10940,RegionF,1673
13811,RegionD,1673
16372,RegionA,1673
41830,RegionA,1673
47408,RegionC,1673
6795,RegionA,1674
14705,RegionF,1674
16858,RegionA,1674
17345,RegionB,1674
20539,RegionB,1674
24245,RegionB,1674
24465,RegionE,1674
5948,RegionF,1675
12673,RegionA,1675
26921,RegionB,1675
42079,RegionA,1675
4542,RegionD,1676
29942,RegionE,1676
34135,RegionA,1676
35008,RegionA,1676
36281,RegionA,1676
40530,RegionF,1676
48408,RegionF,1676
2111,RegionF,1677
16769,RegionD,1677
17605,RegionA,1677
34228,RegionA,1677
40460,RegionB,1677
43820,RegionC,1677
45936,RegionA,1677
47874,RegionC,1677
49848,RegionC,1677
2973,RegionB,1678
6163,RegionD,1678
9203,RegionA,1678
12070,RegionA,1678
12867,RegionD,1678
32954,RegionF,1678
35259,RegionB,1678
35313,RegionD,1678
48117,RegionD,1678
3257,RegionD,1679
5059,RegionB,1679
6757,RegionB,1679
11756,RegionB,1679
16292,RegionE,1679
18437,RegionE,1679
24123,RegionD,1679
25310,RegionD,1679
37672,RegionB,1679
42408,RegionB,1679
43012,RegionB,1679
4174,RegionC,1680
6033,RegionE,1680
6418,RegionC,1680
7405,RegionA,1680
8222,RegionD,1680
13553,RegionB,1680
23538,RegionC,1680
29845,RegionF,1680
11990,RegionF,1681
13510,RegionD,1681
42586,RegionB,1681
44883,RegionC,1681
3493,RegionD,1682
17190,RegionD,1682
20549,RegionE,1682
22009,RegionB,1682
33545,RegionA,1682
40336,RegionB,1682
43341,RegionC,1682
49990,RegionA,1682
2059,RegionA,1683
12787,RegionC,1683
14426,RegionB,1683
18440,RegionB,1683
19936,RegionB,1683
20521,RegionC,1683
24702,RegionF,1683
25085,RegionB,1683
25590,RegionB,1683
30607,RegionA,1683
37068,RegionA,1683
41302,RegionD,1683
5055,RegionE,1684
9714,RegionA,1684
9937,RegionA,1684
16246,RegionE,1684
20596,RegionF,1684
27433,RegionB,1684
28456,RegionB,1684
31377,RegionC,1684
39813,RegionD,1684
48581,RegionB,1684
5857,RegionA,1685
36231,RegionC,1685
44220,RegionC,1685
14174,RegionF,1686
14736,RegionD,1686
35342,RegionA,1686
35630,RegionF,1686
1890,RegionB,1687
3970,RegionB,1687
4117,RegionE,1687
13539,RegionA,1687
14506,RegionD,1687
23266,RegionA,1687
30772,RegionB,1687
36222,RegionA,1687
40951,RegionA,1687
2858,RegionE,1688
3017,RegionA,1688
8245,RegionA,1688
21595,RegionB,1688
28893,RegionE,1688
41168,RegionA,1688
2722,RegionA,1689
8633,RegionB,1689
18873,RegionB,1689
24128,RegionC,1689
26321,RegionE,1689
27015,RegionD,1689
28262,RegionD,1689
43067,RegionD,1689
44900,RegionA,1689
13239,RegionC,1690
25772,RegionA,1690
30213,RegionA,1690
30731,RegionA,1690
38145,RegionB,1690
41130,RegionB,1690
41299,RegionA,1690
42305,RegionC,1690
48758,RegionB,1690
2880,RegionA,1691
3541,RegionF,1691
4242,RegionE,1691
4414,RegionA,1691
7455,RegionD,1691
20322,RegionB,1691
41065,RegionC,1691
42482,RegionC,1691
504,RegionF,1692
11084,RegionE,1692
22041,RegionB,1692
22452,RegionF,1692
22638,RegionB,1692
22845,RegionE,1692
35073,RegionA,1692
17236,RegionE,1693
25660,RegionF,1693
35827,RegionF,1693
46760,RegionD,1693
1477,RegionB,1694
7620,RegionE,1694
8136,RegionC,1694
10696,RegionD,1694
11892,RegionA,1694
19795,RegionE,1694
46558,RegionF,1694
46747,RegionD,1694
49047,RegionB,1694
49565,RegionB,1694
2824,RegionD,1695
3169,RegionB,1695
3326,RegionA,1695
3342,RegionD,1695
5815,RegionD,1695
7155,RegionF,1695
14585,RegionD,1695
22915,RegionC,1695
27327,RegionA,1695
33153,RegionB,1695
38437,RegionE,1695
15248,RegionD,1696
33143,RegionE,1696
34955,RegionA,1696
278,RegionC,1697
7969,RegionF,1697
14385,RegionA,1697
34217,RegionC,1697
41743,RegionE,1697
6065,RegionD,1698
23283,RegionD,1698
39953,RegionF,1698
48947,RegionA,1698
7733,RegionA,1699
9761,RegionA,1699
10510,RegionB,1699
16416,RegionD,1699
23741,RegionC,1699
39077,RegionC,1699
40542,RegionE,1699
17373,RegionD,1700
17474,RegionA,1700
24032,RegionE,1700
28191,RegionE,1700
32099,RegionD,1700
33110,RegionD,1700
36998,RegionC,1700
47857,RegionF,1700
617,RegionA,1701
24327,RegionE,1701
29468,RegionC,1701
35432,RegionD,1701
36922,RegionF,1701
43142,RegionA,1701
4531,RegionE,1702
22448,RegionB,1702
28870,RegionB,1702
30918,RegionD,1702
43054,RegionD,1702
45084,RegionA,1702
49935,RegionD,1702
712,RegionD,1703
6720,RegionD,1703
9221,RegionE,1703
22763,RegionB,1703
31253,RegionD,1703
34813,RegionB,1703
22106,RegionA,1704
23950,RegionB,1704
30374,RegionD,1704
35987,RegionB,1704
37296,RegionF,1704
38637,RegionB,1704
39452,RegionD,1704
41829,RegionF,1704
24803,RegionB,1705
25884,RegionA,1705
29138,RegionB,1705
38712,RegionE,1705
3835,RegionE,1706
13108,RegionC,1706
16250,RegionC,1706
18351,RegionD,1706
26611,RegionF,1706
29712,RegionD,1706
31790,RegionC,1706
35833,RegionE,1706
38954,RegionD,1706
48449,RegionA,1706
6476,RegionB,1707
7581,RegionE,1707
16842,RegionD,1707
23695,RegionC,1707
24518,RegionF,1707
31808,RegionB,1707
43773,RegionB,1707
49557,RegionA,1707
7591,RegionB,1708
8456,RegionB,1708
14893,RegionD,1708
22826,RegionF,1708
30927,RegionF,1708
49580,RegionD,1708
9248,RegionF,1709
23765,RegionA,1709
30194,RegionA,1709
30878,RegionC,1709
40532,RegionB,1709
40626,RegionD,1709
45423,RegionE,1709
787,RegionA,1710
4982,RegionD,1710
9878,RegionA,1710
13907,RegionB,1710
16124,RegionB,1710
19451,RegionC,1710
26964,RegionE,1710
27464,RegionA,1710
36848,RegionD,1710
37413,RegionD,1710
45819,RegionB,1710
8227,RegionB,1711
10294,RegionC,1711
15310,RegionA,1711
23180,RegionF,1711
39131,RegionD,1711
29920,RegionC,1712
31277,RegionB,1712
44100,RegionA,1712
9791,RegionE,1713
12874,RegionE,1713
16570,RegionB,1713
20480,RegionB,1713
42390,RegionC,1713
5818,RegionA,1714
33941,RegionC,1714
39951,RegionD,1714
43364,RegionF,1714
43749,RegionD,1714
47390,RegionD,1714
3703,RegionD,1715
6763,RegionA,1715
16354,RegionB,1715
27387,RegionB,1715
28234,RegionB,1715
35835,RegionA,1715
38735,RegionB,1715
38929,RegionE,1715
39049,RegionA,1715
39518,RegionD,1715
39847,RegionE,1715
41854,RegionE,1715
45341,RegionB,1715
47702,RegionB,1715
320,RegionF,1716
3728,RegionC,1716
5681,RegionA,1716
6001,RegionF,1716
12134,RegionF,1716
18501,RegionD,1716
27701,RegionA,1716
34392,RegionA,1716
39841,RegionF,1716
4556,RegionD,1717
12992,RegionE,1717
14873,RegionC,1717
15375,RegionA,1717
22565,RegionA,1717
25223,RegionB,1717
32829,RegionF,1717
39190,RegionD,1717
41270,RegionD,1717
44050,RegionC,1717
47347,RegionA,1717
1972,RegionE,1718
3954,RegionF,1718
6887,RegionA,1718
7885,RegionA,1718
19575,RegionB,1718
23001,RegionD,1718
27531,RegionB,1718
27825,RegionA,1718
31650,RegionA,1718
32683,RegionD,1718
33085,RegionF,1718
40994,RegionD,1718
48868,RegionA,1718
49844,RegionE,1718
12515,RegionA,1719
12922,RegionA,1719
21740,RegionB,1719
44147,RegionB,1719
3838,RegionB,1720
17666,RegionB,1720
21501,RegionF,1720
32091,RegionB,1720
43854,RegionD,1720
45221,RegionA,1720
46234,RegionC,1720
46764,RegionB,1720
2898,RegionF,1721
13459,RegionF,1721
16028,RegionD,1721
26326,RegionC,1721
27573,RegionD,1721
27579,RegionC,1721
32725,RegionA,1721
49758,RegionD,1721
13053,RegionA,1722
21248,RegionB,1722
22974,RegionC,1722
24724,RegionB,1722
35741,RegionE,1722
46996,RegionD,1722
49690,RegionB,1722
2229,RegionF,1723
4247,RegionD,1723
25792,RegionA,1723
28431,RegionC,1723
1488,RegionF,1724
10937,RegionC,1724
16184,RegionB,1724
17493,RegionF,1724
19104,RegionC,1724
19409,RegionA,1724
23609,RegionB,1724
31204,RegionA,1724
32700,RegionB,1724
6191,RegionF,1725
16462,RegionE,1725
22001,RegionA,1725
26818,RegionC,1725
40937,RegionF,1725
49296,RegionB,1725
341,RegionA,1726
20356,RegionB,1727
31294,RegionF,1727
40295,RegionA,1727
7781,RegionB,1728
16320,RegionA,1728
23851,RegionB,1728
24834,RegionA,1728
33415,RegionB,1728
36942,RegionF,1728
38111,RegionA,1728
42604,RegionA,1728
43757,RegionE,1728
46297,RegionA,1728
6787,RegionE,1729
9217,RegionB,1729
22324,RegionC,1729
33071,RegionE,1729
48237,RegionE,1729
2377,RegionC,1730
4128,RegionC,1730
4243,RegionF,1730
25893,RegionC,1730
31781,RegionA,1730
32416,RegionF,1730
43437,RegionA,1730
5188,RegionA,1731
13077,RegionD,1731
16529,RegionF,1731
145,RegionB,1732
6265,RegionB,1732
8493,RegionF,1732
31232,RegionC,1732
39816,RegionA,1732
45868,RegionD,1732
47092,RegionB,1732
8993,RegionA,1733
10444,RegionB,1733
14682,RegionB,1733
21306,RegionB,1733
24013,RegionF,1733
27400,RegionB,1733
28624,RegionE,1733
30273,RegionB,1733
30349,RegionE,1733
38439,RegionA,1733
41790,RegionA,1733
122,RegionD,1734
1748,RegionD,1734
4612,RegionB,1734
15735,RegionF,1734
32061,RegionE,1734
43386,RegionB,1734
43980,RegionE,1734
10749,RegionE,1735
13441,RegionB,1735
18620,RegionD,1735
22354,RegionF,1735
39016,RegionA,1735
39765,RegionB,1735
2771,RegionD,1736
5814,RegionC,1736
18392,RegionF,1736
27846,RegionB,1736
36382,RegionD,1736
38974,RegionD,1736
48590,RegionD,1736
4027,RegionA,1737
16060,RegionC,1737
18656,RegionB,1737
21826,RegionC,1737
22375,RegionA,1737
28961,RegionB,1737
29349,RegionB,1737
33680,RegionD,1737
40960,RegionC,1737
46440,RegionF,1737
48111,RegionD,1737
21367,RegionC,1738
28007,RegionE,1738
36889,RegionE,1738
42016,RegionC,1738
42237,RegionA,1738
15615,RegionD,1739
16289,RegionB,1739
26791,RegionC,1739
30336,RegionE,1739
33173,RegionB,1739
7273,RegionF,1740
21870,RegionB,1740
26765,RegionC,1740
6905,RegionE,1741
6951,RegionE,1741
18818,RegionF,1741
25267,RegionA,1741
28988,RegionB,1741
49748,RegionB,1741
406,RegionA,1742
12255,RegionB,1742
3482,RegionF,1743
4991,RegionA,1743
7292,RegionE,1743
16712,RegionE,1743
22990,RegionF,1743
31850,RegionD,1743
37252,RegionA,1743
39683,RegionE,1743
3792,RegionB,1744
4396,RegionB,1744
10491,RegionC,1744
14967,RegionE,1744
20793,RegionA,1744
7041,RegionC,1745
10429,RegionA,1745
29759,RegionF,1745
30905,RegionD,1745
695,RegionA,1746
12833,RegionC,1746
14504,RegionB,1746
18190,RegionA,1746
20353,RegionF,1746
25503,RegionA,1746
28582,RegionC,1746
29830,RegionD,1746
30164,RegionD,1746
32847,RegionD,1746
36267,RegionA,1746
45538,RegionB,1746
48950,RegionD,1746
1883,RegionA,1747
13799,RegionE,1747
21020,RegionD,1747
31161,RegionD,1747
39941,RegionA,1747
43785,RegionA,1747
714,RegionF,1748
3593,RegionE,1748
6600,RegionB,1748
11559,RegionB,1748
30666,RegionA,1748
33009,RegionB,1748
4153,RegionB,1749
5398,RegionA,1749
11972,RegionB,1749
16766,RegionA,1749
19577,RegionD,1749
20143,RegionF,1749
25358,RegionF,1749
13508,RegionC,1750
29035,RegionC,1750
33119,RegionA,1750
6551,RegionE,1751
18977,RegionA,1751
19998,RegionE,1751
36239,RegionE,1751
5307,RegionA,1752
5523,RegionA,1752
15214,RegionC,1752
15460,RegionA,1752
16034,RegionC,1752
34859,RegionB,1752
41593,RegionF,1752
4832,RegionE,1753
15215,RegionD,1753
16437,RegionF,1753
21924,RegionC,1753
37324,RegionA,1753
40191,RegionB,1753
46647,RegionC,1753
48483,RegionB,1753
2520,RegionB,1754
6038,RegionD,1754
11637,RegionA,1754
13480,RegionA,1754
42785,RegionD,1754
46702,RegionE,1754
8711,RegionA,1755
13464,RegionD,1755
14934,RegionE,1755
24510,RegionD,1755
27626,RegionD,1755
39723,RegionF,1755
41714,RegionC,1755
43383,RegionE,1755
447,RegionB,1756
10986,RegionF,1756
17076,RegionB,1756
27690,RegionC,1756
32575,RegionA,1756
2189,RegionE,1757
34762,RegionD,1757
39506,RegionE,1757
46291,RegionA,1757
47158,RegionB,1757
927,RegionC,1758
1719,RegionA,1758
14746,RegionA,1758
20571,RegionA,1758
23484,RegionB,1758
36123,RegionA,1758
43238,RegionE,1758
43890,RegionA,1758
46999,RegionA,1758
1572,RegionE,1759
4909,RegionC,1759
6958,RegionE,1759
26263,RegionF,1759
27429,RegionD,1759
34287,RegionA,1759
34996,RegionB,1759
49342,RegionB,1759
8909,RegionB,1760
15081,RegionB,1760
16487,RegionD,1760
18156,RegionA,1760
18693,RegionE,1760
37599,RegionA,1760
42613,RegionC,1760
9147,RegionD,1761
23343,RegionE,1761
44281,RegionE,1761
19583,RegionD,1762
775,RegionB,1763
1499,RegionD,1763
1535,RegionA,1763
4507,RegionB,1763
37465,RegionD,1763
39543,RegionC,1763
576,RegionF,1764
4095,RegionC,1764
23674,RegionB,1764
25973,RegionD,1764
26318,RegionB,1764
46650,RegionF,1764
17692,RegionB,1765
20941,RegionD,1765
22074,RegionB,1765
28654,RegionC,1765
29499,RegionB,1765
29994,RegionD,1765
31875,RegionC,1765
246,RegionD,1766
3996,RegionB,1766
7977,RegionB,1766
15840,RegionF,1766
44968,RegionC,1766
47121,RegionD,1766
48832,RegionD,1766
6277,RegionA,1767
11386,RegionF,1767
4823,RegionB,1768
7908,RegionD,1768
21791,RegionA,1768
27076,RegionE,1768
44973,RegionB,1768
4732,RegionC,1769
12793,RegionC,1769
35806,RegionD,1769
44839,RegionE,1769
4385,RegionD,1770
5027,RegionC,1770
6842,RegionA,1770
16627,RegionF,1770
17602,RegionC,1770
19725,RegionA,1770
26381,RegionF,1770
28351,RegionB,1770
32327,RegionB,1770
49595,RegionF,1770
4789,RegionB,1771
4947,RegionB,1771
8632,RegionA,1771
9313,RegionF,1771
22063,RegionD,1771
22709,RegionA,1771
25597,RegionB,1771
32275,RegionC,1771
43485,RegionC,1771
43506,RegionD,1771
10952,RegionE,1772
18777,RegionD,1772
20180,RegionD,1772
25397,RegionF,1772
31757,RegionC,1772
45176,RegionB,1772
21757,RegionF,1773
29668,RegionA,1773
40559,RegionB,1773
41032,RegionC,1773
45315,RegionB,1773
5971,RegionC,1774
31080,RegionB,1774
38537,RegionA,1774
41965,RegionD,1774
44724,RegionB,1774
44993,RegionB,1774
25166,RegionD,1775
37838,RegionC,1775
40308,RegionA,1775
45569,RegionA,1775
2207,RegionD,1776
5483,RegionA,1776
13759,RegionD,1776
21684,RegionE,1776
22522,RegionD,1776
23319,RegionA,1776
31619,RegionC,1776
32550,RegionB,1776
32852,RegionC,1776
33437,RegionD,1776
35367,RegionE,1776
48928,RegionA,1776
5590,RegionB,1777
20749,RegionB,1777
31565,RegionB,1777
46061,RegionA,1777
3053,RegionD,1778
10453,RegionD,1778
14776,RegionD,1778
20455,RegionC,1778
15512,RegionF,1779
19371,RegionB,1779
19446,RegionD,1779
21043,RegionA,1779
22511,RegionF,1779
32196,RegionC,1779
36817,RegionE,1779
47321,RegionB,1779
11580,RegionC,1780
11742,RegionA,1780
25389,RegionD,1780
25928,RegionE,1780
33078,RegionE,1780
33915,RegionC,1780
33948,RegionC,1780
35927,RegionA,1780
37446,RegionE,1780
48635,RegionC,1780
15663,RegionF,1781
16367,RegionB,1781
42718,RegionC,1781
8093,RegionF,1782
8434,RegionF,1782
19856,RegionA,1782
20381,RegionB,1782
24151,RegionF,1782
25333,RegionA,1782
27760,RegionA,1782
33563,RegionE,1782
47105,RegionB,1782
48886,RegionE,1782
2673,RegionD,1783
9801,RegionB,1783
19528,RegionA,1783
19758,RegionB,1783
22187,RegionC,1783
31691,RegionC,1783
31935,RegionD,1783
38007,RegionB,1783
43834,RegionD,1783
6220,RegionB,1784
24102,RegionC,1784
27832,RegionA,1784
38847,RegionB,1784
42756,RegionB,1784
324,RegionC,1785
4141,RegionC,1785
10746,RegionB,1785
16827,RegionB,1785
24197,RegionF,1785
41609,RegionC,1785
3621,RegionA,1786
4480,RegionA,1786
7994,RegionE,1786
12253,RegionA,1786
16300,RegionA,1786
21912,RegionD,1786
31673,RegionD,1786
40531,RegionA,1786
46641,RegionC,1786
49184,RegionB,1786
8775,RegionE,1787
8964,RegionD,1787
14128,RegionF,1787
18463,RegionE,1787
30815,RegionE,1787
41166,RegionF,1787
6605,RegionA,1788
19538,RegionD,1788
21626,RegionA,1788
24521,RegionB,1788
40490,RegionE,1788
43235,RegionB,1788
964,RegionA,1789
6411,RegionC,1789
10502,RegionA,1789
10550,RegionC,1789
17033,RegionE,1789
22677,RegionB,1789
30170,RegionC,1789
30198,RegionE,1789
30652,RegionA,1789
34071,RegionB,1789
34581,RegionF,1789
4675,RegionE,1790
8894,RegionA,1790
24415,RegionA,1790
26483,RegionC,1790
31364,RegionD,1790
37569,RegionC,1790
40028,RegionB,1790
1758,RegionA,1791
4404,RegionC,1791
9442,RegionD,1791
10501,RegionA,1791
13904,RegionE,1791
15262,RegionE,1791
31236,RegionA,1791
2479,RegionA,1792
2950,RegionE,1792
6531,RegionE,1792
18864,RegionF,1792
23090,RegionA,1792
27089,RegionE,1792
30598,RegionE,1792
33990,RegionF,1792
39613,RegionA,1792
23099,RegionD,1793
25462,RegionE,1793
36425,RegionA,1793
40936,RegionE,1793
42325,RegionD,1793
43950,RegionB,1793
4049,RegionB,1794
7616,RegionA,1794
23926,RegionD,1794
25658,RegionD,1794
28465,RegionD,1794
29473,RegionB,1794
32356,RegionE,1794
33107,RegionB,1794
47391,RegionF,1794
10833,RegionD,1795
12313,RegionB,1795
23234,RegionA,1795
31515,RegionD,1795
48292,RegionB,1795
7697,RegionC,1796
14624,RegionD,1796
15432,RegionD,1796
20331,RegionD,1796
41046,RegionD,1796
43133,RegionD,1796
1309,RegionD,1797
8182,RegionC,1797
28679,RegionB,1797
36846,RegionB,1797
471,RegionF,1798
6461,RegionA,1798
22315,RegionA,1798
23628,RegionB,1798
24467,RegionA,1798
28969,RegionC,1798
30453,RegionD,1798
35788,RegionA,1798
43505,RegionC,1798
44431,RegionD,1798
46464,RegionD,1798
19124,RegionD,1799
31906,RegionA,1799
36177,RegionB,1799
37993,RegionA,1799
4212,RegionB,1800
7159,RegionC,1800
19044,RegionB,1800
23500,RegionD,1800
27247,RegionF,1800
27821,RegionC,1800
31208,RegionE,1800
39003,RegionA,1800
41140,RegionF,1800
42359,RegionE,1800
301,RegionA,1801
965,RegionB,1801
2018,RegionE,1801
7476,RegionE,1801
9087,RegionC,1801
16429,RegionD,1801
22298,RegionC,1801
31408,RegionB,1801
32648,RegionB,1801
35196,RegionE,1801
35765,RegionC,1801
49154,RegionD,1801
13547,RegionB,1802
18509,RegionE,1802
21753,RegionB,1802
22672,RegionC,1802
26379,RegionD,1802
29004,RegionE,1802
32805,RegionB,1802
35375,RegionA,1802
44436,RegionB,1802
1498,RegionC,1803
4885,RegionE,1803
7905,RegionB,1803
16347,RegionB,1803
19949,RegionB,1803
21644,RegionE,1803
34860,RegionC,1803
9942,RegionE,1804
16045,RegionA,1804
16739,RegionF,1804
24068,RegionB,1804
33958,RegionA,1804
613,RegionD,1805
5265,RegionE,1805
17893,RegionF,1805
21914,RegionF,1805
26633,RegionB,1805
38727,RegionA,1805
3373,RegionB,1806
15206,RegionB,1806
16620,RegionE,1806
22418,RegionD,1806
23429,RegionE,1806
24757,RegionB,1806
25125,RegionC,1806
46724,RegionA,1806
47386,RegionA,1806
11719,RegionD,1807
30023,RegionA,1807
32885,RegionC,1807
34189,RegionB,1807
38113,RegionC,1807
44520,RegionA,1807
47452,RegionA,1807
15902,RegionB,1808
17027,RegionF,1808
19328,RegionD,1808
25265,RegionE,1808
39411,RegionB,1808
265,RegionC,1809
43000,RegionC,1809
47143,RegionA,1809
761,RegionA,1810
5943,RegionA,1810
24303,RegionA,1810
28696,RegionE,1810
29478,RegionA,1810
41486,RegionD,1810
45653,RegionF,1810
1180,RegionA,1811
3094,RegionE,1811
14055,RegionE,1811
21314,RegionC,1811
35584,RegionF,1811
1715,RegionD,1812
4090,RegionD,1812
25436,RegionE,1812
27506,RegionC,1812
33353,RegionE,1812
41599,RegionF,1812
42406,RegionF,1812
49130,RegionF,1812
446,RegionA,1813
10446,RegionD,1813
11957,RegionF,1813
14742,RegionC,1813
15938,RegionE,1813
24161,RegionC,1813
28372,RegionC,1813
32985,RegionD,1813
40730,RegionC,1813
45996,RegionB,1813
759,RegionE,1814
2075,RegionC,1814
2910,RegionE,1814
15030,RegionC,1814
19735,RegionD,1814
20529,RegionE,1814
24355,RegionA,1814
27763,RegionD,1814
39442,RegionA,1814
12552,RegionD,1815
19349,RegionE,1815
20096,RegionE,1815
21130,RegionB,1815
33405,RegionD,1815
39099,RegionE,1815
42140,RegionB,1815
697,RegionB,1816
13201,RegionD,1816
20279,RegionD,1816
23649,RegionC,1816
25186,RegionD,1816
25422,RegionD,1816
43082,RegionF,1816
44277,RegionA,1816
16794,RegionB,1817
20460,RegionB,1817
21686,RegionA,1817
24777,RegionB,1817
29814,RegionB,1817
33952,RegionA,1817
44626,RegionB,1817
49802,RegionC,1817
1613,RegionA,1818
11251,RegionB,1818
15093,RegionA,1818
20058,RegionF,1818
28736,RegionF,1818
42510,RegionE,1818
43821,RegionD,1818
2224,RegionA,1819
23986,RegionE,1819
28464,RegionC,1819
42509,RegionD,1819
4941,RegionB,1820
7356,RegionC,1820
24222,RegionE,1820
32147,RegionF,1820
35387,RegionE,1820
36298,RegionE,1820
12130,RegionB,1821
35935,RegionC,1821
39308,RegionD,1821
45085,RegionB,1821
2822,RegionB,1822
6838,RegionD,1822
16900,RegionC,1822
27515,RegionE,1822
28514,RegionA,1822
32317,RegionE,1822
38751,RegionD,1822
38967,RegionD,1822
41159,RegionE,1822
5414,RegionC,1823
11148,RegionD,1823
23913,RegionD,1823
30982,RegionB,1823
32754,RegionC,1823
38624,RegionB,1823
17395,RegionF,1824
23559,RegionD,1824
25289,RegionC,1824
29457,RegionE,1824
31028,RegionB,1824
38342,RegionB,1824
16382,RegionD,1825
24776,RegionB,1825
28686,RegionB,1825
30024,RegionB,1825
48718,RegionA,1825
48721,RegionD,1825
978,RegionB,1826
4710,RegionA,1826
7632,RegionD,1826
7919,RegionB,1826
18700,RegionF,1826
22226,RegionC,1826
35402,RegionA,1826
37730,RegionA,1826
39284,RegionF,1826
41762,RegionD,1826
1008,RegionE,1827
2099,RegionA,1827
3246,RegionF,1827
6154,RegionB,1827
10797,RegionA,1827
12666,RegionA,1827
14466,RegionC,1827
26354,RegionE,1827
29838,RegionF,1827
14499,RegionC,1828
21942,RegionA,1828
45994,RegionF,1828
5805,RegionA,1829
20363,RegionC,1829
23219,RegionE,1829
26244,RegionA,1829
39082,RegionA,1829
2809,RegionB,1830
6236,RegionE,1830
18684,RegionC,1830
24930,RegionD,1830
29090,RegionF,1830
31898,RegionF,1830
34920,RegionD,1830
981,RegionD,1831
2310,RegionB,1831
20170,RegionA,1831
20280,RegionE,1831
24563,RegionE,1831
28853,RegionE,1831
38349,RegionC,1831
39091,RegionC,1831
5922,RegionF,1832
10164,RegionD,1832
19509,RegionB,1832
25280,RegionA,1832
35696,RegionF,1832
37944,RegionD,1832
39480,RegionE,1832
40747,RegionA,1832
44959,RegionA,1832
46804,RegionB,1832
6910,RegionD,1833
27412,RegionA,1833
35520,RegionA,1833
37833,RegionE,1833
42830,RegionD,1833
47192,RegionC,1833
49883,RegionE,1833
8074,RegionA,1834
22095,RegionC,1834
38421,RegionC,1834
40396,RegionC,1834
42455,RegionB,1834
48272,RegionA,1834
12307,RegionB,1835
18832,RegionA,1835
23746,RegionB,1835
25764,RegionE,1835
35522,RegionC,1835
40407,RegionA,1835
41869,RegionA,1835
42223,RegionA,1835
48912,RegionE,1835
49420,RegionB,1835
686,RegionD,1836
3869,RegionF,1836
5678,RegionD,1836
20277,RegionB,1836
20883,RegionD,1836
28020,RegionE,1836
29081,RegionC,1836
34999,RegionD,1836
36731,RegionE,1836
12612,RegionE,1837
13845,RegionE,1837
16507,RegionD,1837
17166,RegionA,1837
31445,RegionF,1837
39539,RegionE,1837
40440,RegionB,1837
48750,RegionA,1837
2404,RegionD,1838
3558,RegionC,1838
8317,RegionA,1838
12229,RegionC,1838
20670,RegionB,1838
25114,RegionE,1838
33284,RegionB,1838
33512,RegionA,1838
35588,RegionC,1838
49804,RegionD,1838
4648,RegionD,1839
10223,RegionD,1839
12720,RegionB,1839
18784,RegionD,1839
25936,RegionA,1839
27403,RegionD,1839
30879,RegionD,1839
43906,RegionD,1839
896,RegionD,1840
7396,RegionD,1840
10889,RegionA,1840
13137,RegionE,1840
19542,RegionB,1840
47883,RegionF,1840
1081,RegionF,1841
17241,RegionC,1841
17445,RegionD,1841
29702,RegionA,1841
30865,RegionC,1841
37575,RegionC,1841
37763,RegionA,1841
8824,RegionB,1842
20437,RegionD,1842
33434,RegionA,1842
40660,RegionD,1842
44946,RegionA,1842
3104,RegionB,1843
11705,RegionD,1843
16338,RegionE,1843
17069,RegionB,1843
21755,RegionD,1843
41030,RegionA,1843
41658,RegionF,1843
47023,RegionE,1843
7465,RegionA,1844
13141,RegionC,1844
40303,RegionB,1844
47043,RegionE,1844
48773,RegionD,1844
2515,RegionC,1845
26246,RegionB,1845
35644,RegionA,1845
2775,RegionA,1846
15415,RegionA,1846
23471,RegionB,1846
31141,RegionD,1846
1605,RegionE,1847
2466,RegionA,1847
4946,RegionA,1847
16542,RegionF,1847
20779,RegionF,1847
36521,RegionD,1847
39738,RegionA,1847
44076,RegionC,1847
15362,RegionA,1848
18605,RegionC,1848
38641,RegionF,1848
39902,RegionA,1848
40306,RegionE,1848
47031,RegionF,1848
709,RegionB,1849
4261,RegionD,1849
5994,RegionF,1849
14974,RegionF,1849
18112,RegionB,1849
18397,RegionD,1849
19831,RegionB,1849
22726,RegionD,1849
22889,RegionD,1849
27275,RegionA,1849
40577,RegionA,1849
41396,RegionF,1849
42779,RegionE,1849
8040,RegionE,1850
13872,RegionF,1850
30653,RegionA,1850
35306,RegionC,1850
40631,RegionB,1850
41498,RegionC,1850
46311,RegionB,1850
47741,RegionB,1850
822,RegionC,1851
1658,RegionF,1851
3822,RegionE,1851
5297,RegionD,1851
7795,RegionC,1851
18337,RegionD,1851
18708,RegionA,1851
19146,RegionF,1851
20043,RegionD,1851
20333,RegionF,1851
22259,RegionC,1851
23162,RegionA,1851
26965,RegionF,1851
8228,RegionC,1852
8414,RegionE,1852
9539,RegionB,1852
15023,RegionB,1852
26351,RegionB,1852
28861,RegionF,1852
48191,RegionE,1852
1555,RegionA,1853
3024,RegionA,1853
3817,RegionA,1853
7816,RegionD,1853
14582,RegionA,1853
36118,RegionB,1853
40488,RegionC,1853
1840,RegionD,1854
15337,RegionB,1854
20439,RegionA,1854
22482,RegionC,1854
37870,RegionC,1854
45184,RegionC,1854
8982,RegionC,1855
9573,RegionC,1855
11508,RegionC,1855
12872,RegionC,1855
14520,RegionD,1855
23646,RegionF,1855
26151,RegionE,1855
26257,RegionA,1855
26540,RegionA,1855
35565,RegionA,1855
39964,RegionD,1855
3408,RegionD,1856
3719,RegionA,1856
22552,RegionA,1856
27610,RegionB,1856
34609,RegionB,1856
45333,RegionA,1856
47502,RegionE,1856
711,RegionC,1857
1068,RegionF,1857
6851,RegionD,1857
14164,RegionC,1857
26274,RegionD,1857
33282,RegionF,1857
34148,RegionF,1857
704,RegionC,1858
751,RegionD,1858
4282,RegionF,1858
14751,RegionF,1858
16545,RegionC,1858
17185,RegionF,1858
24996,RegionE,1858
39364,RegionA,1858
42698,RegionC,1858
49545,RegionB,1858
2962,RegionD,1859
6257,RegionA,1859
7665,RegionD,1859
22367,RegionF,1859
23490,RegionA,1859
31829,RegionC,1859
32062,RegionF,1859
40351,RegionD,1859
46768,RegionF,1859
48885,RegionD,1859
5866,RegionB,1860
14684,RegionD,1860
19739,RegionB,1860
20039,RegionA,1860
27608,RegionF,1860
27818,RegionF,1860
33487,RegionB,1860
43160,RegionE,1860
49506,RegionB,1860
12816,RegionF,1861
28610,RegionD,1861
35640,RegionC,1861
36102,RegionE,1861
36881,RegionD,1861
41002,RegionE,1861
7269,RegionB,1862
22829,RegionC,1862
38962,RegionF,1862
42669,RegionA,1862
45134,RegionE,1862
144,RegionA,1863
4426,RegionE,1863
6366,RegionD,1863
8211,RegionF,1863
12105,RegionC,1863
16927,RegionD,1863
17211,RegionF,1863
22640,RegionD,1863
43565,RegionD,1863
1779,RegionB,1864
6315,RegionE,1864
15514,RegionB,1864
16548,RegionE,1864
21188,RegionB,1864
39093,RegionE,1864
42620,RegionC,1864
42995,RegionD,1864
46791,RegionC,1864
541,RegionD,1865
1551,RegionD,1865
5226,RegionE,1865
27264,RegionC,1865
37479,RegionE,1865
44229,RegionE,1865
48856,RegionB,1865
15853,RegionF,1866
38684,RegionC,1866
42133,RegionB,1866
48644,RegionF,1866
2204,RegionA,1867
3855,RegionE,1867
8505,RegionD,1867
15488,RegionB,1867
18116,RegionF,1867
20530,RegionF,1867
28258,RegionA,1867
30515,RegionA,1867
33431,RegionD,1867
35733,RegionD,1867
43195,RegionB,1867
4900,RegionA,1868
5472,RegionB,1868
17266,RegionB,1868
22642,RegionF,1868
23878,RegionB,1868
29012,RegionA,1868
29034,RegionB,1868
43509,RegionA,1868
46039,RegionE,1868
47059,RegionB,1868
5041,RegionD,1869
7193,RegionD,1869
28408,RegionF,1869
37393,RegionD,1869
44850,RegionC,1869
16626,RegionE,1870
17550,RegionD,1870
21060,RegionD,1870
25607,RegionF,1870
26069,RegionB,1870
28048,RegionA,1870
31153,RegionB,1870
34385,RegionA,1870
41833,RegionD,1870
45770,RegionE,1870
1269,RegionD,1871
3205,RegionD,1871
11006,RegionF,1871
11349,RegionB,1871
16341,RegionB,1871
27994,RegionE,1871
30941,RegionA,1871
31569,RegionE,1871
43274,RegionB,1871
921,RegionC,1872
4517,RegionD,1872
36622,RegionA,1872
39448,RegionF,1872
41440,RegionD,1872
44362,RegionA,1872
45187,RegionF,1872
45405,RegionA,1872
45598,RegionC,1872
46142,RegionC,1872
46323,RegionA,1872
2343,RegionB,1873
29569,RegionF,1873
43835,RegionE,1873
49032,RegionA,1873
4345,RegionC,1874
4617,RegionF,1874
19449,RegionA,1874
21848,RegionE,1874
22639,RegionC,1874
25266,RegionF,1874
42709,RegionA,1874
46258,RegionA,1874
16326,RegionA,1875
21664,RegionE,1875
24571,RegionF,1875
25886,RegionC,1875
26278,RegionB,1875
692,RegionD,1876
7309,RegionB,1876
20890,RegionE,1876
27211,RegionC,1876
29782,RegionB,1876
31016,RegionC,1876
33684,RegionB,1876
37871,RegionD,1876
47966,RegionC,1876
48565,RegionE,1876
11220,RegionD,1877
18896,RegionE,1877
25301,RegionB,1877
32685,RegionF,1877
48850,RegionB,1877
3008,RegionD,1878
3749,RegionD,1878
7215,RegionA,1878
18292,RegionD,1878
31291,RegionC,1878
40455,RegionC,1878
51,RegionF,1879
2715,RegionA,1879
13195,RegionD,1879
15625,RegionA,1879
22557,RegionF,1879
28600,RegionA,1879
1412,RegionB,1880
2121,RegionC,1880
13097,RegionE,1880
20564,RegionA,1880
26265,RegionB,1880
27332,RegionF,1880
38596,RegionA,1880
42044,RegionD,1880
19034,RegionE,1881
27711,RegionD,1881
42978,RegionA,1881
45895,RegionE,1881
6496,RegionC,1882
15090,RegionD,1882
16736,RegionC,1882
17432,RegionD,1882
29432,RegionA,1882
32483,RegionA,1882
34605,RegionD,1882
34752,RegionA,1882
39464,RegionC,1882
39528,RegionA,1882
13290,RegionA,1883
15111,RegionE,1883
19931,RegionD,1883
23136,RegionB,1883
14101,RegionE,1884
16988,RegionF,1884
20828,RegionB,1884
26515,RegionB,1884
27315,RegionB,1884
34658,RegionD,1884
37347,RegionD,1884
44057,RegionD,1884
5835,RegionD,1885
7289,RegionB,1885
9076,RegionE,1885
14063,RegionA,1885
18849,RegionD,1885
29010,RegionD,1885
3978,RegionD,1886
20861,RegionB,1886
9021,RegionB,1887
9550,RegionA,1887
18601,RegionE,1887
28107,RegionA,1887
33260,RegionD,1887
3567,RegionF,1888
3950,RegionB,1888
13336,RegionA,1888
16436,RegionE,1888
18512,RegionB,1888
19209,RegionC,1888
27632,RegionD,1888
39351,RegionA,1888
40350,RegionC,1888
3412,RegionB,1889
4979,RegionA,1889
5072,RegionB,1889
6994,RegionB,1889
10919,RegionD,1889
26959,RegionA,1889
32650,RegionD,1889
40362,RegionB,1889
46429,RegionB,1889
48736,RegionF,1889
16512,RegionB,1890
20162,RegionE,1890
38846,RegionA,1890
885,RegionA,1891
10692,RegionA,1891
12575,RegionA,1891
20041,RegionB,1891
20190,RegionA,1891
30894,RegionF,1891
33236,RegionF,1891
38001,RegionB,1891
40165,RegionB,1891
44840,RegionF,1891
46609,RegionD,1891
1566,RegionE,1892
7777,RegionD,1892
11269,RegionA,1892
12176,RegionB,1892
21952,RegionD,1892
22695,RegionF,1892
25175,RegionA,1892
33189,RegionE,1892
34700,RegionA,1892
34947,RegionE,1892
42862,RegionC,1892
5964,RegionB,1893
18455,RegionD,1893
20620,RegionD,1893
30866,RegionD,1893
37453,RegionE,1893
49994,RegionD,1893
4171,RegionF,1894
17452,RegionD,1894
17970,RegionD,1894
18047,RegionB,1894
20214,RegionD,1894
27854,RegionC,1894
38781,RegionB,1894
40438,RegionF,1894
46901,RegionA,1894
49268,RegionA,1894
827,RegionA,1895
2526,RegionB,1895
5038,RegionA,1895
6687,RegionD,1895
7021,RegionC,1895
8473,RegionE,1895
26628,RegionD,1895
34137,RegionB,1895
1294,RegionB,1896
15711,RegionB,1896
27205,RegionC,1896
30325,RegionA,1896
36705,RegionE,1896
39454,RegionF,1896
45547,RegionE,1896
41442,RegionF,1897
42099,RegionA,1897
4452,RegionE,1898
9331,RegionD,1898
13730,RegionB,1898
15791,RegionC,1898
26844,RegionC,1898
44669,RegionF,1898
2900,RegionB,1899
8413,RegionD,1899
8587,RegionB,1899
13420,RegionA,1899
16922,RegionF,1899
31563,RegionF,1899
41010,RegionA,1899
43619,RegionE,1899
6059,RegionE,1900
7395,RegionC,1900
7400,RegionB,1900
14920,RegionD,1900
15157,RegionE,1900
17895,RegionB,1900
30206,RegionA,1900
37259,RegionB,1900
2255,RegionF,1901
5071,RegionA,1901
20743,RegionB,1901
21195,RegionB,1901
25841,RegionD,1901
32000,RegionC,1901
39306,RegionB,1901
7756,RegionC,1902
13186,RegionB,1902
17143,RegionD,1902
27681,RegionA,1902
36763,RegionD,1902
49415,RegionC,1902
11963,RegionF,1903
17206,RegionA,1903
19404,RegionB,1903
21207,RegionA,1903
38296,RegionB,1903
46313,RegionC,1903
47078,RegionA,1903
379,RegionF,1904
3501,RegionE,1904
8411,RegionB,1904
15681,RegionD,1904
19358,RegionB,1904
20740,RegionF,1904
23582,RegionA,1904
29625,RegionC,1904
36552,RegionC,1904
36560,RegionD,1904
39675,RegionD,1904
42732,RegionD,1904
35992,RegionA,1905
41342,RegionD,1905
43526,RegionD,1905
44522,RegionC,1905
3402,RegionE,1906
23112,RegionC,1906
34153,RegionD,1906
37897,RegionC,1906
44539,RegionA,1906
7660,RegionF,1907
16457,RegionF,1907
33179,RegionB,1907
36836,RegionE,1907
39867,RegionE,1907
45826,RegionB,1907
1036,RegionA,1908
1363,RegionF,1908
1846,RegionC,1908
4080,RegionA,1908
5966,RegionD,1908
14404,RegionA,1908
29871,RegionF,1908
30310,RegionF,1908
46024,RegionC,1908
46138,RegionE,1908
7083,RegionF,1909
13338,RegionC,1909
18024,RegionF,1909
30455,RegionF,1909
34704,RegionD,1909
36879,RegionB,1909
40443,RegionD,1909
46232,RegionA,1909
2414,RegionA,1910
6417,RegionB,1910
9050,RegionE,1910
28409,RegionA,1910
34805,RegionA,1910
36831,RegionA,1910
40329,RegionB,1910
8665,RegionA,1911
10367,RegionD,1911
15903,RegionC,1911
26404,RegionC,1911
123,RegionE,1912
3365,RegionA,1912
11433,RegionA,1912
20768,RegionB,1912
22908,RegionC,1912
23011,RegionA,1912
23243,RegionC,1912
31325,RegionD,1912
47425,RegionA,1912
5176,RegionB,1913
10824,RegionB,1913
12883,RegionA,1913
20142,RegionE,1913
20709,RegionB,1913
48362,RegionF,1913
49186,RegionC,1913
1027,RegionD,1914
7370,RegionD,1914
8657,RegionF,1914
13521,RegionB,1914
14139,RegionD,1914
25821,RegionC,1914
33022,RegionB,1914
34424,RegionA,1914
40260,RegionE,1914
13492,RegionF,1915
18275,RegionA,1915
21072,RegionC,1915
27803,RegionD,1915
33069,RegionC,1915
35198,RegionA,1915
38514,RegionD,1915
39900,RegionE,1915
48140,RegionA,1915
7840,RegionB,1916
21264,RegionE,1916
22531,RegionF,1916
35237,RegionA,1916
40979,RegionB,1916
48861,RegionF,1916
18522,RegionE,1917
22761,RegionA,1917
25293,RegionA,1917
25738,RegionF,1917
37850,RegionB,1917
40214,RegionD,1917
46408,RegionA,1917
11863,RegionD,1918
16935,RegionE,1918
17273,RegionB,1918
18104,RegionA,1918
36305,RegionE,1918
39015,RegionF,1918
49503,RegionE,1918
49622,RegionF,1918
5521,RegionE,1919
8259,RegionB,1919
13078,RegionE,1919
14080,RegionD,1919
17095,RegionB,1919
17906,RegionF,1919
36427,RegionC,1919
14641,RegionA,1920
22135,RegionD,1920
23865,RegionB,1920
24069,RegionC,1920
24903,RegionD,1920
26408,RegionA,1920
33106,RegionA,1920
2863,RegionD,1921
26332,RegionC,1921
29497,RegionF,1921
31820,RegionA,1921
29804,RegionD,1922
30345,RegionB,1922
2563,RegionE,1923
15050,RegionC,1923
29880,RegionB,1923
32466,RegionD,1923
457,RegionE,1924
8842,RegionA,1924
13456,RegionC,1924
14287,RegionA,1924
20343,RegionC,1924
23412,RegionB,1924
23437,RegionA,1924
25706,RegionA,1924
26096,RegionC,1924
28336,RegionF,1924
36321,RegionB,1924
41470,RegionB,1924
44928,RegionB,1924
6863,RegionB,1925
10357,RegionA,1925
21293,RegionB,1925
24832,RegionE,1925
33177,RegionF,1925
14264,RegionD,1926
23825,RegionB,1926
29694,RegionF,1926
38773,RegionA,1926
48368,RegionE,1926
1099,RegionD,1927
23165,RegionD,1927
42500,RegionB,1927
2011,RegionD,1928
13562,RegionD,1928
14544,RegionB,1928
24781,RegionF,1928
26902,RegionB,1928
28597,RegionD,1928
34378,RegionA,1928
34729,RegionD,1928
37689,RegionE,1928
43743,RegionD,1928
45655,RegionB,1928
15016,RegionB,1929
25509,RegionF,1929
31268,RegionF,1929
34104,RegionB,1929
46087,RegionA,1929
2605,RegionB,1930
2768,RegionA,1930
9501,RegionD,1930
30603,RegionD,1930
37590,RegionD,1930
42871,RegionE,1930
4457,RegionD,1931
12309,RegionD,1931
20399,RegionF,1931
29400,RegionA,1931
37228,RegionC,1931
42389,RegionB,1931
42899,RegionA,1931
46068,RegionA,1931
6501,RegionB,1932
7064,RegionA,1932
28865,RegionD,1932
13010,RegionC,1933
23109,RegionA,1933
33593,RegionB,1933
36506,RegionC,1933
40368,RegionB,1933
43314,RegionB,1933
9766,RegionF,1934
11089,RegionD,1934
17857,RegionC,1934
20911,RegionA,1934
25529,RegionA,1934
36715,RegionB,1934
40307,RegionF,1934
40829,RegionC,1934
47179,RegionD,1934
8649,RegionD,1935
24382,RegionA,1935
26073,RegionF,1935
31603,RegionA,1935
34842,RegionE,1935
39087,RegionF,1935
49472,RegionA,1935
8290,RegionF,1936
20771,RegionD,1936
20172,RegionB,1937
20610,RegionA,1937
20635,RegionF,1937
29363,RegionC,1937
38656,RegionB,1937
40286,RegionD,1937
47152,RegionC,1937
404,RegionD,1938
4621,RegionD,1938
5942,RegionF,1938
9141,RegionD,1938
18600,RegionD,1938
24180,RegionB,1938
25603,RegionB,1938
26756,RegionA,1938
41313,RegionB,1938
44894,RegionB,1938
5379,RegionA,1939
5985,RegionC,1939
6980,RegionB,1939
13308,RegionF,1939
14104,RegionB,1939
26445,RegionD,1939
29617,RegionB,1939
3186,RegionE,1940
5401,RegionC,1940
11555,RegionD,1940
39047,RegionE,1940
39348,RegionD,1940
45891,RegionB,1940
21015,RegionE,1941
32300,RegionB,1941
37535,RegionB,1941
45571,RegionC,1941
5671,RegionD,1942
10859,RegionD,1942
20075,RegionD,1942
27604,RegionB,1942
28524,RegionD,1942
29358,RegionE,1942
35711,RegionB,1942
38579,RegionC,1942
40514,RegionC,1942
40550,RegionF,1942
45246,RegionE,1942
46676,RegionE,1942
7069,RegionE,1943
18691,RegionD,1943
25020,RegionC,1943
27111,RegionA,1943
31009,RegionC,1943
43739,RegionA,1943
3916,RegionA,1944
12950,RegionB,1944
14789,RegionD,1944
23901,RegionE,1944
41054,RegionE,1944
1133,RegionE,1945
4218,RegionA,1945
12557,RegionC,1945
25414,RegionC,1945
31323,RegionB,1945
41545,RegionD,1945
46201,RegionC,1945
4221,RegionD,1946
15487,RegionA,1946
36690,RegionC,1946
41000,RegionD,1946
6002,RegionA,1947
7186,RegionD,1947
34290,RegionD,1947
36160,RegionD,1947
42137,RegionF,1947
832,RegionF,1948
4063,RegionC,1948
12624,RegionD,1948
17562,RegionC,1948
31607,RegionD,1948
32098,RegionC,1948
40582,RegionE,1948
42468,RegionB,1948
43486,RegionD,1948
45987,RegionE,1948
3692,RegionF,1949
3943,RegionB,1949
10161,RegionA,1949
13117,RegionE,1949
2845,RegionE,1950
3550,RegionB,1950
3551,RegionC,1950
7760,RegionA,1950
8459,RegionD,1950
13042,RegionB,1950
21203,RegionC,1950
32886,RegionD,1950
47171,RegionB,1950
2795,RegionB,1951
6514,RegionA,1951
14931,RegionB,1951
17455,RegionA,1951
39927,RegionF,1951
41039,RegionC,1951
43186,RegionE,1951
7999,RegionD,1952
19336,RegionF,1952
21007,RegionD,1952
22966,RegionB,1952
26523,RegionD,1952
27791,RegionE,1952
35859,RegionE,1952
42103,RegionD,1952
7488,RegionD,1953
8291,RegionA,1953
17705,RegionB,1953
23876,RegionA,1953
28399,RegionD,1953
33675,RegionE,1953
38433,RegionB,1953
39988,RegionB,1953
46376,RegionA,1953
6798,RegionC,1954
23504,RegionB,1954
24319,RegionD,1954
42437,RegionD,1954
13941,RegionC,1955
23997,RegionC,1955
24215,RegionD,1955
25252,RegionE,1955
37651,RegionA,1955
45822,RegionD,1955
435,RegionC,1956
6591,RegionF,1956
16874,RegionD,1956
25927,RegionD,1956
28900,RegionF,1956
34374,RegionC,1956
36172,RegionC,1956
40760,RegionF,1956
8788,RegionE,1957
39488,RegionA,1957
2271,RegionB,1958
5023,RegionE,1958
14145,RegionC,1958
18018,RegionF,1958
18957,RegionA,1958
22401,RegionA,1958
25118,RegionB,1958
27339,RegionF,1958
29353,RegionF,1958
34779,RegionA,1958
37123,RegionC,1958
42270,RegionA,1958
46620,RegionB,1958
10023,RegionA,1959
10773,RegionC,1959
11583,RegionF,1959
12353,RegionB,1959
15231,RegionA,1959
18961,RegionD,1959
22982,RegionD,1959
36968,RegionF,1959
37617,RegionE,1959
39596,RegionC,1959
432,RegionF,1960
1031,RegionB,1960
8806,RegionD,1960
8970,RegionD,1960
19359,RegionC,1960
32304,RegionE,1960
44353,RegionD,1960
45060,RegionC,1960
2589,RegionE,1961
15648,RegionD,1961
20514,RegionC,1961
21789,RegionE,1961
24214,RegionC,1961
27189,RegionA,1961
32552,RegionD,1961
40694,RegionF,1961
41710,RegionE,1961
1524,RegionC,1962
5638,RegionD,1962
16074,RegionD,1962
16561,RegionE,1962
39172,RegionF,1962
21076,RegionA,1963
25408,RegionD,1963
32395,RegionD,1963
39266,RegionB,1963
42131,RegionF,1963
7607,RegionE,1964
12372,RegionB,1964
19106,RegionE,1964
26415,RegionA,1964
48325,RegionB,1964
49026,RegionA,1964
1171,RegionD,1965
4366,RegionD,1965
11696,RegionA,1965
17025,RegionD,1965
34606,RegionE,1965
5612,RegionD,1966
8599,RegionA,1966
10255,RegionC,1966
12763,RegionE,1966
20817,RegionD,1966
22431,RegionD,1966
25438,RegionA,1966
27553,RegionD,1966
30032,RegionC,1966
30565,RegionE,1966
49274,RegionF,1966
2005,RegionE,1967
12263,RegionD,1967
13944,RegionF,1967
16353,RegionA,1967
22930,RegionE,1967
34722,RegionC,1967
46052,RegionE,1967
7257,RegionC,1968
10212,RegionF,1968
14370,RegionE,1968
18798,RegionE,1968
21759,RegionB,1968
25919,RegionC,1968
26716,RegionF,1968
32908,RegionF,1968
39822,RegionF,1968
44051,RegionD,1968
47370,RegionD,1968
7444,RegionF,1969
24361,RegionF,1969
27053,RegionB,1969
33983,RegionE,1969
41610,RegionD,1969
45311,RegionE,1969
48959,RegionF,1969
4641,RegionD,1970
5184,RegionC,1970
10790,RegionA,1970
12987,RegionF,1970
48600,RegionA,1970
2921,RegionC,1971
4843,RegionC,1971
14673,RegionA,1971
22747,RegionF,1971
25290,RegionD,1971
32674,RegionB,1971
40573,RegionC,1971
40691,RegionC,1971
43029,RegionF,1971
21502,RegionA,1972
27124,RegionA,1972
27123,RegionA,1973
34499,RegionC,1973
37286,RegionB,1973
40613,RegionD,1973
2577,RegionF,1974
16007,RegionB,1974
18390,RegionD,1974
23854,RegionD,1974
12120,RegionE,1975
14646,RegionF,1975
21981,RegionA,1975
25610,RegionB,1975
27343,RegionD,1975
27520,RegionC,1975
34747,RegionB,1975
44703,RegionA,1975
524,RegionA,1976
5391,RegionF,1976
12207,RegionA,1976
23610,RegionC,1976
32443,RegionA,1976
32836,RegionF,1976
39833,RegionD,1976
41315,RegionD,1976
42738,RegionC,1976
1988,RegionA,1977
2276,RegionA,1977
15693,RegionC,1977
17105,RegionE,1977
34871,RegionB,1977
35167,RegionB,1977
35343,RegionA,1977
43872,RegionC,1977
19288,RegionD,1978
21741,RegionC,1978
35144,RegionE,1978
41220,RegionA,1978
42147,RegionC,1978
44280,RegionD,1978
6961,RegionB,1979
9120,RegionC,1979
10122,RegionB,1979
17408,RegionF,1979
24216,RegionE,1979
36259,RegionE,1979
39560,RegionA,1979
44652,RegionB,1979
46338,RegionB,1979
3354,RegionC,1980
15505,RegionE,1980
16212,RegionD,1980
21284,RegionE,1980
22734,RegionF,1980
27574,RegionE,1980
28632,RegionA,1980
35363,RegionB,1980
42926,RegionA,1980
7792,RegionA,1981
15917,RegionD,1981
28437,RegionB,1981
43850,RegionA,1981
45645,RegionD,1981
47731,RegionD,1981
6126,RegionA,1982
12245,RegionE,1982
15940,RegionA,1982
27694,RegionA,1982
41565,RegionD,1982
41853,RegionD,1982
1071,RegionB,1983
1489,RegionA,1983
5424,RegionA,1983
6761,RegionE,1983
8876,RegionB,1983
10683,RegionD,1983
21905,RegionC,1983
25150,RegionB,1983
25209,RegionB,1983
30931,RegionD,1983
16541,RegionE,1984
21232,RegionF,1984
22861,RegionB,1984
24124,RegionE,1984
24380,RegionE,1984
28025,RegionC,1984
48566,RegionA,1984
512,RegionA,1985
3128,RegionF,1985
3525,RegionC,1985
24195,RegionD,1985
24615,RegionD,1985
25523,RegionA,1985
6881,RegionA,1986
6934,RegionB,1986
30490,RegionB,1986
34863,RegionF,1986
37013,RegionE,1986
42919,RegionA,1986
44812,RegionD,1986
49281,RegionA,1986
9822,RegionC,1987
43617,RegionC,1987
46860,RegionF,1987
47630,RegionB,1987
4184,RegionF,1988
7937,RegionA,1988
10733,RegionB,1988
17398,RegionC,1988
23552,RegionD,1988
46848,RegionA,1988
139,RegionB,1989
14178,RegionD,1989
15647,RegionC,1989
37520,RegionA,1989
43692,RegionF,1989
44157,RegionE,1989
5282,RegionB,1990
13427,RegionA,1990
13954,RegionC,1990
16951,RegionB,1990
17984,RegionE,1990
24955,RegionC,1990
32988,RegionA,1990
37836,RegionB,1990
38922,RegionE,1990
39230,RegionD,1990
44645,RegionB,1990
48379,RegionC,1990
6634,RegionC,1991
8754,RegionD,1991
11027,RegionA,1991
11692,RegionD,1991
12490,RegionB,1991
17824,RegionB,1991
17908,RegionA,1991
23543,RegionB,1991
32049,RegionF,1991
48622,RegionC,1991
14961,RegionF,1992
32390,RegionF,1992
34571,RegionC,1992
36184,RegionB,1992
36428,RegionD,1992
43049,RegionF,1992
43530,RegionB,1992
766,RegionF,1993
6824,RegionC,1993
9049,RegionD,1993
17003,RegionB,1993
23403,RegionF,1993
25911,RegionB,1993
27036,RegionE,1993
41179,RegionE,1993
48021,RegionF,1993
49418,RegionF,1993
2528,RegionC,1994
6375,RegionF,1994
11201,RegionD,1994
21120,RegionE,1994
27290,RegionC,1994
31300,RegionE,1994
37302,RegionE,1994
46890,RegionC,1994
11320,RegionE,1995
15181,RegionC,1995
24422,RegionB,1995
27765,RegionF,1995
39993,RegionA,1995
41588,RegionB,1995
7803,RegionD,1996
9081,RegionC,1996
13914,RegionB,1996
23932,RegionD,1996
31048,RegionB,1996
33406,RegionE,1996
39653,RegionB,1996
42993,RegionC,1996
31628,RegionE,1997
14763,RegionD,1998
44401,RegionA,1998
46073,RegionF,1998
1663,RegionD,1999
2281,RegionE,1999
20000,RegionA,1999
23385,RegionA,1999
25612,RegionD,1999
26347,RegionD,1999
30970,RegionC,1999
35969,RegionD,1999
41150,RegionC,1999
43670,RegionD,1999
7241,RegionA,2000
23954,RegionF,2000
24478,RegionE,2000
1379,RegionB,2001
5409,RegionD,2001
21407,RegionD,2001
31012,RegionF,2001
9441,RegionC,2002
14090,RegionA,2002
23106,RegionD,2002
23459,RegionC,2002
24577,RegionF,2002
46059,RegionE,2002
6895,RegionB,2003
8406,RegionD,2003
12299,RegionA,2003
28721,RegionD,2003
31221,RegionE,2003
33219,RegionB,2003
37139,RegionF,2003
47582,RegionF,2003
22255,RegionF,2004
23462,RegionF,2004
30457,RegionB,2004
34057,RegionA,2004
41947,RegionF,2004
44242,RegionE,2004
46050,RegionC,2004
47246,RegionE,2004
4613,RegionB,2005
5210,RegionB,2005
8892,RegionD,2005
10245,RegionF,2005
33608,RegionD,2005
49606,RegionD,2005
3136,RegionB,2006
21706,RegionB,2006
22754,RegionF,2006
40492,RegionA,2006
2209,RegionF,2007
6240,RegionC,2007
7077,RegionA,2007
10750,RegionF,2007
13826,RegionF,2007
22728,RegionA,2007
25550,RegionB,2007
28144,RegionD,2007
29108,RegionD,2007
42161,RegionD,2007
45063,RegionF,2007
48028,RegionF,2007
49205,RegionC,2007
9172,RegionB,2008
19670,RegionE,2008
26040,RegionF,2008
32060,RegionD,2008
43211,RegionD,2008
1451,RegionB,2009
6334,RegionD,2009
9606,RegionD,2009
10220,RegionA,2009
11665,RegionC,2009
32695,RegionC,2009
34405,RegionA,2009
41883,RegionA,2009
41920,RegionE,2009
2748,RegionA,2010
20796,RegionC,2010
25646,RegionE,2010
25717,RegionD,2010
41266,RegionA,2010
45006,RegionB,2010
9637,RegionB,2011
18488,RegionD,2011
21202,RegionB,2011
21675,RegionC,2011
22412,RegionE,2011
23769,RegionD,2011
25345,RegionF,2011
31487,RegionB,2011
35411,RegionC,2011
35985,RegionA,2011
36357,RegionD,2011
46294,RegionD,2011
47117,RegionA,2011
47248,RegionA,2011
48350,RegionA,2011
4332,RegionC,2012
5653,RegionF,2012
10009,RegionF,2012
16361,RegionB,2012
17492,RegionE,2012
17689,RegionE,2012
18931,RegionA,2012
20013,RegionA,2012
27735,RegionB,2012
28842,RegionA,2012
38444,RegionF,2012
43581,RegionA,2012
2072,RegionF,2013
7461,RegionD,2013
23298,RegionF,2013
32874,RegionE,2013
34616,RegionB,2013
39191,RegionE,2013
40963,RegionF,2013
45101,RegionE,2013
437,RegionD,2014
1612,RegionE,2014
9145,RegionB,2014
19241,RegionC,2014
20497,RegionF,2014
21279,RegionA,2014
24149,RegionD,2014
28788,RegionE,2014
29300,RegionF,2014
41670,RegionD,2014
46218,RegionA,2014
47562,RegionF,2014
1824,RegionA,2015
2886,RegionA,2015
5575,RegionA,2015
10482,RegionA,2015
14320,RegionB,2015
15555,RegionC,2015
25073,RegionC,2015
31282,RegionA,2015
33392,RegionD,2015
35407,RegionF,2015
46511,RegionD,2015
48139,RegionF,2015
8555,RegionB,2016
37842,RegionA,2016
646,RegionD,2017
9157,RegionA,2017
13350,RegionB,2017
19633,RegionA,2017
20229,RegionA,2017
43542,RegionA,2017
49868,RegionC,2017
4767,RegionE,2018
7765,RegionF,2018
16968,RegionF,2018
20085,RegionA,2018
30887,RegionE,2018
1485,RegionC,2019
3939,RegionD,2019
9503,RegionE,2019
14003,RegionF,2019
41277,RegionE,2019
44916,RegionD,2019
6809,RegionA,2020
13848,RegionB,2020
16673,RegionF,2020
23092,RegionC,2020
15324,RegionB,2021
21583,RegionC,2021
25086,RegionC,2021
29123,RegionF,2021
6211,RegionF,2022
16153,RegionD,2022
19530,RegionC,2022
22139,RegionB,2022
29594,RegionD,2022
32128,RegionA,2022
34299,RegionA,2022
3929,RegionA,2023
14417,RegionF,2023
29409,RegionC,2023
33701,RegionE,2023
45974,RegionE,2023
47240,RegionE,2023
3441,RegionD,2024
4287,RegionD,2024
9336,RegionB,2024
24990,RegionE,2024
45250,RegionC,2024
45988,RegionF,2024
15767,RegionE,2025
16048,RegionD,2025
29986,RegionC,2025
30031,RegionB,2025
4106,RegionA,2026
8307,RegionC,2026
18516,RegionF,2026
18907,RegionC,2026
26159,RegionA,2026
39523,RegionC,2026
6699,RegionB,2027
8886,RegionE,2027
14024,RegionA,2027
16254,RegionA,2027
20836,RegionD,2027
24578,RegionA,2027
28935,RegionB,2027
3772,RegionA,2028
11895,RegionC,2028
12527,RegionE,2028
18673,RegionE,2028
20102,RegionD,2028
23003,RegionF,2028
26679,RegionB,2028
26908,RegionB,2028
32213,RegionF,2028
32577,RegionC,2028
41661,RegionB,2028
43421,RegionD,2028
49667,RegionE,2028
49676,RegionB,2028
496,RegionD,2029
1206,RegionF,2029
4792,RegionD,2029
5554,RegionE,2029
13182,RegionD,2029
14659,RegionF,2029
19745,RegionB,2029
22717,RegionB,2029
23568,RegionA,2029
26574,RegionB,2029
32170,RegionC,2029
47822,RegionD,2029
49671,RegionC,2029
4465,RegionE,2030
6145,RegionF,2030
7561,RegionE,2030
19091,RegionC,2030
20499,RegionA,2030
20741,RegionA,2030
25342,RegionC,2030
28694,RegionC,2030
40080,RegionB,2030
45062,RegionE,2030
45394,RegionC,2030
15683,RegionF,2031
15746,RegionD,2031
18269,RegionB,2031
19655,RegionC,2031
37220,RegionB,2031
39205,RegionF,2031
42643,RegionA,2031
19901,RegionA,2032
20081,RegionC,2032
21657,RegionD,2032
32338,RegionA,2032
37283,RegionF,2032
44593,RegionB,2032
44935,RegionC,2032
10025,RegionC,2033
10442,RegionA,2033
12409,RegionE,2033
14408,RegionD,2033
19932,RegionE,2033
31172,RegionB,2033
33645,RegionB,2033
38765,RegionE,2033
44043,RegionC,2033
4138,RegionF,2034
17079,RegionE,2034
20776,RegionC,2034
22909,RegionD,2034
33809,RegionB,2034
44510,RegionD,2034
14045,RegionB,2035
28268,RegionD,2035
39692,RegionA,2035
4069,RegionC,2036
7934,RegionD,2036
8830,RegionB,2036
31003,RegionC,2036
31782,RegionB,2036
46863,RegionB,2036
1092,RegionD,2037
10744,RegionA,2037
12138,RegionD,2037
35448,RegionA,2037
35624,RegionA,2037
43372,RegionA,2037
46728,RegionE,2037
8099,RegionE,2038
9409,RegionC,2038
29190,RegionA,2038
30856,RegionA,2038
5537,RegionB,2039
6348,RegionE,2039
11977,RegionA,2039
12168,RegionA,2039
25439,RegionB,2039
27504,RegionA,2039
36283,RegionC,2039
49000,RegionA,2039
49494,RegionC,2039
11499,RegionA,2040
14323,RegionD,2040
33058,RegionE,2040
33102,RegionC,2040
33259,RegionC,2040
39807,RegionD,2040
44800,RegionF,2040
2899,RegionA,2041
13722,RegionA,2041
18432,RegionA,2041
1091,RegionC,2042
3252,RegionF,2042
4922,RegionC,2042
5148,RegionF,2042
32591,RegionD,2042
33451,RegionD,2042
35053,RegionF,2042
35223,RegionE,2042
43519,RegionD,2042
7504,RegionA,2043
12262,RegionC,2043
22507,RegionB,2043
31296,RegionA,2043
35738,RegionB,2043
45913,RegionD,2043
45978,RegionC,2043
49699,RegionD,2043
4059,RegionF,2044
5799,RegionA,2044
8433,RegionD,2044
14258,RegionE,2044
20065,RegionA,2044
36486,RegionC,2044
43691,RegionE,2044
1518,RegionC,2045
3873,RegionD,2045
20888,RegionC,2045
31636,RegionA,2045
34359,RegionA,2045
35781,RegionF,2045
37593,RegionA,2045
46667,RegionC,2045
49215,RegionF,2045
5127,RegionD,2046
8035,RegionA,2046
8405,RegionC,2046
9998,RegionB,2046
18821,RegionB,2046
24094,RegionB,2046
48836,RegionA,2046
17219,RegionA,2047
24301,RegionE,2047
27775,RegionC,2047
28171,RegionE,2047
33472,RegionF,2047
40588,RegionE,2047
49081,RegionC,2047
1118,RegionD,2048
3352,RegionA,2048
5608,RegionA,2048
5904,RegionA,2048
7431,RegionF,2048
14798,RegionA,2048
17401,RegionF,2048
21975,RegionB,2048
30255,RegionC,2048
32814,RegionD,2048
36205,RegionD,2048
41552,RegionD,2048
44860,RegionA,2048
475,RegionC,2049
1544,RegionC,2049
32551,RegionC,2049
45924,RegionB,2049
49832,RegionA,2049
9754,RegionA,2050
12890,RegionB,2050
12998,RegionD,2050
19862,RegionA,2050
20196,RegionA,2050
29072,RegionA,2050
31328,RegionA,2050
31466,RegionA,2050
33864,RegionD,2050
45873,RegionC,2050
6547,RegionB,2051
11211,RegionB,2051
12808,RegionD,2051
24801,RegionA,2051
30415,RegionF,2051
39402,RegionF,2051
43822,RegionE,2051
48287,RegionC,2051
49046,RegionA,2051
25970,RegionB,2052
31483,RegionD,2052
38088,RegionD,2052
42735,RegionA,2052
47407,RegionB,2052
48155,RegionB,2052
3818,RegionA,2053
9640,RegionD,2053
12778,RegionA,2053
13713,RegionD,2053
22894,RegionB,2053
24058,RegionE,2053
24585,RegionA,2053
31578,RegionA,2053
33091,RegionE,2053
37694,RegionD,2053
47036,RegionE,2053
7334,RegionA,2054
34473,RegionC,2054
36625,RegionD,2054
45125,RegionC,2054
1152,RegionD,2055
3075,RegionF,2055
4955,RegionC,2055
21805,RegionB,2055
22252,RegionC,2055
902,RegionD,2056
2548,RegionD,2056
6279,RegionB,2056
6387,RegionE,2056
13626,RegionC,2056
14664,RegionD,2056
15888,RegionB,2056
27677,RegionC,2056
44957,RegionE,2056
3061,RegionE,2057
5364,RegionE,2057
10877,RegionB,2057
15263,RegionF,2057
16450,RegionF,2057
18971,RegionB,2057
20508,RegionD,2057
24945,RegionF,2057
26342,RegionF,2057
37536,RegionC,2057
38318,RegionD,2057
38574,RegionD,2057
49562,RegionE,2057
20231,RegionB,2058
30697,RegionF,2058
37408,RegionF,2058
38455,RegionD,2058
43342,RegionD,2058
46886,RegionF,2058
2475,RegionC,2059
19594,RegionB,2059
39782,RegionF,2059
12132,RegionD,2060
32370,RegionF,2060
35638,RegionA,2060
48694,RegionC,2060
13096,RegionD,2061
15357,RegionB,2061
17526,RegionF,2061
17848,RegionA,2061
18502,RegionE,2061
20977,RegionA,2061
22972,RegionB,2061
24278,RegionB,2061
30373,RegionC,2061
30855,RegionF,2061
31626,RegionC,2061
42340,RegionE,2061
3813,RegionC,2062
13364,RegionC,2062
16170,RegionB,2062
18701,RegionA,2062
23101,RegionE,2062
25830,RegionF,2062
689,RegionA,2063
9922,RegionD,2063
20574,RegionD,2063
23223,RegionC,2063
27095,RegionE,2063
35626,RegionB,2063
42822,RegionB,2063
47602,RegionA,2063
13121,RegionC,2064
19830,RegionB,2064
30029,RegionA,2064
34716,RegionD,2064
43725,RegionF,2064
1110,RegionB,2065
36925,RegionB,2065
38325,RegionE,2065
39658,RegionF,2065
43424,RegionA,2065
11827,RegionA,2066
24580,RegionB,2066
293,RegionE,2067
3012,RegionB,2067
4083,RegionD,2067
14977,RegionB,2067
22333,RegionE,2067
42278,RegionC,2067
2095,RegionC,2068
4534,RegionB,2068
6773,RegionD,2068
9237,RegionB,2068
19495,RegionA,2068
20198,RegionB,2068
27129,RegionF,2068
29282,RegionA,2068
13513,RegionA,2069
32880,RegionD,2069
38775,RegionB,2069
1094,RegionF,2070
11497,RegionE,2070
13055,RegionB,2070
17422,RegionA,2070
22083,RegionD,2070
22853,RegionA,2070
34321,RegionB,2070
38918,RegionA,2070
46651,RegionA,2070
10082,RegionA,2071
11029,RegionC,2071
11906,RegionA,2071
14848,RegionD,2071
15408,RegionA,2071
31155,RegionD,2071
43900,RegionD,2071
14186,RegionE,2072
14516,RegionA,2072
21717,RegionF,2072
24203,RegionE,2072
24509,RegionC,2072
26095,RegionB,2072
36022,RegionD,2072
36815,RegionD,2072
2705,RegionC,2073
14142,RegionA,2073
25827,RegionC,2073
26449,RegionB,2073
33794,RegionA,2073
37991,RegionE,2073
40009,RegionC,2073
17950,RegionD,2074
19144,RegionD,2074
38910,RegionF,2074
48354,RegionD,2074
48497,RegionC,2074
2085,RegionF,2075
9067,RegionB,2075
18044,RegionF,2075
30589,RegionC,2075
21466,RegionD,2076
22676,RegionA,2076
26573,RegionA,2076
27665,RegionD,2076
35281,RegionD,2076
42693,RegionD,2076
43913,RegionD,2076
46333,RegionD,2076
7550,RegionA,2077
12149,RegionB,2077
18071,RegionA,2077
26981,RegionB,2077
33566,RegionB,2077
34030,RegionF,2077
39252,RegionA,2077
40461,RegionC,2077
46286,RegionC,2077
820,RegionA,2078
6899,RegionE,2078
7511,RegionA,2078
11144,RegionA,2078
18349,RegionC,2078
30531,RegionD,2078
36632,RegionD,2078
6589,RegionD,2079
15553,RegionA,2079
17388,RegionF,2079
25061,RegionD,2079
27378,RegionF,2079
43612,RegionE,2079
6280,RegionC,2080
7884,RegionA,2080
18365,RegionE,2080
23724,RegionE,2080
30195,RegionB,2080
43438,RegionB,2080
33248,RegionE,2081
44534,RegionB,2081
48079,RegionE,2081
20070,RegionE,2082
21399,RegionC,2082
28387,RegionD,2082
28852,RegionD,2082
44255,RegionE,2082
45884,RegionA,2082
1021,RegionE,2083
4697,RegionA,2083
7486,RegionB,2083
11960,RegionC,2083
16422,RegionD,2083
29646,RegionD,2083
39459,RegionD,2083
44011,RegionD,2083
44252,RegionB,2083
47704,RegionD,2083
49031,RegionF,2083
15399,RegionD,2084
20388,RegionB,2084
28057,RegionC,2084
29440,RegionB,2084
32165,RegionD,2084
4921,RegionB,2085
13544,RegionF,2085
23151,RegionC,2085
36962,RegionF,2085
46621,RegionC,2085
3484,RegionB,2086
14321,RegionB,2086
23088,RegionF,2086
24086,RegionA,2086
29422,RegionC,2086
33066,RegionA,2086
34214,RegionA,2086
35242,RegionE,2086
38953,RegionC,2086
48649,RegionD,2086
5418,RegionA,2087
7560,RegionD,2087
8827,RegionE,2087
20777,RegionD,2087
25361,RegionC,2087
28075,RegionA,2087
32391,RegionA,2087
37444,RegionC,2087
38383,RegionD,2087
44619,RegionB,2087
21222,RegionC,2088
21233,RegionA,2088
24425,RegionD,2088
36720,RegionA,2088
46953,RegionA,2088
47202,RegionA,2088
49090,RegionF,2088
20602,RegionF,2089
28066,RegionE,2089
33919,RegionA,2089
16004,RegionF,2090
23608,RegionA,2090
29070,RegionE,2090
31740,RegionF,2090
45046,RegionB,2090
12881,RegionE,2091
18763,RegionC,2091
33218,RegionB,2091
35464,RegionD,2091
38251,RegionC,2091
47868,RegionD,2091
6733,RegionD,2092
8570,RegionD,2092
9297,RegionC,2092
26736,RegionA,2092
14462,RegionE,2093
21391,RegionA,2093
27449,RegionD,2093
31312,RegionD,2093
34901,RegionE,2093
45610,RegionB,2093
46631,RegionA,2093
239,RegionD,2094
4065,RegionE,2094
10353,RegionC,2094
16069,RegionE,2094
22473,RegionA,2094
26601,RegionC,2094
29675,RegionA,2094
41906,RegionD,2094
42392,RegionE,2094
3899,RegionC,2095
9657,RegionB,2095
10633,RegionA,2095
30244,RegionE,2095
30675,RegionC,2095
31444,RegionE,2095
32349,RegionD,2095
8578,RegionE,2096
12349,RegionD,2096
16682,RegionB,2096
26968,RegionB,2096
29936,RegionE,2096
29944,RegionA,2096
38356,RegionC,2097
41208,RegionB,2097
47500,RegionC,2097
48452,RegionD,2097
11019,RegionF,2098
23614,RegionA,2098
33668,RegionE,2098
46552,RegionF,2098
3511,RegionB,2099
3945,RegionC,2099
4389,RegionB,2099
4973,RegionB,2099
6146,RegionA,2099
7317,RegionD,2099
9062,RegionD,2099
18315,RegionB,2099
20444,RegionE,2099
20725,RegionD,2099
32586,RegionE,2099
40902,RegionD,2099
43158,RegionD,2099
44464,RegionD,2099
49970,RegionA,2099
1362,RegionE,2100
18707,RegionA,2100
31541,RegionC,2100
42981,RegionD,2100
47024,RegionF,2100
986,RegionC,2101
4849,RegionB,2101
6492,RegionE,2101
36490,RegionA,2101
41455,RegionF,2101
49294,RegionF,2101
687,RegionE,2102
4470,RegionD,2102
17180,RegionB,2102
21581,RegionA,2102
49220,RegionD,2102
6262,RegionE,2103
17636,RegionD,2103
18764,RegionD,2103
31075,RegionC,2103
32672,RegionF,2103
33121,RegionC,2103
35894,RegionA,2103
47996,RegionA,2103
2447,RegionA,2104
12694,RegionB,2104
32397,RegionA,2104
42511,RegionF,2104
9082,RegionD,2105
15759,RegionD,2105
16568,RegionF,2105
18917,RegionA,2105
27397,RegionE,2105
29206,RegionD,2105
2443,RegionD,2106
7551,RegionB,2106
14360,RegionB,2106
14414,RegionC,2106
17158,RegionE,2106
19218,RegionF,2106
36585,RegionC,2106
38387,RegionB,2106
38935,RegionE,2106
47188,RegionF,2106
47745,RegionE,2106
502,RegionD,2107
1646,RegionA,2107
20929,RegionD,2107
21990,RegionC,2107
45058,RegionB,2107
46250,RegionF,2107
46420,RegionE,2107
1090,RegionB,2108
15664,RegionA,2108
31180,RegionC,2108
40445,RegionF,2108
45948,RegionF,2108
1077,RegionB,2109
3724,RegionE,2109
15404,RegionC,2109
23722,RegionC,2109
25820,RegionB,2109
29259,RegionD,2109
30714,RegionC,2109
34295,RegionB,2109
34555,RegionA,2109
39593,RegionA,2109
42782,RegionB,2109
48353,RegionC,2109
48982,RegionC,2109
1225,RegionE,2110
4160,RegionB,2110
14813,RegionB,2110
24221,RegionD,2110
25686,RegionF,2110
33408,RegionA,2110
37379,RegionD,2110
270,RegionB,2111
1660,RegionA,2111
5564,RegionB,2111
26221,RegionC,2111
32423,RegionA,2111
17668,RegionD,2112
26098,RegionE,2112
28154,RegionB,2112
29337,RegionC,2112
38237,RegionB,2112
16169,RegionA,2113
27980,RegionD,2113
33004,RegionD,2113
34547,RegionE,2113
39998,RegionE,2113
45261,RegionA,2113
4543,RegionD,2114
14371,RegionF,2114
28168,RegionB,2114
29268,RegionA,2114
48268,RegionD,2114
2723,RegionB,2115
7580,RegionD,2115
9473,RegionB,2115
32709,RegionD,2115
32784,RegionA,2115
45148,RegionF,2115
16125,RegionB,2116
24072,RegionF,2116
28598,RegionF,2116
41646,RegionA,2116
13124,RegionE,2117
17590,RegionD,2117
27145,RegionB,2117
32547,RegionF,2117
40953,RegionC,2117
4793,RegionE,2118
4835,RegionB,2118
19105,RegionD,2118
26158,RegionF,2118
33921,RegionB,2118
102,RegionD,2119
15428,RegionA,2119
16294,RegionA,2119
20213,RegionD,2119
22994,RegionD,2119
27227,RegionE,2119
45096,RegionA,2119
49611,RegionB,2119
49922,RegionD,2119
1005,RegionB,2120
19250,RegionE,2120
20161,RegionD,2120
27827,RegionB,2120
31941,RegionC,2120
34770,RegionE,2120
6430,RegionB,2121
8191,RegionE,2121
29026,RegionA,2121
29460,RegionB,2121
41976,RegionB,2121
45171,RegionC,2121
23123,RegionB,2122
23735,RegionC,2122
45312,RegionF,2122
26928,RegionB,2123
35601,RegionC,2123
39984,RegionD,2123
42192,RegionB,2123
45985,RegionC,2123
47535,RegionE,2123
10251,RegionF,2124
44294,RegionD,2124
46060,RegionF,2124
1046,RegionD,2125
6070,RegionC,2125
7896,RegionE,2125
12178,RegionD,2125
16584,RegionB,2125
42117,RegionE,2125
48707,RegionC,2125
969,RegionE,2126
6818,RegionC,2126
11521,RegionC,2126
19028,RegionF,2126
25027,RegionC,2126
43510,RegionB,2126
1122,RegionA,2127
10006,RegionC,2127
19089,RegionB,2127
19827,RegionD,2127
26729,RegionF,2127
37831,RegionC,2127
40567,RegionD,2127
48418,RegionC,2127
2049,RegionC,2128
3295,RegionC,2128
26284,RegionA,2128
32188,RegionA,2128
36047,RegionC,2128
38333,RegionF,2128
41550,RegionC,2128
10218,RegionE,2129
12391,RegionA,2129
27860,RegionB,2129
30288,RegionC,2129
39126,RegionF,2129
39334,RegionD,2129
40496,RegionD,2129
9569,RegionF,2130
12201,RegionA,2130
18067,RegionC,2130
22664,RegionB,2130
39045,RegionC,2130
31179,RegionB,2131
42629,RegionF,2131
47082,RegionE,2131
6015,RegionA,2132
11267,RegionE,2132
14338,RegionF,2132
24335,RegionF,2132
30413,RegionD,2132
36448,RegionD,2132
37527,RegionA,2132
47299,RegionE,2132
47377,RegionD,2132
2823,RegionC,2133
12037,RegionA,2133
18630,RegionB,2133
20498,RegionA,2133
29117,RegionA,2133
29666,RegionD,2133
37369,RegionA,2133
43914,RegionE,2133
2679,RegionC,2134
14269,RegionC,2134
15602,RegionD,2134
17894,RegionA,2134
18839,RegionA,2134
27794,RegionB,2134
30073,RegionE,2134
30123,RegionB,2134
33795,RegionA,2134
35146,RegionA,2134
38989,RegionF,2134
47276,RegionB,2134
32225,RegionE,2135
32557,RegionC,2135
35192,RegionA,2135
39800,RegionD,2135
42572,RegionB,2135
48878,RegionD,2135
18288,RegionA,2136
21640,RegionA,2136
42409,RegionB,2136
46713,RegionC,2136
49188,RegionE,2136
3756,RegionD,2137
13686,RegionD,2137
26202,RegionD,2137
28672,RegionA,2137
41237,RegionD,2137
48129,RegionB,2137
48958,RegionE,2137
10995,RegionB,2138
14227,RegionA,2138
19656,RegionD,2138
19760,RegionC,2138
41198,RegionE,2138
42996,RegionE,2138
18529,RegionE,2139
28517,RegionC,2139
29680,RegionE,2139
30726,RegionB,2139
39167,RegionA,2139
45616,RegionB,2139
48341,RegionD,2139
49052,RegionA,2139
2027,RegionA,2140
31891,RegionF,2140
35197,RegionF,2140
38301,RegionA,2140
34310,RegionD,2141
34356,RegionD,2141
36630,RegionB,2141
41698,RegionF,2141
42074,RegionB,2141
43068,RegionE,2141
49862,RegionD,2141
1769,RegionE,2142
2238,RegionB,2142
7163,RegionA,2142
21807,RegionD,2142
37942,RegionB,2142
7492,RegionB,2143
12411,RegionA,2143
21818,RegionB,2143
26491,RegionD,2143
41387,RegionD,2143
48647,RegionB,2143
2852,RegionF,2144
9030,RegionD,2144
39373,RegionC,2144
45306,RegionA,2144
20739,RegionE,2145
27911,RegionA,2145
46134,RegionB,2145
46590,RegionE,2145
840,RegionA,2146
2835,RegionB,2146
8943,RegionC,2146
9957,RegionA,2146
23545,RegionD,2146
25902,RegionF,2146
42595,RegionD,2146
5015,RegionD,2147
10089,RegionA,2147
28474,RegionF,2147
42575,RegionD,2147
418,RegionE,2148
3284,RegionE,2148
12035,RegionE,2148
23367,RegionC,2148
27386,RegionA,2148
27948,RegionE,2148
34586,RegionE,2148
35137,RegionE,2148
5995,RegionA,2149
20123,RegionE,2149
40332,RegionD,2149
41660,RegionA,2149
20113,RegionB,2150
36983,RegionA,2150
40045,RegionF,2150
42538,RegionA,2150
47223,RegionB,2150
13762,RegionA,2151
19928,RegionA,2151
21846,RegionC,2151
25012,RegionB,2151
26153,RegionA,2151
33015,RegionB,2151
39547,RegionA,2151
3292,RegionF,2152
15702,RegionF,2152
25343,RegionD,2152
40555,RegionD,2152
47316,RegionC,2152
48018,RegionC,2152
48304,RegionA,2152
32561,RegionA,2153
46535,RegionB,2153
49635,RegionF,2153
7091,RegionA,2154
17953,RegionA,2154
18780,RegionA,2154
26645,RegionA,2154
32618,RegionD,2154
37661,RegionC,2154
43969,RegionA,2154
4608,RegionD,2155
18354,RegionA,2155
40210,RegionA,2155
41400,RegionD,2155
46072,RegionE,2155
46700,RegionC,2155
13656,RegionF,2156
14048,RegionD,2156
17849,RegionB,2156
19844,RegionB,2156
20464,RegionE,2156
23188,RegionA,2156
41372,RegionB,2156
35641,RegionD,2157
45619,RegionD,2157
3283,RegionD,2158
6356,RegionA,2158
16160,RegionD,2158
16837,RegionF,2158
27257,RegionC,2158
28827,RegionE,2158
32666,RegionA,2158
45472,RegionB,2158
4401,RegionA,2159
13365,RegionD,2159
15421,RegionA,2159
24119,RegionA,2159
30695,RegionD,2159
45767,RegionB,2159
21321,RegionC,2160
25850,RegionF,2160
41182,RegionB,2160
46722,RegionF,2160
96,RegionE,2161
4560,RegionB,2161
13632,RegionB,2161
17913,RegionF,2161
19182,RegionC,2161
32436,RegionF,2161
42911,RegionF,2161
18725,RegionD,2162
30716,RegionE,2162
32487,RegionE,2162
35410,RegionB,2162
38593,RegionD,2162
38874,RegionC,2162
39578,RegionE,2162
47497,RegionA,2162
24852,RegionE,2163
26300,RegionD,2163
31727,RegionF,2163
39719,RegionB,2163
46891,RegionD,2163
6535,RegionB,2164
9696,RegionB,2164
20644,RegionB,2164
25176,RegionB,2164
26199,RegionA,2164
36366,RegionA,2164
44417,RegionC,2164
9239,RegionD,2165
9674,RegionF,2165
11796,RegionC,2165
16751,RegionE,2165
29887,RegionB,2165
32583,RegionC,2165
41489,RegionA,2165
45364,RegionE,2165
40318,RegionD,2166
44019,RegionE,2166
10171,RegionD,2167
10533,RegionE,2167
35070,RegionC,2167
16806,RegionA,2168
24556,RegionD,2168
31969,RegionE,2168
35161,RegionC,2168
44288,RegionE,2168
3957,RegionB,2169
9454,RegionB,2169
10128,RegionA,2169
18924,RegionA,2169
19300,RegionC,2169
20631,RegionB,2169
22180,RegionC,2169
24144,RegionE,2169
25708,RegionB,2169
30148,RegionA,2169
37015,RegionA,2169
43991,RegionD,2169
9782,RegionB,2170
11108,RegionC,2170
17369,RegionA,2170
39599,RegionF,2170
42966,RegionB,2170
3846,RegionC,2171
9652,RegionD,2171
25239,RegionE,2171
40529,RegionE,2171
45599,RegionD,2171
46555,RegionC,2171
6164,RegionE,2172
6878,RegionD,2172
7571,RegionB,2172
10737,RegionF,2172
14336,RegionD,2172
16148,RegionF,2172
19167,RegionA,2172
31832,RegionF,2172
34815,RegionD,2172
703,RegionB,2173
10481,RegionF,2173
18086,RegionB,2173
18825,RegionF,2173
20276,RegionA,2173
20763,RegionC,2173
22699,RegionD,2173
25879,RegionB,2173
29196,RegionA,2173
36200,RegionE,2173
37789,RegionA,2173
620,RegionD,2174
6273,RegionC,2174
9238,RegionC,2174
11486,RegionA,2174
14270,RegionD,2174
19816,RegionA,2174
20209,RegionF,2174
28227,RegionB,2174
10433,RegionD,2175
38038,RegionA,2175
40217,RegionB,2175
45832,RegionB,2175
49774,RegionA,2175
3447,RegionD,2176
24153,RegionB,2176
31811,RegionD,2176
7280,RegionF,2177
11422,RegionC,2177
15171,RegionF,2177
15604,RegionF,2177
18251,RegionC,2177
23663,RegionC,2177
49687,RegionF,2177
1296,RegionD,2178
2879,RegionA,2178
3820,RegionC,2178
11659,RegionC,2178
29498,RegionA,2178
33070,RegionD,2178
7553,RegionD,2179
10078,RegionC,2179
15687,RegionD,2179
31957,RegionF,2179
34210,RegionC,2179
35258,RegionB,2179
1641,RegionB,2180
3372,RegionA,2180
4796,RegionB,2180
5690,RegionD,2180
31008,RegionB,2180
48914,RegionA,2180
49383,RegionD,2180
49475,RegionD,2180
777,RegionD,2181
5821,RegionC,2181
10647,RegionB,2181
16591,RegionC,2181
32610,RegionC,2181
36384,RegionE,2181
366,RegionF,2182
3420,RegionC,2182
4167,RegionB,2182
8849,RegionA,2182
21165,RegionD,2182
29061,RegionC,2182
32803,RegionF,2182
34879,RegionC,2182
44554,RegionB,2182
1161,RegionA,2183
27552,RegionC,2183
27619,RegionD,2183
42417,RegionD,2183
6962,RegionC,2184
17223,RegionE,2184
20158,RegionB,2184
24454,RegionA,2184
35810,RegionB,2184
40353,RegionF,2184
48316,RegionF,2184
562,RegionE,2185
1359,RegionB,2185
1912,RegionD,2185
4215,RegionD,2185
18623,RegionA,2185
20999,RegionC,2185
32472,RegionC,2185
39144,RegionD,2185
40731,RegionD,2185
15306,RegionC,2186
22357,RegionC,2186
38998,RegionB,2186
40050,RegionD,2186
44658,RegionB,2186
3649,RegionC,2187
5453,RegionC,2187
12091,RegionB,2187
13806,RegionE,2187
16942,RegionF,2187
17462,RegionB,2187
23467,RegionD,2187
25882,RegionE,2187
31801,RegionA,2187
33762,RegionA,2187
34715,RegionC,2187
36590,RegionB,2187
36963,RegionA,2187
41878,RegionC,2187
42449,RegionC,2187
3336,RegionD,2188
4433,RegionF,2188
9996,RegionA,2188
10972,RegionE,2188
14284,RegionD,2188
17577,RegionD,2188
23891,RegionB,2188
35546,RegionA,2188
46998,RegionF,2188
3631,RegionD,2189
10646,RegionA,2189
13850,RegionD,2189
15127,RegionB,2189
15203,RegionE,2189
16571,RegionB,2189
18863,RegionE,2189
19069,RegionA,2189
22509,RegionD,2189
35325,RegionC,2189
39210,RegionD,2189
43163,RegionB,2189
16756,RegionD,2190
22956,RegionE,2190
26393,RegionD,2190
27826,RegionA,2190
28267,RegionC,2190
33417,RegionC,2190
34119,RegionD,2190
47429,RegionD,2190
3509,RegionA,2191
5967,RegionE,2191
9511,RegionA,2191
11300,RegionE,2191
12454,RegionD,2191
27477,RegionF,2191
32933,RegionE,2191
35659,RegionB,2191
40513,RegionB,2191
8840,RegionE,2192
18696,RegionB,2192
21378,RegionA,2192
35899,RegionF,2192
49524,RegionA,2192
2028,RegionB,2193
2058,RegionE,2193
6923,RegionC,2193
12505,RegionC,2193
16648,RegionA,2193
17424,RegionC,2193
37211,RegionF,2193
49161,RegionD,2193
8743,RegionF,2194
12022,RegionE,2194
14493,RegionD,2194
20860,RegionB,2194
46157,RegionE,2194
46507,RegionA,2194
48234,RegionB,2194
923,RegionE,2195
27981,RegionE,2195
31677,RegionB,2195
37635,RegionD,2195
46123,RegionD,2195
46741,RegionE,2195
232,RegionC,2196
8150,RegionD,2196
10003,RegionA,2196
12417,RegionA,2196
14823,RegionF,2196
31844,RegionD,2196
35241,RegionD,2196
47961,RegionE,2196
48374,RegionD,2196
3656,RegionC,2197
8213,RegionA,2197
47369,RegionC,2197
1100,RegionE,2198
7757,RegionD,2198
21844,RegionB,2198
32135,RegionA,2198
33206,RegionB,2198
45801,RegionC,2198
46158,RegionF,2198
1529,RegionB,2199
12686,RegionA,2199
16380,RegionB,2199
22229,RegionF,2199
28974,RegionB,2199
37225,RegionA,2199
41072,RegionC,2199
45248,RegionA,2199
5193,RegionE,2200
10830,RegionA,2200
11231,RegionB,2200
13927,RegionB,2200
21830,RegionA,2200
26529,RegionC,2200
37192,RegionA,2200
39276,RegionD,2200
42975,RegionD,2200
44299,RegionC,2200
47770,RegionD,2200
48515,RegionB,2200
1251,RegionE,2201
1600,RegionA,2201
16787,RegionB,2201
24570,RegionE,2201
39085,RegionD,2201
39137,RegionD,2201
39212,RegionF,2201
5052,RegionB,2202
8110,RegionC,2202
12537,RegionB,2202
15143,RegionD,2202
17299,RegionB,2202
31765,RegionD,2202
33693,RegionD,2202
39487,RegionF,2202
44694,RegionD,2202
47359,RegionA,2202
49569,RegionF,2202
2710,RegionB,2203
7615,RegionA,2203
20715,RegionA,2203
21632,RegionF,2203
23499,RegionC,2203
24228,RegionD,2203
27909,RegionE,2203
27936,RegionF,2203
39544,RegionD,2203
40426,RegionA,2203
4748,RegionF,2204
16441,RegionD,2204
26455,RegionA,2204
35666,RegionC,2204
36645,RegionD,2204
8009,RegionA,2205
10702,RegionD,2205
1642,RegionC,2206
4450,RegionC,2206
7566,RegionD,2206
9243,RegionB,2206
12398,RegionA,2206
13624,RegionA,2206
15572,RegionA,2206
16077,RegionA,2206
23207,RegionA,2206
26371,RegionB,2206
34984,RegionC,2206
42160,RegionC,2206
8719,RegionB,2207
9625,RegionC,2207
10186,RegionF,2207
18433,RegionB,2207
19130,RegionC,2207
23818,RegionA,2207
25161,RegionF,2207
33432,RegionE,2207
34434,RegionD,2207
34906,RegionC,2207
38150,RegionA,2207
45094,RegionD,2207
46939,RegionF,2207
8666,RegionB,2208
21713,RegionB,2208
25885,RegionB,2208
19418,RegionB,2209
32925,RegionC,2209
48349,RegionF,2209
2855,RegionB,2210
10414,RegionD,2210
17283,RegionF,2210
18759,RegionF,2210
21939,RegionD,2210
30571,RegionD,2210
45143,RegionA,2210
3059,RegionC,2211
4157,RegionE,2211
13666,RegionC,2211
25685,RegionE,2211
26121,RegionB,2211
29204,RegionB,2211
10591,RegionD,2212
36776,RegionD,2212
39496,RegionB,2212
40581,RegionD,2212
4713,RegionD,2213
25331,RegionE,2213
31826,RegionF,2213
34954,RegionE,2213
39857,RegionB,2213
44195,RegionD,2213
45421,RegionD,2213
1440,RegionD,2214
2754,RegionF,2214
2846,RegionF,2214
4085,RegionF,2214
5319,RegionA,2214
22297,RegionB,2214
32856,RegionA,2214
36315,RegionB,2214
36527,RegionD,2214
12208,RegionB,2215
14380,RegionB,2215
17198,RegionF,2215
19660,RegionB,2215
23321,RegionC,2215
25335,RegionC,2215
28749,RegionF,2215
31968,RegionD,2215
33881,RegionB,2215
41370,RegionF,2215
42599,RegionB,2215
48034,RegionF,2215
33489,RegionC,2216
6631,RegionA,2217
14999,RegionD,2217
23478,RegionB,2217
27135,RegionE,2217
27975,RegionF,2217
33674,RegionD,2217
38779,RegionF,2217
39611,RegionE,2217
40749,RegionB,2217
49945,RegionB,2217
2961,RegionC,2218
10961,RegionA,2218
19071,RegionC,2218
40533,RegionB,2218
11116,RegionE,2219
31419,RegionF,2219
44557,RegionE,2219
45193,RegionE,2219
46285,RegionB,2219
47823,RegionD,2219
3155,RegionA,2220
23892,RegionC,2220
29142,RegionE,2220
33225,RegionB,2220
35440,RegionF,2220
47212,RegionD,2220
3793,RegionB,2221
4084,RegionD,2221
19541,RegionA,2221
44654,RegionD,2221
47526,RegionC,2221
48099,RegionE,2221
10642,RegionC,2222
43664,RegionD,2222
47831,RegionF,2222
13349,RegionA,2223
13360,RegionE,2223
17222,RegionD,2223
17385,RegionC,2223
19902,RegionA,2223
31473,RegionA,2223
36485,RegionB,2223
38298,RegionD,2223
47096,RegionF,2223
16991,RegionC,2224
41696,RegionD,2224
49146,RegionC,2224
1212,RegionF,2225
12021,RegionD,2225
12761,RegionC,2225
18246,RegionD,2225
24886,RegionF,2225
26180,RegionB,2225
29297,RegionC,2225
30196,RegionC,2225
31551,RegionA,2225
33419,RegionE,2225
34523,RegionA,2225
41028,RegionE,2225
43418,RegionA,2225
2540,RegionB,2226
9708,RegionA,2226
32127,RegionF,2226
45916,RegionA,2226
8726,RegionC,2227
12621,RegionA,2227
40791,RegionD,2227
13894,RegionB,2228
19812,RegionC,2228
21550,RegionC,2228
23794,RegionC,2228
5448,RegionD,2229
14593,RegionE,2229
14884,RegionA,2229
18861,RegionC,2229
23240,RegionA,2229
49623,RegionA,2229
1899,RegionD,2230
3429,RegionE,2230
10020,RegionD,2230
18757,RegionD,2230
25042,RegionE,2230
25853,RegionC,2230
27098,RegionB,2230
47110,RegionA,2230
48301,RegionD,2230
6355,RegionF,2231
9967,RegionD,2231
14549,RegionA,2231
15655,RegionD,2231
17141,RegionB,2231
36850,RegionF,2231
46887,RegionA,2231
49056,RegionD,2231
3469,RegionF,2232
33957,RegionE,2232
10851,RegionB,2233
21980,RegionF,2233
30953,RegionF,2233
33402,RegionB,2233
46703,RegionF,2233
1064,RegionB,2234
7107,RegionD,2234
28110,RegionC,2234
38194,RegionE,2234
46941,RegionB,2234
4217,RegionA,2235
10065,RegionC,2235
11110,RegionE,2235
12880,RegionD,2235
28708,RegionD,2235
34857,RegionA,2235
36999,RegionD,2235
37766,RegionD,2235
41530,RegionB,2235
42307,RegionE,2235
46894,RegionA,2235
47757,RegionD,2235
48204,RegionE,2235
946,RegionB,2236
1975,RegionB,2236
6022,RegionA,2236
8407,RegionE,2236
8786,RegionC,2236
9977,RegionA,2236
10701,RegionC,2236
24697,RegionA,2236
25865,RegionB,2236
27291,RegionD,2236
27324,RegionD,2236
35816,RegionB,2236
43605,RegionD,2236
1162,RegionB,2237
1739,RegionB,2237
13184,RegionA,2237
21419,RegionC,2237
22697,RegionB,2237
38306,RegionE,2237
44657,RegionA,2237
6966,RegionA,2238
11893,RegionB,2238
17053,RegionE,2238
31034,RegionB,2238
42070,RegionD,2238
42870,RegionD,2238
45271,RegionD,2238
7191,RegionB,2239
10051,RegionB,2239
10629,RegionC,2239
37677,RegionF,2239
37994,RegionB,2239
41356,RegionE,2239
9099,RegionB,2240
12995,RegionB,2240
37887,RegionF,2240
45921,RegionE,2240
1673,RegionA,2241
9242,RegionA,2241
11643,RegionA,2241
20542,RegionE,2241
21152,RegionD,2241
26932,RegionF,2241
30301,RegionC,2241
40726,RegionE,2241
4161,RegionC,2242
9397,RegionD,2242
11205,RegionB,2242
15224,RegionA,2242
23532,RegionD,2242
24989,RegionD,2242
33382,RegionB,2242
33652,RegionB,2242
35217,RegionF,2242
39571,RegionD,2242
2362,RegionB,2243
3572,RegionD,2243
28412,RegionC,2243
30127,RegionF,2243
31070,RegionD,2243
39493,RegionE,2243
294,RegionF,2244
8073,RegionE,2244
8992,RegionF,2244
14953,RegionD,2244
17263,RegionE,2244
18575,RegionF,2244
18679,RegionD,2244
21748,RegionD,2244
22478,RegionF,2244
30692,RegionA,2244
47266,RegionE,2244
8238,RegionA,2245
10969,RegionB,2245
18272,RegionD,2245
18889,RegionE,2245
20695,RegionA,2245
32734,RegionC,2245
42226,RegionC,2245
47120,RegionD,2245
2833,RegionA,2246
2847,RegionA,2246
14797,RegionF,2246
19762,RegionE,2246
25553,RegionD,2246
3110,RegionB,2247
5316,RegionC,2247
19503,RegionB,2247
25131,RegionB,2247
39893,RegionE,2247
42711,RegionC,2247
3459,RegionC,2248
16624,RegionC,2248
16868,RegionD,2248
27160,RegionD,2248
31960,RegionC,2248
42473,RegionA,2248
43027,RegionD,2248
47618,RegionC,2248
510,RegionE,2249
1250,RegionD,2249
21054,RegionE,2249
27706,RegionF,2249
38546,RegionC,2249
40180,RegionD,2249
3381,RegionD,2250
10705,RegionA,2250
26828,RegionA,2250
33722,RegionA,2250
43325,RegionA,2250
44158,RegionA,2250
44228,RegionD,2250
2504,RegionE,2251
10413,RegionD,2251
18887,RegionC,2251
20584,RegionA,2251
25306,RegionA,2251
36061,RegionD,2251
43007,RegionC,2251
1111,RegionC,2252
7229,RegionA,2252
13209,RegionE,2252
13846,RegionF,2252
26012,RegionD,2252
28972,RegionF,2252
39979,RegionF,2252
42461,RegionB,2252
5601,RegionF,2253
11290,RegionB,2253
15325,RegionC,2253
21164,RegionD,2253
42744,RegionC,2253
47672,RegionD,2253
3239,RegionF,2254
3279,RegionA,2254
8679,RegionB,2254
16577,RegionB,2254
32305,RegionA,2254
39718,RegionA,2254
45383,RegionE,2254
1377,RegionA,2255
2668,RegionE,2255
4190,RegionF,2255
8883,RegionB,2255
8887,RegionF,2255
14857,RegionA,2255
17324,RegionA,2255
48796,RegionA,2255
516,RegionE,2256
22564,RegionA,2256
25880,RegionC,2256
34640,RegionF,2256
45299,RegionF,2256
526,RegionB,2257
19593,RegionA,2257
29851,RegionF,2257
35113,RegionA,2257
39324,RegionA,2257
40771,RegionD,2257
47516,RegionF,2257
6628,RegionD,2258
8322,RegionE,2258
29428,RegionC,2258
32470,RegionA,2258
36737,RegionD,2258
40170,RegionA,2258
48927,RegionA,2258
5502,RegionF,2259
21995,RegionB,2259
22525,RegionA,2259
25182,RegionA,2259
34304,RegionE,2259
41127,RegionF,2259
10615,RegionB,2260
24405,RegionD,2260
29063,RegionE,2260
29899,RegionB,2260
35855,RegionB,2260
44212,RegionB,2260
45919,RegionC,2260
3485,RegionC,2261
12107,RegionE,2261
24629,RegionE,2261
34051,RegionA,2261
38544,RegionA,2261
43838,RegionB,2261
9370,RegionD,2262
10872,RegionD,2262
16688,RegionB,2262
19986,RegionF,2262
38497,RegionF,2262
40546,RegionB,2262
45640,RegionF,2262
48132,RegionE,2262
4227,RegionC,2263
8512,RegionE,2263
8733,RegionC,2263
8912,RegionE,2263
9755,RegionB,2263
15073,RegionA,2263
16949,RegionF,2263
23786,RegionB,2263
27080,RegionC,2263
42551,RegionA,2263
44608,RegionD,2263
6638,RegionA,2264
6920,RegionA,2264
13753,RegionE,2264
25740,RegionA,2264
28384,RegionB,2264
31482,RegionD,2264
4701,RegionE,2265
10618,RegionE,2265
12085,RegionC,2265
38197,RegionB,2265
46255,RegionD,2265
46784,RegionB,2265
1108,RegionA,2266
4475,RegionB,2266
7817,RegionE,2266
9000,RegionA,2266
16824,RegionF,2266
22632,RegionB,2266
25074,RegionD,2266
32459,RegionC,2266
47272,RegionD,2266
2363,RegionB,2267
4557,RegionE,2267
13928,RegionC,2267
14902,RegionF,2267
26135,RegionC,2267
45020,RegionC,2267
45140,RegionD,2267
46180,RegionB,2267
47165,RegionC,2267
47698,RegionD,2267
3926,RegionD,2268
9485,RegionA,2268
10265,RegionA,2268
14596,RegionB,2268
14825,RegionA,2268
21201,RegionB,2268
23715,RegionC,2268
24793,RegionE,2268
31536,RegionE,2268
35639,RegionB,2268
48663,RegionE,2268
1995,RegionB,2269
10811,RegionB,2269
20224,RegionB,2269
23643,RegionC,2269
32726,RegionB,2269
39784,RegionA,2269
1474,RegionE,2270
6405,RegionD,2270
18731,RegionD,2270
35247,RegionC,2270
39501,RegionA,2270
40118,RegionA,2270
892,RegionA,2271
2957,RegionF,2271
4892,RegionF,2271
6779,RegionD,2271
9829,RegionD,2271
26829,RegionB,2271
34371,RegionF,2271
39708,RegionD,2271
41628,RegionB,2271
12340,RegionB,2272
32670,RegionD,2272
33125,RegionA,2272
35273,RegionC,2272
37438,RegionC,2272
40423,RegionD,2272
40955,RegionD,2272
41568,RegionA,2272
42047,RegionA,2272
44558,RegionF,2272
3435,RegionE,2273
8460,RegionE,2273
15956,RegionD,2273
43024,RegionA,2273
396,RegionC,2274
17797,RegionB,2274
18588,RegionE,2274
28050,RegionB,2274
28695,RegionD,2274
34777,RegionE,2274
40919,RegionB,2274
13966,RegionB,2275
18124,RegionA,2275
19948,RegionA,2275
22895,RegionC,2275
30192,RegionF,2275
38759,RegionF,2275
40279,RegionD,2275
40606,RegionC,2275
46449,RegionB,2275
47180,RegionD,2275
4746,RegionD,2276
7844,RegionF,2276
20377,RegionD,2276
26770,RegionB,2276
27885,RegionA,2276
34391,RegionA,2276
36869,RegionE,2276
49840,RegionB,2276
1863,RegionA,2277
3418,RegionA,2277
5432,RegionB,2277
11296,RegionA,2277
12693,RegionA,2277
13755,RegionA,2277
20405,RegionE,2277
31590,RegionA,2277
34355,RegionC,2277
46611,RegionF,2277
47714,RegionA,2277
735,RegionA,2278
8569,RegionC,2278
10668,RegionC,2278
19224,RegionE,2278
24110,RegionD,2278
36796,RegionD,2278
36938,RegionB,2278
42768,RegionA,2278
2410,RegionC,2279
6691,RegionA,2279
7376,RegionD,2279
15037,RegionC,2279
30320,RegionC,2279
43122,RegionA,2279
45169,RegionA,2279
46588,RegionC,2279
8186,RegionA,2280
14008,RegionD,2280
19923,RegionB,2280
20805,RegionE,2280
21456,RegionA,2280
40120,RegionC,2280
1470,RegionB,2281
6789,RegionA,2281
37702,RegionE,2281
42440,RegionA,2281
44287,RegionD,2281
47083,RegionF,2281
47451,RegionA,2281
1337,RegionF,2282
8787,RegionD,2282
17323,RegionA,2282
17709,RegionE,2282
17975,RegionC,2282
19975,RegionB,2282
24654,RegionD,2282
27108,RegionD,2282
31061,RegionB,2282
45975,RegionA,2282
3261,RegionB,2283
12704,RegionE,2283
16458,RegionA,2283
18422,RegionD,2283
21920,RegionE,2283
28058,RegionD,2283
33349,RegionA,2283
33986,RegionB,2283
38441,RegionC,2283
44101,RegionB,2283
1115,RegionA,2284
7353,RegionA,2284
16182,RegionA,2284
22435,RegionB,2284
48585,RegionF,2284
1166,RegionF,2285
2991,RegionA,2285
7601,RegionF,2285
10979,RegionE,2285
17548,RegionB,2285
18845,RegionA,2285
24104,RegionE,2285
28963,RegionC,2285
30481,RegionF,2285
38231,RegionC,2285
46526,RegionA,2285
9667,RegionE,2286
12865,RegionB,2286
15064,RegionD,2286
20383,RegionC,2286
29901,RegionC,2286
38066,RegionB,2286
2944,RegionF,2287
4984,RegionF,2287
6246,RegionB,2287
33389,RegionB,2287
40982,RegionE,2287
41701,RegionC,2287
41886,RegionD,2287
47542,RegionF,2287
10136,RegionB,2288
12247,RegionA,2288
20453,RegionA,2288
25875,RegionE,2288
29110,RegionF,2288
41382,RegionE,2288
857,RegionE,2289
4609,RegionE,2289
7997,RegionB,2289
16672,RegionE,2289
19618,RegionF,2289
21254,RegionB,2289
23433,RegionC,2289
25117,RegionB,2289
26085,RegionE,2289
35846,RegionE,2289
45079,RegionC,2289
47577,RegionB,2289
2657,RegionA,2290
2698,RegionC,2290
12169,RegionB,2290
15061,RegionA,2290
15806,RegionD,2290
19978,RegionE,2290
23083,RegionA,2290
32155,RegionA,2290
13490,RegionD,2291
14077,RegionA,2291
15456,RegionB,2291
19276,RegionD,2291
45339,RegionA,2291
46363,RegionA,2291
18487,RegionC,2292
22766,RegionE,2292
37238,RegionA,2292
213,RegionD,2293
1565,RegionD,2293
7945,RegionB,2293
34246,RegionF,2293
39288,RegionD,2293
8844,RegionB,2294
11594,RegionD,2294
15469,RegionB,2294
17825,RegionC,2294
22559,RegionB,2294
23186,RegionE,2294
24025,RegionD,2294
24263,RegionA,2294
25249,RegionB,2294
27489,RegionE,2294
28840,RegionE,2294
34425,RegionB,2294
41642,RegionC,2294
45679,RegionF,2294
1172,RegionE,2295
2799,RegionE,2295
6759,RegionC,2295
7076,RegionE,2295
13474,RegionB,2295
34890,RegionA,2295
36351,RegionE,2295
38410,RegionD,2295
39905,RegionD,2295
40571,RegionA,2295
43288,RegionB,2295
2871,RegionE,2296
3132,RegionD,2296
17034,RegionF,2296
23432,RegionB,2296
27312,RegionE,2296
29167,RegionD,2296
40795,RegionB,2296
3907,RegionD,2297
6960,RegionA,2297
13929,RegionD,2297
18313,RegionF,2297
32581,RegionA,2297
33400,RegionF,2297
34347,RegionB,2297
35726,RegionD,2297
7044,RegionF,2298
7555,RegionF,2298
8097,RegionC,2298
11699,RegionD,2298
18808,RegionC,2298
35062,RegionB,2298
2433,RegionA,2299
9823,RegionD,2299
10173,RegionF,2299
17435,RegionA,2299
23671,RegionE,2299
28394,RegionE,2299
41092,RegionD,2299
48300,RegionC,2299
1006,RegionC,2300
9881,RegionC,2300
10967,RegionA,2300
15762,RegionA,2300
19006,RegionD,2300
20509,RegionD,2300
25762,RegionC,2300
26952,RegionF,2300
32882,RegionF,2300
41469,RegionA,2300
41746,RegionB,2300
11079,RegionA,2301
22925,RegionA,2301
25026,RegionB,2301
32178,RegionD,2301
45208,RegionA,2301
49497,RegionF,2301
2790,RegionC,2302
4103,RegionD,2302
5199,RegionD,2302
25946,RegionD,2302
28010,RegionB,2302
33315,RegionF,2302
36873,RegionC,2302
2373,RegionF,2303
11058,RegionF,2303
32045,RegionB,2303
23938,RegionC,2304
34039,RegionB,2304
37950,RegionD,2304
5765,RegionF,2305
16363,RegionD,2305
18446,RegionB,2305
20754,RegionA,2305
35691,RegionB,2305
174,RegionD,2306
2713,RegionD,2306
6495,RegionB,2306
6972,RegionA,2306
9654,RegionE,2306
11694,RegionE,2306
12629,RegionC,2306
13221,RegionD,2306
14384,RegionF,2306
15132,RegionF,2306
26333,RegionD,2306
27368,RegionB,2306
41514,RegionF,2306
44256,RegionF,2306
4352,RegionD,2307
7590,RegionB,2307
8255,RegionD,2307
10596,RegionC,2307
22805,RegionD,2307
30919,RegionD,2307
34819,RegionB,2307
46471,RegionD,2307
49210,RegionA,2307
2601,RegionD,2308
7049,RegionD,2308
7472,RegionB,2308
16913,RegionC,2308
21441,RegionE,2308
29267,RegionE,2308
39115,RegionB,2308
40969,RegionE,2308
811,RegionE,2309
1809,RegionF,2309
7181,RegionE,2309
9872,RegionA,2309
19715,RegionD,2309
26102,RegionB,2309
28095,RegionB,2309
34771,RegionF,2309
45582,RegionA,2309
48938,RegionD,2309
22219,RegionC,2310
49109,RegionE,2310
49129,RegionE,2310
49779,RegionF,2310
11443,RegionD,2311
13276,RegionA,2311
25347,RegionB,2311
48990,RegionD,2311
12826,RegionC,2312
13470,RegionD,2312
14559,RegionD,2312
17928,RegionB,2312
21850,RegionA,2312
23806,RegionB,2312
35501,RegionB,2312
36106,RegionC,2312
33738,RegionC,2313
33917,RegionE,2313
47686,RegionE,2313
8742,RegionE,2314
11717,RegionB,2314
13662,RegionF,2314
33291,RegionB,2314
36453,RegionB,2314
6987,RegionB,2315
8453,RegionE,2315
9863,RegionD,2315
12226,RegionF,2315
25697,RegionD,2315
33180,RegionC,2315
38565,RegionB,2315
46334,RegionD,2315
49674,RegionF,2315
6435,RegionA,2316
8522,RegionB,2316
11258,RegionC,2316
13609,RegionE,2316
18444,RegionF,2316
40580,RegionC,2316
42136,RegionE,2316
48592,RegionF,2316
49218,RegionC,2316
11159,RegionB,2317
19819,RegionC,2317
20163,RegionF,2317
48505,RegionD,2317
3587,RegionF,2318
17293,RegionC,2318
19466,RegionD,2318
19717,RegionF,2318
25200,RegionE,2318
29976,RegionF,2318
37452,RegionD,2318
12638,RegionE,2319
14709,RegionC,2319
22019,RegionF,2319
27968,RegionE,2319
49551,RegionA,2319
9133,RegionC,2320
11479,RegionA,2320
6408,RegionA,2321
7516,RegionF,2321
8297,RegionA,2321
29215,RegionF,2321
11196,RegionF,2322
26709,RegionF,2322
32609,RegionB,2322
36000,RegionB,2322
37280,RegionC,2322
3428,RegionD,2323
11980,RegionC,2323
12708,RegionC,2323
15328,RegionE,2323
24241,RegionD,2323
25481,RegionD,2323
27059,RegionB,2323
31369,RegionB,2323
32229,RegionC,2323
32727,RegionB,2323
44813,RegionE,2323
48537,RegionD,2323
1954,RegionA,2324
8253,RegionB,2324
17344,RegionB,2324
38563,RegionA,2324
49388,RegionB,2324
1222,RegionC,2325
12750,RegionE,2325
18062,RegionD,2325
18103,RegionF,2325
18344,RegionD,2325
22400,RegionA,2325
27012,RegionA,2325
33334,RegionF,2325
37738,RegionB,2325
37905,RegionD,2325
45269,RegionB,2325
46762,RegionF,2325
1209,RegionC,2326
9486,RegionB,2326
12482,RegionA,2326
18338,RegionE,2326
20001,RegionB,2326
21168,RegionA,2326
22201,RegionD,2326
36301,RegionB,2326
39607,RegionB,2326
49528,RegionD,2326
4709,RegionA,2327
4998,RegionA,2327
5982,RegionA,2327
7137,RegionA,2327
15376,RegionA,2327
18908,RegionD,2327
19453,RegionD,2327
21416,RegionF,2327
29961,RegionD,2327
30761,RegionD,2327
41968,RegionA,2327
47792,RegionA,2327
32440,RegionD,2328
32923,RegionB,2328
34757,RegionE,2328
35595,RegionD,2328
448,RegionC,2329
11630,RegionA,2329
22773,RegionE,2329
26171,RegionF,2329
42841,RegionB,2329
43091,RegionB,2329
43159,RegionD,2329
43659,RegionF,2329
46523,RegionD,2329
22017,RegionD,2330
29139,RegionB,2330
36320,RegionA,2330
42445,RegionE,2330
48103,RegionC,2330
4371,RegionC,2331
7541,RegionD,2331
14166,RegionD,2331
21522,RegionA,2331
24337,RegionB,2331
35087,RegionA,2331
47899,RegionB,2331
2176,RegionE,2332
5005,RegionA,2332
7505,RegionB,2332
9866,RegionA,2332
10040,RegionD,2332
11749,RegionB,2332
26019,RegionD,2332
28999,RegionA,2332
31225,RegionB,2332
35576,RegionD,2332
40096,RegionE,2332
13397,RegionC,2333
32694,RegionB,2333
44810,RegionC,2333
49201,RegionE,2333
384,RegionD,2334
13701,RegionE,2334
13721,RegionF,2334
18909,RegionE,2334
26369,RegionA,2334
27875,RegionD,2334
3452,RegionB,2335
13484,RegionE,2335
15559,RegionA,2335
31511,RegionF,2335
40398,RegionE,2335
42163,RegionE,2335
45608,RegionA,2335
45784,RegionF,2335
46633,RegionB,2335
48580,RegionA,2335
884,RegionF,2336
6005,RegionD,2336
6719,RegionC,2336
8132,RegionE,2336
24927,RegionB,2336
33622,RegionE,2336
37499,RegionE,2336
39199,RegionA,2336
39463,RegionB,2336
43513,RegionD,2336
47716,RegionC,2336
20035,RegionC,2337
22803,RegionC,2337
35687,RegionD,2337
37560,RegionA,2337
44570,RegionE,2337
46955,RegionC,2337
49426,RegionA,2337
10547,RegionA,2338
12170,RegionC,2338
15869,RegionB,2338
17539,RegionF,2338
23259,RegionF,2338
6678,RegionA,2339
6837,RegionC,2339
8103,RegionC,2339
11204,RegionA,2339
12712,RegionA,2339
27919,RegionB,2339
30778,RegionB,2339
34185,RegionD,2339
39636,RegionD,2339
47042,RegionD,2339
48461,RegionA,2339
49654,RegionE,2339
3071,RegionB,2340
5426,RegionB,2340
9907,RegionC,2340
19728,RegionD,2340
27287,RegionA,2340
32510,RegionB,2340
33967,RegionB,2340
40126,RegionB,2340
41223,RegionD,2340
42394,RegionA,2340
830,RegionD,2341
2000,RegionA,2341
2814,RegionA,2341
4626,RegionB,2341
8961,RegionB,2341
10570,RegionC,2341
31907,RegionB,2341
34417,RegionF,2341
42039,RegionF,2341
48105,RegionD,2341
3201,RegionA,2342
9249,RegionA,2342
39573,RegionA,2342
41241,RegionB,2342
41816,RegionF,2342
5501,RegionE,2343
14049,RegionF,2343
15624,RegionA,2343
27065,RegionA,2343
29792,RegionF,2343
33750,RegionB,2343
38133,RegionC,2343
47790,RegionD,2343
11704,RegionB,2344
14548,RegionF,2344
18346,RegionF,2344
23024,RegionA,2344
23390,RegionF,2344
36439,RegionB,2344
42607,RegionD,2344
49703,RegionB,2344
1645,RegionF,2345
2419,RegionF,2345
4135,RegionC,2345
6669,RegionE,2345
7626,RegionD,2345
14847,RegionC,2345
20865,RegionF,2345
43961,RegionF,2345
44582,RegionD,2345
46780,RegionD,2345
48029,RegionA,2345
4594,RegionC,2346
9899,RegionB,2346
14754,RegionB,2346
16659,RegionE,2346
24018,RegionD,2346
29857,RegionE,2346
31767,RegionA,2346
43206,RegionE,2346
47870,RegionF,2346
2308,RegionF,2347
18185,RegionC,2347
21770,RegionF,2347
23849,RegionF,2347
26045,RegionD,2347
27576,RegionA,2347
28150,RegionD,2347
42088,RegionC,2347
49003,RegionD,2347
786,RegionF,2348
7330,RegionD,2348
7906,RegionB,2348
11917,RegionE,2348
18621,RegionF,2348
35632,RegionB,2348
41872,RegionC,2348
46038,RegionD,2348
14176,RegionB,2349
21318,RegionA,2349
37086,RegionF,2349
41085,RegionC,2349
43369,RegionD,2349
49734,RegionA,2349
3512,RegionC,2350
5366,RegionA,2350
12010,RegionA,2350
19991,RegionE,2350
29141,RegionD,2350
35957,RegionE,2350
36531,RegionB,2350
37359,RegionC,2350
737,RegionC,2351
17910,RegionC,2351
24162,RegionD,2351
24699,RegionC,2351
26316,RegionF,2351
29716,RegionB,2351
40798,RegionE,2351
43720,RegionB,2351
45855,RegionD,2351
7991,RegionB,2352
12594,RegionA,2352
17116,RegionC,2352
20336,RegionB,2352
29128,RegionD,2352
44818,RegionD,2352
2747,RegionF,2353
3414,RegionD,2353
3618,RegionD,2353
3862,RegionF,2353
13554,RegionC,2353
14507,RegionD,2353
23772,RegionA,2353
26237,RegionF,2353
35044,RegionD,2353
1033,RegionD,2354
7650,RegionB,2354
12905,RegionC,2354
22508,RegionC,2354
23326,RegionA,2354
37371,RegionB,2354
44396,RegionB,2354
6819,RegionD,2355
14234,RegionA,2355
21637,RegionD,2355
23470,RegionA,2355
25281,RegionB,2355
34066,RegionC,2355
38114,RegionD,2355
46870,RegionC,2355
49354,RegionA,2355
3065,RegionB,2356
22171,RegionA,2356
37126,RegionF,2356
43304,RegionE,2356
44210,RegionF,2356
49462,RegionD,2356
5396,RegionD,2357
7052,RegionB,2357
7974,RegionE,2357
25416,RegionE,2357
26216,RegionE,2357
29945,RegionB,2357
34620,RegionF,2357
47157,RegionB,2357
785,RegionE,2358
4256,RegionF,2358
33771,RegionC,2358
33793,RegionE,2358
37249,RegionD,2358
37553,RegionA,2358
47340,RegionA,2358
2632,RegionB,2359
17239,RegionB,2359
19196,RegionD,2359
28751,RegionB,2359
36296,RegionC,2359
37825,RegionC,2359
3048,RegionE,2360
4474,RegionA,2360
13958,RegionA,2360
19995,RegionB,2360
26313,RegionC,2360
29678,RegionC,2360
31576,RegionF,2360
34363,RegionE,2360
48033,RegionE,2360
1777,RegionA,2361
5938,RegionB,2361
16089,RegionF,2361
19648,RegionC,2361
34381,RegionC,2361
34856,RegionF,2361
35918,RegionE,2361
9395,RegionB,2362
19257,RegionE,2362
20989,RegionF,2362
25011,RegionA,2362
37377,RegionB,2362
48695,RegionD,2362
5347,RegionB,2363
12427,RegionD,2363
18498,RegionA,2363
30177,RegionD,2363
31395,RegionB,2363
8461,RegionA,2364
11326,RegionE,2364
18546,RegionC,2364
26177,RegionE,2364
26447,RegionF,2364
37433,RegionE,2364
37920,RegionA,2364
42046,RegionA,2364
48278,RegionA,2364
48925,RegionD,2364
1315,RegionD,2365
9028,RegionC,2365
23513,RegionD,2365
40154,RegionD,2365
49362,RegionB,2365
1087,RegionE,2366
15297,RegionA,2366
31882,RegionC,2366
41401,RegionD,2366
1977,RegionC,2367
25896,RegionF,2367
38666,RegionE,2367
41672,RegionA,2367
43815,RegionD,2367
45554,RegionE,2367
11753,RegionE,2368
14887,RegionD,2368
33321,RegionF,2368
34315,RegionC,2368
43185,RegionD,2368
49895,RegionD,2368
1139,RegionE,2369
15303,RegionA,2369
3844,RegionA,2370
10886,RegionD,2370
21228,RegionB,2370
42765,RegionD,2370
3274,RegionB,2371
18108,RegionD,2371
22683,RegionA,2371
23331,RegionF,2371
37934,RegionA,2371
44232,RegionB,2371
15433,RegionF,2372
16206,RegionD,2372
22087,RegionB,2372
22133,RegionB,2372
29054,RegionC,2372
31067,RegionB,2372
33909,RegionD,2372
43137,RegionB,2372
46829,RegionB,2372
3763,RegionE,2373
25277,RegionD,2373
38190,RegionA,2373
38628,RegionF,2373
7453,RegionB,2374
8623,RegionD,2374
8931,RegionD,2374
17234,RegionC,2374
29275,RegionA,2374
36542,RegionF,2374
44039,RegionE,2374
4971,RegionF,2375
6706,RegionC,2375
10640,RegionA,2375
21651,RegionE,2375
22020,RegionA,2375
28324,RegionA,2375
35506,RegionA,2375
49133,RegionC,2375
7403,RegionD,2376
7902,RegionE,2376
9267,RegionE,2376
14647,RegionA,2376
18201,RegionE,2376
26377,RegionB,2376
29779,RegionF,2376
33422,RegionB,2376
22926,RegionA,2377
25757,RegionE,2377
26783,RegionA,2377
29785,RegionE,2377
35013,RegionE,2377
36594,RegionE,2377
39791,RegionB,2377
18427,RegionB,2378
19684,RegionF,2378
27016,RegionD,2378
33839,RegionE,2378
37236,RegionE,2378
45584,RegionC,2378
2763,RegionB,2379
10622,RegionC,2379
11216,RegionA,2379
14405,RegionA,2379
31331,RegionC,2379
33741,RegionF,2379
37078,RegionD,2379
11383,RegionC,2380
17466,RegionE,2380
24774,RegionF,2380
43668,RegionB,2380
47613,RegionD,2380
18905,RegionA,2381
22462,RegionC,2381
22871,RegionE,2381
28161,RegionB,2381
34989,RegionA,2381
35450,RegionC,2381
35507,RegionA,2381
403,RegionD,2382
11993,RegionC,2382
14772,RegionA,2382
16116,RegionA,2382
19440,RegionE,2382
36934,RegionD,2382
39924,RegionC,2382
49336,RegionB,2382
1664,RegionE,2383
4060,RegionA,2383
12791,RegionA,2383
24641,RegionD,2383
34149,RegionA,2383
37312,RegionB,2383
37918,RegionD,2383
40802,RegionB,2383
29402,RegionC,2384
33478,RegionE,2384
37688,RegionD,2384
205,RegionB,2385
1234,RegionB,2385
31955,RegionD,2385
34369,RegionD,2385
41891,RegionC,2385
45742,RegionC,2385
46875,RegionB,2385
11834,RegionB,2386
14622,RegionB,2386
18869,RegionD,2386
20632,RegionC,2386
23667,RegionA,2386
24949,RegionD,2386
26788,RegionF,2386
33605,RegionB,2386
33785,RegionD,2386
39597,RegionD,2386
43953,RegionE,2386
2374,RegionA,2387
3113,RegionD,2387
9850,RegionE,2387
28165,RegionE,2387
29306,RegionE,2387
31953,RegionB,2387
33356,RegionB,2387
33589,RegionE,2387
40446,RegionA,2387
583,RegionA,2388
6323,RegionA,2388
16274,RegionA,2388
18061,RegionC,2388
20403,RegionD,2388
32420,RegionD,2388
36729,RegionC,2388
40539,RegionB,2388
42007,RegionA,2388
42663,RegionA,2388
43463,RegionA,2388
45156,RegionA,2388
16109,RegionF,2389
17044,RegionC,2389
36902,RegionE,2389
39318,RegionA,2389
45583,RegionB,2389
57,RegionE,2390
165,RegionB,2390
1136,RegionB,2390
4851,RegionD,2390
10184,RegionD,2390
19682,RegionD,2390
24572,RegionA,2390
30199,RegionF,2390
39397,RegionA,2390
47967,RegionD,2390
4113,RegionA,2391
18367,RegionA,2391
18847,RegionB,2391
31688,RegionF,2391
33573,RegionB,2391
45731,RegionE,2391
315,RegionA,2392
3566,RegionE,2392
18826,RegionA,2392
25631,RegionD,2392
27301,RegionA,2392
28488,RegionA,2392
28923,RegionC,2392
37668,RegionD,2392
47787,RegionB,2392
4611,RegionA,2393
12184,RegionD,2393
16345,RegionF,2393
24477,RegionD,2393
43531,RegionC,2393
48651,RegionF,2393
4848,RegionB,2394
6508,RegionB,2394
11351,RegionD,2394
14327,RegionB,2394
23381,RegionD,2394
37834,RegionF,2394
39468,RegionA,2394
40831,RegionE,2394
45887,RegionD,2394
8294,RegionC,2395
16494,RegionD,2395
42958,RegionA,2395
45986,RegionD,2395
3736,RegionD,2396
7874,RegionC,2396
10284,RegionF,2396
10504,RegionC,2396
12431,RegionB,2396
20312,RegionD,2396
24995,RegionD,2396
30715,RegionD,2396
40505,RegionA,2396
43993,RegionE,2396
701,RegionF,2397
2648,RegionE,2397
3928,RegionF,2397
6392,RegionD,2397
20799,RegionF,2397
24255,RegionE,2397
27547,RegionD,2397
29787,RegionA,2397
34117,RegionB,2397
37081,RegionA,2397
39629,RegionD,2397
46028,RegionA,2397
46818,RegionC,2397
4418,RegionD,2398
8745,RegionB,2398
11780,RegionF,2398
17421,RegionF,2398
17938,RegionE,2398
22136,RegionE,2398
15242,RegionE,2399
37062,RegionB,2399
38165,RegionB,2399
40966,RegionB,2399
43786,RegionB,2399
44439,RegionE,2399
46942,RegionC,2399
49525,RegionB,2399
3445,RegionD,0
5450,RegionF,0
9170,RegionB,0
13847,RegionB,0
14112,RegionD,0
16511,RegionD,0
20023,RegionE,0
26299,RegionD,0
261,RegionF,1
2690,RegionD,1
19608,RegionD,1
27563,RegionC,1
30000,RegionE,1
32732,RegionC,1
43422,RegionF,1
46494,RegionC,1
47933,RegionE,1
84,RegionF,2
6384,RegionD,2
7759,RegionF,2
8692,RegionD,2
13234,RegionE,2
15080,RegionB,2
15673,RegionD,2
18585,RegionD,2
48009,RegionB,2
3614,RegionB,3
14640,RegionF,3
19459,RegionE,3
21674,RegionD,3
23197,RegionE,3
19302,RegionE,4
40493,RegionD,4
45525,RegionD,4
48524,RegionE,4
3788,RegionE,5
12511,RegionD,5
13868,RegionD,5
33557,RegionF,5
35299,RegionD,5
41632,RegionF,5
49231,RegionD,5
5348,RegionD,6
7246,RegionF,6
11953,RegionD,6
23416,RegionF,6
26591,RegionF,6
36635,RegionC,6
44429,RegionD,6
1952,RegionE,7
12084,RegionD,7
23279,RegionA,7
29032,RegionB,7
30463,RegionD,7
34622,RegionD,7
38350,RegionE,7
44126,RegionC,7
49719,RegionF,7
4742,RegionA,8
12072,RegionD,8
20510,RegionF,8
27877,RegionF,8
37109,RegionD,8
38258,RegionE,8
42276,RegionB,8
14687,RegionD,9
17295,RegionE,9
27448,RegionE,9
49344,RegionE,9
14374,RegionD,10
16915,RegionF,10
18364,RegionE,10
22977,RegionF,10
28111,RegionE,10
33148,RegionE,10
36974,RegionF,10
46997,RegionF,10
9424,RegionF,11
10691,RegionF,11
20619,RegionD,11
26211,RegionF,11
30279,RegionD,11
47017,RegionF,11
48568,RegionD,11
6307,RegionE,12
10525,RegionE,12
25044,RegionB,12
31506,RegionD,12
32824,RegionC,12
37652,RegionD,12
7133,RegionE,13
9483,RegionF,13
22850,RegionE,13
25752,RegionA,13
27150,RegionC,13
27186,RegionE,13
36404,RegionF,13
38246,RegionE,13
12529,RegionD,14
12976,RegionD,14
17364,RegionD,14
18213,RegionE,14
20731,RegionE,14
23341,RegionD,14
41749,RegionF,14
6016,RegionD,15
12166,RegionF,15
16661,RegionB,15
24179,RegionD,15
29770,RegionE,15
36270,RegionD,15
45050,RegionF,15
47834,RegionD,15
8678,RegionB,16
40629,RegionA,16
47097,RegionB,16
4020,RegionF,17
14042,RegionF,17
14921,RegionF,17
22330,RegionD,17
23631,RegionE,17
25876,RegionF,17
26458,RegionE,17
45713,RegionB,17
47915,RegionF,17
49665,RegionE,17
27644,RegionD,18
27871,RegionB,18
34562,RegionC,18
37041,RegionA,18
39129,RegionD,18
40202,RegionF,18
43586,RegionF,18
2703,RegionD,19
5096,RegionA,19
12742,RegionE,19
15119,RegionA,19
15802,RegionC,19
15810,RegionD,19
22079,RegionB,19
29760,RegionA,19
43181,RegionB,19
49812,RegionF,19
3765,RegionB,20
6224,RegionF,20
9676,RegionD,20
16833,RegionD,20
32236,RegionE,20
37355,RegionF,20
2671,RegionD,21
4588,RegionE,21
13203,RegionF,21
25700,RegionB,21
30211,RegionF,21
30934,RegionA,21
40372,RegionF,21
42168,RegionE,21
43781,RegionE,21
46964,RegionF,21
283,RegionD,22
10496,RegionD,22
36458,RegionC,22
3253,RegionA,23
4368,RegionA,23
30724,RegionF,23
46482,RegionD,23
2471,RegionF,24
5167,RegionF,24
6429,RegionD,24
22712,RegionE,24
32517,RegionD,24
39595,RegionD,24
48703,RegionF,24
8374,RegionE,25
15326,RegionE,25
35341,RegionF,25
38856,RegionE,25
46041,RegionB,25
3259,RegionF,26
6447,RegionF,26
9531,RegionC,26
11253,RegionE,26
25035,RegionE,26
28909,RegionD,26
38736,RegionD,26
47095,RegionF,26
2578,RegionC,27
2743,RegionD,27
21737,RegionF,27
33137,RegionF,27
39793,RegionE,27
42723,RegionD,27
42788,RegionD,27
45443,RegionF,27
8390,RegionD,28
13940,RegionD,28
14079,RegionD,28
22231,RegionD,28
26748,RegionF,28
27007,RegionD,28
31979,RegionD,28
35702,RegionF,29
37176,RegionE,28
37392,RegionE,28
41835,RegionF,29
43753,RegionD,28
44925,RegionF,30
2640,RegionE,29
5542,RegionA,29
10238,RegionF,30
12473,RegionE,29
17016,RegionD,29
18811,RegionF,30
20217,RegionD,29
26685,RegionD,29
34270,RegionE,29
48306,RegionD,29
49193,RegionE,29
2450,RegionE,30
3489,RegionA,30
13348,RegionA,30
28960,RegionB,30
10437,RegionD,31
22269,RegionA,31
6859,RegionF,32
11453,RegionC,32
11729,RegionD,32
12258,RegionF,32
13173,RegionD,32
15483,RegionE,32
31205,RegionD,32
34995,RegionC,32
40655,RegionF,32
42266,RegionE,32
43633,RegionF,32
46740,RegionE,32
47129,RegionF,32
2894,RegionD,33
10242,RegionE,33
27862,RegionE,33
31616,RegionF,33
39776,RegionF,33
40851,RegionF,33
42847,RegionC,33
44184,RegionF,33
48708,RegionE,33
1710,RegionF,34
2116,RegionE,34
2761,RegionA,34
2864,RegionE,34
3120,RegionF,34
4756,RegionD,34
9155,RegionF,34
23077,RegionD,34
30978,RegionE,34
35353,RegionE,34
41222,RegionD,34
43760,RegionD,34
47045,RegionC,34
30794,RegionE,35
32183,RegionD,35
34498,RegionD,35
2113,RegionD,36
2434,RegionD,36
5699,RegionF,36
12155,RegionD,36
19060,RegionF,36
39706,RegionD,36
42774,RegionA,36
43819,RegionD,36
47038,RegionB,36
5395,RegionE,37
7726,RegionF,37
21272,RegionA,37
23142,RegionC,37
23218,RegionE,37
28480,RegionF,37
42631,RegionD,37
587,RegionE,38
40528,RegionE,38
41972,RegionF,38
47314,RegionC,38
47531,RegionD,38
201,RegionF,39
1818,RegionD,39
2724,RegionD,39
4988,RegionE,39
11134,RegionE,39
20222,RegionF,40
21113,RegionF,40
22812,RegionF,40
23396,RegionF,40
31119,RegionD,40
33002,RegionD,40
34632,RegionF,40
38070,RegionF,40
43284,RegionF,40
47335,RegionD,40
392,RegionF,41
6608,RegionE,41
11328,RegionB,41
24664,RegionD,41
33480,RegionC,41
36707,RegionC,41
4004,RegionE,42
5722,RegionD,42
17392,RegionE,42
43403,RegionF,42
47360,RegionD,42
7089,RegionF,43
8324,RegionC,43
25582,RegionB,43
31464,RegionF,43
36741,RegionD,43
49712,RegionE,43
5892,RegionD,44
6175,RegionE,44
8494,RegionA,44
13191,RegionB,44
30871,RegionD,44
34865,RegionD,44
38616,RegionC,44
43579,RegionE,44
45781,RegionD,44
47184,RegionD,44
48807,RegionF,44
5018,RegionC,45
5084,RegionD,45
20476,RegionE,45
28938,RegionE,45
37216,RegionE,45
44498,RegionF,45
1767,RegionE,46
12423,RegionA,46
13399,RegionF,46
24603,RegionF,46
31455,RegionD,46
47894,RegionE,46
69,RegionE,47
19612,RegionF,47
24755,RegionA,47
26721,RegionE,47
4972,RegionC,48
12438,RegionD,48
23723,RegionE,48
24885,RegionF,48
30660,RegionD,48
34854,RegionE,48
44020,RegionF,48
46080,RegionA,48
1735,RegionE,49
7506,RegionD,49
12783,RegionF,49
17776,RegionB,49
23642,RegionD,49
24143,RegionE,49
36258,RegionE,49
46822,RegionC,49
3774,RegionD,50
6683,RegionF,50
21003,RegionA,50
24234,RegionE,50
41368,RegionE,50
47565,RegionD,50
12561,RegionA,51
16003,RegionF,51
19403,RegionC,51
26578,RegionF,51
30237,RegionF,51
42534,RegionD,51
44833,RegionF,51
17494,RegionB,52
20029,RegionE,52
39592,RegionF,52
40136,RegionF,52
7096,RegionF,53
10466,RegionE,53
11330,RegionD,53
14316,RegionE,53
16151,RegionD,53
23012,RegionD,53
27672,RegionE,53
35010,RegionD,53
43293,RegionC,53
47462,RegionE,53
5141,RegionF,54
10385,RegionD,54
15531,RegionF,54
23796,RegionF,54
28008,RegionF,54
47649,RegionD,54
48998,RegionF,54
8350,RegionB,55
27905,RegionD,55
29147,RegionE,55
29292,RegionE,55
37816,RegionD,55
9427,RegionD,56
22172,RegionD,56
32722,RegionE,56
34373,RegionD,56
49594,RegionE,56
4016,RegionD,57
7039,RegionD,57
23960,RegionF,57
38714,RegionB,57
41503,RegionD,57
44092,RegionF,57
44954,RegionD,57
49542,RegionF,57
7122,RegionF,58
18756,RegionD,58
19751,RegionD,58
23045,RegionD,58
27046,RegionD,58
28042,RegionC,58
30760,RegionD,58
41627,RegionD,58
21643,RegionE,59
25643,RegionD,59
11075,RegionE,60
13585,RegionD,60
32570,RegionD,60
40401,RegionD,60
40833,RegionC,60
48509,RegionD,60
10787,RegionE,61
10966,RegionF,61
11650,RegionD,61
27518,RegionD,61
28561,RegionD,61
33411,RegionE,61
33469,RegionD,61
37919,RegionF,61
46144,RegionF,61
2695,RegionF,62
23312,RegionA,62
32288,RegionD,62
44816,RegionD,62
49181,RegionF,62
49400,RegionD,62
8121,RegionD,63
16725,RegionF,63
17131,RegionE,63
21280,RegionD,63
37811,RegionD,63
46185,RegionA,63
47506,RegionD,63
1303,RegionF,64
16517,RegionC,64
24600,RegionD,64
29693,RegionF,64
32615,RegionD,64
13093,RegionD,65
13504,RegionF,65
22350,RegionD,65
22629,RegionF,65
32728,RegionE,65
940,RegionD,66
6204,RegionF,66
14599,RegionE,66
34495,RegionF,66
38446,RegionD,66
43279,RegionA,66
45406,RegionD,66
9505,RegionD,67
11886,RegionC,67
19411,RegionD,67
22085,RegionF,67
27482,RegionF,67
31623,RegionA,67
42771,RegionE,67
46512,RegionF,67
9389,RegionD,68
15713,RegionE,68
35076,RegionD,68
12664,RegionF,69
18891,RegionB,69
19098,RegionE,69
24707,RegionE,69
27725,RegionF,69
28225,RegionA,69
30394,RegionE,69
37321,RegionE,69
39555,RegionD,69
42808,RegionD,69
44659,RegionD,69
15041,RegionC,70
27745,RegionF,70
43243,RegionE,70
48439,RegionE,70
49655,RegionA,70
8192,RegionF,71
8919,RegionF,71
26890,RegionE,71
35478,RegionE,71
36576,RegionC,71
39388,RegionF,71
4086,RegionA,72
23828,RegionE,72
27529,RegionF,72
32690,RegionE,72
41011,RegionD,72
44394,RegionF,72
26667,RegionE,73
33962,RegionE,73
39342,RegionF,73
6596,RegionE,74
11483,RegionE,74
22167,RegionD,74
23721,RegionD,74
34277,RegionE,74
34629,RegionD,74
41132,RegionE,74
44540,RegionD,74
47284,RegionE,75
3112,RegionE,75
16771,RegionF,75
21551,RegionE,75
28726,RegionD,75
33383,RegionD,75
35589,RegionE,75
36550,RegionD,75
37052,RegionE,75
41269,RegionE,75
47351,RegionF,75
2602,RegionF,76
4666,RegionD,76
13695,RegionF,76
17463,RegionD,76
18252,RegionE,76
21150,RegionD,76
27329,RegionD,76
38027,RegionD,76
49561,RegionE,76
4473,RegionA,77
14326,RegionC,77
14699,RegionF,77
26973,RegionD,77
37244,RegionF,77
41541,RegionA,77
48251,RegionF,77
11146,RegionD,78
13607,RegionE,78
13658,RegionD,78
14826,RegionD,78
12232,RegionF,79
26720,RegionE,79
33949,RegionE,79
42873,RegionC,79
316,RegionD,80
2222,RegionF,80
5431,RegionB,80
18561,RegionE,80
28486,RegionF,80
17511,RegionE,81
23690,RegionE,81
26143,RegionE,81
46479,RegionF,81
47951,RegionD,81
2112,RegionB,82
7144,RegionD,82
9581,RegionE,82
23481,RegionF,82
26115,RegionD,82
42269,RegionA,82
43355,RegionE,82
45911,RegionD,82
48605,RegionF,82
15104,RegionE,83
17127,RegionC,83
34470,RegionB,83
38530,RegionA,83
41258,RegionF,83
45452,RegionD,83
483,RegionF,84
6345,RegionD,84
9006,RegionB,84
12436,RegionF,84
42907,RegionD,84
47323,RegionE,84
47585,RegionD,84
8219,RegionC,85
27550,RegionC,85
31760,RegionF,85
32376,RegionF,85
13897,RegionE,86
25547,RegionF,86
40322,RegionD,86
666,RegionE,87
21056,RegionC,87
26742,RegionF,87
33791,RegionE,87
35339,RegionE,87
35667,RegionE,87
36891,RegionD,87
44583,RegionF,87
3133,RegionE,88
6464,RegionE,88
15184,RegionF,88
20538,RegionC,88
28390,RegionD,88
35652,RegionD,88
49216,RegionC,88
1273,RegionD,89
10671,RegionF,89
15314,RegionE,89
32859,RegionD,89
41184,RegionE,89
41494,RegionF,90
45710,RegionE,90
45806,RegionD,90
4132,RegionA,91
10430,RegionD,91
16879,RegionD,91
17029,RegionD,91
33524,RegionF,91
34134,RegionF,91
3834,RegionE,92
12158,RegionE,92
25132,RegionD,92
27993,RegionE,92
28812,RegionE,92
37175,RegionD,92
44664,RegionD,92
10019,RegionE,93
6132,RegionF,94
16683,RegionD,94
27468,RegionE,94
29431,RegionF,94
49546,RegionD,94
49599,RegionD,94
4995,RegionE,95
6952,RegionF,95
9711,RegionE,95
12923,RegionD,95
14387,RegionD,95
18452,RegionC,95
19518,RegionE,95
25864,RegionB,95
26292,RegionD,95
39612,RegionF,95
47052,RegionD,95
49705,RegionE,95
8312,RegionD,96
23595,RegionD,96
25709,RegionD,96
25955,RegionF,96
30104,RegionD,96
49078,RegionB,96
7443,RegionF,97
21733,RegionD,97
22923,RegionE,97
27280,RegionF,97
36072,RegionD,97
43174,RegionF,97
44761,RegionF,97
10350,RegionF,98
20738,RegionE,98
24324,RegionD,98
25123,RegionC,98
35836,RegionD,98
3092,RegionD,99
6537,RegionE,99
47058,RegionC,99
20647,RegionF,100
26520,RegionB,100
28005,RegionD,100
28719,RegionD,100
6969,RegionE,101
15619,RegionD,101
19365,RegionD,101
45953,RegionE,101
48508,RegionD,101
3351,RegionF,102
10513,RegionF,102
15062,RegionD,102
17155,RegionD,102
27581,RegionF,102
34437,RegionA,102
37251,RegionA,102
11503,RegionF,103
22305,RegionE,103
23729,RegionE,103
47504,RegionC,103
49080,RegionD,103
2141,RegionE,104
8516,RegionD,104
13314,RegionF,104
20993,RegionE,104
22523,RegionF,104
23317,RegionF,104
39294,RegionD,104
44885,RegionF,104
7909,RegionF,105
18496,RegionF,105
22276,RegionB,105
33594,RegionE,105
36387,RegionD,105
47361,RegionD,105
47641,RegionF,105
24942,RegionE,106
21147,RegionF,107
26229,RegionE,107
28373,RegionE,107
29380,RegionC,107
37461,RegionB,107
40870,RegionF,107
41341,RegionE,107
10,RegionE,108
6420,RegionF,108
17934,RegionD,108
18419,RegionB,108
28644,RegionF,108
34192,RegionE,108
48027,RegionF,108
1725,RegionB,109
4074,RegionD,109
13275,RegionF,109
20038,RegionF,109
21548,RegionC,109
23831,RegionD,109
26114,RegionD,109
27957,RegionD,109
40392,RegionF,109
42380,RegionF,109
7242,RegionD,110
14394,RegionD,110
27493,RegionD,110
28629,RegionE,110
33894,RegionD,110
36703,RegionD,110
43250,RegionE,110
45253,RegionF,110
47878,RegionC,110
333,RegionF,111
3524,RegionD,111
18723,RegionD,111
29145,RegionD,111
29544,RegionC,111
30075,RegionB,111
45687,RegionC,111
2717,RegionD,112
8004,RegionD,112
11140,RegionD,112
14722,RegionD,112
14864,RegionC,112
18206,RegionE,112
25066,RegionD,112
35274,RegionE,112
37006,RegionE,112
41988,RegionD,112
28139,RegionF,113
29354,RegionC,113
47341,RegionD,113
8107,RegionA,114
11176,RegionF,114
11829,RegionD,114
12185,RegionE,114
14435,RegionE,114
22731,RegionD,114
28361,RegionF,114
30915,RegionC,114
41012,RegionD,114
48949,RegionD,114
1919,RegionE,115
5224,RegionE,115
8738,RegionD,115
11670,RegionD,115
26820,RegionF,115
30001,RegionF,115
39580,RegionB,115
40247,RegionF,115
47690,RegionD,115
48149,RegionD,115
49275,RegionB,115
7206,RegionE,116
22666,RegionE,116
24232,RegionD,116
30018,RegionD,116
30567,RegionB,116
36856,RegionF,116
38683,RegionD,116
41327,RegionD,116
49602,RegionF,116
15130,RegionE,117
15645,RegionD,117
30333,RegionD,117
32663,RegionE,117
39759,RegionD,117
44929,RegionE,117
10756,RegionF,118
12368,RegionE,118
13988,RegionE,118
22320,RegionF,118
29163,RegionA,118
32865,RegionD,118
36039,RegionD,118
40197,RegionD,118
43135,RegionB,118
3317,RegionF,119
5324,RegionF,119
10752,RegionD,119
15825,RegionE,119
25636,RegionD,119
33018,RegionE,119
35821,RegionA,119
37323,RegionA,119
6524,RegionE,120
32331,RegionF,120
38245,RegionE,120
41173,RegionF,120
42402,RegionD,120
42677,RegionD,120
43861,RegionE,120
46472,RegionF,120
46789,RegionC,120
47721,RegionD,120
48057,RegionD,120
6131,RegionF,121
12414,RegionE,121
14577,RegionD,121
15028,RegionC,121
25892,RegionD,121
28035,RegionB,121
30313,RegionD,121
39293,RegionD,121
43979,RegionE,121
46423,RegionD,121
46895,RegionD,121
19536,RegionD,122
22862,RegionD,122
23999,RegionF,122
28473,RegionF,122
29475,RegionE,122
29597,RegionD,122
35057,RegionE,122
48993,RegionC,122
18738,RegionE,123
27723,RegionD,123
28458,RegionE,124
38493,RegionD,123
42061,RegionD,123
42837,RegionE,123
45883,RegionF,123
1063,RegionD,124
7103,RegionF,124
9619,RegionE,124
15277,RegionC,124
20315,RegionC,124
21482,RegionB,124
32931,RegionD,124
33172,RegionD,124
43413,RegionD,124
48276,RegionF,124
748,RegionD,125
2097,RegionF,125
17468,RegionC,125
21227,RegionD,125
27248,RegionB,125
47798,RegionF,125
1989,RegionD,126
2481,RegionD,126
4750,RegionD,126
8832,RegionE,126
25511,RegionD,126
27156,RegionB,126
32636,RegionD,126
46126,RegionA,126
693,RegionF,127
2536,RegionE,127
6728,RegionF,127
12622,RegionD,127
22285,RegionD,127
26531,RegionF,127
33141,RegionD,127
40421,RegionD,127
47154,RegionF,127
49098,RegionC,127
6124,RegionE,128
15849,RegionD,128
17724,RegionC,128
27375,RegionD,128
29639,RegionE,128
31032,RegionF,128
31973,RegionD,128
1416,RegionF,129
2901,RegionD,129
3341,RegionD,129
10678,RegionF,129
15784,RegionD,129
28550,RegionE,130
33477,RegionE,130
4996,RegionF,131
5862,RegionF,131
16209,RegionD,131
23645,RegionF,131
37338,RegionD,131
38665,RegionE,131
41265,RegionF,131
994,RegionE,132
5895,RegionF,132
22735,RegionB,132
23026,RegionD,132
44613,RegionD,132
49168,RegionF,132
3791,RegionB,133
6737,RegionD,133
10261,RegionD,133
13205,RegionD,133
13248,RegionF,133
17282,RegionF,133
20112,RegionD,133
20273,RegionE,133
23005,RegionD,133
37511,RegionE,133
43164,RegionD,133
1432,RegionD,134
19665,RegionB,134
23826,RegionD,134
26625,RegionC,134
30185,RegionF,134
35131,RegionF,134
49085,RegionC,134
3538,RegionD,135
14895,RegionF,135
17129,RegionD,135
18462,RegionE,135
29981,RegionE,135
38148,RegionF,135
41791,RegionD,135
16990,RegionD,136
25083,RegionA,136
35900,RegionB,136
1306,RegionD,137
16474,RegionE,137
22691,RegionD,137
33686,RegionE,137
40872,RegionB,137
44987,RegionD,137
1387,RegionE,138
14143,RegionD,138
37045,RegionE,138
39641,RegionD,138
43955,RegionB,138
44874,RegionD,138
45950,RegionD,138
7788,RegionD,139
11135,RegionE,139
13804,RegionE,139
29549,RegionF,139
42271,RegionD,139
43041,RegionE,139
49364,RegionE,139
7783,RegionE,140
15957,RegionF,140
17657,RegionF,140
18990,RegionC,140
25129,RegionA,140
41482,RegionB,140
43988,RegionB,140
20852,RegionA,141
21099,RegionE,141
23263,RegionE,141
26583,RegionE,141
29112,RegionD,141
41260,RegionD,141
42265,RegionD,141
45203,RegionD,141
2033,RegionB,142
3866,RegionD,142
4224,RegionB,142
12573,RegionF,142
19721,RegionE,142
29616,RegionB,142
35460,RegionA,142
12236,RegionE,143
12546,RegionF,143
34233,RegionF,143
45961,RegionF,143
6582,RegionE,144
8263,RegionF,144
16987,RegionF,144
17683,RegionF,144
24002,RegionD,144
24347,RegionF,144
24435,RegionD,144
32884,RegionD,144
49737,RegionE,144
6858,RegionE,145
17589,RegionE,145
39206,RegionB,145
41228,RegionD,145
7468,RegionE,146
15392,RegionE,146
29696,RegionD,146
30808,RegionF,146
38757,RegionE,146
43812,RegionD,146
204,RegionD,147
565,RegionD,147
2688,RegionF,147
8559,RegionF,147
11930,RegionF,147
19002,RegionF,147
20098,RegionB,147
30300,RegionD,147
34591,RegionE,147
48847,RegionF,147
17883,RegionD,148
23051,RegionD,148
25995,RegionB,148
26827,RegionF,148
27228,RegionA,148
28138,RegionF,148
32124,RegionD,148
38924,RegionB,148
39009,RegionA,148
48147,RegionC,148
4931,RegionF,149
15054,RegionC,149
17725,RegionD,149
18822,RegionE,149
46199,RegionD,149
49421,RegionD,149
498,RegionA,150
1528,RegionB,150
16162,RegionA,150
16903,RegionF,150
19957,RegionE,150
24823,RegionD,150
28477,RegionD,150
43844,RegionC,150
12369,RegionF,151
22457,RegionE,151
24074,RegionD,151
28645,RegionB,151
28767,RegionE,151
38945,RegionD,151
43426,RegionD,151
1203,RegionE,152
7907,RegionE,152
13428,RegionD,152
15418,RegionE,152
16302,RegionD,152
24411,RegionE,152
37821,RegionF,152
44512,RegionF,152
44716,RegionB,152
46148,RegionD,152
14497,RegionD,153
21154,RegionB,153
36446,RegionD,153
46732,RegionD,153
48475,RegionC,153
2677,RegionD,154
14527,RegionF,154
15598,RegionA,154
20246,RegionE,154
26988,RegionD,154
28740,RegionE,154
38012,RegionB,154
13006,RegionF,155
23737,RegionF,155
35975,RegionE,155
39950,RegionE,155
10087,RegionF,156
10099,RegionE,156
24044,RegionE,156
35374,RegionF,156
37106,RegionF,156
41101,RegionF,156
3203,RegionD,157
6704,RegionC,157
15887,RegionB,157
20344,RegionE,157
25647,RegionA,157
8063,RegionD,158
18955,RegionF,158
21270,RegionE,158
31655,RegionF,158
42653,RegionE,158
47879,RegionD,158
48118,RegionE,158
2621,RegionE,159
25926,RegionE,159
28265,RegionC,159
34649,RegionD,159
41067,RegionF,159
5039,RegionD,160
11407,RegionC,160
33346,RegionE,160
38730,RegionE,160
612,RegionD,161
7683,RegionD,161
8523,RegionD,161
9663,RegionD,161
13411,RegionE,161
16985,RegionD,161
25189,RegionD,161
27388,RegionD,161
43308,RegionD,161
46190,RegionF,161
46578,RegionF,161
163,RegionF,162
14412,RegionD,162
14897,RegionD,162
28019,RegionE,162
478,RegionF,163
7447,RegionD,163
8836,RegionD,163
11241,RegionF,163
13892,RegionF,163
25212,RegionE,163
31467,RegionD,163
49950,RegionA,163
347,RegionA,164
485,RegionB,164
11909,RegionE,164
37655,RegionE,164
39563,RegionE,164
45244,RegionE,164
1854,RegionF,165
24231,RegionC,165
26920,RegionB,165
27786,RegionB,165
38940,RegionE,165
45502,RegionF,165
2995,RegionE,166
3684,RegionE,166
4035,RegionD,166
9914,RegionE,166
19552,RegionF,166
19729,RegionF,166
31813,RegionA,166
39434,RegionF,166
41197,RegionE,166
38639,RegionE,167
44201,RegionE,167
48660,RegionD,167
365,RegionF,168
829,RegionE,168
1058,RegionD,168
3058,RegionD,168
3560,RegionF,168
12206,RegionF,168
16593,RegionE,168
20301,RegionA,168
30053,RegionE,168
37561,RegionD,168
13491,RegionF,169
17358,RegionD,169
18778,RegionF,169
21862,RegionF,169
25508,RegionF,169
33113,RegionD,169
1626,RegionA,170
6587,RegionD,170
8101,RegionC,170
25754,RegionD,170
29852,RegionB,170
30886,RegionE,170
31774,RegionB,170
32418,RegionD,170
36470,RegionF,170
39142,RegionD,170
4520,RegionD,171
8676,RegionF,171
8713,RegionD,171
10689,RegionE,171
11923,RegionF,171
23042,RegionF,171
30008,RegionF,171
30806,RegionD,171
44004,RegionE,171
47380,RegionD,171
2918,RegionF,172
27970,RegionC,172
30043,RegionD,172
32817,RegionB,172
782,RegionD,173
2744,RegionD,173
5547,RegionF,173
9641,RegionF,173
28665,RegionC,173
28826,RegionE,173
30062,RegionB,173
34613,RegionF,173
39698,RegionB,173
41699,RegionC,173
43868,RegionF,173
46249,RegionF,173
49642,RegionA,173
1425,RegionD,174
10465,RegionE,174
14473,RegionE,174
16861,RegionE,174
20427,RegionD,174
28757,RegionC,174
3653,RegionA,175
9797,RegionE,175
14988,RegionA,175
18128,RegionE,175
22215,RegionF,175
23957,RegionD,175
29197,RegionD,175
47254,RegionF,175
9989,RegionF,176
17459,RegionE,176
34933,RegionE,176
47173,RegionE,176
21946,RegionF,177
30665,RegionA,177
46051,RegionE,177
46210,RegionF,177
46628,RegionE,177
5050,RegionF,178
11067,RegionD,178
17773,RegionE,178
38163,RegionB,178
41090,RegionD,178
41100,RegionF,178
13984,RegionF,179
23284,RegionF,179
24780,RegionF,179
34588,RegionB,179
36530,RegionC,179
46434,RegionF,179
48997,RegionE,179
8635,RegionE,180
30266,RegionD,180
33160,RegionD,180
46869,RegionD,180
49092,RegionD,180
14334,RegionD,181
19597,RegionE,181
19858,RegionD,181
25491,RegionD,181
36797,RegionF,181
5062,RegionF,182
10719,RegionD,182
11297,RegionD,182
24508,RegionD,182
25881,RegionE,182
45899,RegionD,182
46666,RegionD,182
5461,RegionE,183
5898,RegionD,183
6712,RegionD,183
8115,RegionD,183
12526,RegionE,183
12758,RegionB,183
16681,RegionC,183
27882,RegionE,183
39750,RegionA,183
42598,RegionD,183
44465,RegionF,183
48473,RegionF,183
4111,RegionF,184
14627,RegionA,184
15170,RegionF,184
18639,RegionE,184
19573,RegionA,184
19918,RegionE,184
25630,RegionD,184
33521,RegionD,184
35416,RegionD,184
35963,RegionE,184
45222,RegionD,184
6793,RegionE,185
9546,RegionD,185
10625,RegionF,185
25256,RegionD,185
26944,RegionE,185
40677,RegionD,185
41745,RegionC,185
44211,RegionB,185
11522,RegionE,186
24887,RegionC,186
31853,RegionC,186
4653,RegionD,187
6611,RegionF,187
7335,RegionD,187
15796,RegionD,187
32593,RegionF,187
44062,RegionD,187
48493,RegionF,187
1802,RegionF,188
10951,RegionE,188
12852,RegionD,188
16203,RegionD,188
25364,RegionF,188
32437,RegionC,188
36079,RegionD,188
36318,RegionF,188
9802,RegionD,189
19221,RegionD,189
24283,RegionB,189
25478,RegionD,189
34905,RegionD,189
49766,RegionF,189
9419,RegionA,190
11243,RegionC,190
13244,RegionD,190
18629,RegionC,190
27620,RegionF,190
32101,RegionF,190
32736,RegionE,190
34681,RegionD,190
36323,RegionE,190
11516,RegionE,191
13424,RegionE,191
28964,RegionE,191
37399,RegionE,191
37586,RegionC,191
2394,RegionB,192
4501,RegionD,192
6212,RegionC,192
7826,RegionD,192
21978,RegionE,192
32949,RegionD,192
33724,RegionD,192
33813,RegionF,192
35955,RegionD,192
36686,RegionF,192
42253,RegionE,192
47399,RegionC,192
12304,RegionF,193
18878,RegionB,193
25650,RegionD,193
29134,RegionE,193
32706,RegionD,193
34048,RegionE,193
9843,RegionE,194
11123,RegionF,194
15965,RegionF,194
25592,RegionE,194
31983,RegionF,194
47430,RegionF,194
49928,RegionE,194
2791,RegionE,195
4410,RegionD,195
5091,RegionD,195
13220,RegionE,195
16432,RegionD,195
16737,RegionE,195
18170,RegionC,195
20552,RegionD,195
25714,RegionD,195
35515,RegionD,195
39201,RegionD,195
39939,RegionF,195
43215,RegionD,195
2220,RegionE,196
7785,RegionF,196
8106,RegionF,196
10810,RegionC,196
31999,RegionD,196
9741,RegionC,197
22633,RegionE,197
23732,RegionB,197
26380,RegionF,197
30307,RegionD,197
30594,RegionD,197
33890,RegionE,197
33975,RegionE,197
2347,RegionF,198
14298,RegionF,198
15088,RegionD,198
17305,RegionD,198
19697,RegionF,198
25770,RegionF,198
35036,RegionD,198
45657,RegionE,198
2219,RegionD,199
8744,RegionC,199
15389,RegionD,199
21851,RegionD,199
23004,RegionB,199
26324,RegionD,199
37521,RegionD,199
39038,RegionD,199
604,RegionD,200
1859,RegionE,200
7329,RegionD,200
15082,RegionD,200
38897,RegionF,200
41006,RegionD,200
3072,RegionD,201
3210,RegionD,201
11602,RegionF,201
16828,RegionE,201
22876,RegionE,201
31297,RegionD,201
10909,RegionD,202
12946,RegionE,202
13334,RegionF,202
17113,RegionA,202
31828,RegionD,202
32030,RegionB,202
38153,RegionE,202
41306,RegionD,202
42900,RegionD,202
45739,RegionA,202
47538,RegionD,202
20912,RegionD,203
24933,RegionD,203
31964,RegionA,203
3664,RegionE,204
8604,RegionF,204
10607,RegionD,204
17469,RegionD,204
23850,RegionB,204
26713,RegionE,204
36197,RegionD,204
48006,RegionE,204
49866,RegionD,204
11127,RegionD,205
22993,RegionD,205
32979,RegionF,205
39667,RegionD,205
47984,RegionD,205
3390,RegionF,206
4516,RegionE,206
11298,RegionE,206
24015,RegionD,206
34560,RegionF,206
36064,RegionB,206
39872,RegionE,206
45572,RegionE,206
15610,RegionF,207
18992,RegionD,207
20913,RegionD,207
21937,RegionD,207
12960,RegionF,208
20395,RegionD,208
21931,RegionE,208
22801,RegionC,208
44888,RegionD,208
47938,RegionD,208
7533,RegionE,209
9266,RegionE,209
18016,RegionE,209
40242,RegionA,209
43977,RegionD,209
728,RegionC,210
1141,RegionB,210
6745,RegionD,210
12394,RegionE,210
38927,RegionE,210
45163,RegionD,210
47617,RegionD,210
3522,RegionB,211
12604,RegionE,211
17031,RegionD,211
23007,RegionE,211
23929,RegionB,211
48321,RegionE,211
12230,RegionE,212
13633,RegionD,212
15332,RegionD,212
15377,RegionD,212
15504,RegionE,212
16397,RegionF,212
21029,RegionF,212
30510,RegionD,212
45316,RegionE,212
46027,RegionF,212
2669,RegionA,213
4826,RegionF,213
8990,RegionE,213
41625,RegionF,213
42474,RegionD,213
43920,RegionE,213
44414,RegionA,213
46300,RegionE,213
47487,RegionE,213
845,RegionF,214
3721,RegionD,214
6657,RegionF,214
15599,RegionD,214
17580,RegionD,214
30120,RegionF,214
41724,RegionF,214
1800,RegionE,215
5373,RegionD,215
6225,RegionC,215
17530,RegionE,215
30670,RegionF,215
35628,RegionE,215
46426,RegionF,215
3508,RegionF,216
4072,RegionF,216
4663,RegionF,216
20665,RegionE,216
22577,RegionF,217
27303,RegionD,216
37548,RegionD,216
6440,RegionF,217
17136,RegionE,217
18499,RegionD,217
19385,RegionD,217
42077,RegionF,217
42879,RegionA,217
45034,RegionE,217
45540,RegionE,217
46603,RegionF,218
13913,RegionD,218
14500,RegionE,218
18888,RegionE,218
26208,RegionE,218
28647,RegionD,218
35182,RegionE,218
41860,RegionE,218
43702,RegionD,218
439,RegionA,219
1606,RegionF,219
12795,RegionE,219
14158,RegionE,219
15930,RegionE,219
16147,RegionE,219
18387,RegionD,219
18582,RegionF,219
24813,RegionF,219
30426,RegionE,221
39601,RegionD,219
42883,RegionE,220
2397,RegionE,222
16917,RegionC,220
24944,RegionF,220
26072,RegionF,220
38450,RegionF,220
48168,RegionD,220
124,RegionA,221
5387,RegionD,221
18345,RegionF,221
20243,RegionD,221
31337,RegionD,221
36383,RegionE,222
46744,RegionD,221
14062,RegionF,222
25627,RegionF,222
26394,RegionF,222
35366,RegionE,222
41651,RegionF,222
45741,RegionD,222
49361,RegionD,222
2296,RegionC,223
3216,RegionD,223
4225,RegionD,223
11789,RegionD,223
23907,RegionE,223
26310,RegionB,223
30146,RegionF,223
35856,RegionD,223
40205,RegionD,223
3797,RegionF,224
9873,RegionD,224
17994,RegionD,224
18571,RegionD,224
25950,RegionD,224
46107,RegionC,224
48225,RegionA,224
49646,RegionE,224
1763,RegionF,225
31308,RegionA,225
35121,RegionD,225
40262,RegionB,225
1041,RegionF,226
29479,RegionD,226
39497,RegionD,226
40470,RegionF,226
43327,RegionD,226
47872,RegionD,226
11607,RegionE,227
16594,RegionF,227
23015,RegionF,227
23626,RegionF,227
24057,RegionE,227
28851,RegionD,227
37866,RegionF,227
39670,RegionF,227
41454,RegionF,227
48107,RegionA,227
48671,RegionA,227
4825,RegionE,228
8524,RegionE,228
10732,RegionD,228
11372,RegionF,228
11478,RegionF,230
18083,RegionF,229
28131,RegionE,228
28301,RegionE,228
39520,RegionF,230
43976,RegionD,228
1913,RegionF,230
3327,RegionD,229
4214,RegionE,229
9928,RegionE,229
15341,RegionF,230
34580,RegionF,231
40287,RegionF,231
41423,RegionB,229
44547,RegionD,229
46693,RegionD,229
47181,RegionF,231
16164,RegionD,230
16744,RegionE,230
21972,RegionF,230
32738,RegionA,230
42491,RegionF,232
44977,RegionF,233
47976,RegionB,230
8176,RegionE,231
27239,RegionE,231
34431,RegionC,231
36104,RegionD,231
46720,RegionE,231
6569,RegionE,232
11872,RegionA,232
13945,RegionA,232
16118,RegionD,232
21573,RegionF,233
26556,RegionE,232
28037,RegionD,232
34969,RegionC,232
35536,RegionE,232
5956,RegionC,233
15591,RegionF,233
19533,RegionF,235
21073,RegionE,233
25099,RegionD,233
27965,RegionD,233
42102,RegionE,233
11620,RegionE,234
13358,RegionE,234
38142,RegionF,234
42955,RegionE,234
5531,RegionD,235
7998,RegionD,235
9728,RegionD,235
11347,RegionF,235
13282,RegionF,235
14272,RegionF,235
17718,RegionD,235
20611,RegionD,235
29921,RegionE,235
34018,RegionD,235
40367,RegionB,235
42795,RegionD,235
1270,RegionE,236
4554,RegionD,236
5219,RegionF,236
17722,RegionF,237
20221,RegionF,236
23951,RegionD,236
30709,RegionE,236
48056,RegionD,236
14418,RegionC,237
23411,RegionC,237
27753,RegionB,237
3286,RegionB,238
18635,RegionA,238
22646,RegionE,238
24606,RegionD,238
39843,RegionD,238
4689,RegionF,239
22190,RegionF,239
47715,RegionD,239
1386,RegionD,240
2274,RegionF,240
4307,RegionE,240
13703,RegionC,240
17484,RegionE,240
19579,RegionF,240
30913,RegionF,240
38977,RegionD,240
109,RegionE,241
11059,RegionB,241
15000,RegionF,241
33340,RegionF,241
36378,RegionF,241
47224,RegionD,241
47797,RegionF,241
48655,RegionE,241
4000,RegionF,242
8044,RegionD,242
35912,RegionF,242
43801,RegionE,242
17739,RegionD,243
20948,RegionE,243
25395,RegionE,243
28850,RegionD,243
44479,RegionF,243
46384,RegionD,243
47560,RegionE,243
7445,RegionC,244
8436,RegionD,244
28859,RegionE,244
31869,RegionE,244
48954,RegionD,244
2938,RegionA,245
4169,RegionE,245
4582,RegionE,245
15227,RegionD,245
15388,RegionA,245
21310,RegionF,245
29412,RegionF,245
35937,RegionE,245
38519,RegionD,245
39639,RegionB,245
48101,RegionC,245
449,RegionE,246
1279,RegionC,246
7644,RegionD,246
12885,RegionD,246
23285,RegionF,246
28891,RegionE,246
49254,RegionF,246
23149,RegionD,247
26509,RegionD,247
31429,RegionD,247
37679,RegionD,247
42443,RegionE,247
2990,RegionF,248
19308,RegionE,248
30076,RegionD,248
37102,RegionD,248
2026,RegionF,249
5687,RegionC,249
8043,RegionD,249
10884,RegionD,249
29477,RegionF,249
30529,RegionD,249
30690,RegionF,249
44683,RegionA,249
8372,RegionD,250
10024,RegionD,250
11233,RegionE,250
12197,RegionE,250
15473,RegionF,250
17536,RegionD,250
24070,RegionE,250
27761,RegionD,250
40230,RegionD,250
41839,RegionD,250
43203,RegionD,250
3442,RegionF,251
30987,RegionB,251
31635,RegionF,251
33019,RegionF,251
35312,RegionD,251
46066,RegionF,251
2021,RegionD,252
18439,RegionC,252
24545,RegionA,252
28490,RegionD,252
29516,RegionF,252
30326,RegionD,252
47426,RegionD,252
49923,RegionF,252
10723,RegionF,253
25360,RegionD,253
27727,RegionC,253
28768,RegionF,253
29925,RegionD,253
30873,RegionE,253
38576,RegionA,253
40999,RegionD,253
42171,RegionB,253
8536,RegionD,254
37891,RegionE,254
1154,RegionB,255
6579,RegionB,255
7115,RegionF,255
12089,RegionB,255
25873,RegionD,255
29727,RegionA,255
35737,RegionD,255
42042,RegionD,255
43301,RegionD,255
1576,RegionD,256
27918,RegionD,256
28588,RegionD,256
30010,RegionC,256
39973,RegionA,256
8850,RegionD,257
9247,RegionF,257
11519,RegionD,257
20433,RegionC,257
41388,RegionE,257
41831,RegionD,257
47040,RegionD,257
640,RegionE,258
5104,RegionD,258
8636,RegionE,258
35902,RegionD,258
38902,RegionE,258
45878,RegionD,258
46054,RegionB,258
46542,RegionD,258
47350,RegionE,258
48346,RegionD,258
2472,RegionF,259
19675,RegionE,259
28756,RegionF,259
31002,RegionD,259
38400,RegionD,259
42689,RegionB,259
44244,RegionC,259
47448,RegionE,259
65,RegionA,260
685,RegionE,260
7526,RegionD,260
8179,RegionA,260
21719,RegionD,260
27430,RegionF,260
39417,RegionD,260
41721,RegionD,260
49011,RegionF,260
1776,RegionF,261
3667,RegionD,261
24837,RegionE,261
41735,RegionE,261
9683,RegionD,262
28276,RegionF,262
30956,RegionD,262
46786,RegionE,262
48015,RegionA,262
16216,RegionD,263
16790,RegionF,263
28871,RegionE,263
34726,RegionC,263
43901,RegionF,263
5334,RegionD,264
23924,RegionD,264
24375,RegionB,264
1017,RegionD,265
7498,RegionD,265
9846,RegionC,265
14416,RegionF,265
19252,RegionB,265
20650,RegionD,265
20723,RegionD,265
28141,RegionD,265
41083,RegionD,265
4779,RegionE,266
8190,RegionE,266
10535,RegionD,266
12549,RegionD,266
14962,RegionB,266
16257,RegionE,266
26888,RegionD,266
31693,RegionE,266
39347,RegionE,266
41654,RegionD,266
41697,RegionF,266
47108,RegionE,266
4904,RegionE,267
10684,RegionF,267
12360,RegionD,267
19498,RegionE,267
47786,RegionB,267
48532,RegionF,267
2451,RegionF,268
3824,RegionB,268
4123,RegionE,268
9686,RegionF,268
13649,RegionF,268
25479,RegionD,268
29433,RegionD,268
45800,RegionD,268
8400,RegionE,269
10527,RegionF,269
17106,RegionF,269
34150,RegionD,269
35787,RegionF,269
47999,RegionE,269
1757,RegionF,270
10062,RegionB,270
10870,RegionD,270
13033,RegionA,270
18046,RegionD,270
20200,RegionE,270
23691,RegionF,270
36083,RegionF,270
37606,RegionD,270
47433,RegionD,270
48469,RegionD,270
4246,RegionD,271
9137,RegionB,271
14762,RegionE,271
27106,RegionD,271
32995,RegionD,271
33373,RegionF,271
39000,RegionE,271
41585,RegionF,271
41861,RegionF,271
42181,RegionE,271
42364,RegionE,271
21349,RegionF,272
22156,RegionF,272
28601,RegionD,272
29135,RegionF,272
30257,RegionF,272
2976,RegionF,273
8988,RegionD,273
9955,RegionF,273
15623,RegionF,273
19206,RegionB,273
22635,RegionF,273
23506,RegionE,273
23607,RegionA,273
3804,RegionA,274
9318,RegionE,274
10861,RegionF,274
36421,RegionE,274
2506,RegionD,275
9085,RegionC,275
10777,RegionB,275
11632,RegionD,275
13524,RegionF,275
13777,RegionD,275
20732,RegionE,275
21101,RegionF,275
25230,RegionD,275
28447,RegionF,275
34008,RegionE,275
35295,RegionF,275
41525,RegionE,275
44403,RegionD,275
8163,RegionE,276
24097,RegionE,276
34418,RegionC,276
34663,RegionD,276
38761,RegionD,276
16523,RegionB,277
18051,RegionF,277
27927,RegionE,277
35246,RegionD,277
45618,RegionE,277
159,RegionD,278
8557,RegionE,278
20729,RegionD,278
25852,RegionD,278
32911,RegionD,278
38651,RegionD,278
42637,RegionC,278
43305,RegionF,278
44265,RegionD,278
48787,RegionE,278
15394,RegionF,279
17041,RegionA,279
17371,RegionD,279
23915,RegionF,279
30470,RegionD,279
30810,RegionC,279
32993,RegionF,279
44926,RegionB,279
47324,RegionE,279
566,RegionD,280
9289,RegionD,280
26595,RegionE,280
30378,RegionD,280
31967,RegionD,280
33479,RegionF,280
37159,RegionA,280
46871,RegionE,280
2696,RegionC,281
5024,RegionA,281
19905,RegionE,281
29296,RegionD,281
31946,RegionD,281
45597,RegionD,281
49458,RegionF,281
25090,RegionB,282
25457,RegionA,282
29053,RegionD,282
36825,RegionB,282
40039,RegionB,282
1517,RegionD,283
10857,RegionD,283
14302,RegionD,283
18846,RegionD,283
20691,RegionD,283
28476,RegionD,283
44209,RegionF,283
29,RegionE,284
6313,RegionE,284
14129,RegionB,284
17901,RegionC,284
23438,RegionD,284
25781,RegionD,284
34799,RegionD,284
2513,RegionD,285
26054,RegionB,285
41365,RegionD,285
4728,RegionF,286
22663,RegionB,286
39994,RegionD,286
49826,RegionB,286
18995,RegionF,287
19595,RegionD,287
30885,RegionE,287
37940,RegionB,287
49790,RegionE,287
2463,RegionE,288
2996,RegionF,288
8352,RegionD,288
17801,RegionF,288
18859,RegionD,288
31661,RegionF,288
38969,RegionF,288
39150,RegionE,288
43803,RegionF,288
3789,RegionF,289
4375,RegionB,289
16265,RegionE,289
36684,RegionE,289
40819,RegionF,289
43295,RegionD,289
49134,RegionE,289
1734,RegionD,290
3419,RegionD,290
9776,RegionD,290
13837,RegionE,290
14175,RegionC,290
22447,RegionD,290
32640,RegionB,290
33133,RegionD,290
35438,RegionE,290
39552,RegionF,290
42903,RegionE,290
48555,RegionD,290
2168,RegionE,291
27184,RegionD,291
32444,RegionD,291
43453,RegionE,291
38,RegionF,292
8703,RegionF,292
16391,RegionF,292
26099,RegionF,292
28493,RegionF,292
36935,RegionF,292
37138,RegionF,292
43928,RegionF,292
48907,RegionF,292
7240,RegionF,293
15272,RegionD,293
23393,RegionD,293
27148,RegionF,293
36748,RegionD,293
38820,RegionD,293
39969,RegionD,293
40708,RegionB,293
14560,RegionF,294
16426,RegionD,294
24033,RegionF,294
27568,RegionF,294
29227,RegionF,294
37016,RegionD,294
38485,RegionD,294
2456,RegionE,295
8881,RegionA,295
9420,RegionD,295
22901,RegionD,295
38638,RegionD,295
14896,RegionA,296
34067,RegionE,296
8814,RegionF,297
9512,RegionD,297
10984,RegionE,297
18471,RegionA,297
26398,RegionD,297
6522,RegionD,298
20007,RegionD,298
40637,RegionD,298
43515,RegionF,298
46528,RegionD,298
1276,RegionE,299
9931,RegionC,299
14206,RegionF,299
19654,RegionD,299
23843,RegionF,299
39548,RegionD,299
41411,RegionD,299
44036,RegionD,299
24857,RegionE,300
37241,RegionE,300
43611,RegionE,300
48624,RegionF,300
13733,RegionE,301
20697,RegionD,301
22868,RegionD,301
24754,RegionF,301
25004,RegionF,301
27259,RegionF,301
44061,RegionD,301
45188,RegionA,301
11927,RegionD,302
18467,RegionD,302
25357,RegionF,302
47263,RegionD,302
6853,RegionF,303
7619,RegionE,303
12399,RegionD,303
15226,RegionD,303
20981,RegionE,303
32386,RegionD,303
37678,RegionC,303
38062,RegionE,303
42652,RegionD,303
6848,RegionC,304
11020,RegionC,304
26245,RegionD,304
28185,RegionF,304
37585,RegionF,304
38430,RegionF,304
46389,RegionC,304
47930,RegionB,304
10144,RegionE,305
13037,RegionE,305
14200,RegionF,305
14496,RegionA,305
21252,RegionF,305
26375,RegionF,305
26699,RegionD,305
27054,RegionE,305
30616,RegionE,305
44951,RegionF,305
13413,RegionF,306
23758,RegionA,306
28733,RegionD,306
35745,RegionD,306
44341,RegionF,306
1986,RegionF,307
2251,RegionD,307
5691,RegionE,307
5928,RegionF,307
32799,RegionD,307
35760,RegionE,307
809,RegionD,308
2534,RegionD,308
4143,RegionE,308
12585,RegionE,308
13623,RegionF,308
19710,RegionF,308
21624,RegionE,308
22429,RegionD,308
26536,RegionE,308
30101,RegionA,308
37712,RegionD,308
7652,RegionE,309
15937,RegionE,309
44598,RegionB,309
8380,RegionE,310
26614,RegionD,310
33579,RegionD,310
37047,RegionF,310
43275,RegionD,310
15529,RegionE,311
22209,RegionF,311
24185,RegionC,311
29329,RegionD,311
32825,RegionD,311
45836,RegionF,311
48470,RegionD,311
9506,RegionD,312
36204,RegionD,312
38057,RegionF,312
39906,RegionF,312
48343,RegionA,312
48690,RegionF,312
4411,RegionE,313
6760,RegionE,313
9638,RegionD,313
20846,RegionB,313
21208,RegionD,313
33514,RegionD,313
37832,RegionE,313
43572,RegionE,313
3527,RegionF,314
3958,RegionE,314
6622,RegionE,314
9750,RegionE,314
15993,RegionD,314
19042,RegionB,314
22733,RegionF,314
27729,RegionD,314
28575,RegionD,314
32102,RegionB,314
39710,RegionF,314
40563,RegionF,314
44545,RegionA,314
1778,RegionD,315
8996,RegionE,315
14229,RegionD,315
20916,RegionF,315
30584,RegionE,315
36842,RegionE,315
38704,RegionE,315
41706,RegionD,315
42486,RegionC,315
3045,RegionD,316
5877,RegionB,316
8949,RegionD,316
14185,RegionE,316
14808,RegionE,316
24053,RegionA,316
25989,RegionC,316
42081,RegionD,316
6717,RegionC,317
6999,RegionC,317
14677,RegionE,317
20558,RegionD,317
20886,RegionD,317
22365,RegionE,317
27086,RegionD,317
32293,RegionD,317
45749,RegionE,318
1961,RegionB,318
13507,RegionD,318
24718,RegionD,318
25584,RegionD,318
26850,RegionD,318
29221,RegionF,318
30620,RegionC,318
36294,RegionC,318
36313,RegionA,318
44714,RegionF,318
46800,RegionF,318
48285,RegionD,318
3505,RegionD,319
6248,RegionE,319
30573,RegionF,319
33390,RegionD,319
34065,RegionD,319
3502,RegionA,320
4957,RegionF,320
5175,RegionB,320
7072,RegionD,320
20416,RegionE,320
32166,RegionF,320
35717,RegionD,320
49851,RegionF,320
1443,RegionC,321
22806,RegionF,321
22860,RegionC,321
23919,RegionE,321
24299,RegionE,321
28785,RegionD,321
33669,RegionF,321
46841,RegionA,321
90,RegionF,322
796,RegionD,322
7318,RegionF,322
9364,RegionE,322
16088,RegionE,322
16491,RegionD,322
35599,RegionD,322
41959,RegionF,322
48274,RegionD,322
13870,RegionE,323
20838,RegionF,323
27675,RegionD,323
44702,RegionF,323
45468,RegionE,323
7323,RegionE,324
20299,RegionE,324
22176,RegionF,324
25192,RegionE,324
25434,RegionE,324
5528,RegionF,325
8365,RegionD,325
17741,RegionE,325
21490,RegionD,325
25470,RegionA,325
27856,RegionF,325
38831,RegionF,325
41515,RegionB,325
49136,RegionF,325
49310,RegionD,325
49406,RegionB,325
12421,RegionE,326
17440,RegionF,326
37229,RegionE,326
37826,RegionE,326
38860,RegionD,326
42297,RegionD,326
44364,RegionD,326
2829,RegionD,327
14065,RegionD,327
14849,RegionF,327
27170,RegionD,327
34885,RegionD,327
45455,RegionE,327
45637,RegionD,327
48179,RegionA,327
49992,RegionD,327
157,RegionB,328
561,RegionE,328
8321,RegionE,328
12912,RegionE,328
13589,RegionF,328
17999,RegionB,328
21126,RegionF,328
22307,RegionF,328
26815,RegionB,328
36905,RegionD,328
38799,RegionA,328
31220,RegionE,329
32781,RegionE,329
36888,RegionE,329
40674,RegionF,329
47431,RegionF,329
48090,RegionD,329
49142,RegionF,329
305,RegionE,330
8563,RegionE,330
32792,RegionD,330
32978,RegionE,330
38337,RegionE,330
48701,RegionE,330
3795,RegionE,331
21069,RegionB,331
31666,RegionE,331
39975,RegionD,331
40842,RegionD,331
43628,RegionD,331
47196,RegionD,331
34968,RegionF,332
6997,RegionF,333
34522,RegionA,333
35892,RegionF,333
38660,RegionF,333
41496,RegionD,333
46009,RegionD,333
758,RegionE,334
11291,RegionD,334
19263,RegionF,334
24287,RegionE,334
35461,RegionD,334
45211,RegionE,334
164,RegionC,335
19676,RegionE,335
29130,RegionF,335
45038,RegionD,335
12498,RegionD,336
19876,RegionD,336
22585,RegionD,336
35534,RegionD,336
15620,RegionD,337
19400,RegionE,337
38904,RegionA,337
40005,RegionF,337
40196,RegionA,337
44270,RegionB,337
11095,RegionE,338
20228,RegionF,338
28356,RegionF,338
30447,RegionF,338
42882,RegionD,338
46428,RegionB,338
49041,RegionD,338
6245,RegionD,339
18915,RegionE,339
45350,RegionE,339
14888,RegionF,340
15929,RegionD,341
25441,RegionE,341
33812,RegionF,341
34348,RegionD,341
37854,RegionF,341
41338,RegionC,341
6975,RegionD,342
10927,RegionF,342
11984,RegionB,342
18986,RegionE,342
25996,RegionD,342
30840,RegionE,342
31984,RegionB,342
35960,RegionD,342
40711,RegionE,342
43285,RegionF,342
46175,RegionE,342
13136,RegionE,343
20694,RegionF,343
39627,RegionD,343
6276,RegionF,344
10063,RegionD,344
29310,RegionD,344
39208,RegionD,344
43248,RegionD,344
836,RegionE,345
1722,RegionE,345
24618,RegionC,345
37939,RegionF,345
44997,RegionF,345
9712,RegionE,346
11413,RegionA,346
13769,RegionD,346
16402,RegionE,346
21750,RegionF,346
22700,RegionE,346
27207,RegionF,346
31643,RegionB,346
44927,RegionD,346
47683,RegionD,346
269,RegionC,347
755,RegionD,347
1590,RegionE,347
4122,RegionE,347
4939,RegionB,347
8834,RegionF,347
10832,RegionD,347
22913,RegionD,347
39259,RegionD,347
40486,RegionD,347
45591,RegionD,347
46904,RegionE,347
1530,RegionD,348
4050,RegionE,348
5763,RegionE,348
10934,RegionA,348
12377,RegionF,348
29839,RegionB,348
30354,RegionE,348
46100,RegionB,348
24693,RegionE,349
27003,RegionE,349
31682,RegionA,349
34176,RegionD,349
36036,RegionF,349
42316,RegionD,349
931,RegionB,350
18558,RegionD,350
19741,RegionE,350
25296,RegionD,350
41343,RegionF,350
20932,RegionD,351
23941,RegionF,351
29768,RegionD,351
40462,RegionE,351
42923,RegionE,351
43880,RegionE,351
45982,RegionB,351
46275,RegionE,351
7138,RegionD,352
11064,RegionF,352
16000,RegionD,352
49603,RegionC,352
1029,RegionF,353
7142,RegionF,353
9305,RegionE,353
14914,RegionF,353
14980,RegionF,353
16660,RegionF,353
36943,RegionB,353
37704,RegionB,353
43435,RegionF,353
48455,RegionB,353
2478,RegionF,354
14377,RegionF,354
25779,RegionC,354
30628,RegionD,354
31213,RegionE,354
31334,RegionF,354
37152,RegionF,354
44467,RegionC,354
11535,RegionE,355
26935,RegionD,355
36664,RegionE,355
39392,RegionD,355
40763,RegionD,355
41996,RegionD,355
3364,RegionF,356
10252,RegionA,356
13216,RegionF,356
13526,RegionD,356
18968,RegionF,356
33544,RegionF,356
35840,RegionF,357
43857,RegionC,356
5827,RegionD,357
5933,RegionE,357
29774,RegionD,357
34200,RegionF,358
39542,RegionD,357
11456,RegionE,358
20544,RegionB,358
21953,RegionF,358
30361,RegionE,358
42100,RegionD,358
48403,RegionD,358
7656,RegionD,359
13978,RegionB,359
22745,RegionE,359
24829,RegionD,359
31471,RegionF,359
35000,RegionF,359
39053,RegionF,359
3701,RegionD,360
7624,RegionD,360
11091,RegionF,360
16621,RegionF,362
32769,RegionF,360
35817,RegionD,360
41106,RegionE,360
48842,RegionB,360
14437,RegionA,361
14923,RegionC,361
18270,RegionD,361
19976,RegionD,361
27457,RegionF,362
28204,RegionF,362
3503,RegionD,362
4656,RegionF,362
9810,RegionE,362
18954,RegionE,362
29048,RegionD,362
30360,RegionE,362
39978,RegionF,363
43501,RegionF,363
1964,RegionE,363
21960,RegionF,363
22294,RegionF,364
31943,RegionF,363
37239,RegionD,363
44159,RegionD,363
2247,RegionE,364
5242,RegionD,364
19458,RegionD,364
28711,RegionC,364
31127,RegionD,364
45424,RegionA,364
2078,RegionF,365
2159,RegionD,365
6352,RegionD,365
10370,RegionA,365
22911,RegionF,365
37402,RegionB,365
39027,RegionF,365
43701,RegionD,365
5322,RegionD,366
8540,RegionA,366
22302,RegionB,366
37463,RegionD,366
44422,RegionD,366
45914,RegionE,366
5412,RegionD,367
11356,RegionD,367
11579,RegionD,367
11653,RegionE,367
11836,RegionE,367
30112,RegionE,367
3066,RegionE,368
12745,RegionB,368
13696,RegionB,368
38789,RegionE,368
46377,RegionD,368
10263,RegionE,369
10709,RegionE,369
14379,RegionD,369
16544,RegionD,369
24009,RegionD,369
33679,RegionD,369
36895,RegionF,369
42003,RegionD,369
2104,RegionF,370
14012,RegionD,370
24309,RegionA,370
36555,RegionF,370
44387,RegionF,370
48036,RegionD,370
48659,RegionD,370
48873,RegionF,370
3630,RegionE,371
13049,RegionD,371
15150,RegionE,371
19620,RegionD,371
24818,RegionE,371
46797,RegionD,371
49235,RegionF,371
7415,RegionE,372
8083,RegionD,372
12687,RegionD,372
19485,RegionE,372
28283,RegionF,372
43711,RegionF,372
5040,RegionD,373
19220,RegionD,373
37861,RegionA,373
41763,RegionF,373
11639,RegionD,374
27206,RegionE,374
38365,RegionF,374
44106,RegionB,374
8361,RegionF,375
11681,RegionF,375
16592,RegionE,375
30247,RegionD,375
38785,RegionF,375
46354,RegionF,375
3582,RegionD,376
47098,RegionD,376
7653,RegionF,377
9950,RegionA,377
19016,RegionC,377
23995,RegionD,377
41013,RegionE,377
12749,RegionE,378
17959,RegionF,378
25237,RegionE,378
48051,RegionD,378
10240,RegionD,379
12306,RegionD,379
13920,RegionD,379
19617,RegionE,379
20445,RegionF,379
25749,RegionE,379
37358,RegionD,379
40587,RegionE,379
42554,RegionD,379
2266,RegionE,380
13296,RegionB,380
20458,RegionF,380
24653,RegionD,380
26796,RegionD,380
31245,RegionD,380
33850,RegionE,380
38115,RegionF,380
43177,RegionD,380
44192,RegionD,380
46186,RegionD,380
46601,RegionD,380
1987,RegionA,381
9356,RegionD,381
18410,RegionE,381
34171,RegionD,381
40269,RegionC,381
5965,RegionD,382
16642,RegionD,382
19671,RegionF,382
25092,RegionD,382
26817,RegionD,382
29767,RegionC,382
30533,RegionF,382
33449,RegionD,382
34108,RegionF,382
34721,RegionD,382
45204,RegionD,382
45386,RegionD,382
49312,RegionE,382
11342,RegionD,383
14477,RegionC,383
27002,RegionE,383
28677,RegionF,383
30022,RegionF,383
36814,RegionD,384
41192,RegionF,383
46574,RegionD,384
48572,RegionF,383
2913,RegionD,384
11191,RegionD,385
13511,RegionF,384
34534,RegionF,384
48674,RegionD,385
12146,RegionF,385
14558,RegionD,385
15813,RegionF,385
16100,RegionE,385
28152,RegionF,385
32412,RegionD,385
4359,RegionE,386
10669,RegionE,386
11285,RegionE,386
24614,RegionE,386
25388,RegionE,386
33324,RegionD,386
42300,RegionF,386
28036,RegionD,387
36631,RegionE,387
36818,RegionA,387
39307,RegionD,387
40266,RegionE,387
43832,RegionD,387
45492,RegionD,387
46406,RegionE,387
7771,RegionF,388
7900,RegionD,388
16126,RegionE,388
19628,RegionD,388
26193,RegionD,388
27688,RegionD,388
713,RegionF,389
1693,RegionD,389
18208,RegionF,389
27622,RegionB,389
31194,RegionE,389
33599,RegionD,389
1424,RegionD,390
1647,RegionD,390
2291,RegionD,390
13871,RegionF,390
41121,RegionA,390
45928,RegionF,390
49681,RegionF,390
1831,RegionD,391
8469,RegionD,391
21149,RegionD,391
23533,RegionE,391
30402,RegionF,391
36496,RegionF,391
41135,RegionD,391
42825,RegionF,391
44731,RegionD,391
16360,RegionD,392
20555,RegionE,392
24461,RegionD,392
24599,RegionD,392
27020,RegionD,392
27973,RegionE,392
28310,RegionF,392
43379,RegionD,392
9803,RegionE,393
14908,RegionF,393
16323,RegionE,393
16967,RegionE,393
24077,RegionE,393
27872,RegionD,393
31723,RegionD,393
39352,RegionD,393
2796,RegionD,394
4078,RegionF,394
6538,RegionF,394
30277,RegionF,394
31769,RegionD,394
33046,RegionF,394
40104,RegionF,395
7805,RegionF,395
8698,RegionC,395
23770,RegionF,396
38344,RegionE,395
48333,RegionD,395
6452,RegionE,396
33345,RegionE,396
37989,RegionE,396
611,RegionD,397
8264,RegionF,397
21590,RegionE,397
26232,RegionD,397
10676,RegionE,398
24426,RegionF,398
41695,RegionE,398
41845,RegionD,398
10467,RegionF,399
17065,RegionE,399
27955,RegionF,399
33220,RegionE,399
36033,RegionD,399
41428,RegionF,399
44852,RegionF,399
10942,RegionD,400
13299,RegionE,400
14917,RegionD,400
16954,RegionF,400
18359,RegionF,400
26967,RegionD,400
39858,RegionD,400
41391,RegionD,400
46503,RegionE,400
135,RegionE,401
11409,RegionD,401
18089,RegionF,401
30484,RegionD,401
42616,RegionF,401
49834,RegionD,401
2073,RegionD,402
7402,RegionE,402
14442,RegionF,402
15649,RegionF,402
16632,RegionE,402
17638,RegionA,402
21934,RegionF,402
28564,RegionE,402
42040,RegionC,402
125,RegionD,403
7899,RegionD,403
10321,RegionE,403
13067,RegionD,403
17552,RegionF,403
25912,RegionD,403
47131,RegionD,403
4021,RegionC,404
9472,RegionC,404
23435,RegionF,404
30548,RegionD,404
33401,RegionC,404
5460,RegionE,405
12953,RegionF,405
19164,RegionE,405
27863,RegionF,405
33567,RegionD,405
40144,RegionB,405
42233,RegionE,405
43675,RegionD,405
450,RegionE,406
4527,RegionD,406
6045,RegionE,406
13451,RegionE,406
20438,RegionF,406
32764,RegionF,406
36230,RegionD,406
36360,RegionD,406
3127,RegionF,407
24998,RegionB,407
35926,RegionA,407
36068,RegionE,407
5754,RegionD,408
16012,RegionD,408
16622,RegionC,408
17402,RegionB,408
20531,RegionB,408
25260,RegionA,408
25463,RegionF,408
33181,RegionE,408
34820,RegionD,408
39494,RegionF,408
10781,RegionE,409
15883,RegionD,409
29858,RegionF,409
34379,RegionD,409
43578,RegionE,409
46553,RegionC,409
48525,RegionF,409
7188,RegionF,410
9358,RegionF,410
14086,RegionE,410
16892,RegionD,410
34351,RegionF,410
37872,RegionE,410
38137,RegionC,410
40950,RegionF,410
43758,RegionA,410
49326,RegionF,410
570,RegionA,411
5079,RegionD,411
10216,RegionE,411
12126,RegionE,411
14876,RegionF,411
15822,RegionD,411
20859,RegionB,411
26433,RegionF,411
30984,RegionE,411
32133,RegionF,411
49906,RegionD,411
5651,RegionE,412
23598,RegionE,412
26128,RegionD,412
42416,RegionD,412
44661,RegionE,412
1940,RegionF,413
2057,RegionE,413
2230,RegionB,413
6781,RegionF,413
14728,RegionD,413
23492,RegionD,413
29228,RegionF,413
35511,RegionF,413
45361,RegionD,413
48388,RegionF,413
2252,RegionD,414
4833,RegionF,414
7316,RegionD,414
9056,RegionE,414
17968,RegionD,414
21313,RegionD,414
25064,RegionC,414
36191,RegionD,414
36920,RegionE,414
38020,RegionD,414
44757,RegionD,414
49317,RegionE,414
4706,RegionE,415
7264,RegionE,415
14469,RegionF,415
19642,RegionE,415
47114,RegionE,415
1577,RegionE,416
4053,RegionA,416
11141,RegionE,416
20987,RegionE,416
34817,RegionF,416
37000,RegionF,416
4519,RegionA,417
16128,RegionF,417
30282,RegionE,417
40916,RegionF,417
49584,RegionD,417
6267,RegionE,418
31857,RegionE,418
34784,RegionF,418
42447,RegionD,418
47400,RegionD,418
2126,RegionD,419
3379,RegionD,419
14489,RegionF,419
29465,RegionB,419
31545,RegionD,419
35216,RegionF,419
47674,RegionA,419
7864,RegionF,420
15420,RegionF,420
20954,RegionE,420
24455,RegionD,420
37767,RegionE,420
39280,RegionD,420
40959,RegionD,420
212,RegionD,421
5093,RegionE,421
16638,RegionE,421
22858,RegionF,421
26657,RegionF,421
35253,RegionD,421
36459,RegionD,421
38849,RegionE,421
43975,RegionC,421
5623,RegionD,422
7877,RegionF,422
10902,RegionC,422
15403,RegionD,422
28098,RegionE,422
39071,RegionD,422
39100,RegionF,422
48759,RegionD,422
21048,RegionF,423
26834,RegionF,423
26936,RegionE,423
28424,RegionD,423
34509,RegionA,423
36212,RegionE,423
37207,RegionD,423
49605,RegionD,423
943,RegionF,424
10388,RegionF,424
17832,RegionE,424
17834,RegionF,424
29238,RegionD,424
29800,RegionC,424
42692,RegionE,424
43723,RegionE,424
3576,RegionD,425
8677,RegionF,425
9388,RegionD,425
15646,RegionD,425
23289,RegionE,425
32244,RegionE,425
36569,RegionB,425
48280,RegionD,425
4515,RegionD,426
21444,RegionD,426
26982,RegionE,426
40395,RegionD,426
45623,RegionD,426
47800,RegionD,426
6632,RegionD,427
14201,RegionB,427
15212,RegionD,427
28825,RegionD,427
39083,RegionD,427
494,RegionD,428
10697,RegionF,428
27621,RegionF,428
28706,RegionD,428
29467,RegionD,428
36380,RegionD,428
49484,RegionF,428
49496,RegionF,428
12957,RegionD,429
18316,RegionD,429
25023,RegionF,429
25591,RegionD,429
34911,RegionD,429
42049,RegionD,429
43983,RegionD,429
47138,RegionD,429
4048,RegionD,430
7882,RegionE,430
13332,RegionE,430
22174,RegionE,430
24884,RegionE,430
28277,RegionF,430
28685,RegionD,430
36113,RegionE,430
38016,RegionE,430
45441,RegionE,430
47599,RegionE,430
4521,RegionD,431
19692,RegionD,431
26260,RegionD,431
35303,RegionB,431
44365,RegionE,431
47362,RegionD,431
48313,RegionD,431
6259,RegionD,432
7390,RegionE,432
20352,RegionF,432
23415,RegionE,432
25656,RegionD,432
26741,RegionF,432
27686,RegionF,432
30777,RegionB,432
32641,RegionD,432
41975,RegionD,432
47667,RegionF,432
8356,RegionF,433
23293,RegionC,433
26368,RegionF,433
28088,RegionC,433
1078,RegionD,434
4363,RegionD,434
5844,RegionA,434
12993,RegionF,434
21235,RegionD,434
41499,RegionE,434
45017,RegionF,434
46085,RegionF,434
78,RegionA,435
4432,RegionF,435
6513,RegionA,435
8689,RegionF,435
10131,RegionE,435
25998,RegionE,435
46349,RegionA,435
47123,RegionA,435
5890,RegionB,436
16343,RegionE,436
31831,RegionF,436
38956,RegionF,436
9382,RegionD,437
9760,RegionA,437
17406,RegionE,437
20926,RegionD,437
24330,RegionD,437
25195,RegionC,437
29517,RegionF,437
31722,RegionC,437
39972,RegionF,437
47079,RegionD,437
49598,RegionD,437
3417,RegionA,439
9476,RegionE,438
10434,RegionF,438
12007,RegionE,438
37820,RegionF,438
40225,RegionD,438
49043,RegionE,438
1210,RegionE,439
6475,RegionD,439
23392,RegionD,439
38212,RegionE,439
45217,RegionD,439
15852,RegionF,440
16211,RegionD,440
22883,RegionE,440
39102,RegionD,440
40430,RegionE,440
44485,RegionF,440
5109,RegionF,441
8693,RegionD,441
11823,RegionE,441
11858,RegionF,441
19695,RegionE,441
25799,RegionD,441
29126,RegionD,441
29132,RegionD,441
31862,RegionD,441
35743,RegionC,441
38951,RegionD,441
42489,RegionE,441
221,RegionF,442
696,RegionD,442
2221,RegionE,442
6354,RegionF,442
8893,RegionF,442
23707,RegionD,442
28841,RegionF,442
33612,RegionD,442
37333,RegionE,442
5970,RegionD,443
6967,RegionD,443
10471,RegionD,443
48212,RegionA,443
20683,RegionD,444
24459,RegionF,444
42615,RegionF,444
49547,RegionE,444
49951,RegionD,444
2529,RegionE,445
3439,RegionD,445
9821,RegionD,445
14433,RegionD,445
14842,RegionF,445
26164,RegionF,445
42600,RegionD,445
49669,RegionD,445
688,RegionA,446
9719,RegionF,446
19805,RegionD,446
48381,RegionF,446
1560,RegionF,447
3204,RegionE,447
5266,RegionF,447
18650,RegionD,447
21469,RegionB,447
26923,RegionE,447
27852,RegionD,447
31936,RegionF,447
37469,RegionD,447
39001,RegionF,447
41129,RegionD,447
41777,RegionA,447
11937,RegionF,448
40032,RegionA,448
44636,RegionF,448
48937,RegionE,448
11324,RegionD,449
14850,RegionA,449
20188,RegionF,449
22408,RegionD,449
26251,RegionB,449
30344,RegionB,449
42319,RegionE,449
43935,RegionA,449
46421,RegionA,449
1147,RegionF,450
9016,RegionE,450
13532,RegionB,450
23718,RegionF,450
6914,RegionD,451
42431,RegionE,451
43389,RegionF,451
44001,RegionB,451
4581,RegionD,452
12685,RegionF,452
16063,RegionF,452
20646,RegionE,452
30330,RegionF,452
36820,RegionD,452
9426,RegionC,453
12133,RegionF,453
22227,RegionE,453
22648,RegionF,453
28570,RegionE,453
35349,RegionB,453
36103,RegionA,453
49082,RegionE,453
6570,RegionE,454
10802,RegionF,454
14860,RegionE,454
22652,RegionD,454
31596,RegionF,454
7432,RegionC,455
12393,RegionD,455
12741,RegionD,455
15007,RegionF,455
24142,RegionE,455
35744,RegionD,455
46463,RegionD,455
1,RegionD,456
15927,RegionD,456
29700,RegionF,456
44779,RegionE,456
3994,RegionA,457
7300,RegionA,457
17943,RegionE,457
35999,RegionD,457
49319,RegionF,457
7712,RegionF,458
12059,RegionE,458
37230,RegionF,458
20755,RegionD,459
26750,RegionD,459
35879,RegionF,459
36582,RegionA,459
47193,RegionE,459
49482,RegionE,459
5783,RegionE,460
7654,RegionF,460
10314,RegionD,460
13028,RegionD,460
13668,RegionF,460
23731,RegionF,460
29677,RegionD,460
45865,RegionD,460
47453,RegionD,460
12018,RegionD,461
12562,RegionD,461
49740,RegionF,461
1301,RegionD,462
20775,RegionD,462
20958,RegionD,462
39682,RegionE,462
41556,RegionD,462
44500,RegionC,462
45516,RegionA,462
48987,RegionD,462
31700,RegionF,463
46348,RegionF,463
2588,RegionE,464
8342,RegionF,464
26640,RegionD,464
29535,RegionE,464
31314,RegionF,464
35680,RegionE,464
47840,RegionD,464
684,RegionD,465
6892,RegionF,465
16091,RegionD,465
17488,RegionD,465
19408,RegionF,465
20880,RegionD,465
20992,RegionD,465
34397,RegionF,465
3977,RegionD,466
13631,RegionD,466
15230,RegionF,466
23635,RegionD,466
35537,RegionE,466
38329,RegionD,466
39283,RegionF,466
801,RegionD,467
1586,RegionF,467
12102,RegionB,467
16108,RegionF,467
22202,RegionF,467
25097,RegionD,467
35442,RegionD,467
42210,RegionA,467
43994,RegionA,467
45376,RegionE,467
17134,RegionD,468
19086,RegionF,468
31833,RegionB,468
37048,RegionB,468
70,RegionF,469
356,RegionD,469
11606,RegionD,469
18184,RegionD,469
27440,RegionD,469
33836,RegionD,469
34112,RegionD,469
38015,RegionE,469
18164,RegionD,470
24192,RegionD,470
37243,RegionF,470
48201,RegionD,470
1558,RegionE,471
19017,RegionD,471
20313,RegionF,471
21667,RegionD,471
27328,RegionD,471
32378,RegionC,471
33733,RegionE,471
38795,RegionD,471
39341,RegionE,471
40661,RegionF,471
48793,RegionE,471
1785,RegionD,472
2372,RegionE,472
6755,RegionF,472
15065,RegionF,472
22188,RegionE,472
24792,RegionE,472
27225,RegionE,472
33897,RegionE,472
34278,RegionF,472
37896,RegionD,472
41291,RegionF,473
44426,RegionF,473
15024,RegionE,474
15489,RegionD,474
17839,RegionE,474
19623,RegionE,474
31819,RegionF,474
34199,RegionF,474
39558,RegionE,474
47766,RegionB,474
5344,RegionF,475
8763,RegionA,475
20953,RegionD,475
24963,RegionE,475
26899,RegionF,476
33939,RegionC,476
35023,RegionD,476
38348,RegionD,476
44953,RegionD,476
9334,RegionB,477
10304,RegionF,477
20943,RegionF,477
34107,RegionE,477
40474,RegionD,477
41705,RegionB,477
46576,RegionE,477
46930,RegionE,478
28620,RegionD,479
31056,RegionE,479
33149,RegionE,479
41057,RegionD,479
1244,RegionF,480
1353,RegionD,480
4280,RegionE,480
5679,RegionF,480
7066,RegionD,480
7862,RegionE,480
25617,RegionD,480
25793,RegionD,480
28987,RegionD,480
34416,RegionF,480
40074,RegionD,480
3374,RegionD,481
19214,RegionD,481
19927,RegionF,481
23508,RegionF,481
25199,RegionE,481
29224,RegionD,481
33381,RegionB,481
34847,RegionE,481
44571,RegionF,481
44858,RegionE,481
48213,RegionD,481
2234,RegionE,482
5558,RegionD,482
9877,RegionF,482
16796,RegionE,482
24948,RegionD,482
25380,RegionD,482
26870,RegionD,482
34801,RegionE,482
1773,RegionD,483
4619,RegionD,483
30895,RegionB,483
2470,RegionE,484
3166,RegionF,484
6085,RegionF,484
12233,RegionA,484
13014,RegionC,484
13985,RegionC,484
27276,RegionD,484
35893,RegionA,484
36292,RegionF,484
37223,RegionF,484
38911,RegionC,484
39532,RegionF,484
15865,RegionE,485
26254,RegionE,485
47682,RegionD,485
9524,RegionB,486
10199,RegionF,486
11467,RegionD,486
12042,RegionF,486
24394,RegionF,486
29977,RegionC,486
37513,RegionF,486
2663,RegionB,487
5705,RegionF,487
16576,RegionC,487
19793,RegionE,487
26361,RegionF,488
40912,RegionD,487
12972,RegionE,488
13933,RegionD,488
26951,RegionF,488
27353,RegionB,488
38912,RegionD,488
49648,RegionF,488
3944,RegionD,489
8025,RegionE,489
23716,RegionE,489
33096,RegionE,489
38436,RegionE,489
39980,RegionB,489
2170,RegionF,490
2929,RegionE,490
8017,RegionD,490
8201,RegionD,490
9769,RegionD,490
20184,RegionD,490
25126,RegionE,490
28813,RegionE,490
32501,RegionF,490
33609,RegionF,490
48082,RegionD,490
3585,RegionE,491
24260,RegionE,491
32464,RegionD,491
33845,RegionF,491
41676,RegionE,491
5666,RegionF,492
7079,RegionD,492
8064,RegionD,492
10538,RegionE,492
42335,RegionB,492
8488,RegionC,493
12967,RegionF,493
25270,RegionE,493
25745,RegionF,493
34154,RegionF,493
37835,RegionB,493
47107,RegionE,493
13982,RegionE,494
20773,RegionF,494
28091,RegionE,494
32559,RegionE,494
43718,RegionF,494
364,RegionE,495
6451,RegionE,495
27977,RegionD,495
39248,RegionD,495
40275,RegionA,495
46520,RegionB,495
5056,RegionF,496
6744,RegionD,496
11748,RegionC,496
39225,RegionF,496
7002,RegionE,497
15995,RegionE,497
26624,RegionF,497
35548,RegionD,497
37194,RegionD,497
3584,RegionE,498
17810,RegionD,498
19879,RegionE,498
38338,RegionF,498
4230,RegionF,499
8357,RegionC,499
8448,RegionA,499
11485,RegionA,499
30493,RegionF,499
42793,RegionF,499
725,RegionE,500
2920,RegionD,500
9734,RegionB,500
26871,RegionE,500
37154,RegionD,500
39274,RegionD,500
48974,RegionD,500
6237,RegionF,501
14547,RegionF,501
19704,RegionF,501
30534,RegionA,501
31124,RegionF,501
42236,RegionA,501
3819,RegionD,502
10457,RegionD,502
6365,RegionD,503
11865,RegionF,503
12240,RegionC,503
12456,RegionA,503
21735,RegionE,503
26889,RegionD,503
33632,RegionD,503
37932,RegionF,503
42288,RegionF,503
47860,RegionD,503
48146,RegionF,503
48548,RegionD,503
49214,RegionF,503
5329,RegionE,504
6462,RegionD,504
34226,RegionF,504
37329,RegionF,504
4752,RegionE,505
5365,RegionA,505
6380,RegionF,505
9080,RegionD,505
11533,RegionD,505
23946,RegionE,505
25049,RegionF,505
32176,RegionD,505
32491,RegionD,505
38042,RegionE,505
38505,RegionD,505
40249,RegionB,505
45229,RegionD,505
631,RegionD,506
3231,RegionE,506
6940,RegionC,506
9740,RegionF,506
23846,RegionD,506
24354,RegionF,506
40673,RegionE,506
43853,RegionE,506
48514,RegionB,506
4659,RegionD,507
8379,RegionE,507
19395,RegionF,507
19501,RegionB,507
20303,RegionD,507
20818,RegionF,507
27321,RegionD,507
39354,RegionE,507
48133,RegionF,507
5143,RegionD,508
5436,RegionF,508
8999,RegionA,508
9839,RegionB,508
17819,RegionE,508
33923,RegionE,508
11281,RegionF,509
20272,RegionE,509
25065,RegionD,509
30400,RegionE,509
31982,RegionF,509
37571,RegionF,509
37587,RegionD,509
40671,RegionD,509
43019,RegionD,509
249,RegionB,510
5539,RegionE,510
6030,RegionD,510
7700,RegionF,510
9407,RegionD,510
21331,RegionA,510
22996,RegionF,510
32131,RegionD,510
38888,RegionE,510
24,RegionF,511
4817,RegionD,511
15639,RegionD,511
18023,RegionE,511
41984,RegionE,511
10643,RegionE,512
17821,RegionF,512
25942,RegionF,512
26206,RegionD,512
31210,RegionB,512
43330,RegionF,512
46679,RegionD,512
14571,RegionD,513
17971,RegionF,513
21004,RegionD,513
35294,RegionE,513
4708,RegionF,514
24825,RegionE,514
41567,RegionA,514
16650,RegionD,515
18481,RegionE,515
28253,RegionD,515
29062,RegionE,515
29713,RegionF,515
34720,RegionD,515
49270,RegionD,515
4840,RegionF,516
6839,RegionE,516
11271,RegionD,516
15122,RegionD,516
31917,RegionF,516
428,RegionD,517
5513,RegionE,517
7810,RegionF,517
20270,RegionD,517
39068,RegionA,517
39303,RegionF,517
6139,RegionA,518
9391,RegionF,518
11329,RegionD,518
15923,RegionE,518
18303,RegionD,518
18830,RegionF,518
40920,RegionD,518
45555,RegionF,518
1650,RegionE,519
3693,RegionC,519
10685,RegionB,519
13339,RegionE,519
35255,RegionE,519
37716,RegionF,519
43411,RegionC,519
44337,RegionD,519
4616,RegionF,520
8811,RegionD,520
32081,RegionF,520
42344,RegionD,520
47003,RegionE,520
255,RegionF,521
1291,RegionF,521
8826,RegionE,521
12129,RegionD,521
21380,RegionE,521
21856,RegionB,521
24082,RegionD,521
32899,RegionE,521
11315,RegionB,522
19916,RegionD,522
21928,RegionA,522
22744,RegionD,522
27838,RegionA,522
31235,RegionF,522
47231,RegionD,522
49785,RegionF,522
10792,RegionD,523
12566,RegionF,523
12715,RegionE,523
30437,RegionD,523
6894,RegionC,524
8452,RegionE,524
11526,RegionD,524
37088,RegionD,524
4778,RegionE,525
8737,RegionB,525
9413,RegionC,525
28557,RegionE,525
33691,RegionD,525
44793,RegionF,525
46337,RegionD,525
8509,RegionD,526
15576,RegionE,526
19859,RegionE,526
23971,RegionE,526
27268,RegionC,526
29963,RegionF,526
31102,RegionE,526
33650,RegionB,526
36374,RegionD,526
42105,RegionA,526
48177,RegionE,526
13743,RegionD,527
15053,RegionF,527
16674,RegionB,527
28001,RegionF,527
39725,RegionD,527
40019,RegionA,527
48557,RegionE,527
5685,RegionF,528
5949,RegionA,528
14357,RegionF,528
18820,RegionD,528
39963,RegionD,528
44323,RegionD,528
12044,RegionD,529
19864,RegionD,529
20219,RegionE,529
29253,RegionE,529
33717,RegionD,529
33731,RegionD,529
34492,RegionD,529
35586,RegionD,529
43589,RegionD,529
8449,RegionD,530
18214,RegionF,530
20745,RegionE,530
25110,RegionC,530
36643,RegionD,530
42532,RegionC,530
47958,RegionD,530
1028,RegionF,531
7341,RegionD,531
20099,RegionD,531
23873,RegionE,531
26989,RegionE,531
33310,RegionD,531
34178,RegionE,531
35704,RegionD,531
35705,RegionD,531
46125,RegionF,531
47285,RegionE,531
4259,RegionD,532
10059,RegionE,532
17329,RegionF,532
19251,RegionF,532
23988,RegionB,532
35346,RegionE,532
39006,RegionE,532
39909,RegionD,532
13152,RegionC,533
25062,RegionF,533
30862,RegionA,533
1674,RegionD,534
6096,RegionD,534
9695,RegionC,534
17297,RegionB,534
18742,RegionD,534
41422,RegionF,534
42240,RegionE,534
44086,RegionA,534
47339,RegionF,534
1836,RegionA,535
2280,RegionE,535
17412,RegionE,535
20774,RegionC,535
28799,RegionE,535
35069,RegionD,535
38032,RegionC,535
872,RegionB,536
35300,RegionE,536
36256,RegionD,536
36887,RegionE,536
44293,RegionE,536
4387,RegionF,537
15033,RegionF,537
38228,RegionF,537
40926,RegionD,537
41663,RegionE,537
46015,RegionC,537
46315,RegionF,537
17604,RegionF,538
27023,RegionF,538
28300,RegionD,538
28523,RegionD,538
30328,RegionE,538
42273,RegionE,538
3399,RegionD,539
7379,RegionB,539
11322,RegionD,539
11882,RegionE,539
17337,RegionC,539
20513,RegionD,539
24630,RegionF,539
28292,RegionD,539
41755,RegionE,539
1683,RegionE,540
3849,RegionF,540
8525,RegionF,540
37984,RegionF,540
38609,RegionB,540
1701,RegionD,541
15977,RegionF,541
17262,RegionE,541
17409,RegionC,541
18733,RegionF,541
13300,RegionE,542
16645,RegionE,542
42810,RegionE,542
1651,RegionF,543
2368,RegionC,543
3358,RegionB,543
7150,RegionC,543
15809,RegionD,543
20808,RegionD,543
27269,RegionD,543
30446,RegionE,543
34795,RegionE,543
36234,RegionF,543
36547,RegionE,543
38611,RegionD,543
44904,RegionE,543
45397,RegionF,543
46355,RegionF,543
49696,RegionD,543
5133,RegionE,544
10887,RegionF,544
26511,RegionE,544
28847,RegionF,544
29849,RegionE,544
43954,RegionF,544
45861,RegionE,544
10111,RegionE,545
16519,RegionD,545
22379,RegionF,545
28269,RegionE,545
29357,RegionE,547
33443,RegionE,547
38129,RegionF,545
38547,RegionE,547
1832,RegionD,546
23166,RegionF,546
36307,RegionC,546
38357,RegionE,547
16308,RegionD,547
31791,RegionE,547
32965,RegionE,547
41582,RegionD,547
43290,RegionE,548
46909,RegionD,547
47776,RegionE,549
1591,RegionE,549
2208,RegionE,550
12488,RegionF,548
14443,RegionF,548
26062,RegionD,548
26443,RegionD,548
36859,RegionD,548
37360,RegionE,550
45335,RegionD,548
1338,RegionC,549
9724,RegionE,550
18674,RegionF,549
20329,RegionD,549
25867,RegionE,550
41190,RegionE,551
45481,RegionE,551
5257,RegionE,550
21603,RegionE,550
21773,RegionD,550
35720,RegionE,552
45433,RegionD,550
6799,RegionE,552
28604,RegionF,551
37218,RegionA,551
41740,RegionD,551
42754,RegionF,551
10714,RegionD,552
21500,RegionF,552
23095,RegionF,552
3028,RegionE,553
9592,RegionD,553
11157,RegionA,553
23923,RegionD,553
28228,RegionD,553
29235,RegionF,553
29506,RegionD,553
31316,RegionD,553
38865,RegionB,553
40668,RegionF,553
41586,RegionF,553
42426,RegionF,553
49860,RegionD,553
3951,RegionD,554
7023,RegionF,554
13792,RegionE,554
21268,RegionD,554
22659,RegionD,554
24096,RegionE,554
25887,RegionE,554
32635,RegionD,554
33798,RegionE,554
11817,RegionE,555
13551,RegionF,555
19685,RegionC,555
28571,RegionF,555
28592,RegionF,555
32346,RegionD,555
37634,RegionD,555
45431,RegionB,555
49019,RegionB,555
3322,RegionE,556
5330,RegionE,556
9335,RegionD,556
22682,RegionF,556
23348,RegionE,556
23855,RegionF,556
24985,RegionB,556
26512,RegionF,556
39250,RegionF,557
43507,RegionF,556
46980,RegionD,556
49105,RegionD,556
49857,RegionF,556
1500,RegionF,557
4253,RegionD,557
9604,RegionD,557
18712,RegionF,557
34876,RegionF,557
40551,RegionC,557
5536,RegionB,558
19872,RegionE,558
28417,RegionD,558
40508,RegionE,558
41452,RegionD,558
48100,RegionF,558
529,RegionF,559
5070,RegionA,559
28704,RegionA,559
36564,RegionD,559
39238,RegionF,559
610,RegionC,560
18436,RegionE,560
19054,RegionF,560
22539,RegionD,560
44343,RegionD,560
9948,RegionE,561
14006,RegionD,561
25107,RegionE,561
39289,RegionE,561
45212,RegionE,561
1766,RegionD,562
3148,RegionA,562
3675,RegionD,562
4897,RegionE,562
38316,RegionD,562
38385,RegionF,562
999,RegionD,563
5390,RegionF,563
10890,RegionD,563
13946,RegionD,563
19158,RegionF,563
21351,RegionB,563
30341,RegionE,563
43402,RegionF,563
48700,RegionD,563
6601,RegionD,564
16849,RegionF,564
24408,RegionC,564
44488,RegionD,564
1155,RegionD,565
2662,RegionF,565
6768,RegionF,565
11008,RegionD,565
11309,RegionD,565
12797,RegionA,565
13572,RegionD,565
15301,RegionF,565
20290,RegionD,565
27127,RegionE,565
29356,RegionD,565
41687,RegionD,565
10581,RegionD,566
10938,RegionE,566
39363,RegionA,566
3157,RegionD,567
9886,RegionD,567
17150,RegionE,567
28997,RegionE,567
48049,RegionD,567
5293,RegionA,568
15154,RegionD,568
37930,RegionE,568
48777,RegionD,568
49838,RegionF,568
2579,RegionD,569
33951,RegionF,569
33997,RegionF,569
6402,RegionC,570
8863,RegionD,570
23225,RegionF,570
28418,RegionD,570
32453,RegionE,570
34339,RegionC,570
35863,RegionD,570
40524,RegionA,570
42684,RegionD,570
8672,RegionD,571
10368,RegionE,571
10559,RegionF,571
12820,RegionE,571
15274,RegionE,571
21653,RegionC,571
27660,RegionF,571
35980,RegionD,571
13337,RegionD,572
16054,RegionE,572
21764,RegionA,572
22030,RegionE,572
22959,RegionD,572
32106,RegionE,572
32644,RegionE,572
47355,RegionD,572
1442,RegionF,573
2140,RegionD,573
4595,RegionE,573
6497,RegionE,573
14337,RegionF,573
14827,RegionD,573
18012,RegionB,573
25732,RegionF,573
33162,RegionE,573
39387,RegionE,573
43699,RegionA,573
2551,RegionA,574
21238,RegionF,574
39076,RegionD,574
5944,RegionD,575
15350,RegionD,575
28621,RegionD,575
35682,RegionF,575
43587,RegionF,575
49688,RegionB,575
10971,RegionE,576
11832,RegionF,576
40570,RegionA,576
43673,RegionB,576
26243,RegionF,577
26567,RegionD,577
29011,RegionF,577
31414,RegionD,577
39328,RegionE,577
42601,RegionE,577
15579,RegionC,578
20135,RegionE,578
33229,RegionF,578
853,RegionD,579
2489,RegionE,579
11031,RegionF,579
19080,RegionF,579
46755,RegionF,579
48951,RegionE,579
1936,RegionD,580
30381,RegionE,580
36835,RegionE,580
43221,RegionD,580
48088,RegionC,580
13636,RegionF,581
25183,RegionD,581
30841,RegionF,581
38249,RegionD,581
39264,RegionF,581
26887,RegionA,582
28746,RegionD,582
34242,RegionD,582
39606,RegionB,582
47856,RegionF,582
3989,RegionD,583
18180,RegionE,583
31260,RegionE,583
2608,RegionE,584
9824,RegionF,584
13691,RegionD,584
15196,RegionF,584
7075,RegionE,585
25321,RegionD,585
29203,RegionC,585
5311,RegionF,586
5475,RegionF,586
10237,RegionF,586
28714,RegionE,586
34650,RegionE,586
38355,RegionD,586
24500,RegionC,587
30015,RegionF,587
40714,RegionF,587
44278,RegionD,587
926,RegionD,588
9938,RegionD,588
10030,RegionD,588
13426,RegionF,588
17535,RegionD,588
19836,RegionC,588
21471,RegionD,588
23507,RegionF,588
27815,RegionE,588
33013,RegionF,588
35128,RegionD,588
35377,RegionD,588
39844,RegionD,588
10287,RegionD,589
15338,RegionD,589
29706,RegionF,589
29905,RegionC,589
30097,RegionD,589
32216,RegionD,589
556,RegionF,590
1435,RegionF,590
2486,RegionC,590
6442,RegionD,590
19416,RegionB,590
46862,RegionD,590
1334,RegionD,591
7747,RegionD,591
38662,RegionC,591
48250,RegionF,591
4857,RegionE,592
6009,RegionD,592
7306,RegionF,592
9468,RegionE,592
15896,RegionD,592
26478,RegionE,592
10852,RegionE,593
13133,RegionD,593
38312,RegionF,593
39101,RegionB,593
41297,RegionF,593
8669,RegionE,594
13924,RegionF,594
16099,RegionD,594
25392,RegionC,594
31192,RegionD,594
44110,RegionE,594
8812,RegionE,595
10693,RegionD,595
23171,RegionE,595
25761,RegionD,595
26067,RegionA,595
26761,RegionF,595
27399,RegionC,595
31705,RegionE,595
36031,RegionA,595
41481,RegionF,595
46383,RegionD,595
49873,RegionD,595
4852,RegionF,596
8653,RegionD,596
8835,RegionA,596
9905,RegionC,597
25423,RegionF,596
28341,RegionE,596
39444,RegionD,596
42148,RegionE,596
48240,RegionD,596
1369,RegionF,597
3095,RegionF,597
9437,RegionF,597
15066,RegionF,597
20485,RegionB,597
36483,RegionF,597
2554,RegionD,598
8483,RegionD,598
15972,RegionB,598
18111,RegionC,598
18132,RegionD,598
23124,RegionD,598
22093,RegionD,599
24633,RegionD,599
38536,RegionF,599
49191,RegionD,599
5803,RegionF,600
7058,RegionC,600
9896,RegionF,600
10027,RegionE,600
18474,RegionD,600
18531,RegionD,600
35670,RegionA,600
44822,RegionD,600
48302,RegionF,600
4561,RegionD,601
12913,RegionE,601
17054,RegionA,601
28000,RegionE,601
30739,RegionD,601
44823,RegionD,601
49956,RegionF,601
3880,RegionE,602
6370,RegionD,602
34693,RegionB,602
35756,RegionC,602
897,RegionF,603
2036,RegionE,603
5227,RegionF,603
9894,RegionD,603
11914,RegionD,603
14522,RegionA,603
16516,RegionF,603
16684,RegionE,603
25835,RegionE,603
34505,RegionD,603
36513,RegionE,603
40827,RegionD,603
7126,RegionD,604
7218,RegionE,604
11506,RegionD,604
18411,RegionF,604
19637,RegionF,604
19774,RegionE,604
24291,RegionD,604
38314,RegionB,604
48884,RegionD,604
5225,RegionE,605
8000,RegionE,605
9609,RegionA,605
9634,RegionF,605
24165,RegionB,605
33837,RegionE,605
35725,RegionD,605
41254,RegionD,605
41913,RegionF,605
49234,RegionF,605
206,RegionE,606
3831,RegionD,606
4347,RegionF,606
38061,RegionE,606
43957,RegionD,606
44328,RegionF,606
11905,RegionA,607
12731,RegionF,607
41817,RegionC,607
44333,RegionE,607
2542,RegionE,608
15259,RegionD,608
24842,RegionD,608
24951,RegionF,608
27070,RegionF,608
33086,RegionB,608
37699,RegionD,608
38813,RegionD,608
49835,RegionD,608
8061,RegionA,609
17635,RegionE,609
22337,RegionD,609
24864,RegionE,609
49694,RegionF,609
203,RegionB,610
466,RegionD,610
9911,RegionB,610
19838,RegionD,610
24383,RegionD,610
31406,RegionF,610
38287,RegionF,610
40425,RegionF,610
46289,RegionF,610
11334,RegionF,611
16754,RegionD,611
18056,RegionF,611
21549,RegionD,611
21712,RegionC,611
23553,RegionF,611
39176,RegionE,611
46281,RegionE,611
2783,RegionD,612
3060,RegionE,612
11236,RegionB,612
14381,RegionE,612
31540,RegionD,612
36672,RegionF,612
38583,RegionC,612
49147,RegionE,612
49470,RegionF,612
1260,RegionD,613
9628,RegionF,613
34317,RegionF,613
35509,RegionD,613
39157,RegionE,613
41547,RegionF,614
46864,RegionE,613
49183,RegionB,613
3242,RegionD,614
6738,RegionD,614
10080,RegionF,614
28577,RegionE,614
33391,RegionE,614
35822,RegionD,614
851,RegionF,615
20282,RegionC,615
20875,RegionE,615
36121,RegionF,615
47826,RegionD,615
8270,RegionF,616
14137,RegionD,616
16427,RegionD,616
29969,RegionF,616
833,RegionC,617
12140,RegionF,617
23158,RegionE,617
35989,RegionE,617
4553,RegionD,618
5791,RegionF,618
11932,RegionD,618
24573,RegionD,618
24974,RegionD,618
29102,RegionE,618
36768,RegionD,618
41587,RegionB,618
3533,RegionE,619
22848,RegionD,619
35748,RegionF,619
35881,RegionD,619
40830,RegionE,619
41761,RegionE,619
43430,RegionA,619
1714,RegionD,620
6494,RegionC,620
7736,RegionD,620
30013,RegionE,620
33602,RegionE,620
48487,RegionF,620
6948,RegionD,621
7824,RegionF,621
7858,RegionB,621
10363,RegionF,621
32095,RegionA,621
33979,RegionD,621
36465,RegionD,621
38891,RegionB,621
7834,RegionD,622
18090,RegionF,622
26286,RegionD,622
26566,RegionC,622
30065,RegionE,622
34255,RegionD,622
35898,RegionF,622
41704,RegionF,622
43408,RegionE,622
44363,RegionD,622
45264,RegionE,622
46735,RegionF,622
12751,RegionA,623
15891,RegionE,623
26131,RegionF,623
26405,RegionE,623
37206,RegionD,623
41750,RegionF,623
350,RegionD,624
5616,RegionD,624
12899,RegionE,624
18836,RegionE,624
20330,RegionD,624
24532,RegionA,624
35796,RegionD,624
44668,RegionF,624
47844,RegionF,624
308,RegionB,625
1751,RegionB,625
3152,RegionE,625
11588,RegionE,625
22056,RegionE,625
25823,RegionF,625
37713,RegionD,625
374,RegionC,626
808,RegionD,626
30012,RegionD,626
35919,RegionF,626
4628,RegionE,627
7110,RegionA,627
8628,RegionD,627
16856,RegionF,627
20582,RegionF,627
24931,RegionF,627
26335,RegionF,627
26864,RegionE,627
33335,RegionA,627
38908,RegionE,627
47054,RegionE,627
995,RegionF,628
17396,RegionC,628
17956,RegionE,628
19033,RegionE,628
19912,RegionE,628
34823,RegionF,628
41619,RegionF,628
44440,RegionA,628
2457,RegionE,629
5673,RegionF,629
12020,RegionE,629
17715,RegionF,629
23943,RegionD,629
26413,RegionF,629
521,RegionE,630
2940,RegionD,630
6258,RegionD,630
13593,RegionD,630
23419,RegionD,630
45658,RegionE,630
46099,RegionF,630
1461,RegionF,631
1521,RegionF,631
2971,RegionB,631
16177,RegionD,631
19003,RegionC,631
32454,RegionE,631
37515,RegionD,631
49286,RegionF,631
27789,RegionE,632
30734,RegionE,632
43735,RegionE,632
49288,RegionB,632
3035,RegionF,633
6445,RegionE,633
7575,RegionF,633
17414,RegionF,633
19318,RegionD,633
22561,RegionE,633
25246,RegionF,633
27914,RegionE,633
33134,RegionD,633
35706,RegionE,633
43796,RegionF,633
45483,RegionA,633
2415,RegionD,634
2933,RegionD,634
2959,RegionD,634
7960,RegionE,634
8539,RegionF,634
8752,RegionD,634
10883,RegionD,634
23191,RegionE,634
28370,RegionC,634
45755,RegionD,634
48658,RegionA,634
49132,RegionD,634
4400,RegionF,635
8071,RegionE,635
9193,RegionE,635
16817,RegionF,635
24665,RegionD,635
27061,RegionE,635
41914,RegionF,635
42274,RegionF,635
42505,RegionA,635
44504,RegionF,635
48999,RegionA,635
5512,RegionD,636
31185,RegionD,636
35719,RegionD,636
44788,RegionB,636
5979,RegionE,637
9115,RegionE,637
15933,RegionC,637
24338,RegionD,637
25386,RegionD,637
37385,RegionD,637
46040,RegionF,637
46825,RegionE,637
22072,RegionF,638
33296,RegionB,638
34055,RegionF,638
47009,RegionE,638
10419,RegionD,639
24743,RegionD,639
26252,RegionD,639
39949,RegionD,639
41863,RegionC,639
46508,RegionD,639
7035,RegionE,640
16793,RegionD,640
26009,RegionD,640
28873,RegionF,640
32031,RegionD,640
35027,RegionF,640
36799,RegionC,640
40384,RegionE,640
8248,RegionE,641
24105,RegionF,641
30839,RegionE,641
34800,RegionD,641
34848,RegionE,641
48833,RegionE,641
8502,RegionD,642
15169,RegionE,642
31670,RegionD,642
39186,RegionA,642
41308,RegionE,642
43036,RegionF,642
44245,RegionD,642
4937,RegionF,643
7579,RegionE,643
12012,RegionD,643
49203,RegionC,643
19420,RegionE,644
27220,RegionF,644
32469,RegionA,644
44844,RegionE,644
47707,RegionB,644
11987,RegionE,645
18472,RegionD,645
20820,RegionC,645
32661,RegionD,645
35153,RegionD,645
43373,RegionD,645
47501,RegionE,645
22143,RegionF,646
33425,RegionF,646
40056,RegionE,646
48426,RegionE,646
5847,RegionD,647
13214,RegionE,647
25497,RegionC,647
34155,RegionB,647
36171,RegionD,647
39247,RegionD,647
515,RegionE,648
6082,RegionD,648
7655,RegionC,648
13319,RegionE,648
22634,RegionE,648
24294,RegionE,648
4504,RegionF,649
16785,RegionF,649
34699,RegionF,649
35953,RegionD,649
39840,RegionE,649
45973,RegionE,649
47575,RegionF,649
841,RegionD,650
22096,RegionE,650
30730,RegionF,650
33520,RegionD,650
3424,RegionC,651
6088,RegionD,651
13383,RegionD,651
14354,RegionD,651
21655,RegionD,651
25924,RegionD,651
30621,RegionD,651
41927,RegionF,651
46589,RegionE,651
46865,RegionE,651
21731,RegionA,652
25614,RegionF,652
27077,RegionA,652
40349,RegionD,652
43599,RegionF,652
49179,RegionD,652
49358,RegionF,652
8671,RegionA,653
11851,RegionF,653
40476,RegionE,653
42420,RegionB,653
45716,RegionE,653
3238,RegionF,654
13591,RegionB,654
22032,RegionF,654
23505,RegionD,654
30365,RegionD,654
30638,RegionF,654
34097,RegionD,654
38842,RegionE,654
48845,RegionE,654
63,RegionE,655
987,RegionE,655
1564,RegionE,655
4576,RegionE,655
20720,RegionF,655
27880,RegionD,655
28795,RegionF,655
30324,RegionA,655
35976,RegionE,655
38834,RegionD,655
39714,RegionE,655
48502,RegionD,655
5864,RegionB,656
14521,RegionF,656
25825,RegionC,656
27913,RegionD,656
35415,RegionC,656
45349,RegionE,656
46224,RegionF,656
48011,RegionD,656
26392,RegionE,657
31888,RegionD,657
34366,RegionD,657
47603,RegionD,657
6003,RegionD,658
15108,RegionD,658
17711,RegionD,658
21214,RegionD,658
42118,RegionA,658
2595,RegionE,659
5919,RegionD,659
21727,RegionD,659
25983,RegionD,659
27720,RegionA,659
28306,RegionD,659
35828,RegionC,659
43597,RegionD,659
2591,RegionC,660
8020,RegionF,660
12075,RegionF,660
15009,RegionD,660
20894,RegionD,660
23546,RegionE,660
26739,RegionD,660
27024,RegionF,660
40208,RegionF,660
42683,RegionC,660
5230,RegionD,661
15659,RegionD,661
32252,RegionF,661
42577,RegionF,661
49095,RegionE,661
12086,RegionE,662
40545,RegionD,662
42004,RegionE,662
46632,RegionD,662
47718,RegionE,662
6534,RegionD,663
11355,RegionD,663
21494,RegionF,663
28879,RegionE,663
30928,RegionB,663
34337,RegionF,663
33905,RegionF,664
37299,RegionD,664
41501,RegionF,664
49558,RegionD,664
3870,RegionC,665
5214,RegionF,665
33662,RegionF,665
40021,RegionD,665
42439,RegionF,665
48841,RegionF,665
6040,RegionF,666
6374,RegionF,666
18226,RegionE,666
30232,RegionF,666
48923,RegionD,666
11043,RegionE,667
11888,RegionD,667
18860,RegionD,667
19639,RegionB,667
27381,RegionD,667
32569,RegionD,667
18834,RegionD,668
27316,RegionD,668
49040,RegionD,668
2793,RegionF,669
8529,RegionD,669
16166,RegionE,669
26911,RegionE,669
28359,RegionD,669
28911,RegionE,669
11502,RegionE,670
14532,RegionE,670
3230,RegionE,671
5481,RegionE,671
8650,RegionF,671
9285,RegionE,671
18677,RegionD,671
24655,RegionF,671
28337,RegionB,671
28616,RegionE,671
34406,RegionD,671
38379,RegionA,671
49582,RegionF,671
1711,RegionF,672
4094,RegionD,672
8565,RegionF,672
8667,RegionD,672
9540,RegionD,672
14607,RegionF,672
23206,RegionF,672
34526,RegionE,672
1561,RegionB,673
14838,RegionD,673
27202,RegionB,673
27612,RegionE,673
8680,RegionD,674
8815,RegionF,674
21267,RegionD,674
23512,RegionE,674
26057,RegionE,674
32599,RegionF,674
33855,RegionD,674
34993,RegionF,674
36662,RegionD,674
47021,RegionD,674
47084,RegionB,674
3682,RegionD,675
17430,RegionD,675
19947,RegionA,675
30070,RegionD,675
95,RegionE,676
328,RegionC,676
8598,RegionF,676
20250,RegionD,676
25638,RegionE,676
28230,RegionF,676
39317,RegionA,676
19560,RegionA,677
43687,RegionD,677
48247,RegionD,677
7832,RegionC,678
8926,RegionF,678
12971,RegionE,678
13652,RegionD,678
18610,RegionD,678
22100,RegionD,678
36663,RegionD,678
41144,RegionE,678
2550,RegionF,679
7016,RegionE,679
17775,RegionF,679
23330,RegionF,679
28780,RegionE,679
33647,RegionE,679
42289,RegionB,679
44506,RegionB,679
47259,RegionF,679
5267,RegionB,680
9568,RegionF,680
18133,RegionD,680
19956,RegionD,680
27136,RegionA,680
32515,RegionA,680
10836,RegionB,681
13861,RegionD,681
15365,RegionE,681
15574,RegionD,681
17049,RegionD,681
19136,RegionD,681
21053,RegionE,681
34676,RegionD,681
39829,RegionB,681
43686,RegionB,681
43730,RegionF,681
45245,RegionE,681
49692,RegionE,681
6912,RegionF,682
12188,RegionD,682
22917,RegionF,682
27932,RegionD,682
34489,RegionF,682
43017,RegionB,682
44113,RegionD,682
1602,RegionD,683
1782,RegionF,683
6784,RegionD,683
12425,RegionD,683
15486,RegionF,683
16755,RegionD,683
18085,RegionD,683
23080,RegionE,683
26649,RegionF,683
33166,RegionD,683
34525,RegionD,683
41232,RegionF,683
5107,RegionE,684
9530,RegionF,684
12124,RegionD,684
14163,RegionD,684
30868,RegionF,684
32046,RegionE,684
39737,RegionA,684
49097,RegionF,684
3544,RegionD,685
4719,RegionE,685
6330,RegionC,685
20756,RegionD,685
33467,RegionD,685
43862,RegionF,685
10229,RegionE,686
16092,RegionD,686
18789,RegionE,686
22600,RegionD,686
27938,RegionD,686
30712,RegionD,686
37161,RegionD,686
49378,RegionF,686
5106,RegionE,687
16381,RegionD,687
16575,RegionF,687
17284,RegionB,687
18285,RegionE,687
26217,RegionF,687
27555,RegionF,687
28064,RegionD,687
33746,RegionE,687
43200,RegionF,687
43958,RegionE,687
47245,RegionE,687
4681,RegionE,688
13918,RegionF,688
20737,RegionD,688
37955,RegionD,688
40337,RegionD,688
5399,RegionD,689
11278,RegionD,689
23354,RegionD,689
25649,RegionD,689
43002,RegionF,689
46405,RegionE,689
47595,RegionF,689
49197,RegionD,689
1054,RegionF,690
9985,RegionD,690
16732,RegionF,690
38577,RegionD,690
38766,RegionA,690
39416,RegionB,690
4054,RegionD,691
4274,RegionE,691
6831,RegionE,691
27785,RegionF,691
34585,RegionE,691
37948,RegionD,691
3521,RegionF,692
12868,RegionF,692
39509,RegionD,692
42268,RegionF,692
4686,RegionE,693
7120,RegionE,693
21049,RegionA,693
22905,RegionF,693
27390,RegionE,693
27857,RegionF,693
29605,RegionD,693
46209,RegionE,693
1481,RegionF,694
2687,RegionF,694
13828,RegionD,694
20432,RegionF,694
25029,RegionF,694
28930,RegionE,694
29095,RegionE,694
39074,RegionF,694
47505,RegionD,694
268,RegionF,695
8193,RegionC,695
12613,RegionF,695
25840,RegionD,695
26665,RegionD,695
31971,RegionC,695
32433,RegionE,695
43899,RegionE,695
45580,RegionF,695
47514,RegionE,695
3753,RegionD,696
7360,RegionD,696
18212,RegionE,696
23239,RegionF,696
27920,RegionE,696
7489,RegionF,697
12571,RegionE,697
18332,RegionF,697
46853,RegionF,698
46988,RegionD,697
2263,RegionC,698
20947,RegionD,698
28153,RegionA,698
30409,RegionF,699
38360,RegionC,698
45377,RegionF,698
45776,RegionE,698
47810,RegionF,699
49356,RegionD,698
9689,RegionD,699
16228,RegionB,699
26493,RegionF,700
30664,RegionF,700
45923,RegionB,699
45957,RegionD,699
39,RegionB,700
19074,RegionF,700
1421,RegionF,701
28305,RegionD,701
29649,RegionC,701
30125,RegionE,701
43479,RegionD,701
5129,RegionA,702
10563,RegionD,702
21394,RegionE,702
29325,RegionE,702
45560,RegionE,702
10125,RegionE,703
13243,RegionA,703
16155,RegionF,703
16227,RegionF,703
24677,RegionC,703
25494,RegionE,703
48727,RegionE,703
24935,RegionD,704
42764,RegionD,704
7401,RegionD,705
8254,RegionD,705
30922,RegionD,705
38964,RegionD,705
39473,RegionF,705
41290,RegionF,705
44134,RegionD,705
49907,RegionD,705
837,RegionE,706
10589,RegionD,706
21123,RegionD,706
28166,RegionA,706
29014,RegionD,706
34469,RegionF,706
46973,RegionD,706
1740,RegionD,707
8422,RegionB,707
28420,RegionF,707
32603,RegionD,707
33037,RegionE,707
33935,RegionE,707
12831,RegionD,708
16599,RegionE,708
18948,RegionE,708
22877,RegionE,708
27438,RegionA,708
28495,RegionD,708
37957,RegionE,708
38172,RegionD,708
39056,RegionD,708
39796,RegionA,708
41094,RegionF,708
1601,RegionD,709
2115,RegionE,709
16276,RegionD,709
23670,RegionE,709
48085,RegionE,709
4745,RegionD,710
5863,RegionF,710
8104,RegionE,710
23862,RegionF,710
27337,RegionE,710
45703,RegionE,710
47594,RegionF,710
6080,RegionA,711
12530,RegionD,711
17996,RegionE,711
22413,RegionF,711
38486,RegionD,711
258,RegionD,712
2570,RegionF,712
13654,RegionE,712
25851,RegionC,712
33082,RegionD,712
34994,RegionF,712
47927,RegionE,712
10042,RegionA,713
11193,RegionD,713
11553,RegionD,713
13737,RegionD,713
14730,RegionE,713
22840,RegionB,713
25152,RegionE,713
27985,RegionD,713
30171,RegionE,713
31079,RegionC,713
34456,RegionF,713
46288,RegionE,713
48110,RegionD,713
1563,RegionD,714
6701,RegionE,714
8216,RegionE,714
30635,RegionD,714
32798,RegionD,714
36932,RegionD,714
37362,RegionF,714
42191,RegionC,714
44267,RegionE,714
2757,RegionD,715
3532,RegionE,715
20764,RegionE,715
24686,RegionE,715
32929,RegionC,715
34750,RegionF,715
10814,RegionE,716
13398,RegionE,716
15789,RegionD,716
23110,RegionD,716
23237,RegionE,716
29047,RegionD,716
29089,RegionE,716
35793,RegionF,716
37104,RegionE,716
41429,RegionF,716
47507,RegionE,716
1322,RegionE,717
8276,RegionF,717
13678,RegionD,717
22570,RegionF,717
23039,RegionD,717
27415,RegionE,717
44901,RegionD,717
16270,RegionD,718
29488,RegionE,718
29705,RegionE,718
30193,RegionA,718
37697,RegionA,718
5195,RegionC,719
15897,RegionE,719
18596,RegionB,719
23194,RegionA,719
25373,RegionD,719
33450,RegionE,719
33725,RegionD,719
36651,RegionE,719
41450,RegionD,719
43712,RegionA,719
3722,RegionE,720
8991,RegionF,720
10102,RegionD,720
16210,RegionD,720
18976,RegionA,720
25354,RegionD,720
29861,RegionD,720
36076,RegionF,720
38890,RegionF,720
5990,RegionD,721
11496,RegionE,721
13155,RegionE,721
15161,RegionD,721
23000,RegionD,721
26970,RegionE,721
36718,RegionF,721
40728,RegionC,721
42479,RegionA,721
42528,RegionE,721
43601,RegionB,721
44313,RegionE,721
45915,RegionF,721
27837,RegionF,722
31064,RegionF,722
41908,RegionF,722
29818,RegionF,723
31037,RegionE,723
38330,RegionE,723
7111,RegionD,724
8059,RegionE,724
15158,RegionF,724
29731,RegionE,724
31264,RegionD,724
32276,RegionE,724
37087,RegionA,724
38351,RegionE,724
45990,RegionD,724
2350,RegionD,725
10014,RegionF,725
11155,RegionE,725
30179,RegionF,725
34224,RegionE,725
41686,RegionD,725
1933,RegionF,726
3273,RegionB,726
9678,RegionE,726
20923,RegionF,726
22432,RegionF,726
24115,RegionD,726
13418,RegionE,727
16290,RegionE,727
23904,RegionD,727
31415,RegionD,727
40199,RegionD,727
48662,RegionE,727
2369,RegionD,728
7946,RegionD,728
16587,RegionF,728
18442,RegionE,728
21042,RegionF,728
37846,RegionE,728
44717,RegionD,728
46981,RegionD,728
48332,RegionD,728
6872,RegionF,729
11525,RegionC,729
27810,RegionF,729
30335,RegionE,729
39163,RegionE,729
46624,RegionF,729
47239,RegionE,729
8113,RegionF,730
9722,RegionD,730
18858,RegionA,730
20951,RegionC,730
28611,RegionF,730
31478,RegionF,730
32262,RegionD,730
77,RegionF,731
25949,RegionA,731
34540,RegionE,731
38271,RegionE,731
3004,RegionB,732
10386,RegionD,732
23633,RegionF,732
32857,RegionD,732
48120,RegionA,732
16263,RegionD,733
30577,RegionE,733
39268,RegionE,733
39898,RegionE,733
9547,RegionE,734
13833,RegionF,734
28198,RegionF,734
18054,RegionD,735
34893,RegionE,735
49520,RegionD,735
3483,RegionC,736
3571,RegionE,736
7254,RegionF,736
11999,RegionD,736
15609,RegionE,736
23181,RegionB,736
26501,RegionD,736
32762,RegionE,736
37607,RegionD,736
579,RegionD,737
3699,RegionA,737
6879,RegionF,737
17939,RegionF,737
25226,RegionF,737
28663,RegionF,737
32582,RegionD,737
34326,RegionC,737
43960,RegionF,737
5743,RegionE,738
6502,RegionD,738
8067,RegionF,738
12046,RegionE,738
20570,RegionA,738
38887,RegionD,738
41293,RegionD,738
45870,RegionA,738
973,RegionD,739
4356,RegionD,739
9228,RegionF,739
10715,RegionE,739
24460,RegionB,739
36116,RegionA,739
45814,RegionD,739
16364,RegionF,740
31805,RegionF,740
37531,RegionE,740
43208,RegionD,740
48606,RegionC,740
49625,RegionD,740
5423,RegionF,741
13098,RegionF,741
15708,RegionF,741
18264,RegionD,741
18699,RegionF,741
21941,RegionA,741
23336,RegionE,741
36520,RegionE,741
44455,RegionD,741
46035,RegionD,741
5625,RegionE,742
5794,RegionD,742
29000,RegionD,742
33178,RegionC,742
38690,RegionD,742
40609,RegionF,742
7737,RegionE,743
34125,RegionD,743
46183,RegionE,743
2609,RegionF,744
8295,RegionE,744
9848,RegionD,744
10268,RegionD,744
11971,RegionC,744
40259,RegionE,744
43508,RegionF,744
1039,RegionE,745
24290,RegionC,745
27805,RegionF,745
36813,RegionD,745
38392,RegionF,745
43713,RegionD,745
950,RegionF,746
10215,RegionD,746
12331,RegionF,746
15527,RegionD,746
16186,RegionE,746
20718,RegionE,746
24993,RegionD,746
28347,RegionE,746
41644,RegionF,746
42678,RegionD,746
22339,RegionE,747
30129,RegionD,747
33729,RegionC,747
42182,RegionF,747
7519,RegionD,748
11133,RegionD,748
39570,RegionE,748
41674,RegionD,748
41734,RegionD,748
42436,RegionD,748
42659,RegionD,748
44129,RegionE,748
9481,RegionE,749
11578,RegionD,749
11898,RegionF,749
38327,RegionB,749
39145,RegionF,749
39326,RegionD,749
40058,RegionF,749
44385,RegionE,749
44596,RegionF,749
46403,RegionD,749
49027,RegionD,749
3960,RegionF,750
31045,RegionF,750
32038,RegionD,750
41971,RegionE,750
43527,RegionF,750
5047,RegionE,751
6410,RegionD,751
6800,RegionF,751
30226,RegionB,751
40625,RegionD,751
46418,RegionE,751
47587,RegionF,751
15706,RegionE,752
16631,RegionE,752
17274,RegionE,752
18448,RegionE,752
34791,RegionA,752
39467,RegionF,752
44581,RegionD,752
48940,RegionA,752
9219,RegionE,753
13684,RegionD,753
13843,RegionD,753
24431,RegionE,753
29386,RegionA,753
37901,RegionC,753
39545,RegionF,753
41888,RegionF,753
43896,RegionB,753
3589,RegionD,754
10761,RegionE,754
15115,RegionD,754
19212,RegionF,754
1568,RegionD,755
9414,RegionD,755
23738,RegionF,755
24554,RegionD,755
35749,RegionB,755
37967,RegionD,755
38495,RegionE,755
40213,RegionE,755
44991,RegionA,755
47215,RegionB,755
10699,RegionD,756
19273,RegionD,756
28572,RegionF,756
38215,RegionA,756
45111,RegionD,756
47292,RegionF,756
12280,RegionD,757
18929,RegionF,757
42294,RegionF,757
46169,RegionE,757
415,RegionD,758
28398,RegionD,758
33410,RegionD,758
36209,RegionD,758
43236,RegionD,758
46177,RegionF,758
14951,RegionD,759
26572,RegionA,759
27991,RegionD,759
34256,RegionD,759
47735,RegionD,759
7333,RegionA,760
14087,RegionE,760
16757,RegionE,760
23102,RegionA,760
32274,RegionD,760
32696,RegionE,760
41479,RegionE,760
44230,RegionF,760
44774,RegionF,760
49927,RegionD,760
16528,RegionF,761
24259,RegionD,761
31307,RegionF,761
32396,RegionF,761
35688,RegionF,761
1220,RegionC,762
5572,RegionE,762
7935,RegionF,762
8370,RegionC,762
10091,RegionD,762
16033,RegionD,762
29932,RegionD,762
35280,RegionE,762
7178,RegionD,763
11543,RegionF,763
28461,RegionA,763
33103,RegionE,763
39790,RegionC,763
44153,RegionD,763
10073,RegionF,764
13998,RegionC,764
31737,RegionD,764
37079,RegionF,764
40041,RegionD,764
47863,RegionF,764
1578,RegionE,765
9709,RegionD,765
11234,RegionE,765
27517,RegionB,765
28650,RegionF,765
30297,RegionF,765
32351,RegionA,765
35066,RegionF,765
37122,RegionD,765
37125,RegionF,766
43654,RegionD,765
21068,RegionF,766
28014,RegionF,766
28051,RegionD,766
29599,RegionD,766
43499,RegionE,766
18377,RegionE,767
22275,RegionF,767
24230,RegionF,767
26052,RegionF,767
39136,RegionD,767
9396,RegionE,768
22942,RegionE,768
42020,RegionB,768
5300,RegionC,769
16187,RegionF,769
16291,RegionE,769
16566,RegionE,769
17976,RegionE,769
33357,RegionD,769
35138,RegionF,769
47189,RegionB,769
4446,RegionF,770
5343,RegionE,770
16213,RegionF,770
20853,RegionD,770
32059,RegionE,770
36823,RegionF,771
40741,RegionB,770
47261,RegionB,770
831,RegionF,771
8862,RegionC,771
10324,RegionA,771
22945,RegionB,771
32145,RegionE,771
38963,RegionA,771
11389,RegionD,772
20119,RegionD,772
30977,RegionE,772
36108,RegionF,772
5234,RegionA,773
14114,RegionF,773
27492,RegionD,773
35434,RegionA,773
37311,RegionD,773
38239,RegionE,773
39220,RegionD,773
20800,RegionB,774
28380,RegionE,774
29018,RegionF,774
30520,RegionF,774
32224,RegionE,774
37320,RegionE,774
37894,RegionB,774
41979,RegionF,774
47480,RegionD,774
8378,RegionD,775
24512,RegionF,775
26502,RegionD,775
28328,RegionE,775
46095,RegionD,775
47520,RegionE,775
3642,RegionD,776
5111,RegionD,776
13768,RegionB,776
19870,RegionD,776
21798,RegionD,777
25271,RegionE,777
31721,RegionF,777
35785,RegionE,777
38629,RegionC,777
38877,RegionF,777
40841,RegionD,777
241,RegionF,778
2734,RegionF,778
5541,RegionF,778
12205,RegionF,778
22347,RegionF,778
32434,RegionE,778
40804,RegionE,778
44578,RegionA,778
5688,RegionD,779
8408,RegionF,779
9623,RegionC,779
18178,RegionD,779
44556,RegionE,779
1344,RegionA,780
2195,RegionF,780
22134,RegionD,780
25521,RegionF,780
26577,RegionF,780
27215,RegionB,780
34062,RegionF,780
7658,RegionE,781
31775,RegionD,781
34953,RegionE,781
38282,RegionD,781
393,RegionA,782
960,RegionD,782
3637,RegionE,782
28099,RegionF,782
39155,RegionD,782
47135,RegionF,782
8856,RegionD,783
19540,RegionF,783
21070,RegionD,783
21241,RegionD,783
30105,RegionE,783
31388,RegionD,783
32710,RegionF,783
34864,RegionC,783
44055,RegionD,783
4018,RegionE,784
21323,RegionF,784
34913,RegionE,784
36359,RegionB,784
38134,RegionE,784
45135,RegionF,784
21052,RegionE,785
27133,RegionE,785
28579,RegionF,785
32693,RegionD,785
13366,RegionF,786
37518,RegionE,786
41919,RegionE,786
42767,RegionF,786
43887,RegionE,786
47281,RegionC,786
48891,RegionE,786
28,RegionD,787
7971,RegionD,787
24346,RegionE,787
24513,RegionC,787
27878,RegionC,787
28492,RegionE,787
29236,RegionD,787
29281,RegionA,787
32085,RegionD,787
35379,RegionE,787
49971,RegionD,787
10382,RegionF,788
15018,RegionE,788
15836,RegionD,788
16106,RegionD,788
19096,RegionD,788
34094,RegionF,788
5478,RegionD,789
12813,RegionD,789
19073,RegionF,789
25664,RegionE,789
28535,RegionD,789
35068,RegionD,789
45785,RegionA,789
48691,RegionB,789
8337,RegionB,790
27751,RegionF,790
34443,RegionF,790
42172,RegionD,790
46705,RegionD,790
47896,RegionF,790
1223,RegionE,791
17664,RegionA,791
18013,RegionD,791
32870,RegionD,791
38645,RegionE,791
39432,RegionE,791
40294,RegionF,791
2403,RegionD,792
10005,RegionD,792
12173,RegionF,792
16719,RegionF,792
21611,RegionE,792
31477,RegionF,792
41060,RegionE,792
46562,RegionE,792
3959,RegionE,793
4774,RegionF,793
4839,RegionF,793
9097,RegionF,793
11214,RegionE,793
13269,RegionF,793
18468,RegionE,793
35397,RegionD,793
36407,RegionD,793
37783,RegionC,793
49242,RegionB,793
9681,RegionF,794
11340,RegionF,794
24122,RegionE,794
32753,RegionD,794
43210,RegionD,794
14662,RegionD,795
31243,RegionC,795
37014,RegionF,795
45145,RegionD,795
8181,RegionD,796
9867,RegionD,796
10848,RegionF,796
23069,RegionF,796
30059,RegionE,796
47155,RegionF,796
47726,RegionF,796
1107,RegionF,797
7545,RegionD,797
8021,RegionF,797
8236,RegionE,797
15667,RegionE,797
17755,RegionF,797
39138,RegionE,797
3569,RegionD,798
7820,RegionD,798
8490,RegionD,798
23556,RegionD,798
24087,RegionD,798
25788,RegionE,798
34063,RegionA,798
11117,RegionF,799
27001,RegionD,799
29529,RegionF,799
31246,RegionE,799
44892,RegionF,799
48407,RegionF,799
49051,RegionF,799
1493,RegionE,800
11473,RegionD,800
20059,RegionC,800
29863,RegionE,800
29896,RegionF,800
5394,RegionD,801
15732,RegionD,801
18106,RegionD,801
18291,RegionE,801
34329,RegionE,801
36250,RegionD,801
40473,RegionD,801
2336,RegionD,802
21843,RegionB,802
30812,RegionD,802
41201,RegionD,802
11327,RegionF,803
20211,RegionD,803
23812,RegionD,803
31380,RegionA,803
33403,RegionD,803
2402,RegionD,804
2532,RegionC,804
10355,RegionE,804
36161,RegionF,804
37880,RegionF,804
42272,RegionD,804
9240,RegionF,805
13947,RegionD,805
14814,RegionE,805
23935,RegionA,805
7503,RegionF,806
15992,RegionC,806
20415,RegionD,806
45435,RegionE,806
49039,RegionC,806
245,RegionD,807
8304,RegionB,807
20936,RegionF,807
39366,RegionD,807
40215,RegionF,807
40457,RegionF,807
1571,RegionE,808
24530,RegionE,808
27405,RegionA,808
29036,RegionE,808
31386,RegionF,808
49054,RegionD,808
5178,RegionE,809
17420,RegionF,809
19511,RegionE,809
8257,RegionF,810
9744,RegionE,810
12989,RegionD,810
14689,RegionD,810
19519,RegionF,810
21018,RegionD,810
22038,RegionF,810
22882,RegionD,810
28208,RegionD,810
40453,RegionD,810
43140,RegionF,810
3078,RegionD,811
15592,RegionC,811
22796,RegionD,811
33272,RegionD,811
44568,RegionE,811
5592,RegionE,812
13193,RegionD,812
13353,RegionF,812
13838,RegionE,812
15761,RegionF,812
18238,RegionE,812
23973,RegionF,812
33023,RegionD,812
39871,RegionD,812
43323,RegionE,812
6007,RegionF,813
9742,RegionD,813
18666,RegionF,813
27523,RegionA,813
28809,RegionB,813
34285,RegionF,813
35734,RegionF,813
42555,RegionE,813
11,RegionF,814
81,RegionD,814
35988,RegionD,814
40234,RegionF,814
2093,RegionD,815
5598,RegionE,815
12066,RegionE,815
22630,RegionB,815
28684,RegionF,815
31684,RegionD,815
45496,RegionF,815
2192,RegionD,816
7602,RegionA,816
34316,RegionE,816
35257,RegionB,816
43074,RegionF,816
47619,RegionE,816
5632,RegionE,817
6403,RegionD,817
9493,RegionD,817
34368,RegionE,817
39024,RegionD,817
1511,RegionD,818
6529,RegionD,818
7423,RegionF,818
14230,RegionD,818
30045,RegionD,818
34785,RegionB,818
46151,RegionF,818
4007,RegionF,819
7623,RegionD,819
13993,RegionD,819
20791,RegionE,819
23798,RegionC,819
25680,RegionA,819
32027,RegionE,819
34478,RegionD,819
36146,RegionE,819
42703,RegionD,819
43118,RegionD,819
43824,RegionB,819
7676,RegionD,820
9274,RegionF,820
10498,RegionE,820
15526,RegionB,820
18949,RegionF,820
32080,RegionE,820
47218,RegionE,820
4170,RegionF,821
23474,RegionE,821
29119,RegionD,821
47436,RegionE,821
1502,RegionC,822
17962,RegionD,822
21647,RegionD,822
22010,RegionE,822
22884,RegionF,822
28937,RegionE,822
42956,RegionF,822
43929,RegionB,822
46251,RegionB,822
99,RegionD,823
8088,RegionC,823
27777,RegionE,823
32210,RegionE,823
34471,RegionD,823
34981,RegionF,823
36286,RegionF,823
48769,RegionF,823
5183,RegionD,824
16328,RegionD,824
22752,RegionE,824
28822,RegionA,824
34263,RegionE,824
36626,RegionF,824
37552,RegionF,824
12944,RegionD,825
27006,RegionD,825
34986,RegionE,825
5894,RegionE,826
9235,RegionF,826
22592,RegionD,826
27267,RegionF,826
29831,RegionF,826
31000,RegionB,826
36084,RegionC,826
44406,RegionF,826
46362,RegionA,826
3227,RegionB,827
22200,RegionE,827
31084,RegionF,827
39094,RegionA,827
47409,RegionE,827
49476,RegionE,827
3159,RegionE,828
35048,RegionD,828
43161,RegionA,828
43536,RegionD,828
7045,RegionC,829
20708,RegionB,829
26240,RegionD,829
26560,RegionD,829
39798,RegionD,829
41430,RegionC,829
3192,RegionE,830
17518,RegionE,830
18141,RegionE,830
26319,RegionD,830
38812,RegionA,830
38825,RegionF,830
39912,RegionE,830
44033,RegionF,830
45553,RegionE,830
3634,RegionC,831
15590,RegionF,831
15910,RegionE,831
31532,RegionD,831
34415,RegionE,831
37327,RegionE,831
43306,RegionC,831
1754,RegionE,832
4285,RegionD,832
12222,RegionD,832
12321,RegionD,832
13297,RegionD,832
15551,RegionF,832
19295,RegionE,832
4176,RegionF,833
14567,RegionF,833
15360,RegionF,833
22138,RegionB,833
35771,RegionD,833
39839,RegionE,833
44647,RegionE,833
5476,RegionF,834
12098,RegionD,834
18985,RegionD,834
33796,RegionD,834
37269,RegionF,834
45930,RegionD,834
12238,RegionF,835
19638,RegionF,835
29143,RegionF,835
44116,RegionE,835
9554,RegionE,836
15423,RegionD,836
22419,RegionF,836
22655,RegionF,836
23616,RegionD,836
31342,RegionD,836
34768,RegionE,836
35608,RegionE,836
36445,RegionD,836
40186,RegionD,836
42228,RegionF,836
43333,RegionD,836
7018,RegionA,837
23075,RegionF,837
29973,RegionE,837
49291,RegionE,837
49825,RegionF,837
3805,RegionD,838
20550,RegionF,838
24036,RegionD,838
27758,RegionF,838
35097,RegionE,838
35508,RegionD,838
38552,RegionD,838
39134,RegionC,838
6441,RegionB,839
20207,RegionE,839
21176,RegionD,839
30308,RegionE,839
33874,RegionD,839
41890,RegionD,839
48017,RegionD,839
669,RegionC,840
17269,RegionF,840
41053,RegionE,840
2644,RegionD,841
4006,RegionF,841
21678,RegionF,841
26550,RegionE,841
28119,RegionF,841
39983,RegionE,841
42315,RegionA,841
15967,RegionD,842
22329,RegionD,842
29823,RegionE,842
44696,RegionA,842
6624,RegionF,843
19022,RegionA,843
19898,RegionE,843
19952,RegionF,843
21139,RegionF,843
23823,RegionF,843
33094,RegionD,843
39966,RegionF,843
6913,RegionA,844
16852,RegionD,844
22694,RegionF,844
31060,RegionD,844
33247,RegionE,844
34806,RegionD,844
36135,RegionF,844
45634,RegionA,844
30861,RegionF,845
37150,RegionE,845
2110,RegionF,846
2561,RegionE,846
13905,RegionF,846
48324,RegionC,846
12096,RegionD,847
13112,RegionA,847
15369,RegionC,847
15554,RegionD,847
19007,RegionE,847
28504,RegionE,847
31485,RegionA,847
40860,RegionD,847
41056,RegionC,847
3794,RegionE,848
4492,RegionF,848
5112,RegionD,848
17639,RegionD,848
20194,RegionE,848
24683,RegionA,848
29097,RegionF,848
29272,RegionE,848
38949,RegionF,848
1156,RegionD,849
1169,RegionD,849
3303,RegionE,849
15440,RegionF,849
16366,RegionC,849
21041,RegionF,849
46214,RegionD,849
47949,RegionF,849
12886,RegionE,850
19166,RegionF,850
19389,RegionF,850
28450,RegionD,850
39726,RegionD,850
40803,RegionE,850
42052,RegionF,850
11332,RegionE,851
14829,RegionF,851
16470,RegionF,851
19381,RegionF,851
25402,RegionE,851
28497,RegionD,851
29729,RegionD,851
3710,RegionE,852
15462,RegionD,852
17557,RegionE,852
26214,RegionD,852
2914,RegionD,853
13461,RegionD,853
14517,RegionD,853
14526,RegionE,853
14633,RegionF,853
27241,RegionA,853
44889,RegionD,853
6871,RegionE,854
15265,RegionD,854
35650,RegionF,854
46664,RegionB,854
14179,RegionE,855
15547,RegionD,855
18460,RegionD,855
19037,RegionD,855
19369,RegionF,855
45817,RegionF,855
47280,RegionF,855
4768,RegionA,856
6990,RegionE,856
11973,RegionD,856
25036,RegionF,856
31170,RegionF,856
35452,RegionF,856
35646,RegionD,856
46546,RegionB,856
47319,RegionF,856
34047,RegionE,857
42197,RegionB,857
49445,RegionA,857
1515,RegionB,858
18664,RegionD,858
23145,RegionE,858
33354,RegionF,858
49908,RegionE,858
3810,RegionF,859
4976,RegionE,859
5459,RegionD,859
7731,RegionE,859
9206,RegionE,859
15163,RegionE,859
27255,RegionC,859
35615,RegionE,859
35677,RegionB,859
36711,RegionE,859
49264,RegionD,859
9425,RegionF,860
10907,RegionF,860
14423,RegionF,860
35206,RegionD,860
45650,RegionD,860
7574,RegionF,861
10868,RegionF,861
16907,RegionE,861
20173,RegionD,861
20325,RegionE,861
23233,RegionF,861
29177,RegionD,861
31537,RegionF,861
32543,RegionD,861
35755,RegionF,862
42962,RegionE,861
49300,RegionF,862
49381,RegionD,861
6922,RegionD,862
10332,RegionD,862
19397,RegionD,862
25275,RegionD,862
30017,RegionD,862
30499,RegionE,862
30586,RegionF,863
40448,RegionD,862
44028,RegionD,862
9825,RegionF,863
15727,RegionE,863
23418,RegionD,863
34206,RegionF,863
44527,RegionD,863
46966,RegionB,863
13548,RegionE,864
42542,RegionE,864
14018,RegionD,865
16145,RegionD,865
17826,RegionE,865
20435,RegionD,865
25104,RegionD,865
49116,RegionF,865
11641,RegionF,866
30165,RegionF,866
37583,RegionE,866
24555,RegionE,867
26436,RegionD,867
29563,RegionA,867
33614,RegionE,867
34576,RegionD,867
36156,RegionC,867
47837,RegionF,867
10911,RegionE,868
21873,RegionE,868
25874,RegionE,868
32858,RegionD,868
33262,RegionF,868
34557,RegionD,868
37489,RegionD,868
42660,RegionE,868
49126,RegionD,868
3307,RegionD,869
4302,RegionF,869
9363,RegionE,869
39890,RegionD,869
40156,RegionF,869
42456,RegionE,869
45662,RegionD,869
46439,RegionE,869
4620,RegionD,870
5261,RegionD,870
7231,RegionD,870
19945,RegionE,870
22067,RegionD,870
23064,RegionD,870
25285,RegionF,870
26637,RegionF,870
34236,RegionD,870
39908,RegionB,870
43728,RegionD,870
9814,RegionD,871
12347,RegionD,871
21676,RegionE,871
25758,RegionF,871
31766,RegionF,871
41592,RegionF,871
45091,RegionD,871
1713,RegionD,872
14930,RegionD,872
18714,RegionB,872
30435,RegionF,872
32522,RegionC,872
40686,RegionE,872
176,RegionF,873
11086,RegionD,873
11548,RegionE,873
24879,RegionF,873
35229,RegionF,873
40744,RegionE,873
5981,RegionF,874
15401,RegionA,874
23244,RegionE,874
38878,RegionB,874
11313,RegionF,875
19497,RegionD,875
35492,RegionF,875
43987,RegionF,875
309,RegionD,876
4144,RegionF,876
7073,RegionD,876
10280,RegionD,876
38985,RegionD,876
42758,RegionE,876
6868,RegionD,877
8585,RegionF,877
19127,RegionA,877
19551,RegionE,877
24914,RegionD,877
24958,RegionF,877
29717,RegionD,877
34520,RegionE,877
40706,RegionF,877
41061,RegionF,877
37769,RegionA,878
45330,RegionE,878
1574,RegionB,879
7633,RegionF,879
12311,RegionF,879
14071,RegionD,879
17060,RegionF,879
20384,RegionE,879
22207,RegionE,879
22961,RegionE,879
30489,RegionD,879
33667,RegionE,879
42526,RegionD,879
708,RegionB,880
7539,RegionD,880
16502,RegionF,880
16821,RegionD,880
19296,RegionF,880
26942,RegionD,880
35692,RegionD,880
47232,RegionE,880
22222,RegionF,881
31818,RegionF,881
33246,RegionD,881
38561,RegionE,881
42397,RegionE,881
4290,RegionC,882
15316,RegionA,882
27336,RegionD,882
27953,RegionE,882
28985,RegionF,882
30790,RegionB,882
32671,RegionF,882
38427,RegionD,882
47647,RegionF,882
17627,RegionD,883
24349,RegionC,883
26470,RegionD,883
30552,RegionF,883
31074,RegionD,883
39483,RegionD,883
45412,RegionD,883
11301,RegionF,884
21510,RegionD,884
33883,RegionE,884
38896,RegionF,884
45003,RegionF,884
47187,RegionF,884
11180,RegionE,885
25641,RegionB,885
35485,RegionF,885
36202,RegionC,885
39775,RegionF,885
43644,RegionE,885
25304,RegionE,886
32868,RegionF,886
35129,RegionE,886
15653,RegionD,887
16976,RegionC,887
22002,RegionD,887
26367,RegionF,887
32990,RegionD,887
45236,RegionD,887
46329,RegionF,887
4017,RegionE,888
12055,RegionF,888
22155,RegionE,888
24321,RegionF,888
5054,RegionE,889
10274,RegionD,889
15199,RegionD,889
15405,RegionE,889
17226,RegionD,889
20424,RegionF,889
21927,RegionF,889
23979,RegionE,889
33974,RegionD,889
34512,RegionD,889
37980,RegionD,889
49229,RegionB,889
2364,RegionE,890
3044,RegionD,890
6182,RegionE,890
16864,RegionA,890
26146,RegionB,890
27638,RegionE,890
49266,RegionE,890
12327,RegionD,891
17171,RegionF,891
26507,RegionC,891
34190,RegionD,891
35698,RegionD,891
38570,RegionC,891
43261,RegionD,891
49716,RegionD,891
353,RegionF,892
5698,RegionF,892
11213,RegionE,892
16176,RegionD,892
18366,RegionA,892
23066,RegionE,892
28775,RegionF,892
48073,RegionF,892
48144,RegionE,892
18020,RegionD,893
28648,RegionE,893
30805,RegionD,893
31049,RegionE,893
35730,RegionD,893
41109,RegionD,893
1252,RegionF,894
10232,RegionF,894
11803,RegionD,894
16761,RegionD,894
21983,RegionD,894
22515,RegionE,894
32500,RegionE,894
35502,RegionD,894
1628,RegionD,895
11764,RegionE,895
22614,RegionE,895
25963,RegionD,895
28800,RegionE,895
35560,RegionD,895
48255,RegionE,895
48877,RegionD,895
1928,RegionA,896
13211,RegionC,896
16046,RegionD,896
16774,RegionD,896
21729,RegionE,896
22024,RegionE,896
30488,RegionA,896
39078,RegionE,896
40748,RegionD,896
49730,RegionD,896
1905,RegionE,897
23033,RegionE,897
31669,RegionB,897
32260,RegionD,897
38549,RegionF,897
40512,RegionD,897
46877,RegionE,897
5826,RegionD,898
23801,RegionE,898
38647,RegionF,898
48496,RegionD,898
4485,RegionF,899
13415,RegionD,899
15349,RegionB,899
27507,RegionE,899
39406,RegionE,899
41116,RegionD,899
2422,RegionD,900
2483,RegionE,900
14364,RegionF,900
16085,RegionD,900
17738,RegionD,900
28860,RegionF,900
44495,RegionD,900
19645,RegionA,901
38076,RegionF,901
3888,RegionF,902
9883,RegionF,902
16590,RegionD,902
18788,RegionD,902
22430,RegionE,902
29456,RegionE,902
35939,RegionA,902
36558,RegionD,902
36827,RegionD,902
49461,RegionD,902
322,RegionD,903
11714,RegionF,903
15613,RegionD,903
1957,RegionD,904
3062,RegionF,904
14970,RegionD,904
24428,RegionD,904
4764,RegionD,905
16746,RegionB,905
20360,RegionA,905
27951,RegionD,905
43560,RegionF,905
1368,RegionE,906
20655,RegionF,906
23734,RegionD,906
32359,RegionD,906
33827,RegionA,906
35058,RegionE,906
43569,RegionD,906
49668,RegionA,906
19600,RegionC,907
19679,RegionD,907
24827,RegionF,907
40424,RegionF,907
40849,RegionE,907
2327,RegionF,908
6099,RegionF,908
13630,RegionA,908
23868,RegionF,908
25782,RegionE,908
5354,RegionD,909
10222,RegionD,909
10645,RegionF,909
11556,RegionF,909
15470,RegionE,909
17670,RegionF,909
25624,RegionE,909
30762,RegionF,909
40895,RegionE,909
43298,RegionF,909
44603,RegionF,909
45849,RegionF,910
48846,RegionE,909
2148,RegionE,910
10127,RegionF,910
13204,RegionB,910
13422,RegionD,910
18659,RegionE,910
35221,RegionE,910
41707,RegionD,910
45478,RegionD,910
48602,RegionD,910
5163,RegionD,911
6847,RegionF,911
12554,RegionF,912
12802,RegionF,912
14479,RegionD,911
17549,RegionD,911
19629,RegionE,911
19809,RegionA,911
21438,RegionD,911
27732,RegionF,913
29591,RegionD,911
34288,RegionD,911
43537,RegionD,911
1292,RegionB,912
9251,RegionD,912
14324,RegionF,914
24116,RegionE,912
24902,RegionD,912
28915,RegionD,912
39713,RegionD,912
43227,RegionB,912
45613,RegionF,913
16095,RegionF,914
18840,RegionD,913
23195,RegionD,913
26538,RegionF,914
28606,RegionC,913
28820,RegionE,913
33226,RegionD,913
36053,RegionD,913
38309,RegionD,913
42356,RegionD,913
45690,RegionE,913
15058,RegionE,914
17594,RegionD,914
21212,RegionF,914
21224,RegionE,914
30401,RegionF,914
37119,RegionF,916
41439,RegionD,914
11788,RegionD,915
29393,RegionB,915
42875,RegionD,915
46781,RegionF,915
9181,RegionF,916
12115,RegionB,916
13198,RegionD,916
18885,RegionC,916
24991,RegionA,916
31531,RegionA,916
42123,RegionF,916
48413,RegionE,916
20677,RegionD,917
24029,RegionD,917
26184,RegionF,917
39032,RegionE,917
42904,RegionF,918
48743,RegionF,918
7407,RegionD,918
9457,RegionF,918
10619,RegionF,918
33412,RegionF,919
47113,RegionE,918
4269,RegionF,920
12011,RegionD,919
26169,RegionE,919
30698,RegionA,919
37049,RegionD,919
465,RegionA,920
8825,RegionD,920
10959,RegionF,920
11390,RegionE,920
19312,RegionD,920
31216,RegionA,920
35516,RegionE,920
37815,RegionA,920
5372,RegionB,921
13212,RegionD,921
17024,RegionD,921
28445,RegionE,921
34987,RegionF,921
37555,RegionD,921
40057,RegionF,921
2109,RegionE,922
12271,RegionF,922
14464,RegionD,922
30339,RegionD,922
1978,RegionE,923
3811,RegionC,923
8547,RegionC,923
11931,RegionA,923
13488,RegionD,923
19979,RegionF,923
28235,RegionE,923
39466,RegionE,923
42969,RegionE,923
15180,RegionD,924
16557,RegionD,924
19344,RegionC,924
33279,RegionE,924
1414,RegionE,925
3623,RegionD,925
16555,RegionF,925
17745,RegionD,925
23872,RegionD,925
28832,RegionE,925
36994,RegionF,925
39678,RegionA,925
7833,RegionD,926
19804,RegionD,926
32619,RegionF,926
35052,RegionF,926
10898,RegionE,927
16223,RegionD,927
37437,RegionD,927
45965,RegionD,927
46499,RegionF,927
3990,RegionD,928
8681,RegionE,928
9319,RegionF,928
12979,RegionF,928
17022,RegionC,928
28376,RegionA,928
32323,RegionF,928
34345,RegionA,928
34538,RegionD,928
47533,RegionE,928
23522,RegionB,929
30254,RegionD,929
38144,RegionD,929
18296,RegionD,930
22262,RegionF,930
38881,RegionE,930
45426,RegionD,930
46006,RegionE,930
48355,RegionF,930
2025,RegionF,931
3150,RegionD,931
15063,RegionD,931
38283,RegionD,931
49910,RegionF,931
1140,RegionF,932
2464,RegionF,932
7930,RegionB,932
19790,RegionC,932
26187,RegionD,932
29704,RegionD,932
41225,RegionF,932
4781,RegionF,933
6708,RegionF,933
7481,RegionE,933
19216,RegionE,933
23347,RegionD,933
31785,RegionE,933
35961,RegionD,933
37135,RegionD,933
9882,RegionE,934
18053,RegionD,934
23052,RegionD,934
47053,RegionD,934
26630,RegionF,935
31353,RegionF,935
38500,RegionD,935
45757,RegionF,935
49064,RegionF,935
2778,RegionE,936
4271,RegionD,936
11316,RegionD,936
14639,RegionF,936
15763,RegionD,936
17869,RegionD,936
21473,RegionE,936
25213,RegionF,936
45474,RegionE,936
49444,RegionF,936
49596,RegionA,936
5524,RegionD,937
46837,RegionD,937
9257,RegionD,938
13303,RegionD,938
31704,RegionD,938
36422,RegionE,938
6926,RegionF,939
30478,RegionD,939
38705,RegionE,939
39762,RegionF,939
10850,RegionD,940
16231,RegionE,940
17867,RegionF,940
19666,RegionD,940
20628,RegionF,940
27946,RegionD,940
32590,RegionD,940
41319,RegionD,940
42848,RegionD,940
46331,RegionD,940
48667,RegionD,940
2664,RegionD,941
2721,RegionF,941
10055,RegionA,941
10460,RegionF,941
13088,RegionD,941
18619,RegionE,941
19797,RegionD,941
22953,RegionD,941
27011,RegionF,941
27740,RegionB,941
39608,RegionD,941
42574,RegionE,941
44044,RegionE,941
778,RegionE,942
5822,RegionE,942
15611,RegionA,942
16295,RegionD,942
18603,RegionD,942
19678,RegionA,942
21390,RegionA,942
37613,RegionD,942
42180,RegionD,942
2586,RegionD,943
4874,RegionD,943
6762,RegionF,943
7828,RegionE,943
13326,RegionE,943
16663,RegionD,943
20137,RegionA,943
21110,RegionD,943
23358,RegionB,943
23859,RegionD,943
29071,RegionF,943
47818,RegionF,943
6637,RegionF,944
13278,RegionD,944
15606,RegionD,944
16285,RegionF,944
21749,RegionF,944
26929,RegionD,944
40729,RegionD,944
45300,RegionC,944
49295,RegionC,944
3177,RegionD,945
12703,RegionE,945
17162,RegionD,945
39216,RegionE,945
45266,RegionF,945
3000,RegionD,946
14452,RegionD,946
20042,RegionE,946
21061,RegionF,946
32078,RegionD,946
35995,RegionE,946
5636,RegionD,947
18470,RegionF,947
20629,RegionA,947
22621,RegionE,947
24289,RegionF,947
25048,RegionE,947
36251,RegionE,947
37731,RegionD,947
43738,RegionF,947
44574,RegionD,947
46164,RegionF,947
2686,RegionE,948
5917,RegionD,948
16526,RegionE,948
17837,RegionD,948
23391,RegionB,948
38631,RegionD,948
41727,RegionD,948
42157,RegionF,948
17160,RegionD,949
24196,RegionF,949
25039,RegionD,949
10206,RegionA,950
15842,RegionD,950
21193,RegionF,950
23361,RegionE,950
23606,RegionF,950
43145,RegionE,950
3178,RegionE,951
21059,RegionE,951
22267,RegionE,951
25069,RegionF,951
34714,RegionD,951
45480,RegionE,951
45998,RegionE,951
5140,RegionE,952
10817,RegionD,952
15818,RegionE,952
20443,RegionE,952
22361,RegionB,952
32400,RegionE,952
35887,RegionB,952
41892,RegionE,952
45712,RegionF,952
47586,RegionE,954
1909,RegionD,953
3298,RegionF,953
15642,RegionE,955
16525,RegionD,953
25798,RegionA,953
42902,RegionE,954
8363,RegionB,954
10585,RegionF,954
33294,RegionF,954
46194,RegionD,954
14286,RegionA,955
14778,RegionA,955
17212,RegionB,955
25960,RegionE,955
28311,RegionC,955
40344,RegionE,955
22210,RegionA,956
26925,RegionF,956
45491,RegionD,956
4592,RegionD,957
8197,RegionF,957
13126,RegionD,957
30061,RegionF,957
33991,RegionB,957
12555,RegionC,958
21044,RegionD,958
32606,RegionF,958
36228,RegionB,958
49016,RegionE,958
1691,RegionF,959
28385,RegionD,959
34253,RegionF,959
42472,RegionF,959
48518,RegionE,959
2511,RegionF,960
13604,RegionB,960
15517,RegionE,960
22433,RegionA,960
31713,RegionF,960
39148,RegionD,960
45620,RegionF,960
2827,RegionB,961
6713,RegionE,961
6897,RegionE,961
15600,RegionD,961
42207,RegionE,961
47010,RegionF,961
8530,RegionE,962
12083,RegionD,962
14074,RegionE,962
27834,RegionD,962
33168,RegionE,962
40164,RegionC,962
44077,RegionE,962
48520,RegionF,962
160,RegionE,963
20784,RegionE,963
21064,RegionD,963
27598,RegionD,963
27859,RegionD,963
34651,RegionE,963
46832,RegionE,963
19100,RegionF,964
29667,RegionF,964
31588,RegionE,964
37539,RegionF,964
42399,RegionF,964
47085,RegionD,964
2030,RegionE,965
21872,RegionE,965
31550,RegionF,965
37418,RegionD,965
38424,RegionF,965
46293,RegionD,965
4208,RegionE,966
10150,RegionD,966
10521,RegionA,966
35564,RegionF,966
40698,RegionE,966
48171,RegionF,966
49881,RegionD,966
1238,RegionF,967
3430,RegionA,967
13343,RegionD,967
20429,RegionE,967
27779,RegionA,967
41212,RegionF,967
45107,RegionE,967
45230,RegionD,967
48887,RegionF,967
4231,RegionC,968
14806,RegionD,968
16997,RegionD,968
24038,RegionE,968
29820,RegionD,968
34730,RegionE,968
37414,RegionF,968
41082,RegionB,968
3491,RegionD,969
4814,RegionA,969
6516,RegionD,969
10991,RegionE,969
18964,RegionD,969
31109,RegionE,969
34037,RegionB,969
39400,RegionE,969
42250,RegionC,969
12209,RegionD,970
18418,RegionF,970
27609,RegionC,970
32958,RegionE,970
35766,RegionE,970
42741,RegionF,970
43882,RegionF,970
46657,RegionF,970
13987,RegionD,971
17101,RegionD,971
32271,RegionF,971
37542,RegionD,971
46058,RegionE,971
10092,RegionE,972
15898,RegionF,972
17986,RegionB,972
20274,RegionF,972
20423,RegionE,972
43207,RegionA,972
49167,RegionE,972
49841,RegionD,972
16713,RegionA,973
18469,RegionE,973
33720,RegionE,973
33889,RegionE,973
37155,RegionD,973
1823,RegionA,975
40659,RegionE,975
3645,RegionF,976
31286,RegionE,976
32973,RegionF,976
1759,RegionD,977
6311,RegionD,977
18043,RegionF,977
20095,RegionE,977
20780,RegionA,977
38252,RegionE,977
543,RegionF,978
2966,RegionD,978
8315,RegionE,978
22770,RegionD,978
36926,RegionD,978
300,RegionF,979
9201,RegionF,979
21799,RegionD,979
23208,RegionD,979
30385,RegionD,979
30566,RegionF,979
38702,RegionD,979
514,RegionD,980
1187,RegionB,980
7421,RegionD,980
15177,RegionF,980
16449,RegionF,980
25810,RegionF,980
27300,RegionA,980
28628,RegionD,980
31527,RegionD,980
36769,RegionE,980
37483,RegionD,980
40281,RegionF,980
43184,RegionE,980
43805,RegionD,980
4226,RegionD,981
35724,RegionD,981
48454,RegionF,981
12489,RegionB,982
26362,RegionA,982
32358,RegionC,982
47313,RegionF,982
18734,RegionC,983
27107,RegionE,983
28954,RegionD,983
33350,RegionD,983
35791,RegionD,983
43212,RegionF,983
2137,RegionF,984
15039,RegionF,984
18060,RegionD,984
30251,RegionF,984
3020,RegionE,985
6466,RegionF,985
16386,RegionD,985
25430,RegionF,985
33337,RegionD,985
45287,RegionC,985
582,RegionF,986
8389,RegionA,986
11426,RegionA,986
15160,RegionD,986
25652,RegionF,986
30694,RegionD,986
6756,RegionB,987
9527,RegionE,987
16919,RegionD,987
19265,RegionB,987
23156,RegionD,987
25904,RegionD,987
32996,RegionD,987
40910,RegionF,987
44854,RegionC,987
26376,RegionC,988
35183,RegionF,988
6066,RegionF,989
21824,RegionD,989
21909,RegionD,989
26157,RegionF,989
30109,RegionD,989
41294,RegionD,989
925,RegionC,990
3568,RegionB,990
4013,RegionF,990
4449,RegionD,990
28157,RegionE,990
28160,RegionC,990
37924,RegionE,990
38792,RegionF,990
11106,RegionD,991
16603,RegionD,991
16836,RegionF,991
18944,RegionC,991
24414,RegionA,991
24883,RegionE,991
28875,RegionC,993
32249,RegionD,991
32897,RegionD,991
36487,RegionE,991
40101,RegionE,991
49399,RegionA,991
1507,RegionF,992
5074,RegionE,992
16199,RegionE,992
17504,RegionE,992
24332,RegionE,992
25515,RegionF,992
29464,RegionF,992
32023,RegionA,992
32574,RegionA,992
39642,RegionE,992
44056,RegionD,992
44538,RegionF,992
4459,RegionF,993
11751,RegionE,993
14753,RegionD,993
20407,RegionD,993
34904,RegionD,993
9440,RegionD,994
18320,RegionA,994
42541,RegionD,994
37058,RegionE,995
46327,RegionE,995
49531,RegionC,995
402,RegionD,996
1413,RegionE,996
8781,RegionF,996
23562,RegionD,996
27056,RegionF,996
39149,RegionD,996
11656,RegionB,997
15178,RegionA,997
17955,RegionD,997
48001,RegionF,997
2437,RegionE,998
7328,RegionD,998
27117,RegionC,998
33603,RegionF,998
39382,RegionF,998
39603,RegionE,998
40127,RegionD,998
1562,RegionD,999
7310,RegionE,999
9885,RegionB,999
22986,RegionD,999
24709,RegionA,999
29333,RegionF,999
38567,RegionE,999
45901,RegionE,999
47283,RegionD,999
4119,RegionB,1000
6618,RegionA,1000
12771,RegionB,1000
18443,RegionF,1000
39553,RegionF,1000
42568,RegionE,1000
4910,RegionE,1001
6963,RegionE,1001
10290,RegionF,1001
11750,RegionD,1001
16395,RegionE,1001
16424,RegionF,1001
16896,RegionF,1001
17177,RegionF,1001
18225,RegionE,1001
20500,RegionD,1001
23903,RegionC,1001
26643,RegionF,1001
31530,RegionF,1001
46432,RegionE,1001
40,RegionD,1002
3384,RegionA,1002
5957,RegionD,1002
7224,RegionD,1002
15255,RegionE,1002
20225,RegionD,1002
22680,RegionE,1002
24391,RegionE,1002
35250,RegionF,1002
35634,RegionE,1002
40806,RegionF,1002
48138,RegionF,1002
49536,RegionF,1002
7520,RegionE,1003
18025,RegionA,1003
24014,RegionB,1003
25698,RegionF,1003
34250,RegionE,1003
6101,RegionD,1004
9118,RegionD,1004
12470,RegionD,1004
13621,RegionE,1004
37618,RegionF,1004
43257,RegionE,1004
9277,RegionD,1005
16493,RegionD,1005
16970,RegionD,1005
20882,RegionE,1005
23799,RegionD,1005
24132,RegionA,1005
31120,RegionD,1005
44456,RegionD,1005
1376,RegionF,1006
12419,RegionD,1006
16233,RegionF,1006
23374,RegionD,1006
28216,RegionE,1006
30748,RegionE,1006
33039,RegionF,1006
46959,RegionA,1006
16731,RegionF,1007
16865,RegionD,1007
42478,RegionF,1007
162,RegionF,1008
8130,RegionE,1008
22869,RegionE,1008
43592,RegionE,1008
47739,RegionF,1008
49379,RegionF,1008
4219,RegionD,1009
12288,RegionD,1009
17903,RegionD,1009
18300,RegionF,1009
24062,RegionD,1009
25043,RegionF,1009
29714,RegionA,1009
29715,RegionD,1009
43488,RegionF,1009
49998,RegionD,1009
3761,RegionD,1010
7148,RegionF,1010
19143,RegionD,1010
19990,RegionE,1010
21895,RegionA,1010
23842,RegionF,1010
27118,RegionD,1010
28925,RegionE,1010
33509,RegionE,1010
33690,RegionD,1010
39271,RegionF,1010
8872,RegionE,1011
12136,RegionD,1011
13765,RegionE,1011
14866,RegionD,1011
21926,RegionE,1011
32290,RegionE,1011
41419,RegionD,1011
6938,RegionF,1012
24083,RegionE,1012
24273,RegionE,1012
33386,RegionF,1012
35301,RegionF,1012
36093,RegionE,1012
40987,RegionE,1012
1630,RegionE,1013
5485,RegionD,1013
14539,RegionE,1013
28457,RegionD,1013
45252,RegionF,1013
48815,RegionF,1013
4597,RegionF,1014
22140,RegionD,1014
26089,RegionD,1014
29610,RegionD,1014
33752,RegionE,1014
43006,RegionD,1014
45904,RegionD,1014
47845,RegionB,1014
7517,RegionB,1015
20658,RegionD,1015
27582,RegionF,1015
34408,RegionE,1015
36066,RegionD,1015
43662,RegionD,1015
1857,RegionD,1016
9017,RegionF,1016
10616,RegionE,1016
27669,RegionD,1016
35482,RegionD,1016
38917,RegionA,1016
42083,RegionE,1016
46709,RegionF,1016
8601,RegionD,1017
20342,RegionD,1017
34846,RegionD,1017
37074,RegionB,1017
42063,RegionE,1017
3003,RegionF,1018
5296,RegionD,1018
6930,RegionE,1018
17812,RegionE,1018
31768,RegionD,1018
46659,RegionD,1018
2197,RegionB,1019
5712,RegionF,1019
6292,RegionD,1019
10703,RegionF,1019
17148,RegionD,1019
27764,RegionE,1019
31288,RegionF,1019
43258,RegionF,1019
49273,RegionF,1019
288,RegionA,1020
5517,RegionD,1020
27033,RegionD,1020
27721,RegionD,1020
49340,RegionA,1020
8286,RegionD,1021
18409,RegionE,1021
28898,RegionE,1021
43682,RegionD,1021
211,RegionD,1022
27377,RegionE,1022
27830,RegionF,1022
42374,RegionA,1022
43535,RegionA,1022
46811,RegionD,1022
48615,RegionD,1022
3040,RegionE,1023
7412,RegionB,1023
14784,RegionF,1023
17001,RegionF,1023
39635,RegionD,1023
42310,RegionD,1023
594,RegionE,1024
2711,RegionD,1024
5581,RegionF,1024
8210,RegionE,1024
9994,RegionE,1024
10738,RegionC,1024
16281,RegionD,1024
22650,RegionC,1024
34734,RegionD,1024
35356,RegionC,1024
38263,RegionD,1024
41395,RegionF,1024
480,RegionD,1025
12790,RegionF,1025
18655,RegionB,1025
23684,RegionE,1025
23860,RegionE,1025
25604,RegionD,1025
27480,RegionD,1025
29602,RegionF,1025
33716,RegionC,1025
49726,RegionF,1025
609,RegionF,1026
2384,RegionE,1026
3611,RegionE,1026
6682,RegionF,1026
7078,RegionD,1026
18515,RegionE,1026
18952,RegionD,1026
21002,RegionF,1026
22258,RegionD,1026
33500,RegionD,1026
41716,RegionE,1026
43751,RegionF,1026
49744,RegionE,1026
4722,RegionF,1027
14332,RegionA,1027
23179,RegionF,1027
23475,RegionF,1027
29237,RegionD,1027
49944,RegionB,1027
10783,RegionF,1028
14325,RegionF,1028
23713,RegionD,1028
31922,RegionE,1028
39897,RegionD,1028
68,RegionD,1029
7020,RegionD,1029
7886,RegionD,1029
35314,RegionE,1029
43793,RegionD,1029
2573,RegionD,1030
2828,RegionD,1030
8391,RegionD,1030
13764,RegionD,1030
35903,RegionE,1030
4203,RegionF,1031
11934,RegionD,1031
19183,RegionE,1031
30332,RegionD,1031
46023,RegionD,1031
8003,RegionD,1032
16114,RegionE,1032
25570,RegionD,1032
25921,RegionF,1032
27603,RegionD,1032
38959,RegionD,1032
39767,RegionE,1032
40183,RegionA,1032
42045,RegionF,1032
45499,RegionD,1032
8589,RegionE,1033
17900,RegionF,1033
27802,RegionE,1033
41134,RegionA,1033
41773,RegionD,1033
42770,RegionD,1033
5676,RegionD,1034
10895,RegionB,1034
12200,RegionA,1034
13635,RegionF,1034
27570,RegionD,1034
36342,RegionD,1034
40682,RegionB,1034
2226,RegionD,1035
2500,RegionD,1035
4785,RegionE,1035
18134,RegionE,1035
18962,RegionF,1035
25969,RegionB,1035
38568,RegionF,1035
43504,RegionD,1035
3250,RegionE,1036
7101,RegionE,1036
9412,RegionF,1036
13685,RegionD,1036
23038,RegionD,1036
39600,RegionC,1036
41456,RegionB,1036
8663,RegionF,1037
11247,RegionE,1037
45977,RegionD,1037
10493,RegionF,1039
28810,RegionD,1039
33643,RegionF,1039
41346,RegionD,1039
45149,RegionB,1039
3023,RegionF,1040
17596,RegionE,1040
25221,RegionB,1040
34792,RegionD,1040
39746,RegionD,1040
41495,RegionA,1040
49044,RegionF,1040
13344,RegionD,1041
14735,RegionD,1041
26794,RegionF,1041
33209,RegionF,1041
42259,RegionE,1041
44526,RegionC,1041
45259,RegionF,1041
6129,RegionD,1042
14545,RegionE,1042
16301,RegionD,1042
44995,RegionE,1042
48066,RegionF,1042
48465,RegionE,1042
9471,RegionF,1043
11913,RegionD,1043
22120,RegionD,1043
23371,RegionA,1043
28540,RegionA,1043
29850,RegionF,1043
44740,RegionE,1043
22681,RegionF,1044
25244,RegionE,1044
26388,RegionF,1044
28776,RegionA,1044
28888,RegionB,1044
39965,RegionF,1044
46309,RegionF,1044
47417,RegionF,1044
9100,RegionD,1045
14566,RegionE,1045
17676,RegionF,1045
37156,RegionE,1045
39538,RegionE,1045
41206,RegionF,1045
10878,RegionD,1046
13483,RegionE,1046
14231,RegionE,1046
29441,RegionD,1046
42028,RegionD,1046
43214,RegionB,1046
44178,RegionB,1046
47903,RegionF,1046
14635,RegionD,1047
16749,RegionE,1047
19347,RegionE,1047
24534,RegionD,1047
26734,RegionE,1047
31557,RegionF,1047
32096,RegionD,1047
38124,RegionC,1047
39335,RegionE,1047
2984,RegionA,1048
22928,RegionD,1048
42648,RegionF,1048
4305,RegionD,1049
22029,RegionD,1049
23398,RegionC,1049
39065,RegionE,1049
45064,RegionC,1049
49541,RegionE,1049
1181,RegionD,1050
8148,RegionD,1050
15626,RegionD,1050
16729,RegionD,1050
20857,RegionF,1050
21309,RegionE,1050
30450,RegionD,1050
33873,RegionB,1050
33835,RegionD,1051
44845,RegionE,1051
46707,RegionE,1051
48491,RegionE,1051
7322,RegionD,1052
23853,RegionE,1052
39803,RegionB,1052
43264,RegionE,1052
1219,RegionF,1053
9282,RegionD,1053
14195,RegionD,1053
27618,RegionD,1053
29657,RegionD,1053
30462,RegionB,1053
30996,RegionD,1053
31965,RegionD,1053
33203,RegionF,1053
46246,RegionD,1053
5729,RegionE,1054
6336,RegionA,1054
15864,RegionE,1054
20132,RegionD,1054
25168,RegionF,1054
33583,RegionF,1054
34664,RegionE,1054
2800,RegionF,1055
3143,RegionD,1055
20702,RegionC,1055
45898,RegionD,1055
46120,RegionC,1055
2044,RegionE,1056
3405,RegionD,1056
5867,RegionE,1056
7466,RegionD,1056
15267,RegionE,1056
19988,RegionD,1056
45329,RegionE,1056
46889,RegionD,1056
8131,RegionE,1057
9280,RegionF,1057
9346,RegionF,1057
11582,RegionF,1057
18317,RegionE,1057
29435,RegionD,1057
32705,RegionA,1057
42906,RegionC,1057
43394,RegionE,1057
44943,RegionE,1057
11752,RegionE,1058
11878,RegionF,1058
28921,RegionC,1058
29665,RegionE,1058
4578,RegionA,1059
10686,RegionD,1059
15908,RegionD,1059
20108,RegionE,1059
21291,RegionF,1059
21454,RegionF,1059
21739,RegionD,1059
34036,RegionF,1059
43547,RegionF,1059
1872,RegionE,1060
7638,RegionE,1060
17203,RegionE,1060
26489,RegionD,1060
36114,RegionE,1060
41548,RegionC,1060
1770,RegionF,1061
12519,RegionE,1061
12777,RegionF,1061
33737,RegionD,1061
43703,RegionE,1061
10567,RegionB,1062
21146,RegionF,1062
45721,RegionD,1062
16702,RegionD,1063
19180,RegionC,1063
26091,RegionE,1063
28959,RegionF,1063
31174,RegionE,1063
32040,RegionE,1063
38284,RegionE,1063
47413,RegionD,1063
10730,RegionF,1064
12782,RegionE,1064
34012,RegionD,1064
40115,RegionE,1064
4277,RegionD,1065
6671,RegionC,1065
36575,RegionF,1065
43717,RegionF,1065
6769,RegionB,1066
29199,RegionE,1066
34298,RegionF,1066
37931,RegionE,1066
40774,RegionC,1066
48467,RegionF,1066
48621,RegionD,1066
7627,RegionF,1067
11950,RegionF,1067
16350,RegionE,1067
25559,RegionE,1067
27767,RegionD,1067
35471,RegionE,1067
37417,RegionD,1067
4245,RegionD,1068
24351,RegionD,1068
34758,RegionF,1068
37300,RegionE,1068
49182,RegionF,1068
10711,RegionA,1069
13801,RegionB,1069
16191,RegionD,1069
26105,RegionF,1069
35971,RegionF,1069
36800,RegionD,1069
37191,RegionF,1069
4735,RegionF,1070
22483,RegionE,1070
26622,RegionE,1070
30347,RegionE,1070
40909,RegionE,1070
8152,RegionF,1071
8336,RegionF,1071
15548,RegionD,1071
18560,RegionE,1071
24859,RegionF,1071
26848,RegionC,1071
28164,RegionE,1071
30727,RegionD,1071
43132,RegionE,1071
43481,RegionF,1071
11050,RegionE,1072
13514,RegionD,1072
18868,RegionE,1072
21162,RegionD,1072
36302,RegionD,1072
37128,RegionD,1072
39340,RegionE,1072
42413,RegionF,1072
47554,RegionE,1072
633,RegionE,1073
11581,RegionE,1073
18937,RegionB,1073
28932,RegionF,1073
8401,RegionF,1074
13991,RegionB,1074
15416,RegionD,1074
16931,RegionD,1074
22583,RegionF,1074
30096,RegionD,1074
37786,RegionE,1074
44972,RegionC,1074
10520,RegionF,1075
16552,RegionD,1075
21462,RegionA,1075
32998,RegionE,1075
39541,RegionC,1075
55,RegionE,1076
7797,RegionF,1076
7807,RegionD,1076
10135,RegionD,1076
16929,RegionF,1076
29334,RegionB,1076
34917,RegionD,1076
35780,RegionF,1076
44475,RegionD,1076
48742,RegionF,1076
6874,RegionB,1077
20545,RegionD,1077
24799,RegionE,1077
25138,RegionD,1077
26561,RegionD,1077
29775,RegionD,1077
30052,RegionE,1077
39080,RegionF,1077
76,RegionE,1078
2568,RegionE,1078
2725,RegionE,1078
16480,RegionD,1078
26041,RegionB,1078
38339,RegionF,1078
48915,RegionD,1078
14424,RegionB,1079
23756,RegionE,1079
25535,RegionF,1079
29964,RegionC,1079
37969,RegionD,1079
44042,RegionD,1079
47749,RegionD,1079
9826,RegionB,1080
24808,RegionC,1080
42949,RegionE,1080
48941,RegionD,1080
10557,RegionE,1081
20517,RegionF,1081
35521,RegionD,1081
38393,RegionC,1081
39753,RegionD,1081
40992,RegionD,1081
11022,RegionD,1082
16377,RegionF,1082
28423,RegionD,1082
29542,RegionF,1082
41997,RegionE,1082
49899,RegionD,1082
6064,RegionE,1083
13680,RegionE,1083
17040,RegionF,1083
18854,RegionD,1083
28874,RegionF,1083
37761,RegionF,1083
46710,RegionB,1083
11471,RegionF,1084
32770,RegionF,1084
43622,RegionD,1084
48829,RegionC,1084
4428,RegionD,1085
20092,RegionC,1085
20643,RegionC,1085
22399,RegionF,1085
38077,RegionF,1085
44207,RegionD,1085
177,RegionC,1086
14056,RegionF,1086
14084,RegionD,1086
14879,RegionD,1086
19651,RegionF,1086
23963,RegionD,1086
35930,RegionE,1086
40635,RegionF,1086
46091,RegionE,1086
22035,RegionD,1087
28077,RegionD,1087
40472,RegionB,1087
44233,RegionD,1087
46958,RegionF,1087
48827,RegionF,1087
2994,RegionE,1088
7523,RegionA,1088
7893,RegionD,1088
10258,RegionF,1088
16916,RegionF,1088
19107,RegionF,1088
20769,RegionD,1088
45903,RegionA,1088
47374,RegionD,1088
48383,RegionC,1088
48826,RegionE,1088
8474,RegionF,1089
8799,RegionE,1089
17496,RegionD,1089
21743,RegionF,1089
23365,RegionC,1089
24098,RegionF,1089
33945,RegionA,1089
37017,RegionD,1089
37381,RegionF,1090
45775,RegionE,1089
13495,RegionD,1090
21929,RegionD,1090
25238,RegionE,1090
25862,RegionF,1090
30764,RegionB,1090
32250,RegionE,1090
36747,RegionD,1090
12127,RegionF,1091
25053,RegionD,1091
28453,RegionF,1091
28950,RegionE,1091
36871,RegionC,1091
37305,RegionD,1091
48080,RegionF,1092
7127,RegionE,1092
17579,RegionA,1092
29155,RegionF,1092
45016,RegionF,1092
45556,RegionC,1092
47033,RegionD,1092
47219,RegionE,1092
49715,RegionD,1092
49806,RegionA,1092
37,RegionF,1093
3175,RegionD,1093
11432,RegionF,1093
14503,RegionC,1093
16634,RegionF,1093
27398,RegionF,1093
42874,RegionD,1093
47632,RegionE,1093
49777,RegionE,1093
532,RegionD,1094
9088,RegionE,1094
20563,RegionF,1094
25746,RegionC,1094
33151,RegionF,1094
45446,RegionD,1094
2820,RegionA,1095
4513,RegionC,1095
5515,RegionF,1095
5770,RegionF,1095
6630,RegionF,1095
35966,RegionC,1095
43148,RegionA,1095
15459,RegionF,1096
17860,RegionF,1096
22340,RegionF,1096
29008,RegionD,1096
32540,RegionF,1096
32632,RegionF,1096
38598,RegionD,1096
28393,RegionE,1097
6302,RegionF,1098
11439,RegionF,1098
13295,RegionF,1098
25675,RegionD,1098
33244,RegionD,1098
36837,RegionF,1098
38976,RegionA,1098
5704,RegionE,1099
10048,RegionF,1099
17483,RegionD,1099
25433,RegionD,1099
26976,RegionE,1099
34082,RegionF,1099
34230,RegionD,1099
38557,RegionC,1099
39881,RegionF,1099
1656,RegionE,1100
11436,RegionE,1100
14312,RegionF,1100
17858,RegionE,1100
26005,RegionE,1100
30353,RegionD,1100
32199,RegionF,1100
39258,RegionA,1100
7172,RegionD,1101
12718,RegionF,1101
19326,RegionD,1101
20210,RegionC,1101
22921,RegionD,1101
28565,RegionF,1101
29797,RegionE,1101
43173,RegionF,1101
15790,RegionD,1102
30284,RegionF,1102
45507,RegionE,1102
46778,RegionD,1102
484,RegionF,1103
5586,RegionE,1103
7582,RegionF,1103
10094,RegionF,1103
14240,RegionA,1103
19122,RegionD,1103
26122,RegionD,1103
28022,RegionB,1103
29959,RegionD,1103
8921,RegionC,1104
10524,RegionE,1104
11767,RegionA,1104
15342,RegionA,1104
16989,RegionB,1104
29503,RegionF,1104
35347,RegionF,1105
46425,RegionE,1105
377,RegionE,1106
18555,RegionF,1106
29116,RegionF,1106
30612,RegionF,1106
42603,RegionF,1106
45181,RegionF,1106
48725,RegionD,1106
8330,RegionA,1107
14315,RegionD,1107
16229,RegionD,1107
20957,RegionA,1107
22102,RegionE,1107
26434,RegionF,1107
38014,RegionD,1107
41238,RegionF,1107
6390,RegionD,1108
8877,RegionD,1108
12520,RegionF,1108
16241,RegionB,1108
21866,RegionE,1108
37335,RegionF,1108
39073,RegionF,1109
40415,RegionD,1108
49645,RegionE,1108
3695,RegionD,1109
32051,RegionD,1109
37246,RegionD,1109
45542,RegionA,1109
48789,RegionA,1109
1184,RegionE,1110
13629,RegionF,1110
34158,RegionE,1110
34524,RegionD,1110
3118,RegionD,1111
3122,RegionB,1111
19317,RegionA,1111
19335,RegionE,1111
28117,RegionE,1111
34892,RegionD,1111
38025,RegionA,1111
38996,RegionB,1111
1185,RegionF,1112
12665,RegionF,1112
17899,RegionF,1112
18179,RegionE,1112
33003,RegionD,1112
37255,RegionE,1112
43828,RegionE,1112
46855,RegionD,1112
49119,RegionD,1112
49813,RegionC,1112
2878,RegionF,1113
9913,RegionD,1113
15001,RegionA,1113
19527,RegionA,1113
29914,RegionE,1113
34825,RegionD,1113
39701,RegionE,1113
42150,RegionF,1113
12580,RegionF,1114
13718,RegionD,1114
14867,RegionE,1114
16317,RegionE,1114
19184,RegionE,1114
19794,RegionE,1114
22028,RegionD,1114
26695,RegionF,1114
31176,RegionF,1114
33374,RegionF,1114
45791,RegionF,1114
46195,RegionE,1114
13953,RegionD,1115
27121,RegionE,1115
35998,RegionA,1115
49232,RegionE,1115
621,RegionF,1116
16447,RegionD,1116
18520,RegionD,1116
20867,RegionD,1116
22516,RegionE,1116
23711,RegionF,1116
25327,RegionD,1116
38855,RegionE,1116
12153,RegionF,1117
17058,RegionE,1117
17500,RegionF,1117
20104,RegionF,1117
33008,RegionD,1117
33876,RegionE,1117
4061,RegionD,1118
7097,RegionB,1118
22292,RegionE,1118
24007,RegionF,1118
37292,RegionD,1118
38106,RegionD,1118
41764,RegionA,1118
523,RegionF,1119
1450,RegionD,1119
5085,RegionD,1119
12792,RegionD,1119
22499,RegionB,1119
27456,RegionF,1119
37817,RegionD,1119
40135,RegionE,1119
40480,RegionD,1119
40893,RegionD,1119
41123,RegionD,1119
43548,RegionA,1119
43986,RegionF,1119
46940,RegionC,1119
1173,RegionF,1120
2567,RegionD,1120
14875,RegionF,1120
21887,RegionF,1120
36877,RegionA,1120
7961,RegionF,1121
14480,RegionE,1121
22571,RegionB,1121
23305,RegionF,1121
24546,RegionD,1121
31595,RegionF,1121
31830,RegionE,1121
37780,RegionE,1121
38559,RegionD,1121
45565,RegionE,1121
5684,RegionE,1122
18405,RegionF,1122
21863,RegionC,1122
25522,RegionF,1122
26076,RegionD,1122
38653,RegionF,1122
4782,RegionC,1123
6680,RegionD,1123
19083,RegionD,1123
25932,RegionD,1123
47336,RegionD,1123
4965,RegionA,1124
14990,RegionD,1124
18181,RegionF,1124
25208,RegionB,1124
31430,RegionE,1124
32585,RegionE,1124
44912,RegionF,1124
1401,RegionE,1125
17845,RegionE,1125
40932,RegionD,1125
9435,RegionD,1126
18667,RegionF,1126
34706,RegionB,1126
41185,RegionF,1126
2119,RegionD,1127
7467,RegionD,1127
21375,RegionE,1127
28872,RegionE,1127
31106,RegionD,1127
31310,RegionD,1127
43943,RegionD,1127
2652,RegionD,1128
9459,RegionC,1128
13664,RegionD,1128
25920,RegionE,1128
30316,RegionF,1128
30838,RegionD,1128
38525,RegionD,1128
42282,RegionA,1128
43525,RegionE,1128
21778,RegionD,1129
11306,RegionE,1130
14965,RegionE,1130
21962,RegionD,1130
34481,RegionF,1130
35566,RegionD,1130
35901,RegionD,1130
38223,RegionD,1130
39930,RegionD,1130
9615,RegionF,1131
23027,RegionE,1131
46416,RegionD,1131
26462,RegionD,1132
27128,RegionF,1132
48942,RegionD,1132
20815,RegionD,1133
21483,RegionD,1133
34465,RegionD,1133
8888,RegionB,1134
9529,RegionF,1134
15743,RegionC,1134
20832,RegionF,1134
23401,RegionE,1134
41233,RegionB,1134
7053,RegionD,1135
8908,RegionC,1135
16888,RegionE,1135
19966,RegionF,1135
33580,RegionD,1135
4655,RegionF,1136
7117,RegionC,1136
7524,RegionD,1136
23637,RegionE,1136
26897,RegionE,1136
8431,RegionD,1137
12063,RegionC,1137
14184,RegionD,1137
16473,RegionD,1137
19255,RegionE,1137
27282,RegionD,1137
33084,RegionF,1137
47101,RegionE,1137
13620,RegionD,1138
14301,RegionD,1138
14836,RegionF,1138
17747,RegionE,1138
23485,RegionD,1138
26241,RegionE,1138
1661,RegionD,1139
9299,RegionF,1139
12532,RegionE,1139
15078,RegionF,1139
22878,RegionF,1139
24897,RegionE,1139
25046,RegionD,1139
26406,RegionE,1139
26454,RegionA,1139
42520,RegionD,1139
48106,RegionF,1139
5123,RegionC,1140
5809,RegionE,1140
13943,RegionE,1140
20730,RegionD,1140
29709,RegionD,1140
35984,RegionF,1140
38119,RegionD,1140
1002,RegionF,1141
13896,RegionE,1141
29518,RegionC,1141
30641,RegionD,1141
45434,RegionE,1141
48055,RegionC,1141
9117,RegionA,1142
12931,RegionD,1142
14116,RegionC,1142
18870,RegionF,1142
33050,RegionE,1142
9013,RegionD,1143
9929,RegionF,1143
21255,RegionD,1143
21558,RegionE,1143
23803,RegionF,1143
40689,RegionD,1143
5295,RegionD,1144
6807,RegionF,1144
11495,RegionE,1144
19515,RegionD,1144
21092,RegionE,1144
27634,RegionF,1144
35210,RegionF,1144
36070,RegionF,1144
44204,RegionA,1144
44492,RegionF,1144
5724,RegionE,1145
10192,RegionF,1145
27979,RegionE,1145
35633,RegionD,1145
39805,RegionD,1145
1826,RegionD,1146
11045,RegionF,1146
21475,RegionF,1146
22872,RegionF,1146
25791,RegionF,1146
33281,RegionF,1146
35318,RegionD,1146
35433,RegionF,1146
35596,RegionE,1146
42017,RegionE,1146
3145,RegionE,1147
4915,RegionD,1147
8311,RegionC,1147
14481,RegionF,1147
33035,RegionD,1147
44846,RegionF,1148
46992,RegionB,1147
48265,RegionC,1147
1430,RegionC,1148
11847,RegionD,1148
15105,RegionF,1148
38528,RegionE,1148
46820,RegionF,1148
11833,RegionB,1149
16776,RegionE,1149
28317,RegionB,1149
33782,RegionD,1149
44721,RegionF,1149
47853,RegionD,1149
2582,RegionE,1150
11492,RegionB,1150
16820,RegionD,1150
19051,RegionD,1150
19398,RegionD,1150
38093,RegionD,1150
41881,RegionF,1150
47025,RegionB,1150
8285,RegionD,1151
13555,RegionE,1151
30527,RegionF,1151
31507,RegionD,1151
43679,RegionF,1151
49996,RegionA,1151
27304,RegionE,1152
37627,RegionD,1152
47388,RegionD,1152
3309,RegionE,1153
14009,RegionF,1153
23359,RegionD,1153
25448,RegionE,1153
30239,RegionB,1153
44748,RegionF,1153
49065,RegionB,1153
49532,RegionD,1153
8450,RegionD,1154
11912,RegionC,1154
17793,RegionE,1154
19232,RegionA,1154
20667,RegionF,1154
22686,RegionE,1154
23841,RegionE,1154
34372,RegionC,1154
36832,RegionD,1154
37619,RegionC,1154
40044,RegionF,1154
47918,RegionD,1154
5744,RegionF,1155
13921,RegionD,1155
15114,RegionD,1155
23422,RegionF,1155
25299,RegionF,1155
41832,RegionD,1155
26682,RegionF,1156
27640,RegionF,1156
35602,RegionE,1156
39423,RegionD,1156
49543,RegionF,1156
2129,RegionE,1157
21080,RegionF,1157
29383,RegionE,1157
29672,RegionE,1157
36426,RegionD,1157
44777,RegionD,1157
460,RegionD,1158
2441,RegionD,1158
8521,RegionC,1158
419,RegionA,1159
2972,RegionD,1159
5382,RegionE,1159
10627,RegionD,1159
20955,RegionE,1159
21575,RegionD,1159
30035,RegionF,1159
39694,RegionD,1159
43057,RegionD,1159
43769,RegionE,1159
3579,RegionE,1160
6044,RegionE,1160
14737,RegionF,1160
38346,RegionF,1160
44346,RegionE,1160
2603,RegionF,1161
24898,RegionF,1161
34746,RegionD,1161
38409,RegionE,1161
48221,RegionD,1161
3691,RegionF,1162
9182,RegionF,1162
19226,RegionC,1162
26763,RegionC,1162
27191,RegionD,1162
27451,RegionA,1162
35371,RegionD,1162
38127,RegionE,1162
46165,RegionF,1162
17531,RegionE,1163
23257,RegionE,1163
37804,RegionD,1163
41828,RegionF,1163
44662,RegionF,1163
431,RegionF,1164
11188,RegionE,1164
20348,RegionD,1164
22596,RegionF,1164
42115,RegionE,1164
46213,RegionD,1164
15246,RegionD,1165
19210,RegionE,1165
20904,RegionF,1165
24671,RegionD,1165
39479,RegionE,1165
43178,RegionE,1165
48529,RegionD,1165
49814,RegionD,1165
12963,RegionD,1166
33659,RegionD,1166
1724,RegionF,1167
22007,RegionB,1167
34308,RegionD,1167
36088,RegionE,1167
39413,RegionE,1167
46967,RegionD,1167
8576,RegionE,1168
8600,RegionD,1168
14010,RegionF,1168
15907,RegionC,1168
21301,RegionD,1168
23895,RegionF,1168
30448,RegionF,1168
35657,RegionA,1168
48513,RegionF,1168
49752,RegionF,1168
8386,RegionE,1169
12690,RegionE,1169
29423,RegionE,1169
22541,RegionD,1170
24502,RegionD,1170
32887,RegionE,1170
35710,RegionC,1170
39440,RegionF,1170
45596,RegionD,1170
6532,RegionF,1171
15372,RegionE,1171
19477,RegionD,1171
48382,RegionF,1171
27836,RegionE,1172
37762,RegionF,1172
1746,RegionD,1173
2811,RegionE,1173
10860,RegionE,1173
14796,RegionF,1173
21613,RegionA,1173
36733,RegionB,1173
40897,RegionF,1173
1402,RegionF,1174
5522,RegionF,1174
5781,RegionD,1174
10399,RegionD,1174
11621,RegionE,1174
14561,RegionF,1174
16448,RegionE,1174
33120,RegionD,1174
40591,RegionD,1174
49341,RegionD,1174
5797,RegionF,1175
17470,RegionD,1175
22004,RegionE,1175
31715,RegionB,1175
33067,RegionD,1175
38128,RegionE,1175
45070,RegionA,1175
45541,RegionF,1175
3290,RegionE,1176
25784,RegionF,1176
37878,RegionE,1176
43442,RegionF,1176
45505,RegionD,1176
12918,RegionD,1177
16394,RegionD,1177
24982,RegionE,1177
25681,RegionD,1177
28293,RegionD,1177
40568,RegionE,1177
2393,RegionF,1178
7348,RegionD,1178
9405,RegionF,1178
14154,RegionF,1178
15044,RegionE,1178
35219,RegionD,1178
37562,RegionD,1178
44075,RegionD,1178
46236,RegionF,1178
48631,RegionF,1178
6306,RegionD,1179
10196,RegionE,1179
15207,RegionD,1179
24877,RegionE,1179
28657,RegionF,1179
39168,RegionD,1179
40569,RegionF,1179
43476,RegionA,1179
45790,RegionF,1179
15740,RegionE,1180
34788,RegionE,1180
37403,RegionD,1180
41741,RegionE,1180
48922,RegionD,1180
5157,RegionD,1181
5253,RegionF,1181
7470,RegionF,1181
12265,RegionF,1181
35747,RegionF,1181
43128,RegionF,1181
48899,RegionF,1181
1619,RegionF,1182
36537,RegionD,1182
39030,RegionD,1182
45358,RegionF,1182
46145,RegionF,1182
11215,RegionF,1183
12804,RegionB,1183
19473,RegionF,1183
22402,RegionD,1183
28256,RegionF,1183
28731,RegionD,1183
30756,RegionF,1183
42730,RegionD,1183
44692,RegionD,1183
45430,RegionF,1185
9448,RegionD,1184
10553,RegionF,1185
10763,RegionF,1186
25247,RegionA,1184
29181,RegionF,1184
30974,RegionC,1184
31135,RegionE,1184
8440,RegionF,1186
10932,RegionE,1185
21810,RegionB,1185
22831,RegionE,1185
23242,RegionD,1185
24574,RegionD,1185
26882,RegionD,1185
30908,RegionA,1185
31879,RegionB,1185
34582,RegionC,1185
43847,RegionE,1185
48277,RegionF,1186
6372,RegionE,1186
10576,RegionD,1186
33781,RegionA,1186
39481,RegionA,1186
41801,RegionE,1186
46993,RegionD,1186
48609,RegionE,1186
9631,RegionD,1187
13361,RegionA,1187
23912,RegionE,1187
34832,RegionD,1187
35090,RegionE,1187
36367,RegionD,1187
40810,RegionE,1187
45408,RegionE,1187
21426,RegionE,1188
27772,RegionF,1188
31462,RegionE,1188
32209,RegionD,1188
3299,RegionB,1189
13816,RegionD,1189
16479,RegionD,1189
20319,RegionF,1189
26737,RegionD,1189
48558,RegionF,1189
2366,RegionF,1190
6328,RegionF,1190
15776,RegionD,1190
19576,RegionD,1190
32324,RegionF,1190
34821,RegionE,1190
44284,RegionD,1190
15690,RegionB,1191
29872,RegionC,1191
30290,RegionF,1191
31134,RegionE,1191
38086,RegionD,1191
40978,RegionD,1191
43804,RegionA,1191
44590,RegionF,1192
45651,RegionE,1191
15140,RegionD,1192
16791,RegionF,1192
22254,RegionE,1192
29653,RegionE,1192
34579,RegionE,1192
36145,RegionD,1192
38697,RegionD,1192
38762,RegionD,1192
47393,RegionD,1192
2819,RegionF,1193
8871,RegionE,1193
9174,RegionE,1193
15331,RegionD,1193
21596,RegionD,1193
28364,RegionD,1193
38973,RegionE,1193
39995,RegionD,1193
44754,RegionF,1193
45652,RegionF,1193
29461,RegionD,1194
35189,RegionE,1194
42602,RegionF,1194
44879,RegionF,1194
3523,RegionD,1195
10058,RegionD,1195
13601,RegionE,1195
14505,RegionD,1195
15890,RegionE,1195
21496,RegionD,1195
24381,RegionA,1195
27154,RegionF,1195
41483,RegionD,1195
44111,RegionF,1195
47636,RegionD,1195
47681,RegionB,1195
427,RegionD,1196
11592,RegionD,1196
14853,RegionD,1196
34452,RegionD,1196
42954,RegionD,1196
49821,RegionD,1196
9780,RegionB,1197
24281,RegionF,1197
26119,RegionF,1197
31140,RegionD,1197
39286,RegionD,1197
41177,RegionE,1197
44115,RegionD,1197
1644,RegionF,1198
10225,RegionF,1198
10541,RegionB,1198
16362,RegionE,1198
26494,RegionC,1198
13032,RegionF,1199
24569,RegionE,1199
28132,RegionF,1199
30033,RegionE,1199
41485,RegionE,1199
45080,RegionE,1199
26,RegionB,1200
7732,RegionF,1200
11081,RegionD,1200
13001,RegionC,1200
32476,RegionB,1200
33611,RegionC,1200
6426,RegionF,1201
22545,RegionC,1201
28494,RegionA,1201
30256,RegionE,1201
31091,RegionF,1201
35803,RegionD,1201
37256,RegionF,1201
46414,RegionF,1201
15294,RegionE,1202
18580,RegionE,1202
46753,RegionE,1202
48041,RegionF,1202
974,RegionE,1203
7668,RegionC,1203
7955,RegionF,1203
16224,RegionD,1203
21302,RegionE,1203
23046,RegionD,1203
30384,RegionD,1203
34343,RegionE,1203
38527,RegionE,1203
40414,RegionD,1203
45701,RegionD,1203
2164,RegionA,1204
4912,RegionF,1204
9794,RegionD,1204
22068,RegionD,1204
22265,RegionD,1204
23596,RegionD,1204
28759,RegionD,1204
36225,RegionE,1204
37509,RegionD,1204
6144,RegionF,1205
12228,RegionD,1205
29922,RegionE,1205
1950,RegionD,1206
11314,RegionF,1206
28804,RegionD,1206
29086,RegionD,1206
30396,RegionF,1206
32659,RegionF,1206
37709,RegionF,1206
47956,RegionA,1206
48412,RegionE,1206
49393,RegionB,1206
2951,RegionA,1207
7477,RegionF,1207
29832,RegionA,1207
1245,RegionF,1208
1889,RegionC,1208
2386,RegionF,1208
2485,RegionF,1208
8864,RegionD,1208
9688,RegionB,1208
18262,RegionD,1208
35019,RegionF,1208
35171,RegionF,1208
35886,RegionF,1208
601,RegionE,1209
13690,RegionD,1209
19621,RegionD,1209
19769,RegionF,1209
977,RegionB,1210
3878,RegionD,1210
20565,RegionD,1210
27886,RegionD,1210
34146,RegionE,1210
38652,RegionE,1210
47445,RegionC,1210
49008,RegionD,1210
254,RegionF,1211
600,RegionE,1211
6677,RegionA,1211
7814,RegionD,1211
12314,RegionD,1211
15210,RegionF,1211
16168,RegionF,1211
18906,RegionD,1211
24157,RegionF,1211
24690,RegionC,1211
31257,RegionD,1211
37579,RegionA,1211
38317,RegionE,1211
44862,RegionD,1211
11884,RegionF,1212
12017,RegionC,1212
13655,RegionF,1212
34482,RegionF,1212
36492,RegionD,1212
46104,RegionE,1212
23833,RegionD,1213
43646,RegionF,1213
47046,RegionD,1213
48218,RegionF,1213
49759,RegionF,1213
18768,RegionD,1214
37262,RegionE,1214
41720,RegionD,1214
46636,RegionF,1214
5774,RegionD,1215
8384,RegionD,1215
17464,RegionE,1215
20637,RegionD,1215
32611,RegionE,1215
35716,RegionA,1215
38848,RegionE,1215
18099,RegionD,1216
22675,RegionF,1216
35917,RegionE,1216
38036,RegionE,1216
45831,RegionB,1216
47971,RegionD,1216
18326,RegionF,1217
20436,RegionE,1217
26804,RegionD,1217
28482,RegionD,1217
39267,RegionD,1217
44058,RegionF,1217
45997,RegionD,1217
46809,RegionD,1217
1589,RegionD,1218
9371,RegionE,1218
12384,RegionB,1218
14157,RegionD,1218
21079,RegionE,1218
21890,RegionD,1218
23972,RegionE,1218
24030,RegionD,1218
35296,RegionF,1218
43737,RegionF,1218
4425,RegionE,1219
14833,RegionD,1219
23893,RegionE,1219
27966,RegionE,1219
39361,RegionE,1219
46141,RegionD,1219
4195,RegionE,1220
11121,RegionE,1220
15083,RegionE,1220
16767,RegionD,1220
17163,RegionE,1220
22742,RegionC,1220
28407,RegionF,1220
32602,RegionD,1220
6555,RegionD,1221
14292,RegionF,1221
16066,RegionD,1221
26008,RegionA,1221
33276,RegionA,1221
49015,RegionD,1221
79,RegionD,1222
534,RegionE,1222
2172,RegionD,1222
3267,RegionD,1222
5447,RegionE,1222
11806,RegionF,1222
25115,RegionF,1222
36605,RegionE,1222
37937,RegionE,1222
39835,RegionF,1222
41420,RegionE,1222
42809,RegionD,1222
48447,RegionF,1222
48961,RegionD,1222
2135,RegionE,1223
2922,RegionE,1223
8584,RegionF,1223
26189,RegionE,1223
32490,RegionD,1223
36474,RegionE,1223
40370,RegionE,1223
44546,RegionD,1223
48697,RegionF,1223
1860,RegionE,1224
7622,RegionB,1224
12137,RegionD,1224
17235,RegionE,1224
31613,RegionE,1224
34872,RegionD,1224
37851,RegionE,1225
37992,RegionA,1224
38859,RegionD,1224
49796,RegionE,1225
592,RegionD,1225
1128,RegionB,1225
14927,RegionE,1225
15911,RegionF,1225
22405,RegionF,1225
29974,RegionE,1225
31951,RegionB,1225
32761,RegionE,1225
47555,RegionF,1225
572,RegionD,1226
3328,RegionD,1226
5856,RegionF,1226
29153,RegionD,1226
33685,RegionD,1226
43329,RegionE,1226
12506,RegionE,1227
17114,RegionD,1227
36015,RegionE,1227
49911,RegionB,1227
171,RegionD,1228
4156,RegionE,1228
7842,RegionE,1228
11190,RegionA,1228
12856,RegionA,1228
20703,RegionD,1228
25406,RegionD,1228
37308,RegionE,1228
43784,RegionF,1228
2152,RegionD,1229
7573,RegionE,1229
12317,RegionF,1229
12675,RegionD,1229
19529,RegionD,1229
22701,RegionF,1229
23044,RegionD,1229
35777,RegionD,1229
37956,RegionE,1229
40130,RegionF,1229
250,RegionD,1230
17896,RegionD,1230
25382,RegionE,1230
37429,RegionD,1230
46545,RegionF,1230
7719,RegionF,1231
9122,RegionF,1231
14845,RegionD,1231
25944,RegionD,1231
26165,RegionF,1231
28348,RegionF,1231
28803,RegionC,1231
32044,RegionD,1231
33966,RegionD,1231
35838,RegionE,1231
37472,RegionE,1231
44261,RegionE,1231
46815,RegionB,1231
6207,RegionD,1232
17077,RegionE,1232
24779,RegionE,1232
32605,RegionF,1232
36274,RegionB,1232
36410,RegionF,1232
43772,RegionD,1232
44656,RegionF,1232
45414,RegionD,1232
2418,RegionE,1233
3702,RegionD,1233
7776,RegionE,1233
17514,RegionC,1233
22725,RegionE,1233
32325,RegionB,1233
34529,RegionB,1233
34709,RegionE,1233
48761,RegionE,1233
2477,RegionE,1234
16952,RegionD,1234
20208,RegionF,1234
22625,RegionD,1234
32343,RegionF,1234
34684,RegionE,1234
35360,RegionF,1234
41205,RegionF,1234
1726,RegionD,1235
3871,RegionD,1235
19231,RegionF,1235
22767,RegionF,1235
25041,RegionE,1235
31348,RegionC,1235
35424,RegionE,1235
35979,RegionC,1235
36944,RegionD,1235
43078,RegionD,1235
44564,RegionF,1236
46444,RegionE,1235
1684,RegionF,1236
9045,RegionA,1236
19119,RegionF,1237
19269,RegionE,1236
27780,RegionD,1236
30269,RegionE,1236
642,RegionF,1237
5237,RegionE,1237
25473,RegionD,1237
33808,RegionD,1237
28743,RegionF,1238
29421,RegionD,1238
40868,RegionD,1238
44091,RegionF,1238
182,RegionF,1239
6627,RegionD,1239
9205,RegionD,1239
14502,RegionF,1239
19899,RegionE,1239
20663,RegionD,1239
20975,RegionF,1239
29888,RegionE,1239
37024,RegionD,1239
41353,RegionD,1239
45955,RegionF,1239
47615,RegionA,1239
48685,RegionD,1239
1051,RegionD,1240
7483,RegionF,1240
18014,RegionD,1240
24390,RegionD,1240
40252,RegionE,1240
41375,RegionE,1240
43397,RegionF,1240
45681,RegionD,1240
49149,RegionF,1240
4093,RegionC,1241
4763,RegionD,1241
25288,RegionD,1241
34475,RegionF,1242
35193,RegionD,1241
48464,RegionD,1241
8586,RegionB,1242
17948,RegionD,1242
21189,RegionD,1242
23742,RegionE,1242
30710,RegionF,1242
39059,RegionE,1242
43909,RegionB,1242
43917,RegionD,1242
11118,RegionB,1243
18165,RegionD,1243
34610,RegionD,1243
441,RegionD,1244
13229,RegionF,1244
14456,RegionF,1244
15751,RegionD,1244
16026,RegionD,1244
26430,RegionD,1244
28762,RegionF,1244
34162,RegionC,1244
42398,RegionE,1244
473,RegionD,1245
3517,RegionD,1245
5388,RegionE,1245
14211,RegionE,1245
18232,RegionE,1245
22098,RegionF,1245
22792,RegionF,1245
27172,RegionD,1245
31389,RegionD,1245
31474,RegionD,1245
34068,RegionF,1245
35437,RegionD,1245
43170,RegionD,1245
14531,RegionD,1246
14603,RegionD,1246
15845,RegionE,1246
24298,RegionD,1246
35878,RegionE,1246
40346,RegionF,1246
43841,RegionE,1246
44617,RegionF,1246
47940,RegionE,1246
2317,RegionD,1247
3453,RegionE,1247
3986,RegionF,1247
7564,RegionD,1247
8010,RegionD,1247
23460,RegionE,1247
27340,RegionC,1247
31327,RegionF,1247
44964,RegionF,1247
3135,RegionB,1248
3780,RegionD,1248
7475,RegionE,1248
10239,RegionB,1248
29765,RegionF,1248
42816,RegionD,1248
45718,RegionF,1248
6658,RegionC,1249
16140,RegionE,1249
36656,RegionD,1249
44052,RegionF,1249
6310,RegionB,1250
7570,RegionD,1250
12294,RegionD,1250
18989,RegionF,1250
25982,RegionB,1250
26382,RegionB,1250
26904,RegionE,1250
1690,RegionF,1251
2118,RegionA,1251
15786,RegionE,1251
18193,RegionE,1251
18274,RegionF,1251
22059,RegionA,1251
23549,RegionD,1251
29322,RegionD,1251
36046,RegionD,1251
7042,RegionE,1252
12345,RegionC,1252
16205,RegionE,1252
25240,RegionF,1252
26851,RegionE,1252
27278,RegionE,1252
28120,RegionA,1252
29216,RegionC,1252
29361,RegionD,1252
29369,RegionD,1252
46776,RegionC,1252
48389,RegionA,1252
48604,RegionF,1252
2201,RegionE,1253
16908,RegionE,1253
18235,RegionA,1253
28772,RegionD,1253
40737,RegionD,1253
40840,RegionD,1253
48435,RegionA,1253
9265,RegionE,1254
9490,RegionF,1254
11388,RegionD,1254
11455,RegionD,1254
16005,RegionB,1254
25334,RegionD,1254
28551,RegionE,1254
5498,RegionD,1255
5635,RegionD,1255
8316,RegionF,1255
9187,RegionE,1255
22393,RegionF,1255
26034,RegionA,1255
14726,RegionC,1256
20885,RegionA,1256
29436,RegionE,1256
39910,RegionD,1256
42256,RegionB,1256
43748,RegionE,1256
8240,RegionD,1257
37113,RegionA,1257
46510,RegionE,1257
17744,RegionD,1258
20976,RegionF,1258
27702,RegionD,1258
37982,RegionD,1258
42348,RegionB,1258
42796,RegionD,1258
48242,RegionE,1258
48921,RegionC,1258
1821,RegionE,1259
9691,RegionE,1259
28843,RegionD,1259
30040,RegionE,1259
31470,RegionE,1259
33144,RegionF,1259
36545,RegionD,1259
36566,RegionE,1259
41611,RegionE,1259
46473,RegionF,1259
3648,RegionD,1260
5240,RegionF,1261
5247,RegionA,1261
10293,RegionD,1261
38851,RegionF,1261
40290,RegionD,1261
41880,RegionE,1261
45956,RegionC,1261
47832,RegionC,1261
49165,RegionD,1261
1272,RegionA,1262
27933,RegionE,1262
42011,RegionE,1262
43296,RegionE,1262
45352,RegionA,1262
767,RegionB,1263
8930,RegionE,1263
15640,RegionD,1263
31770,RegionD,1263
42641,RegionE,1263
49070,RegionF,1263
7556,RegionA,1264
11679,RegionE,1264
22076,RegionE,1264
31749,RegionD,1264
35819,RegionE,1264
1924,RegionD,1265
4658,RegionD,1265
19783,RegionA,1265
21998,RegionE,1265
23021,RegionE,1265
23886,RegionE,1265
25930,RegionD,1265
34980,RegionF,1265
35768,RegionF,1265
47775,RegionD,1265
251,RegionD,1266
12862,RegionF,1266
18606,RegionE,1266
19969,RegionD,1266
22081,RegionD,1266
26068,RegionD,1266
31678,RegionD,1266
42655,RegionF,1266
48960,RegionB,1266
11139,RegionD,1267
12587,RegionA,1267
14918,RegionD,1267
25242,RegionD,1267
29076,RegionF,1267
32639,RegionF,1267
43452,RegionD,1267
48296,RegionF,1267
4642,RegionF,1268
8133,RegionF,1268
24126,RegionC,1268
31861,RegionD,1268
34447,RegionE,1268
30135,RegionD,1269
39786,RegionD,1269
40624,RegionD,1269
4386,RegionF,1270
17595,RegionD,1270
21752,RegionD,1270
26429,RegionD,1270
26728,RegionF,1270
27221,RegionF,1270
30133,RegionF,1270
33399,RegionF,1270
44165,RegionB,1270
273,RegionE,1271
7093,RegionD,1271
7943,RegionA,1271
13735,RegionA,1271
15984,RegionF,1271
20349,RegionD,1271
21274,RegionD,1271
28796,RegionB,1271
34165,RegionE,1271
36612,RegionE,1271
37340,RegionE,1271
44594,RegionD,1272
49452,RegionB,1272
1243,RegionE,1273
12041,RegionF,1273
21385,RegionD,1273
36334,RegionD,1273
42090,RegionE,1273
44262,RegionF,1273
45164,RegionD,1273
7863,RegionF,1274
11412,RegionF,1274
19103,RegionD,1274
21372,RegionD,1274
23900,RegionE,1274
33640,RegionE,1274
45214,RegionF,1274
28082,RegionD,1275
40153,RegionD,1275
46580,RegionD,1275
47843,RegionF,1275
100,RegionD,1276
6151,RegionF,1276
7845,RegionB,1276
15252,RegionD,1276
18434,RegionD,1276
40735,RegionD,1276
45129,RegionA,1276
14958,RegionD,1277
22789,RegionD,1277
28212,RegionA,1277
29075,RegionE,1277
29313,RegionF,1277
30884,RegionD,1277
2916,RegionE,1278
4121,RegionD,1278
4574,RegionD,1278
23280,RegionD,1278
27787,RegionD,1278
35723,RegionB,1278
37075,RegionD,1278
45071,RegionD,1278
3367,RegionD,1279
3507,RegionF,1279
10708,RegionE,1279
36409,RegionE,1279
38307,RegionA,1279
42121,RegionD,1279
43694,RegionD,1279
1088,RegionF,1280
2259,RegionE,1280
16993,RegionE,1280
21370,RegionF,1280
46067,RegionA,1280
3200,RegionF,1281
5456,RegionF,1281
11292,RegionE,1281
21855,RegionF,1281
31006,RegionF,1281
33147,RegionD,1281
34628,RegionD,1281
37351,RegionD,1281
40485,RegionB,1281
44274,RegionE,1281
44586,RegionD,1281
45539,RegionE,1281
46478,RegionE,1281
4330,RegionD,1282
12434,RegionE,1282
12625,RegionF,1282
15770,RegionD,1282
19592,RegionF,1282
28435,RegionA,1282
30322,RegionE,1282
31622,RegionF,1282
36348,RegionD,1282
43696,RegionE,1282
1583,RegionD,1283
6256,RegionF,1283
6414,RegionF,1283
32426,RegionD,1283
43043,RegionA,1283
45514,RegionE,1283
48627,RegionD,1283
5951,RegionD,1284
7986,RegionE,1284
8105,RegionE,1284
34503,RegionC,1284
38649,RegionD,1284
44706,RegionE,1284
45769,RegionE,1284
47796,RegionE,1284
248,RegionF,1285
7631,RegionD,1285
11831,RegionF,1285
23231,RegionE,1285
33204,RegionB,1285
37451,RegionE,1285
16945,RegionD,1286
20613,RegionE,1286
31894,RegionD,1286
36386,RegionD,1286
2285,RegionD,1287
6820,RegionF,1287
11004,RegionE,1287
16606,RegionE,1287
18348,RegionD,1287
32021,RegionE,1287
33860,RegionB,1287
38402,RegionE,1287
49,RegionE,1288
8014,RegionF,1288
20996,RegionF,1288
21622,RegionD,1288
24874,RegionD,1288
43924,RegionD,1288
49192,RegionD,1288
6854,RegionA,1289
9218,RegionD,1289
19150,RegionE,1289
25703,RegionE,1289
14188,RegionB,1290
22656,RegionA,1290
25790,RegionF,1290
32986,RegionF,1290
38753,RegionA,1290
38780,RegionC,1290
45900,RegionE,1290
2746,RegionF,1291
7588,RegionF,1291
17822,RegionB,1291
20863,RegionE,1291
24315,RegionF,1291
27463,RegionF,1291
35883,RegionD,1291
3329,RegionE,1292
8273,RegionD,1292
39474,RegionF,1292
2645,RegionD,1293
2788,RegionD,1293
24308,RegionF,1293
36798,RegionF,1293
39870,RegionD,1293
43381,RegionE,1293
45464,RegionC,1293
47163,RegionC,1293
815,RegionD,1294
46587,RegionD,1294
5119,RegionE,1295
10941,RegionB,1295
14459,RegionD,1295
15961,RegionD,1295
33495,RegionD,1295
39004,RegionD,1295
44764,RegionD,1295
47014,RegionD,1295
25940,RegionE,1296
28511,RegionE,1296
37874,RegionA,1296
42516,RegionE,1296
7707,RegionB,1297
27067,RegionD,1297
36430,RegionF,1297
42367,RegionF,1297
44782,RegionC,1297
3867,RegionE,1298
7071,RegionB,1298
9340,RegionA,1298
17062,RegionD,1298
18958,RegionD,1298
21633,RegionB,1298
24066,RegionF,1298
24191,RegionA,1298
28748,RegionF,1298
43446,RegionD,1298
43808,RegionE,1298
44514,RegionD,1298
46824,RegionD,1298
49077,RegionF,1298
292,RegionE,1299
1945,RegionE,1299
4238,RegionD,1299
24838,RegionE,1299
27458,RegionB,1299
45026,RegionD,1299
6071,RegionE,1300
6903,RegionD,1300
8188,RegionD,1300
15858,RegionE,1300
26648,RegionE,1300
26906,RegionF,1300
29318,RegionE,1300
40410,RegionE,1300
7391,RegionF,1301
9975,RegionF,1301
14777,RegionF,1301
15412,RegionE,1301
5135,RegionF,1302
8170,RegionE,1302
20752,RegionF,1302
23030,RegionA,1302
28135,RegionD,1302
28955,RegionD,1302
1956,RegionD,1303
3466,RegionE,1303
14474,RegionE,1303
19059,RegionE,1303
32292,RegionA,1303
35222,RegionE,1303
41662,RegionD,1303
48295,RegionE,1303
1126,RegionF,1304
10015,RegionF,1304
12439,RegionD,1304
24045,RegionF,1304
34451,RegionD,1304
35547,RegionD,1304
44640,RegionD,1304
1327,RegionD,1305
8341,RegionE,1305
37497,RegionE,1305
45209,RegionD,1305
49150,RegionA,1305
8402,RegionA,1306
13379,RegionF,1306
19211,RegionF,1306
19550,RegionE,1306
24598,RegionB,1306
31433,RegionB,1306
43722,RegionE,1306
14514,RegionF,1307
20843,RegionE,1307
23376,RegionF,1307
30543,RegionD,1307
32043,RegionB,1307
43051,RegionD,1307
43884,RegionD,1307
46330,RegionC,1307
15313,RegionE,1308
16973,RegionE,1308
18102,RegionF,1308
20942,RegionE,1308
31209,RegionF,1308
44689,RegionF,1308
2139,RegionD,1309
20633,RegionE,1309
33270,RegionC,1309
45586,RegionE,1309
48966,RegionF,1309
49552,RegionD,1309
1796,RegionF,1310
9200,RegionE,1310
14060,RegionE,1310
14358,RegionA,1310
22588,RegionE,1310
22929,RegionE,1310
34927,RegionE,1310
5363,RegionE,1311
19750,RegionA,1311
21131,RegionE,1311
23018,RegionD,1311
23061,RegionF,1311
26719,RegionD,1311
27633,RegionF,1311
32533,RegionF,1311
38769,RegionD,1311
4672,RegionD,1312
8084,RegionE,1312
10138,RegionE,1312
10874,RegionF,1312
20716,RegionD,1312
27483,RegionF,1312
30854,RegionF,1312
34207,RegionF,1312
35620,RegionD,1312
37867,RegionF,1312
38487,RegionD,1312
41774,RegionE,1313
1316,RegionE,1313
8305,RegionD,1313
11404,RegionE,1313
16019,RegionD,1313
17200,RegionD,1313
35252,RegionD,1313
35445,RegionE,1313
39408,RegionF,1313
6685,RegionD,1314
11642,RegionF,1314
12290,RegionE,1314
19781,RegionE,1314
23757,RegionF,1314
25134,RegionF,1314
31382,RegionD,1314
32350,RegionF,1314
34843,RegionF,1314
42122,RegionE,1314
8867,RegionF,1315
12291,RegionF,1315
20400,RegionC,1315
24890,RegionE,1315
35441,RegionC,1315
42471,RegionF,1315
9932,RegionD,1316
13345,RegionE,1316
18658,RegionE,1316
31136,RegionF,1316
40918,RegionB,1316
1357,RegionF,1317
4738,RegionD,1317
5165,RegionE,1317
6178,RegionF,1317
8194,RegionD,1317
8471,RegionE,1317
12475,RegionF,1317
23558,RegionE,1317
30263,RegionE,1317
31029,RegionD,1317
43490,RegionD,1317
43964,RegionD,1317
48756,RegionF,1317
2354,RegionF,1318
7924,RegionC,1318
25070,RegionA,1318
27998,RegionD,1318
32818,RegionD,1318
34211,RegionE,1318
44317,RegionD,1318
264,RegionD,1319
1653,RegionC,1319
2974,RegionE,1319
14657,RegionE,1319
22498,RegionF,1319
34472,RegionD,1319
35122,RegionD,1319
47237,RegionD,1319
48944,RegionE,1319
49035,RegionE,1319
2371,RegionE,1320
7014,RegionD,1320
3962,RegionC,1321
13570,RegionF,1321
14491,RegionD,1321
16730,RegionE,1321
23565,RegionE,1321
24896,RegionE,1321
29828,RegionD,1321
43141,RegionF,1321
17792,RegionE,1322
23797,RegionF,1322
34944,RegionD,1322
47490,RegionF,1322
47998,RegionD,1322
814,RegionD,1323
9747,RegionB,1323
9986,RegionD,1323
17505,RegionF,1323
18875,RegionE,1323
37574,RegionD,1323
44750,RegionD,1323
3019,RegionD,1324
3594,RegionA,1324
14629,RegionD,1324
19554,RegionC,1324
21806,RegionD,1324
25472,RegionD,1324
35046,RegionF,1324
38504,RegionB,1324
9215,RegionF,1325
16387,RegionD,1325
39272,RegionC,1325
680,RegionF,1326
8518,RegionE,1326
11511,RegionF,1326
23570,RegionD,1326
27943,RegionA,1326
85,RegionB,1327
6506,RegionF,1327
18503,RegionF,1327
33806,RegionF,1327
37386,RegionE,1327
46819,RegionE,1327
48800,RegionE,1327
754,RegionB,1328
5131,RegionD,1328
10818,RegionD,1328
29205,RegionD,1328
32932,RegionE,1328
3016,RegionF,1329
3046,RegionD,1329
7346,RegionA,1329
25236,RegionD,1329
25411,RegionA,1329
34783,RegionF,1329
34992,RegionE,1329
36519,RegionD,1329
38696,RegionD,1329
45698,RegionF,1329
3196,RegionD,1330
12292,RegionA,1330
17528,RegionD,1330
19170,RegionE,1330
32737,RegionF,1330
38756,RegionD,1330
702,RegionC,1331
1157,RegionE,1331
2133,RegionD,1331
19079,RegionE,1331
21708,RegionE,1331
29756,RegionD,1331
32877,RegionD,1331
37814,RegionF,1331
49101,RegionE,1331
20314,RegionF,1332
21236,RegionE,1332
21959,RegionF,1332
28619,RegionB,1332
31125,RegionC,1332
35487,RegionC,1332
48040,RegionF,1332
49190,RegionC,1332
49563,RegionA,1332
12266,RegionB,1333
13438,RegionE,1333
16777,RegionF,1333
19534,RegionB,1333
20504,RegionF,1333
46774,RegionF,1333
47029,RegionE,1333
23590,RegionD,1334
25149,RegionB,1334
26490,RegionE,1334
30364,RegionC,1334
34973,RegionF,1334
38461,RegionE,1334
43204,RegionE,1334
49518,RegionC,1334
2048,RegionD,1335
22979,RegionD,1335
38784,RegionE,1335
20263,RegionD,1336
24673,RegionE,1336
33631,RegionD,1336
7674,RegionA,1337
9114,RegionE,1337
10397,RegionC,1337
14700,RegionC,1337
33773,RegionF,1337
41809,RegionF,1337
49921,RegionE,1337
4249,RegionF,1338
6194,RegionD,1338
10316,RegionF,1338
26969,RegionE,1338
43124,RegionD,1338
49966,RegionD,1338
4076,RegionE,1339
7648,RegionB,1339
8841,RegionF,1339
9151,RegionD,1339
22086,RegionC,1339
24365,RegionE,1339
25323,RegionE,1339
36037,RegionF,1339
48553,RegionA,1339
48643,RegionE,1339
8596,RegionE,1340
11080,RegionD,1340
11808,RegionD,1340
12825,RegionD,1340
22688,RegionF,1340
22952,RegionD,1340
42909,RegionE,1340
49983,RegionA,1340
4264,RegionD,1341
20284,RegionD,1341
21100,RegionF,1341
24917,RegionE,1341
46394,RegionF,1341
10120,RegionF,1342
16578,RegionD,1342
22920,RegionD,1342
23006,RegionD,1342
26546,RegionB,1342
29710,RegionD,1342
33766,RegionF,1342
37459,RegionE,1342
11044,RegionF,1343
23922,RegionA,1343
25517,RegionD,1343
11761,RegionB,1344
18305,RegionE,1344
18716,RegionD,1344
20305,RegionE,1344
34291,RegionF,1344
39564,RegionE,1344
45002,RegionE,1344
46181,RegionD,1344
46674,RegionE,1344
47207,RegionF,1344
49302,RegionD,1344
9272,RegionE,1345
17120,RegionB,1345
21908,RegionF,1345
22064,RegionF,1345
39997,RegionE,1345
48646,RegionD,1345
5153,RegionE,1346
7351,RegionF,1346
12965,RegionE,1346
26118,RegionF,1346
26160,RegionD,1346
36134,RegionF,1346
42561,RegionE,1346
47543,RegionB,1346
5036,RegionF,1347
6176,RegionE,1347
7912,RegionD,1347
35558,RegionF,1347
3154,RegionF,1348
14901,RegionF,1348
20949,RegionF,1348
28769,RegionF,1348
43425,RegionD,1348
45415,RegionE,1348
15045,RegionE,1349
30827,RegionE,1349
44936,RegionE,1349
724,RegionD,1350
3617,RegionE,1350
6578,RegionF,1350
6915,RegionD,1350
16309,RegionD,1350
16784,RegionF,1350
18393,RegionC,1350
28801,RegionF,1350
31105,RegionB,1350
40037,RegionF,1350
45226,RegionF,1350
48865,RegionE,1350
15878,RegionE,1351
19565,RegionF,1351
22888,RegionD,1351
24986,RegionD,1351
47759,RegionF,1351
15458,RegionE,1352
18862,RegionE,1352
23548,RegionA,1352
34603,RegionD,1352
7662,RegionD,1353
16700,RegionA,1353
17179,RegionB,1353
21940,RegionF,1353
24582,RegionE,1353
29174,RegionE,1353
33865,RegionF,1353
9113,RegionD,1354
15820,RegionF,1354
19189,RegionD,1354
21342,RegionE,1354
32221,RegionD,1354
40299,RegionE,1354
42935,RegionE,1354
49435,RegionD,1354
8355,RegionF,1355
15124,RegionF,1355
18383,RegionE,1355
22553,RegionD,1355
22649,RegionF,1355
27627,RegionF,1355
36777,RegionF,1355
38390,RegionE,1355
41689,RegionE,1355
44122,RegionE,1355
3877,RegionD,1356
4866,RegionF,1356
5159,RegionE,1356
7433,RegionD,1356
13226,RegionD,1356
18205,RegionD,1356
23274,RegionD,1356
27808,RegionD,1356
28745,RegionD,1356
39171,RegionE,1356
40374,RegionC,1356
3513,RegionE,1357
4877,RegionE,1357
13260,RegionE,1357
16745,RegionF,1357
25191,RegionD,1357
26183,RegionE,1357
26248,RegionE,1357
43632,RegionF,1357
45761,RegionD,1357
49570,RegionB,1357
2459,RegionF,1358
3332,RegionB,1358
19537,RegionE,1358
33027,RegionB,1358
35779,RegionE,1358
36958,RegionD,1358
552,RegionD,1359
10097,RegionD,1359
12821,RegionE,1359
33054,RegionD,1359
37046,RegionF,1359
38605,RegionD,1359
38701,RegionB,1359
48307,RegionE,1359
49178,RegionD,1359
218,RegionD,1360
11454,RegionD,1360
23928,RegionF,1360
29194,RegionE,1360
46514,RegionD,1360
46536,RegionE,1360
944,RegionA,1361
17886,RegionF,1361
19720,RegionD,1361
25527,RegionE,1361
29573,RegionE,1361
43356,RegionE,1361
45440,RegionD,1361
10301,RegionE,1362
30439,RegionE,1362
31847,RegionD,1362
37337,RegionC,1362
21096,RegionD,1363
26268,RegionE,1363
26532,RegionF,1363
29957,RegionB,1363
35642,RegionE,1363
37373,RegionE,1363
1121,RegionA,1364
7212,RegionE,1364
13814,RegionB,1364
26580,RegionD,1364
31825,RegionF,1364
32057,RegionD,1364
38796,RegionE,1364
5816,RegionF,1365
6919,RegionF,1365
9375,RegionD,1365
11136,RegionF,1365
21393,RegionD,1365
33155,RegionE,1365
39637,RegionF,1365
5788,RegionE,1366
6341,RegionF,1366
10149,RegionD,1366
13835,RegionD,1366
14436,RegionF,1366
16482,RegionF,1366
25351,RegionF,1366
26603,RegionF,1367
29970,RegionA,1366
34219,RegionF,1366
12474,RegionF,1367
18602,RegionF,1368
22704,RegionD,1367
25314,RegionD,1367
35140,RegionD,1367
39127,RegionA,1367
44601,RegionE,1367
48946,RegionF,1368
20707,RegionF,1368
22778,RegionE,1368
35839,RegionF,1368
35959,RegionB,1368
46828,RegionB,1368
48338,RegionD,1368
49390,RegionE,1368
49795,RegionD,1368
4809,RegionD,1369
16451,RegionB,1369
21145,RegionE,1369
41272,RegionA,1369
42125,RegionB,1369
42584,RegionB,1369
44766,RegionE,1369
846,RegionB,1370
4569,RegionE,1370
13128,RegionD,1370
14631,RegionE,1370
23685,RegionF,1370
30418,RegionD,1370
32539,RegionE,1370
44533,RegionD,1370
5793,RegionD,1371
8682,RegionE,1371
9925,RegionD,1371
11686,RegionE,1371
14621,RegionB,1371
20468,RegionD,1371
22856,RegionE,1371
26861,RegionB,1372
35580,RegionD,1371
36597,RegionD,1371
40484,RegionF,1371
44428,RegionD,1371
47669,RegionD,1371
271,RegionD,1372
3325,RegionA,1372
35412,RegionE,1372
37193,RegionD,1372
47724,RegionE,1372
49313,RegionF,1372
3917,RegionD,1373
6850,RegionD,1373
11739,RegionE,1373
12616,RegionD,1373
42802,RegionD,1373
5887,RegionE,1374
6333,RegionE,1374
11440,RegionD,1374
20063,RegionE,1374
23291,RegionF,1374
27707,RegionB,1374
27783,RegionE,1374
43232,RegionF,1374
46839,RegionE,1374
1965,RegionE,1375
3796,RegionF,1375
3843,RegionF,1375
6036,RegionD,1375
20747,RegionA,1375
20933,RegionD,1375
29536,RegionF,1375
36484,RegionC,1375
36528,RegionF,1375
34828,RegionE,1376
36163,RegionD,1376
47264,RegionE,1376
1129,RegionD,1377
4945,RegionF,1377
6661,RegionE,1377
12101,RegionF,1377
16897,RegionB,1377
20380,RegionB,1377
41836,RegionA,1377
47414,RegionD,1377
12076,RegionC,1378
19272,RegionC,1378
21259,RegionB,1378
27369,RegionE,1378
39046,RegionE,1378
39193,RegionB,1378
48661,RegionD,1378
12760,RegionD,1379
16936,RegionA,1379
19472,RegionE,1379
28805,RegionD,1379
29962,RegionF,1379
37380,RegionE,1379
45937,RegionD,1379
47755,RegionD,1379
48809,RegionB,1379
13059,RegionF,1380
45197,RegionD,1380
49630,RegionD,1380
5858,RegionD,1381
8072,RegionE,1381
8730,RegionA,1381
10191,RegionE,1381
11799,RegionF,1381
15783,RegionD,1381
44448,RegionD,1381
1057,RegionD,1382
1378,RegionD,1382
3570,RegionD,1382
11600,RegionE,1382
32273,RegionC,1382
32691,RegionF,1382
36508,RegionF,1382
6985,RegionF,1383
7199,RegionE,1383
10190,RegionE,1383
16202,RegionC,1383
17251,RegionA,1383
19082,RegionD,1383
19227,RegionD,1383
30434,RegionF,1383
2340,RegionF,1384
10637,RegionE,1384
15139,RegionB,1384
15586,RegionD,1384
18801,RegionD,1384
19984,RegionE,1384
26700,RegionE,1384
33834,RegionC,1384
42704,RegionD,1384
44393,RegionF,1384
45280,RegionB,1384
49855,RegionE,1384
22317,RegionD,1385
25917,RegionD,1385
44127,RegionD,1385
45068,RegionE,1385
49200,RegionE,1385
2937,RegionF,1386
5404,RegionF,1386
5762,RegionE,1386
21497,RegionD,1386
24141,RegionD,1386
31039,RegionA,1386
49228,RegionF,1386
624,RegionD,1387
9329,RegionD,1387
19610,RegionE,1387
21589,RegionD,1387
32889,RegionB,1387
41019,RegionD,1387
41867,RegionE,1387
42196,RegionF,1387
48494,RegionA,1387
14783,RegionF,1388
39901,RegionA,1388
46835,RegionC,1388
127,RegionD,1389
4486,RegionA,1389
34951,RegionD,1389
45234,RegionA,1389
47791,RegionF,1389
798,RegionF,1390
4139,RegionC,1390
10193,RegionA,1390
14203,RegionD,1390
38986,RegionE,1390
42579,RegionD,1390
42943,RegionF,1390
7456,RegionF,1391
30260,RegionD,1391
33805,RegionE,1391
9726,RegionF,1392
16974,RegionF,1392
18374,RegionD,1392
21544,RegionE,1392
22935,RegionE,1392
30110,RegionD,1392
37858,RegionE,1392
7951,RegionD,1393
16330,RegionE,1393
20069,RegionE,1393
39550,RegionE,1393
41844,RegionD,1393
46367,RegionF,1393
23905,RegionD,1394
28642,RegionE,1394
34325,RegionF,1394
4575,RegionE,1395
9338,RegionE,1395
14973,RegionF,1395
31421,RegionD,1395
37968,RegionD,1395
42646,RegionE,1395
15465,RegionF,1396
19689,RegionE,1396
29761,RegionD,1396
32558,RegionE,1396
35911,RegionF,1396
36396,RegionE,1396
45100,RegionE,1396
369,RegionD,1397
8351,RegionD,1397
16695,RegionD,1397
29092,RegionD,1397
38869,RegionE,1397
39409,RegionA,1397
41050,RegionD,1397
7870,RegionF,1398
8879,RegionE,1398
30519,RegionE,1398
37325,RegionD,1398
41347,RegionD,1398
42757,RegionD,1398
43270,RegionE,1398
4398,RegionE,1399
8670,RegionF,1399
12416,RegionF,1399
15186,RegionD,1399
17384,RegionD,1399
22989,RegionF,1399
39735,RegionE,1399
42403,RegionD,1399
43359,RegionD,1399
46381,RegionF,1399
2728,RegionA,1400
21763,RegionF,1400
28782,RegionF,1400
28877,RegionD,1400
34950,RegionD,1400
48121,RegionD,1400
11636,RegionA,1401
20241,RegionF,1401
41230,RegionE,1401
47149,RegionF,1401
7806,RegionC,1402
17930,RegionE,1402
22891,RegionF,1402
36610,RegionD,1402
2612,RegionD,1403
10103,RegionD,1403
17067,RegionF,1403
41213,RegionA,1403
41876,RegionC,1403
191,RegionD,1404
5670,RegionE,1404
9231,RegionD,1404
10377,RegionB,1404
19356,RegionF,1404
22886,RegionB,1404
27198,RegionD,1404
29263,RegionD,1404
33081,RegionD,1404
35753,RegionE,1404
2769,RegionD,1405
5286,RegionF,1405
5335,RegionD,1405
11910,RegionF,1405
34551,RegionD,1405
36223,RegionD,1405
6364,RegionD,1406
12179,RegionF,1406
18335,RegionD,1406
37779,RegionE,1406
39704,RegionF,1406
41794,RegionE,1406
48317,RegionB,1406
49827,RegionD,1406
1699,RegionC,1407
11402,RegionD,1407
17303,RegionF,1407
33105,RegionF,1407
42543,RegionF,1407
46496,RegionD,1407
34691,RegionF,1408
41180,RegionA,1408
6735,RegionF,1409
7917,RegionB,1409
23154,RegionF,1409
24959,RegionC,1409
36912,RegionD,1409
37882,RegionD,1409
47528,RegionF,1409
2660,RegionE,1410
23824,RegionB,1410
23883,RegionB,1410
26055,RegionD,1410
26860,RegionF,1410
38932,RegionD,1410
15723,RegionB,1411
26412,RegionE,1411
34327,RegionD,1411
39329,RegionF,1411
9978,RegionD,1412
27624,RegionD,1412
33126,RegionD,1412
37240,RegionD,1412
41099,RegionE,1412
42201,RegionE,1412
46152,RegionF,1412
47088,RegionE,1412
3546,RegionE,1413
5545,RegionD,1413
17172,RegionF,1413
30100,RegionF,1413
1075,RegionA,1414
2367,RegionF,1414
4565,RegionB,1414
7365,RegionF,1414
10406,RegionE,1414
19742,RegionF,1414
23773,RegionD,1414
42218,RegionD,1414
45141,RegionF,1414
25130,RegionD,1415
25742,RegionD,1415
28396,RegionB,1415
33736,RegionD,1415
39383,RegionB,1415
47668,RegionC,1415
1444,RegionD,1416
9773,RegionA,1416
22820,RegionA,1416
23867,RegionE,1416
35388,RegionA,1416
7084,RegionB,1417
17702,RegionF,1417
20008,RegionD,1417
40887,RegionD,1417
44675,RegionF,1417
1817,RegionC,1418
15959,RegionB,1418
21257,RegionF,1418
24204,RegionA,1418
26435,RegionC,1418
26821,RegionF,1418
27501,RegionE,1418
31033,RegionC,1418
31042,RegionD,1418
31668,RegionF,1418
12289,RegionE,1419
22939,RegionD,1419
28637,RegionF,1419
33471,RegionF,1419
17546,RegionA,1420
22363,RegionD,1420
23750,RegionF,1420
32011,RegionD,1420
35357,RegionD,1420
41169,RegionD,1420
45844,RegionA,1420
6367,RegionF,1421
10766,RegionD,1421
13862,RegionD,1421
34833,RegionD,1421
35701,RegionE,1421
2945,RegionB,1422
5677,RegionE,1422
1016,RegionA,1423
5715,RegionD,1423
12212,RegionF,1423
20537,RegionF,1423
30178,RegionF,1423
38336,RegionD,1423
38808,RegionD,1423
46321,RegionF,1423
48616,RegionE,1423
4011,RegionE,1424
11776,RegionD,1424
14576,RegionD,1424
18082,RegionE,1424
23518,RegionD,1424
24787,RegionF,1424
24862,RegionD,1424
2699,RegionE,1425
10447,RegionF,1425
15970,RegionE,1425
26225,RegionC,1425
35080,RegionB,1425
39837,RegionD,1425
46530,RegionE,1425
7081,RegionE,1426
7988,RegionF,1426
10179,RegionF,1426
24416,RegionD,1426
49810,RegionE,1426
27949,RegionF,1427
28377,RegionD,1427
36499,RegionD,1427
41555,RegionD,1427
43015,RegionF,1427
49306,RegionF,1427
4639,RegionD,1428
6358,RegionD,1428
12468,RegionF,1428
17256,RegionF,1428
19657,RegionF,1428
27471,RegionB,1428
30608,RegionD,1428
32247,RegionD,1428
44988,RegionE,1428
18146,RegionD,1429
21666,RegionC,1429
44490,RegionE,1429
10033,RegionE,1430
11967,RegionD,1430
16972,RegionE,1430
49250,RegionD,1430
21584,RegionE,1431
26480,RegionF,1431
29107,RegionD,1431
31931,RegionA,1431
34341,RegionD,1431
39589,RegionD,1431
16678,RegionE,1432
19985,RegionF,1432
31817,RegionE,1432
49120,RegionD,1432
15837,RegionD,1433
19337,RegionA,1433
24201,RegionE,1433
28410,RegionD,1433
29588,RegionF,1433
32544,RegionD,1433
32957,RegionD,1433
34276,RegionD,1433
34745,RegionF,1433
45688,RegionD,1433
45399,RegionD,1434
45647,RegionA,1434
30636,RegionE,1435
38978,RegionD,1435
1636,RegionE,1436
6335,RegionF,1436
7135,RegionF,1436
16400,RegionD,1436
26107,RegionC,1436
38501,RegionE,1436
46682,RegionF,1436
8721,RegionE,1437
26687,RegionE,1437
33255,RegionF,1437
17243,RegionF,1438
24300,RegionE,1438
27512,RegionD,1438
28521,RegionC,1438
29539,RegionD,1438
31043,RegionE,1438
35233,RegionD,1438
9311,RegionE,1439
27465,RegionD,1439
41590,RegionE,1439
44457,RegionE,1439
45403,RegionF,1439
1920,RegionF,1440
3966,RegionE,1440
4942,RegionE,1440
21425,RegionD,1440
24538,RegionF,1440
43470,RegionC,1440
46109,RegionD,1440
3139,RegionE,1441
23277,RegionE,1441
24814,RegionA,1441
32413,RegionD,1441
1382,RegionF,1442
5457,RegionA,1442
6322,RegionF,1442
11547,RegionD,1442
31852,RegionF,1442
42855,RegionD,1442
607,RegionE,1443
13008,RegionD,1443
15697,RegionC,1443
17647,RegionD,1443
19961,RegionD,1443
25379,RegionD,1443
35635,RegionE,1443
4108,RegionD,1444
18266,RegionF,1444
18311,RegionE,1444
18423,RegionE,1444
22560,RegionD,1444
29926,RegionD,1444
39618,RegionF,1444
40173,RegionD,1444
46549,RegionE,1444
6159,RegionB,1445
17415,RegionA,1445
21761,RegionE,1445
21874,RegionF,1445
22828,RegionD,1445
27726,RegionF,1445
27847,RegionD,1445
32132,RegionE,1445
33959,RegionD,1445
40746,RegionF,1445
42285,RegionD,1445
15764,RegionD,1446
17649,RegionE,1446
23964,RegionD,1446
31154,RegionE,1446
34592,RegionE,1446
38125,RegionD,1446
6711,RegionD,1447
19200,RegionD,1448
28723,RegionF,1448
31099,RegionD,1448
36880,RegionD,1448
3293,RegionC,1449
3562,RegionD,1449
7587,RegionF,1449
7823,RegionE,1449
7952,RegionD,1449
13436,RegionD,1449
22495,RegionD,1449
23766,RegionD,1449
24647,RegionE,1449
33076,RegionE,1449
38432,RegionB,1449
40705,RegionE,1449
780,RegionA,1450
13867,RegionC,1450
19152,RegionF,1450
21465,RegionD,1450
23338,RegionA,1450
25077,RegionC,1450
21105,RegionE,1451
21464,RegionD,1451
24925,RegionF,1451
26757,RegionD,1451
36069,RegionF,1451
7677,RegionD,1452
10609,RegionD,1452
24476,RegionD,1452
40111,RegionA,1452
46487,RegionB,1452
11935,RegionE,1453
29217,RegionD,1453
31615,RegionF,1453
49886,RegionD,1453
1532,RegionE,1454
25279,RegionF,1454
32114,RegionF,1454
34163,RegionD,1454
44573,RegionD,1454
45504,RegionD,1454
48013,RegionE,1454
9327,RegionA,1455
10490,RegionD,1455
19193,RegionB,1455
37746,RegionE,1455
3395,RegionE,1456
18640,RegionF,1456
19568,RegionD,1456
22902,RegionE,1456
26845,RegionE,1456
28849,RegionD,1456
31330,RegionD,1456
34095,RegionF,1456
11791,RegionE,1457
19903,RegionD,1457
24363,RegionD,1457
30020,RegionE,1457
30082,RegionC,1457
34569,RegionD,1457
39070,RegionD,1457
3955,RegionB,1458
12574,RegionA,1458
15644,RegionB,1458
17005,RegionE,1458
20390,RegionE,1458
39034,RegionF,1458
42829,RegionD,1459
18281,RegionB,1460
19414,RegionF,1460
21498,RegionD,1460
41649,RegionE,1460
47897,RegionA,1460
1947,RegionF,1461
9496,RegionF,1461
14172,RegionE,1461
30590,RegionE,1461
36949,RegionF,1461
38170,RegionC,1461
6883,RegionD,1462
7980,RegionE,1462
11517,RegionF,1462
30219,RegionA,1462
31163,RegionF,1462
37906,RegionF,1462
9163,RegionA,1463
16167,RegionF,1463
19513,RegionF,1463
21194,RegionC,1463
28055,RegionC,1463
29314,RegionA,1463
29637,RegionD,1463
33911,RegionF,1463
38035,RegionE,1463
47086,RegionD,1463
1908,RegionF,1464
6415,RegionB,1464
8779,RegionD,1464
15656,RegionF,1464
20918,RegionB,1464
21457,RegionD,1464
36573,RegionE,1464
41570,RegionD,1464
4850,RegionE,1465
6562,RegionE,1465
23449,RegionF,1465
29233,RegionE,1465
2420,RegionB,1466
4754,RegionF,1466
11722,RegionC,1466
37117,RegionE,1466
46692,RegionD,1466
49048,RegionD,1466
1667,RegionD,1467
8016,RegionD,1467
10795,RegionF,1467
19457,RegionD,1467
22702,RegionA,1467
29055,RegionE,1467
34123,RegionD,1467
38539,RegionD,1467
39377,RegionC,1467
44102,RegionD,1467
48134,RegionD,1467
2151,RegionA,1468
3743,RegionE,1468
17622,RegionE,1468
21090,RegionD,1468
24922,RegionD,1468
28607,RegionD,1468
29840,RegionD,1468
36676,RegionD,1468
37195,RegionE,1468
38281,RegionB,1468
661,RegionF,1469
1918,RegionE,1469
7184,RegionD,1469
34353,RegionD,1469
35575,RegionE,1469
38844,RegionF,1469
46922,RegionD,1469
599,RegionD,1470
1898,RegionD,1470
3627,RegionB,1470
12679,RegionA,1470
18107,RegionE,1470
21093,RegionF,1470
37662,RegionE,1470
42012,RegionF,1470
42759,RegionE,1470
1360,RegionD,1471
11194,RegionE,1471
12553,RegionF,1471
31718,RegionE,1471
31956,RegionF,1471
32462,RegionF,1471
33169,RegionE,1471
1237,RegionE,1472
10865,RegionD,1472
15036,RegionD,1472
23160,RegionF,1472
28024,RegionD,1472
33459,RegionF,1472
37478,RegionE,1472
43754,RegionD,1472
7710,RegionE,1473
37494,RegionB,1473
37911,RegionE,1473
43136,RegionD,1473
44191,RegionA,1473
47579,RegionE,1473
49685,RegionE,1474
11104,RegionF,1474
14089,RegionF,1474
19869,RegionD,1474
21621,RegionD,1474
28060,RegionF,1474
30580,RegionA,1474
31553,RegionD,1474
1780,RegionD,1475
3123,RegionD,1475
6724,RegionD,1475
22122,RegionE,1475
24908,RegionD,1475
29192,RegionD,1475
31815,RegionD,1475
45177,RegionD,1475
11805,RegionF,1476
14755,RegionE,1476
23202,RegionD,1476
26451,RegionE,1476
47688,RegionD,1476
47983,RegionC,1476
932,RegionD,1477
19176,RegionE,1477
25733,RegionC,1477
29784,RegionE,1477
31761,RegionB,1477
32032,RegionD,1477
44639,RegionD,1477
45695,RegionD,1477
46613,RegionD,1477
49251,RegionD,1477
18553,RegionE,1478
19297,RegionF,1478
2562,RegionE,1479
13407,RegionA,1479
17843,RegionD,1479
20323,RegionD,1479
22693,RegionE,1479
37272,RegionD,1479
44682,RegionF,1479
14148,RegionF,1480
42525,RegionB,1480
27,RegionD,1481
506,RegionD,1481
1255,RegionD,1481
4544,RegionF,1481
8817,RegionD,1481
10869,RegionC,1481
16495,RegionF,1481
28881,RegionA,1481
792,RegionF,1482
861,RegionD,1482
13458,RegionF,1482
20753,RegionF,1482
20962,RegionF,1482
24540,RegionD,1482
31203,RegionA,1482
31845,RegionF,1482
18589,RegionA,1483
24205,RegionD,1483
27126,RegionD,1483
30286,RegionD,1483
34886,RegionD,1483
38992,RegionD,1483
39217,RegionF,1483
42096,RegionE,1483
8293,RegionD,1484
18943,RegionF,1484
19890,RegionD,1484
22556,RegionF,1484
26170,RegionE,1484
39896,RegionD,1484
7827,RegionD,1485
11068,RegionD,1485
21951,RegionE,1485
31391,RegionE,1485
32450,RegionC,1485
44206,RegionD,1485
3234,RegionC,1486
4229,RegionF,1486
9131,RegionC,1486
22819,RegionF,1486
34441,RegionE,1486
19514,RegionA,1487
20693,RegionF,1487
23681,RegionD,1487
38822,RegionE,1487
42036,RegionE,1487
42246,RegionE,1487
2324,RegionD,1488
8237,RegionF,1488
15834,RegionA,1488
20202,RegionF,1488
23117,RegionD,1488
37009,RegionC,1488
40146,RegionD,1488
46954,RegionD,1488
49071,RegionF,1488
7162,RegionF,1489
26101,RegionD,1489
26541,RegionD,1489
28213,RegionD,1489
29906,RegionD,1489
32208,RegionD,1489
38094,RegionE,1489
41532,RegionE,1489
46639,RegionD,1489
3798,RegionC,1490
7976,RegionB,1490
9350,RegionE,1490
27416,RegionE,1490
41952,RegionE,1490
42566,RegionD,1490
18239,RegionE,1491
24988,RegionE,1491
30132,RegionE,1491
35498,RegionF,1491
37640,RegionD,1491
39572,RegionF,1491
2519,RegionC,1492
13809,RegionD,1492
16860,RegionD,1492
18263,RegionD,1492
24239,RegionD,1492
27499,RegionD,1492
30959,RegionF,1492
41631,RegionF,1492
44625,RegionD,1492
46678,RegionD,1492
47039,RegionD,1492
13043,RegionE,1493
15524,RegionF,1493
16574,RegionF,1493
17611,RegionF,1493
22944,RegionF,1493
24103,RegionE,1493
39379,RegionD,1493
42508,RegionD,1493
7278,RegionE,1494
29939,RegionD,1494
36207,RegionF,1494
40436,RegionE,1494
14039,RegionD,1495
16017,RegionF,1495
28459,RegionE,1495
30106,RegionF,1495
34958,RegionD,1495
39438,RegionD,1495
11625,RegionD,1496
14349,RegionE,1496
17694,RegionE,1496
22718,RegionD,1496
23129,RegionC,1496
23658,RegionF,1496
24609,RegionF,1496
29819,RegionA,1496
35083,RegionE,1496
36297,RegionE,1496
41463,RegionD,1496
2651,RegionD,1497
19640,RegionD,1497
21364,RegionB,1497
24706,RegionE,1497
25986,RegionE,1497
34070,RegionB,1497
36112,RegionD,1497
42942,RegionE,1497
43787,RegionD,1497
49988,RegionF,1497
628,RegionF,1498
11428,RegionD,1498
13875,RegionD,1498
19522,RegionD,1498
26980,RegionD,1498
28210,RegionE,1498
36544,RegionD,1498
43157,RegionD,1498
9859,RegionC,1499
10036,RegionC,1499
11175,RegionF,1499
11284,RegionD,1499
38423,RegionE,1499
44575,RegionE,1499
44956,RegionE,1499
992,RegionD,1500
7121,RegionE,1500
10468,RegionF,1500
11023,RegionE,1500
22015,RegionD,1500
23560,RegionF,1500
46359,RegionE,1500
13996,RegionF,1501
28195,RegionD,1501
40995,RegionF,1501
47609,RegionC,1501
1625,RegionF,1502
10402,RegionF,1502
18972,RegionD,1502
24397,RegionD,1502
29621,RegionF,1502
33275,RegionF,1502
44182,RegionE,1502
1000,RegionE,1503
22147,RegionD,1503
23511,RegionD,1503
39777,RegionC,1503
46147,RegionD,1503
660,RegionE,1504
10823,RegionB,1504
21063,RegionD,1504
28148,RegionD,1504
37421,RegionF,1504
49982,RegionF,1504
4045,RegionF,1505
9035,RegionE,1505
15745,RegionD,1505
30180,RegionB,1505
37848,RegionB,1505
43084,RegionD,1505
47743,RegionE,1505
48920,RegionF,1505
49504,RegionA,1505
4222,RegionF,1506
5345,RegionF,1506
27500,RegionD,1506
37855,RegionC,1506
3823,RegionF,1507
8564,RegionE,1507
18904,RegionA,1507
29315,RegionD,1507
30421,RegionF,1507
30740,RegionD,1507
31488,RegionD,1507
32785,RegionD,1507
34169,RegionD,1507
44174,RegionD,1507
45470,RegionA,1507
5218,RegionE,1508
8771,RegionD,1508
9844,RegionF,1508
14530,RegionD,1508
18816,RegionE,1508
22496,RegionE,1508
23140,RegionF,1508
37184,RegionF,1508
38171,RegionD,1508
11374,RegionB,1509
14932,RegionE,1509
15193,RegionD,1509
24107,RegionD,1509
24253,RegionD,1509
30932,RegionE,1509
32432,RegionD,1509
6223,RegionF,1510
9323,RegionD,1510
21381,RegionE,1510
37626,RegionD,1510
37988,RegionD,1510
1662,RegionD,1511
5124,RegionD,1511
5716,RegionE,1511
5800,RegionD,1511
9707,RegionF,1511
24503,RegionE,1511
24761,RegionF,1511
28422,RegionB,1511
29415,RegionD,1511
32198,RegionE,1511
33697,RegionD,1511
34399,RegionD,1511
37449,RegionD,1511
40298,RegionE,1511
45602,RegionC,1511
4623,RegionF,1512
7291,RegionE,1512
12776,RegionF,1512
29392,RegionF,1512
29685,RegionE,1512
30696,RegionE,1512
31046,RegionB,1512
31123,RegionF,1512
31692,RegionE,1512
42144,RegionF,1512
47305,RegionF,1512
15380,RegionF,1513
15447,RegionA,1513
34350,RegionF,1513
45012,RegionD,1513
13487,RegionD,1514
41668,RegionD,1514
43635,RegionD,1514
48876,RegionD,1514
10129,RegionD,1515
13805,RegionE,1515
14232,RegionF,1515
31233,RegionE,1515
35868,RegionD,1515
41292,RegionB,1515
41432,RegionD,1515
42930,RegionF,1515
11874,RegionD,1516
26735,RegionF,1516
27260,RegionF,1516
40017,RegionE,1516
48883,RegionD,1516
656,RegionC,1517
9841,RegionD,1517
19668,RegionE,1517
21389,RegionF,1517
27628,RegionA,1517
29013,RegionD,1517
30682,RegionE,1517
8114,RegionC,1518
9470,RegionF,1518
12386,RegionD,1518
16873,RegionD,1518
26452,RegionE,1518
28239,RegionD,1518
42361,RegionB,1518
48390,RegionD,1518
4314,RegionF,1519
8165,RegionF,1519
11727,RegionF,1519
12388,RegionE,1519
14773,RegionD,1519
24322,RegionA,1519
39229,RegionE,1519
39504,RegionE,1519
49963,RegionF,1519
7019,RegionD,1520
20171,RegionD,1520
30227,RegionD,1520
40302,RegionD,1520
45674,RegionC,1520
635,RegionF,1521
9626,RegionE,1521
11289,RegionC,1521
34400,RegionD,1521
40248,RegionF,1521
40600,RegionE,1521
5661,RegionC,1522
6171,RegionF,1522
7015,RegionE,1522
11061,RegionD,1522
19407,RegionE,1522
32891,RegionD,1522
42295,RegionF,1522
43338,RegionA,1522
44969,RegionE,1522
17425,RegionE,1523
20507,RegionD,1523
24348,RegionF,1523
39389,RegionF,1523
2773,RegionF,1524
5479,RegionD,1524
10333,RegionD,1524
19987,RegionC,1524
27330,RegionE,1524
34026,RegionD,1524
40642,RegionF,1524
41304,RegionF,1524
45758,RegionF,1524
12019,RegionD,1525
15913,RegionB,1525
34689,RegionD,1525
721,RegionA,1526
13527,RegionD,1526
26907,RegionB,1526
31739,RegionE,1526
31762,RegionD,1526
37276,RegionF,1526
40409,RegionD,1526
1798,RegionD,1527
7276,RegionD,1527
9232,RegionE,1527
14536,RegionC,1527
16518,RegionD,1527
18576,RegionA,1527
48979,RegionF,1527
2193,RegionD,1528
5209,RegionD,1528
6424,RegionD,1528
7742,RegionD,1528
8045,RegionE,1528
11055,RegionD,1528
13380,RegionF,1528
16316,RegionD,1528
20945,RegionD,1528
21547,RegionF,1528
26262,RegionF,1528
32167,RegionF,1528
43021,RegionE,1528
49534,RegionE,1528
7645,RegionE,1529
23661,RegionD,1529
8823,RegionD,1530
19625,RegionF,1530
28003,RegionD,1530
31681,RegionF,1530
32715,RegionE,1530
35625,RegionD,1530
45150,RegionD,1530
47044,RegionF,1530
2082,RegionE,1531
3098,RegionD,1531
3184,RegionE,1531
4925,RegionF,1531
10587,RegionC,1531
13693,RegionE,1531
19081,RegionA,1531
45279,RegionF,1531
46436,RegionD,1531
48053,RegionF,1531
2128,RegionE,1532
5206,RegionF,1532
8058,RegionE,1532
12846,RegionD,1532
31870,RegionE,1532
33695,RegionF,1532
33969,RegionE,1532
37121,RegionD,1532
41834,RegionE,1532
17565,RegionF,1533
31949,RegionE,1533
43387,RegionD,1533
45294,RegionD,1533
6726,RegionE,1534
27204,RegionD,1534
48370,RegionC,1534
48419,RegionE,1534
11217,RegionD,1535
25283,RegionE,1535
31756,RegionD,1535
7612,RegionE,1536
8331,RegionD,1536
8515,RegionD,1536
34390,RegionF,1536
34862,RegionF,1536
36417,RegionF,1536
46884,RegionE,1536
360,RegionA,1537
1453,RegionE,1537
5411,RegionA,1537
18015,RegionE,1537
27162,RegionF,1537
28193,RegionC,1537
29547,RegionE,1537
35043,RegionD,1537
35436,RegionD,1537
36766,RegionC,1537
42672,RegionD,1537
35951,RegionF,1538
38254,RegionF,1538
40964,RegionB,1538
45132,RegionD,1538
4878,RegionF,1539
11640,RegionE,1539
18289,RegionD,1539
31703,RegionD,1539
33902,RegionD,1539
34760,RegionD,1539
43789,RegionF,1539
3686,RegionB,1540
6552,RegionF,1540
6861,RegionB,1540
16413,RegionD,1540
19489,RegionD,1540
26558,RegionF,1540
30072,RegionE,1540
1820,RegionE,1541
10628,RegionD,1541
19161,RegionD,1541
24768,RegionA,1541
26266,RegionD,1541
28916,RegionD,1541
29424,RegionF,1541
29556,RegionF,1541
30108,RegionB,1541
38442,RegionE,1541
42410,RegionE,1541
46683,RegionF,1541
49501,RegionE,1541
5369,RegionE,1542
41351,RegionB,1542
44907,RegionD,1542
873,RegionD,1543
1159,RegionF,1543
9152,RegionD,1543
13628,RegionE,1543
32482,RegionA,1543
33430,RegionE,1543
34073,RegionE,1543
37645,RegionC,1543
45922,RegionF,1543
7749,RegionD,1544
15583,RegionF,1544
25445,RegionD,1544
26725,RegionD,1544
26912,RegionF,1544
27533,RegionE,1544
29898,RegionB,1544
30443,RegionD,1544
33496,RegionE,1544
38353,RegionA,1544
45317,RegionE,1544
46593,RegionD,1544
9765,RegionF,1545
16336,RegionE,1545
28106,RegionF,1545
4596,RegionF,1546
5872,RegionD,1546
8950,RegionE,1546
11966,RegionD,1546
14584,RegionD,1546
16423,RegionF,1546
17757,RegionD,1546
18533,RegionD,1546
21615,RegionD,1546
26996,RegionE,1546
30432,RegionD,1546
31989,RegionF,1546
39717,RegionF,1546
42229,RegionF,1546
48544,RegionE,1546
49343,RegionD,1546
4107,RegionD,1547
18473,RegionD,1547
23177,RegionD,1547
26304,RegionD,1547
26570,RegionE,1547
27595,RegionF,1547
6102,RegionD,1548
23031,RegionD,1548
27182,RegionA,1548
12494,RegionF,1549
12898,RegionD,1549
23406,RegionD,1549
30881,RegionF,1549
2305,RegionE,1550
17897,RegionE,1550
20077,RegionF,1550
34480,RegionE,1550
36977,RegionD,1550
39158,RegionF,1550
43172,RegionE,1550
14732,RegionA,1551
20475,RegionE,1551
30811,RegionD,1551
45824,RegionF,1551
47814,RegionD,1551
257,RegionD,1552
385,RegionF,1552
3440,RegionE,1552
14940,RegionE,1552
19046,RegionE,1552
29133,RegionD,1552
30312,RegionD,1552
6595,RegionE,1553
18578,RegionD,1553
19128,RegionD,1553
25377,RegionF,1553
31274,RegionF,1553
46019,RegionE,1553
6230,RegionF,1554
33505,RegionF,1554
35606,RegionD,1554
15523,RegionE,1555
18996,RegionB,1555
20122,RegionE,1555
21427,RegionE,1555
21745,RegionC,1555
23294,RegionD,1555
24022,RegionD,1555
32015,RegionF,1555
39412,RegionD,1555
44103,RegionE,1555
1456,RegionB,1556
24623,RegionF,1556
27731,RegionE,1556
29618,RegionD,1556
38801,RegionD,1556
43155,RegionC,1556
44758,RegionD,1556
45740,RegionD,1556
46938,RegionF,1556
47210,RegionD,1556
48632,RegionB,1556
1144,RegionE,1557
4723,RegionC,1557
6875,RegionD,1557
8939,RegionF,1557
11415,RegionD,1557
11724,RegionD,1557
15831,RegionE,1557
32430,RegionB,1557
43001,RegionE,1557
317,RegionD,1558
445,RegionF,1558
15748,RegionF,1558
16641,RegionA,1558
42358,RegionE,1558
46643,RegionF,1558
46662,RegionE,1558
1482,RegionB,1559
16056,RegionF,1559
24833,RegionF,1559
28414,RegionF,1559
34818,RegionC,1559
37873,RegionF,1559
41107,RegionF,1559
49249,RegionC,1559
634,RegionF,1560
4312,RegionD,1560
6056,RegionD,1560
16711,RegionE,1560
25446,RegionD,1560
28416,RegionC,1560
32158,RegionE,1560
34713,RegionC,1560
45239,RegionF,1560
548,RegionE,1561
1326,RegionD,1561
10707,RegionD,1561
10894,RegionF,1561
11460,RegionD,1561
24940,RegionD,1561
28209,RegionE,1561
30825,RegionD,1561
35271,RegionD,1561
36794,RegionD,1561
43962,RegionC,1561
4376,RegionD,1562
5164,RegionD,1562
10718,RegionB,1562
13683,RegionB,1562
30997,RegionE,1562
38934,RegionE,1562
40515,RegionE,1562
41031,RegionD,1562
41708,RegionE,1562
2171,RegionB,1563
17652,RegionD,1563
37517,RegionE,1563
45508,RegionF,1563
17195,RegionE,1564
32927,RegionF,1564
33331,RegionD,1564
38291,RegionE,1564
5912,RegionD,1565
11682,RegionA,1565
16720,RegionB,1565
43630,RegionE,1565
44336,RegionC,1565
46386,RegionE,1565
3056,RegionA,1566
11951,RegionB,1566
24398,RegionE,1566
47253,RegionF,1566
3467,RegionE,1567
5239,RegionF,1567
7897,RegionA,1567
13890,RegionE,1567
21523,RegionD,1567
27502,RegionF,1567
37881,RegionB,1567
40082,RegionE,1567
544,RegionB,1568
6157,RegionF,1568
6195,RegionE,1568
7051,RegionA,1568
32222,RegionD,1568
36844,RegionF,1568
10219,RegionA,1569
14852,RegionD,1569
22527,RegionD,1569
23810,RegionF,1569
32478,RegionD,1569
35228,RegionE,1569
36236,RegionD,1569
4303,RegionC,1570
13073,RegionC,1570
16515,RegionF,1570
36901,RegionE,1570
39227,RegionD,1570
45518,RegionD,1570
1598,RegionE,1571
13790,RegionD,1571
14615,RegionD,1571
25440,RegionD,1571
39823,RegionC,1571
6650,RegionF,1572
9091,RegionA,1572
22444,RegionE,1572
46229,RegionE,1572
46972,RegionA,1572
3236,RegionD,1573
5693,RegionA,1573
6518,RegionF,1573
6647,RegionD,1573
9860,RegionD,1573
36213,RegionF,1573
40377,RegionE,1573
2678,RegionD,1574
8249,RegionE,1574
8938,RegionE,1574
12144,RegionD,1574
13962,RegionE,1574
20269,RegionC,1574
24412,RegionE,1574
26238,RegionC,1574
35064,RegionE,1574
41780,RegionD,1574
44572,RegionC,1574
45617,RegionD,1574
49474,RegionD,1574
2355,RegionC,1575
32763,RegionF,1575
35345,RegionD,1575
2294,RegionF,1576
5309,RegionD,1576
13669,RegionF,1576
44496,RegionE,1576
47186,RegionE,1576
4698,RegionD,1577
7784,RegionF,1577
20503,RegionF,1577
49066,RegionD,1577
3001,RegionE,1578
5220,RegionF,1578
12097,RegionD,1578
16398,RegionF,1578
17621,RegionD,1578
32783,RegionF,1578
37383,RegionD,1578
39567,RegionC,1578
43037,RegionC,1578
47706,RegionF,1578
8416,RegionC,1579
18191,RegionD,1579
19410,RegionD,1579
23780,RegionD,1579
30741,RegionE,1579
10809,RegionF,1580
16792,RegionB,1580
17942,RegionD,1580
31997,RegionB,1580
44392,RegionE,1580
8206,RegionC,1581
10879,RegionE,1581
19412,RegionD,1581
22115,RegionE,1581
30828,RegionF,1581
38581,RegionF,1581
38689,RegionD,1581
10925,RegionE,1582
20130,RegionF,1582
22110,RegionF,1582
33838,RegionE,1582
35321,RegionF,1582
38840,RegionD,1582
40986,RegionD,1582
41118,RegionE,1582
43035,RegionF,1582
48803,RegionC,1582
849,RegionE,1583
8932,RegionF,1583
22018,RegionF,1583
26554,RegionD,1583
37092,RegionF,1583
48682,RegionE,1583
938,RegionC,1584
11207,RegionE,1584
14241,RegionD,1584
15994,RegionD,1584
18913,RegionD,1584
19694,RegionD,1584
20052,RegionB,1584
32143,RegionD,1584
37796,RegionC,1584
10845,RegionD,1585
11366,RegionF,1585
14441,RegionE,1585
19195,RegionD,1585
21835,RegionF,1585
41719,RegionD,1585
44826,RegionF,1585
48169,RegionD,1585
3209,RegionD,1586
8028,RegionF,1586
12875,RegionF,1586
20090,RegionF,1586
23059,RegionD,1586
25210,RegionD,1586
25854,RegionE,1586
26323,RegionB,1586
36189,RegionC,1586
39781,RegionE,1586
16078,RegionD,1587
26676,RegionF,1587
31778,RegionE,1587
34756,RegionE,1587
43299,RegionB,1587
8946,RegionF,1588
22790,RegionD,1588
31182,RegionF,1588
33053,RegionB,1588
36987,RegionF,1588
49949,RegionF,1588
12958,RegionE,1589
46817,RegionD,1589
49529,RegionF,1589
10785,RegionD,1590
13457,RegionE,1590
29534,RegionE,1590
33304,RegionD,1590
34072,RegionD,1590
1584,RegionE,1591
1596,RegionD,1591
2982,RegionE,1591
5132,RegionD,1591
8595,RegionD,1591
9400,RegionD,1591
16539,RegionD,1591
18084,RegionA,1591
20479,RegionC,1591
5604,RegionD,1592
13482,RegionD,1592
26402,RegionC,1592
27079,RegionD,1592
38763,RegionE,1592
41088,RegionF,1592
4097,RegionE,1593
7352,RegionF,1593
11149,RegionF,1593
31528,RegionE,1593
37532,RegionF,1593
42227,RegionE,1593
48003,RegionD,1593
7417,RegionF,1594
11669,RegionB,1594
14016,RegionF,1594
15427,RegionF,1594
18799,RegionA,1594
30122,RegionD,1594
32642,RegionD,1594
38310,RegionD,1594
41700,RegionD,1594
46597,RegionF,1595
1462,RegionA,1595
3338,RegionA,1595
6480,RegionF,1596
21485,RegionE,1595
28246,RegionD,1595
30281,RegionD,1595
31431,RegionF,1596
37072,RegionE,1595
42972,RegionD,1595
2874,RegionD,1596
7721,RegionD,1596
9702,RegionD,1596
12593,RegionF,1596
12641,RegionD,1596
23175,RegionD,1596
30224,RegionF,1597
35447,RegionA,1596
42338,RegionE,1596
42967,RegionD,1596
3554,RegionF,1597
4207,RegionD,1597
7361,RegionD,1597
10953,RegionF,1597
19558,RegionE,1597
19868,RegionA,1597
20226,RegionE,1597
33843,RegionD,1597
40311,RegionE,1597
42650,RegionC,1597
48043,RegionD,1597
48626,RegionD,1597
4134,RegionD,1598
4489,RegionD,1598
5694,RegionD,1598
12219,RegionF,1598
17043,RegionD,1598
19779,RegionD,1598
26539,RegionF,1598
27236,RegionD,1598
39465,RegionE,1598
46166,RegionC,1598
46248,RegionE,1598
6079,RegionF,1599
11434,RegionD,1599
14421,RegionE,1599
17964,RegionE,1599
19784,RegionD,1599
21410,RegionB,1599
27939,RegionD,1599
30835,RegionF,1599
36810,RegionF,1599
38039,RegionD,1599
39132,RegionF,1599
39861,RegionF,1600
5082,RegionF,1600
8795,RegionF,1600
11541,RegionE,1600
12141,RegionA,1600
30090,RegionD,1600
35518,RegionF,1600
35648,RegionE,1600
36097,RegionC,1600
41583,RegionD,1600
25634,RegionA,1601
10132,RegionE,1602
36159,RegionE,1602
47802,RegionE,1602
48822,RegionA,1602
49425,RegionF,1602
21958,RegionE,1603
36868,RegionE,1603
4461,RegionD,1604
5375,RegionE,1604
11797,RegionE,1604
26339,RegionE,1604
28263,RegionF,1604
44311,RegionD,1604
855,RegionD,1605
31863,RegionE,1605
32171,RegionE,1605
35610,RegionF,1605
36495,RegionF,1605
40119,RegionD,1605
40818,RegionF,1605
7393,RegionD,1606
10605,RegionF,1606
15289,RegionF,1606
24515,RegionD,1606
30092,RegionE,1606
44797,RegionD,1606
1585,RegionF,1607
13874,RegionD,1607
32864,RegionD,1607
46261,RegionE,1607
49815,RegionD,1607
3603,RegionD,1608
8686,RegionD,1608
13284,RegionD,1608
21812,RegionD,1608
31810,RegionE,1608
36746,RegionB,1608
39498,RegionE,1608
40500,RegionD,1608
43550,RegionD,1608
46913,RegionA,1608
47747,RegionD,1608
1290,RegionF,1609
3064,RegionD,1609
22296,RegionC,1609
34665,RegionF,1609
37657,RegionF,1609
39450,RegionD,1609
42865,RegionF,1609
47404,RegionF,1609
10106,RegionF,1610
32138,RegionE,1610
32643,RegionE,1610
32909,RegionC,1610
35872,RegionF,1610
39453,RegionE,1610
44634,RegionE,1610
6076,RegionD,1611
11740,RegionF,1611
13125,RegionA,1611
14133,RegionE,1611
14525,RegionD,1611
21597,RegionE,1611
36956,RegionB,1611
46708,RegionF,1611
8302,RegionF,1612
24419,RegionF,1612
25154,RegionF,1612
28586,RegionB,1612
36235,RegionC,1612
36599,RegionE,1612
7239,RegionE,1613
11378,RegionE,1613
18306,RegionF,1613
30475,RegionA,1613
35455,RegionD,1613
36816,RegionE,1613
38041,RegionD,1613
40785,RegionF,1613
2492,RegionA,1614
3465,RegionD,1614
7230,RegionD,1614
8087,RegionF,1614
22060,RegionD,1614
23252,RegionF,1614
23969,RegionD,1614
41677,RegionF,1614
45807,RegionD,1614
1833,RegionE,1615
3770,RegionF,1615
3897,RegionD,1615
20045,RegionF,1615
27341,RegionD,1615
39875,RegionB,1615
46076,RegionD,1615
9421,RegionD,1616
12441,RegionF,1616
15344,RegionD,1616
17112,RegionF,1616
24357,RegionD,1616
29751,RegionE,1616
35157,RegionF,1616
1881,RegionF,1617
4441,RegionD,1617
4610,RegionF,1617
8685,RegionD,1617
9023,RegionE,1617
10393,RegionE,1617
10725,RegionC,1617
27569,RegionA,1617
38999,RegionE,1617
40378,RegionE,1617
44767,RegionF,1617
45325,RegionF,1617
47906,RegionD,1617
5113,RegionE,1618
21021,RegionF,1618
22027,RegionC,1618
34164,RegionD,1618
34195,RegionD,1618
43233,RegionF,1618
43907,RegionE,1618
2821,RegionD,1619
5734,RegionD,1619
8140,RegionB,1619
16877,RegionA,1619
46634,RegionD,1619
6925,RegionF,1620
24649,RegionF,1620
48025,RegionE,1620
8538,RegionE,1621
22113,RegionD,1621
4770,RegionD,1622
7302,RegionD,1622
23402,RegionF,1622
23776,RegionF,1622
25845,RegionD,1622
34653,RegionF,1622
37900,RegionF,1622
10858,RegionD,1623
11828,RegionD,1623
12164,RegionE,1623
40811,RegionF,1623
49933,RegionD,1623
1448,RegionF,1624
15658,RegionD,1624
25663,RegionD,1624
30939,RegionF,1624
31711,RegionD,1624
37987,RegionD,1624
48427,RegionF,1624
48801,RegionF,1624
16071,RegionC,1625
17326,RegionD,1625
20963,RegionF,1625
23581,RegionA,1625
32382,RegionF,1625
45964,RegionD,1625
2125,RegionB,1626
19959,RegionF,1626
32568,RegionC,1626
33490,RegionE,1626
34921,RegionF,1626
35654,RegionE,1626
2047,RegionD,1627
2653,RegionE,1627
12659,RegionF,1627
23356,RegionE,1627
29448,RegionD,1627
30222,RegionD,1627
38209,RegionB,1627
43678,RegionF,1627
560,RegionD,1628
5689,RegionD,1628
12828,RegionF,1628
13181,RegionE,1628
13206,RegionD,1628
18035,RegionE,1628
23958,RegionE,1628
29578,RegionD,1628
33528,RegionD,1628
49199,RegionE,1628
6620,RegionD,1629
10045,RegionD,1629
14068,RegionF,1629
15109,RegionD,1629
18541,RegionE,1629
24918,RegionF,1629
28266,RegionD,1629
28286,RegionD,1629
32837,RegionC,1629
46007,RegionF,1629
2661,RegionF,1630
5246,RegionF,1630
7247,RegionF,1630
10623,RegionE,1630
17149,RegionD,1630
22898,RegionF,1630
957,RegionA,1631
1436,RegionA,1631
8149,RegionD,1631
17382,RegionA,1631
19142,RegionD,1631
20106,RegionD,1631
25651,RegionE,1631
30792,RegionD,1631
47119,RegionD,1631
47717,RegionE,1631
7336,RegionD,1632
13311,RegionD,1632
15107,RegionD,1632
28732,RegionD,1632
31538,RegionB,1632
36229,RegionD,1632
37997,RegionF,1632
42441,RegionD,1632
44630,RegionF,1632
49391,RegionF,1632
8232,RegionB,1633
27551,RegionD,1633
44064,RegionE,1633
10579,RegionF,1634
14432,RegionD,1634
16498,RegionD,1634
22319,RegionE,1634
29601,RegionF,1634
29754,RegionC,1634
34022,RegionF,1634
36793,RegionD,1634
41889,RegionC,1634
49764,RegionE,1634
3073,RegionE,1635
5066,RegionD,1635
5962,RegionA,1635
7196,RegionD,1635
11622,RegionF,1635
12143,RegionD,1635
13895,RegionD,1635
14636,RegionD,1635
16772,RegionA,1635
20506,RegionD,1635
39724,RegionA,1635
46726,RegionE,1635
46737,RegionD,1635
1534,RegionF,1636
21082,RegionB,1636
31026,RegionA,1636
33551,RegionF,1636
3043,RegionA,1637
15962,RegionE,1637
24285,RegionD,1637
39802,RegionF,1637
13725,RegionD,1638
16201,RegionF,1638
34535,RegionF,1638
4062,RegionD,1639
18566,RegionE,1639
22940,RegionD,1639
25268,RegionD,1639
27223,RegionD,1639
32272,RegionF,1639
36522,RegionF,1639
43102,RegionA,1639
45449,RegionF,1639
45774,RegionD,1639
47242,RegionD,1639
2667,RegionE,1640
47382,RegionE,1640
49334,RegionB,1640
746,RegionF,1641
1525,RegionE,1641
7205,RegionE,1641
13306,RegionE,1641
13802,RegionD,1641
18637,RegionD,1641
19747,RegionE,1641
21754,RegionE,1641
28065,RegionE,1641
28750,RegionB,1641
29416,RegionE,1641
37929,RegionD,1641
48459,RegionE,1641
4929,RegionE,1642
12469,RegionA,1642
19604,RegionF,1642
25933,RegionE,1642
7925,RegionD,1643
13969,RegionE,1643
17334,RegionE,1643
13578,RegionB,1644
29982,RegionF,1644
32253,RegionB,1644
34896,RegionA,1644
35270,RegionA,1644
36337,RegionE,1644
39873,RegionF,1644
44519,RegionA,1644
48245,RegionB,1644
7271,RegionE,1645
8656,RegionE,1645
10070,RegionD,1645
12039,RegionD,1645
16044,RegionA,1645
32195,RegionD,1645
34979,RegionE,1645
37445,RegionE,1645
43151,RegionD,1645
3672,RegionF,1646
4147,RegionD,1646
9494,RegionD,1646
16335,RegionD,1646
21355,RegionE,1646
30314,RegionD,1646
36263,RegionD,1646
40584,RegionD,1646
44919,RegionA,1646
1749,RegionF,1647
18057,RegionF,1647
26144,RegionF,1647
27641,RegionF,1647
28436,RegionD,1647
45810,RegionF,1647
474,RegionD,1648
5751,RegionF,1648
10499,RegionE,1648
15070,RegionE,1648
32207,RegionB,1648
46627,RegionD,1648
5508,RegionF,1649
21142,RegionD,1649
21229,RegionD,1649
39569,RegionD,1649
42283,RegionD,1649
45593,RegionF,1649
48249,RegionE,1649
8707,RegionE,1650
15558,RegionF,1650
16848,RegionE,1650
29377,RegionE,1650
37596,RegionE,1650
44600,RegionD,1650
45120,RegionE,1650
7123,RegionA,1651
10598,RegionF,1651
11100,RegionD,1651
12220,RegionB,1651
16805,RegionA,1651
26338,RegionD,1651
40200,RegionE,1651
41542,RegionD,1651
4992,RegionD,1652
11658,RegionD,1652
14173,RegionF,1652
19909,RegionD,1652
23528,RegionF,1652
24261,RegionE,1652
29501,RegionE,1652
47001,RegionD,1652
6509,RegionD,1653
29079,RegionD,1653
32654,RegionD,1653
37869,RegionD,1653
46543,RegionE,1653
47194,RegionF,1653
4562,RegionE,1654
7772,RegionF,1654
9025,RegionF,1654
26023,RegionD,1654
31558,RegionC,1654
32427,RegionE,1654
33584,RegionA,1654
45076,RegionF,1654
13168,RegionE,1655
17761,RegionF,1655
29643,RegionD,1655
30725,RegionC,1655
33325,RegionE,1655
41903,RegionD,1655
42132,RegionC,1655
42198,RegionD,1655
47273,RegionF,1655
327,RegionF,1656
2467,RegionD,1656
4064,RegionE,1656
4566,RegionD,1656
7265,RegionE,1656
17872,RegionE,1656
37510,RegionE,1656
38270,RegionD,1656
49919,RegionD,1656
12689,RegionE,1657
14070,RegionB,1657
19696,RegionF,1657
27193,RegionE,1657
32940,RegionF,1657
33150,RegionF,1657
34934,RegionF,1658
35735,RegionF,1659
42032,RegionF,1660
46346,RegionE,1657
48450,RegionD,1657
14170,RegionD,1658
24037,RegionE,1658
37395,RegionF,1660
42638,RegionD,1658
48640,RegionD,1658
5880,RegionE,1659
9029,RegionE,1659
10974,RegionC,1659
14572,RegionE,1659
18415,RegionD,1659
19591,RegionF,1661
42725,RegionE,1659
49833,RegionD,1659
3785,RegionC,1660
14680,RegionB,1660
15367,RegionF,1660
40875,RegionE,1660
41392,RegionD,1660
44194,RegionD,1660
47170,RegionD,1660
49679,RegionE,1660
13388,RegionC,1661
19564,RegionE,1661
47929,RegionF,1661
2575,RegionE,1662
19291,RegionA,1662
29512,RegionD,1662
1067,RegionF,1663
7933,RegionE,1663
17885,RegionE,1663
29262,RegionC,1663
34902,RegionF,1663
46307,RegionE,1663
395,RegionD,1664
4239,RegionD,1664
7437,RegionF,1664
16559,RegionE,1664
20566,RegionD,1664
25518,RegionD,1664
32355,RegionE,1664
34320,RegionD,1664
38673,RegionF,1664
49440,RegionD,1664
3775,RegionE,1665
6988,RegionD,1665
39469,RegionD,1665
45233,RegionF,1665
45578,RegionD,1665
18267,RegionF,1666
24433,RegionF,1666
30204,RegionE,1666
34669,RegionD,1666
16396,RegionE,1667
17929,RegionD,1667
25961,RegionF,1667
27019,RegionD,1667
27774,RegionD,1667
29949,RegionF,1667
30298,RegionB,1667
41287,RegionD,1667
44577,RegionF,1667
9796,RegionE,1668
14026,RegionD,1668
43676,RegionE,1668
10664,RegionF,1669
11410,RegionE,1669
12646,RegionA,1669
15568,RegionD,1669
17007,RegionF,1669
29707,RegionF,1669
40792,RegionF,1669
47308,RegionD,1669
14781,RegionD,1670
17260,RegionD,1670
23230,RegionE,1670
27424,RegionF,1670
29558,RegionD,1670
41725,RegionB,1670
42811,RegionE,1670
19368,RegionF,1671
33323,RegionD,1671
38787,RegionD,1671
45355,RegionD,1671
48448,RegionA,1671
48955,RegionD,1671
252,RegionE,1672
643,RegionC,1672
16509,RegionF,1672
22795,RegionD,1672
35063,RegionD,1672
49485,RegionC,1672
7386,RegionC,1673
11997,RegionB,1673
15778,RegionD,1673
27749,RegionD,1673
32523,RegionD,1673
43591,RegionE,1673
44318,RegionD,1673
45685,RegionF,1673
7410,RegionF,1674
16955,RegionF,1674
26842,RegionD,1674
28790,RegionD,1674
34267,RegionC,1674
47258,RegionE,1674
48356,RegionF,1674
9519,RegionD,1675
29692,RegionE,1675
34977,RegionD,1675
39214,RegionD,1675
2334,RegionF,1676
16123,RegionB,1676
27962,RegionF,1676
30327,RegionD,1676
36196,RegionD,1676
39904,RegionD,1676
12378,RegionC,1677
34274,RegionD,1677
43086,RegionE,1677
2240,RegionE,1678
8282,RegionE,1678
19323,RegionF,1678
22526,RegionD,1678
31168,RegionE,1678
40458,RegionF,1678
46318,RegionD,1678
48064,RegionD,1678
48446,RegionE,1678
15051,RegionE,1679
27356,RegionE,1679
38553,RegionE,1679
4260,RegionE,1680
12724,RegionF,1680
19153,RegionF,1680
32506,RegionE,1680
39405,RegionD,1680
16141,RegionF,1681
17608,RegionD,1681
27699,RegionF,1681
28427,RegionF,1681
43963,RegionD,1681
47736,RegionD,1681
1032,RegionD,1682
7641,RegionF,1682
19983,RegionE,1682
23370,RegionF,1682
29379,RegionF,1682
44407,RegionF,1682
47137,RegionD,1682
2592,RegionD,1683
4829,RegionD,1683
15996,RegionE,1683
27152,RegionD,1683
32759,RegionD,1683
36654,RegionA,1683
41807,RegionE,1683
49091,RegionA,1683
6048,RegionC,1684
13391,RegionE,1684
14295,RegionD,1684
16392,RegionB,1684
29521,RegionE,1684
35429,RegionD,1684
42025,RegionF,1684
46675,RegionE,1684
49069,RegionE,1684
5241,RegionC,1685
8859,RegionE,1685
9404,RegionF,1685
23373,RegionD,1685
35130,RegionE,1685
40354,RegionB,1685
44743,RegionD,1685
48578,RegionF,1685
12525,RegionE,1686
14998,RegionE,1686
19630,RegionE,1686
28178,RegionF,1686
37751,RegionD,1686
44276,RegionF,1686
44302,RegionF,1686
45780,RegionD,1686
578,RegionD,1687
6896,RegionD,1687
10281,RegionD,1687
17437,RegionD,1687
18662,RegionC,1687
23636,RegionD,1687
8385,RegionD,1688
12501,RegionF,1688
18997,RegionD,1688
24005,RegionE,1688
25173,RegionE,1688
36724,RegionE,1688
38331,RegionE,1688
43770,RegionF,1688
3733,RegionD,1689
9037,RegionF,1689
14674,RegionD,1689
33100,RegionD,1689
48380,RegionE,1689
1336,RegionF,1690
11778,RegionE,1690
17750,RegionC,1690
18026,RegionD,1690
32613,RegionF,1690
44899,RegionF,1690
18211,RegionD,1691
19763,RegionF,1691
22099,RegionC,1691
22854,RegionD,1691
27113,RegionE,1691
29965,RegionD,1691
30976,RegionD,1691
36931,RegionD,1691
41399,RegionD,1691
44099,RegionA,1691
44790,RegionD,1691
48816,RegionC,1691
5299,RegionF,1692
5953,RegionE,1692
8790,RegionD,1692
10226,RegionB,1692
13177,RegionF,1692
21263,RegionE,1692
22006,RegionF,1692
27165,RegionD,1692
31571,RegionC,1692
36277,RegionE,1692
37628,RegionE,1692
46063,RegionD,1692
46573,RegionD,1692
3422,RegionF,1693
19904,RegionD,1693
21561,RegionB,1693
3088,RegionF,1694
8019,RegionE,1694
14463,RegionA,1694
20067,RegionD,1694
24359,RegionE,1694
47708,RegionD,1694
2024,RegionE,1695
11246,RegionE,1695
16752,RegionF,1695
25848,RegionE,1695
26035,RegionD,1695
29159,RegionD,1695
35739,RegionE,1695
37107,RegionB,1695
40787,RegionC,1695
1657,RegionE,1696
3913,RegionE,1696
21461,RegionF,1696
23115,RegionA,1696
24501,RegionD,1696
25693,RegionA,1696
28134,RegionD,1696
44444,RegionE,1696
16138,RegionD,1697
25137,RegionD,1697
27074,RegionE,1697
29627,RegionF,1697
30041,RegionF,1697
32218,RegionF,1697
39820,RegionE,1697
43415,RegionE,1697
47410,RegionF,1697
3304,RegionF,1698
13653,RegionE,1698
19470,RegionD,1698
20387,RegionC,1698
21086,RegionE,1698
23814,RegionE,1698
32322,RegionE,1698
32751,RegionA,1698
32959,RegionE,1698
34659,RegionF,1698
43714,RegionD,1698
44398,RegionE,1698
4537,RegionF,1699
5156,RegionD,1699
25894,RegionE,1699
34042,RegionF,1699
35808,RegionB,1699
16039,RegionD,1700
25568,RegionF,1700
26581,RegionD,1700
41598,RegionE,1700
6945,RegionF,1701
9770,RegionE,1701
10185,RegionF,1701
17507,RegionB,1701
19946,RegionF,1701
30930,RegionD,1701
40235,RegionF,1701
48116,RegionD,1701
3910,RegionD,1702
18220,RegionF,1702
20879,RegionC,1702
24063,RegionE,1702
25286,RegionF,1702
28116,RegionD,1702
32316,RegionE,1702
47310,RegionE,1702
2992,RegionD,1703
18978,RegionD,1703
19603,RegionE,1703
31276,RegionC,1703
43583,RegionD,1703
17107,RegionB,1704
20350,RegionD,1704
21085,RegionE,1704
1328,RegionE,1705
5852,RegionD,1705
8537,RegionE,1705
10681,RegionD,1705
22764,RegionD,1705
29150,RegionA,1705
44684,RegionD,1705
1062,RegionA,1706
44384,RegionD,1706
45466,RegionD,1706
48246,RegionD,1706
48511,RegionE,1706
2077,RegionF,1707
4614,RegionE,1707
5252,RegionF,1707
11391,RegionE,1707
17257,RegionF,1707
19310,RegionF,1707
36167,RegionF,1707
40002,RegionD,1707
45293,RegionA,1707
45766,RegionD,1707
46615,RegionE,1707
4477,RegionE,1708
23466,RegionE,1708
24441,RegionD,1708
35812,RegionE,1708
2375,RegionD,1709
6360,RegionE,1709
17506,RegionF,1709
20394,RegionD,1709
22555,RegionE,1709
27401,RegionD,1709
42006,RegionF,1709
42787,RegionA,1709
43588,RegionC,1709
1372,RegionD,1710
29459,RegionC,1710
37708,RegionE,1710
43324,RegionF,1710
46845,RegionE,1710
5251,RegionE,1711
17686,RegionD,1711
32707,RegionD,1711
38987,RegionE,1711
48864,RegionD,1711
1085,RegionE,1712
5644,RegionE,1712
6743,RegionB,1712
7404,RegionF,1712
13135,RegionE,1712
15219,RegionD,1712
35007,RegionF,1712
45410,RegionF,1712
45642,RegionD,1712
46457,RegionD,1712
46525,RegionF,1712
1527,RegionF,1713
5518,RegionD,1713
14792,RegionD,1713
21511,RegionD,1713
29866,RegionD,1713
30420,RegionE,1713
38192,RegionD,1713
41320,RegionD,1713
49492,RegionD,1713
13610,RegionF,1714
18671,RegionE,1714
25828,RegionE,1714
27737,RegionE,1714
31494,RegionD,1714
32820,RegionE,1714
35600,RegionD,1714
47578,RegionD,1714
15758,RegionD,1715
15881,RegionD,1715
20297,RegionD,1715
23056,RegionA,1715
34804,RegionF,1715
43115,RegionA,1715
45281,RegionD,1715
49854,RegionD,1715
12564,RegionE,1716
18028,RegionD,1716
22529,RegionE,1716
1793,RegionD,1717
12897,RegionD,1717
23126,RegionE,1717
34932,RegionE,1717
35395,RegionB,1717
36755,RegionD,1717
48164,RegionE,1717
48232,RegionB,1717
17280,RegionD,1718
21619,RegionF,1718
22386,RegionF,1718
23501,RegionF,1718
26710,RegionB,1718
2618,RegionD,1719
13224,RegionC,1719
31903,RegionE,1719
36923,RegionA,1719
37935,RegionD,1719
38520,RegionD,1719
11762,RegionD,1720
17623,RegionE,1720
41855,RegionF,1720
9408,RegionD,1721
14362,RegionE,1721
17217,RegionF,1721
24621,RegionE,1721
19441,RegionF,1722
23138,RegionE,1722
24148,RegionD,1722
24725,RegionD,1722
29783,RegionE,1722
33396,RegionD,1722
39954,RegionC,1722
41578,RegionE,1722
42418,RegionE,1722
1738,RegionB,1723
2627,RegionE,1723
7350,RegionE,1723
9853,RegionD,1723
19064,RegionD,1723
19087,RegionF,1723
31088,RegionD,1723
35885,RegionF,1723
46799,RegionE,1723
49460,RegionD,1723
14993,RegionF,1724
16172,RegionE,1724
31728,RegionB,1724
36762,RegionD,1724
40855,RegionD,1724
49975,RegionF,1724
7839,RegionD,1725
12695,RegionD,1725
25971,RegionD,1725
28404,RegionD,1725
38621,RegionF,1725
45783,RegionE,1725
16072,RegionD,1726
26526,RegionA,1726
33237,RegionC,1726
33994,RegionE,1726
41158,RegionE,1726
44499,RegionF,1726
4634,RegionE,1727
5824,RegionF,1727
6185,RegionA,1727
7903,RegionF,1727
10626,RegionB,1727
11242,RegionF,1727
12493,RegionE,1727
16430,RegionF,1727
26209,RegionE,1727
27273,RegionF,1727
28004,RegionD,1727
41034,RegionF,1727
46771,RegionD,1727
5468,RegionE,1728
10194,RegionD,1728
38584,RegionD,1728
41690,RegionF,1728
43871,RegionD,1728
49846,RegionC,1728
64,RegionF,1729
8776,RegionA,1729
18604,RegionD,1729
42686,RegionE,1729
43520,RegionE,1729
6285,RegionD,1730
16768,RegionD,1730
17628,RegionE,1730
19643,RegionE,1730
23933,RegionE,1730
24866,RegionF,1730
35722,RegionF,1730
37902,RegionD,1730
39031,RegionD,1730
16,RegionE,1731
4580,RegionD,1731
16483,RegionF,1731
24584,RegionF,1731
26397,RegionD,1731
27447,RegionD,1731
38510,RegionF,1731
47072,RegionD,1731
727,RegionF,1732
3814,RegionE,1732
4393,RegionF,1732
5988,RegionF,1732
13598,RegionC,1732
14031,RegionC,1732
17924,RegionE,1732
26192,RegionB,1732
37568,RegionD,1732
97,RegionF,1733
1522,RegionD,1733
2753,RegionF,1733
4304,RegionD,1733
17917,RegionE,1733
18866,RegionD,1733
20304,RegionD,1733
21135,RegionD,1733
2650,RegionC,1734
10612,RegionF,1734
16275,RegionD,1734
22738,RegionE,1734
24772,RegionE,1734
40011,RegionF,1734
42762,RegionD,1734
4715,RegionF,1735
4802,RegionD,1735
14824,RegionA,1735
33933,RegionD,1735
38750,RegionE,1735
43291,RegionF,1735
760,RegionF,1736
7835,RegionE,1736
8861,RegionF,1736
21013,RegionE,1736
21362,RegionF,1736
27296,RegionD,1736
31458,RegionF,1736
593,RegionE,1737
2453,RegionB,1737
5883,RegionF,1737
7085,RegionD,1737
16999,RegionE,1737
20086,RegionD,1737
21991,RegionE,1737
31373,RegionF,1737
33433,RegionF,1738
36884,RegionB,1737
45880,RegionE,1737
47060,RegionD,1737
47746,RegionA,1737
971,RegionD,1738
8333,RegionD,1738
13056,RegionE,1738
20515,RegionE,1738
31584,RegionC,1738
33429,RegionD,1738
5842,RegionE,1739
7238,RegionE,1739
43241,RegionD,1739
48224,RegionF,1739
5543,RegionD,1740
9491,RegionA,1740
10800,RegionE,1740
13712,RegionE,1740
28829,RegionC,1740
32079,RegionE,1740
36621,RegionF,1740
43473,RegionE,1740
5795,RegionE,1741
12430,RegionB,1741
20003,RegionE,1741
24882,RegionD,1741
34332,RegionA,1741
44531,RegionF,1741
5474,RegionE,1742
24855,RegionD,1742
36743,RegionE,1742
37295,RegionE,1742
37845,RegionE,1742
39322,RegionF,1742
9342,RegionD,1743
10881,RegionF,1743
13315,RegionF,1743
31346,RegionF,1743
40434,RegionD,1743
41904,RegionD,1743
6035,RegionD,1744
15295,RegionF,1744
21325,RegionC,1744
37824,RegionD,1744
38253,RegionF,1744
43849,RegionF,1744
47969,RegionF,1744
48996,RegionE,1744
979,RegionD,1745
18333,RegionF,1745
28596,RegionE,1745
41684,RegionF,1745
46672,RegionD,1745
46830,RegionD,1745
8092,RegionE,1746
15351,RegionD,1746
21055,RegionF,1746
21066,RegionE,1746
22163,RegionF,1746
27292,RegionF,1746
33800,RegionF,1746
6813,RegionF,1747
18508,RegionE,1747
24907,RegionD,1747
26401,RegionF,1747
28896,RegionD,1747
31229,RegionF,1747
34826,RegionD,1747
42636,RegionF,1747
16807,RegionD,1748
22965,RegionC,1748
23281,RegionD,1748
23848,RegionF,1748
35496,RegionD,1748
37179,RegionB,1748
49729,RegionD,1748
1323,RegionF,1749
3009,RegionF,1749
10283,RegionF,1749
12842,RegionF,1749
15508,RegionD,1749
22089,RegionE,1749
33564,RegionF,1749
40961,RegionE,1749
48026,RegionE,1749
48582,RegionD,1749
5808,RegionE,1750
14510,RegionD,1750
36862,RegionE,1750
38449,RegionE,1750
42905,RegionF,1750
48709,RegionF,1750
200,RegionE,1751
3902,RegionF,1751
15236,RegionF,1751
21283,RegionE,1751
29935,RegionE,1751
40406,RegionA,1751
44579,RegionD,1751
45738,RegionF,1751
11866,RegionB,1752
25609,RegionD,1752
31734,RegionF,1752
32528,RegionA,1752
41285,RegionA,1752
1637,RegionE,1753
10182,RegionD,1753
22572,RegionD,1753
27427,RegionD,1753
14238,RegionE,1754
14399,RegionD,1754
24889,RegionD,1754
25350,RegionE,1754
38426,RegionD,1754
40042,RegionE,1754
41937,RegionD,1754
49718,RegionE,1754
5145,RegionD,1755
10021,RegionF,1755
16204,RegionD,1755
26070,RegionD,1755
28556,RegionD,1755
31524,RegionF,1755
33607,RegionE,1755
49947,RegionE,1755
4276,RegionF,1756
13979,RegionD,1756
22995,RegionE,1756
36109,RegionF,1756
37328,RegionF,1756
38564,RegionD,1756
45673,RegionF,1756
49507,RegionD,1756
5621,RegionA,1757
8447,RegionF,1757
14799,RegionD,1757
15622,RegionE,1757
15756,RegionC,1757
36982,RegionA,1757
42202,RegionF,1757
44476,RegionD,1757
2188,RegionE,1758
10631,RegionF,1758
11112,RegionC,1758
12848,RegionF,1758
17122,RegionD,1758
18069,RegionE,1758
22851,RegionF,1758
27674,RegionA,1758
33117,RegionF,1758
36314,RegionD,1758
39981,RegionD,1758
40923,RegionF,1758
5284,RegionE,1759
10492,RegionE,1759
22787,RegionA,1759
24564,RegionF,1759
33190,RegionF,1759
35102,RegionD,1759
39831,RegionD,1759
22627,RegionE,1760
27445,RegionC,1760
47016,RegionE,1760
6073,RegionF,1761
8396,RegionB,1761
8769,RegionF,1761
11657,RegionD,1761
12365,RegionD,1761
32950,RegionD,1761
36327,RegionD,1761
37841,RegionF,1761
40783,RegionD,1761
705,RegionE,1762
29560,RegionE,1762
1404,RegionD,1763
3018,RegionD,1763
13813,RegionF,1763
15782,RegionB,1763
19690,RegionF,1763
23431,RegionD,1763
26803,RegionD,1763
33895,RegionD,1763
35629,RegionF,1763
37129,RegionD,1763
42994,RegionE,1763
46295,RegionF,1763
5925,RegionD,1764
6350,RegionD,1764
19504,RegionE,1764
19955,RegionD,1764
25091,RegionD,1764
26340,RegionE,1764
26884,RegionE,1764
27469,RegionF,1764
33313,RegionE,1764
39711,RegionB,1764
43567,RegionF,1764
43827,RegionE,1764
47642,RegionC,1764
121,RegionE,1765
5254,RegionB,1765
6656,RegionF,1765
30719,RegionD,1765
33063,RegionE,1765
39511,RegionE,1765
43874,RegionE,1765
3606,RegionF,1766
18855,RegionE,1766
23847,RegionE,1766
33658,RegionD,1766
42540,RegionD,1766
47394,RegionD,1766
7374,RegionD,1767
12607,RegionB,1767
15871,RegionE,1767
18903,RegionF,1767
20829,RegionE,1767
27195,RegionA,1767
28913,RegionF,1767
28994,RegionD,1767
41079,RegionE,1767
41523,RegionD,1767
4464,RegionE,1768
8250,RegionF,1768
9556,RegionF,1768
14697,RegionE,1768
30572,RegionF,1768
35238,RegionD,1768
36655,RegionD,1768
41770,RegionF,1768
42324,RegionD,1768
46089,RegionD,1768
21827,RegionE,1769
23627,RegionB,1769
23736,RegionE,1769
31920,RegionD,1769
33328,RegionF,1769
46260,RegionD,1769
12092,RegionE,1770
14330,RegionE,1770
17407,RegionF,1770
36909,RegionF,1770
7666,RegionF,1771
7880,RegionD,1771
17612,RegionB,1771
18975,RegionF,1771
26482,RegionD,1771
30875,RegionA,1771
39529,RegionD,1771
41336,RegionF,1772
45587,RegionF,1771
2348,RegionB,1772
11785,RegionE,1772
12902,RegionA,1772
14540,RegionE,1772
23132,RegionE,1772
23764,RegionF,1772
25207,RegionF,1772
32197,RegionE,1772
35499,RegionF,1773
47312,RegionF,1773
17537,RegionE,1773
36280,RegionA,1773
1880,RegionE,1774
14950,RegionD,1774
27700,RegionF,1774
33572,RegionD,1774
35665,RegionD,1774
45151,RegionD,1774
5189,RegionD,1775
6290,RegionA,1775
9060,RegionD,1775
20425,RegionF,1775
28585,RegionF,1775
31441,RegionD,1775
32393,RegionD,1775
35117,RegionE,1775
37214,RegionD,1775
37737,RegionC,1775
45777,RegionF,1775
46534,RegionD,1775
2187,RegionE,1776
4168,RegionE,1776
4903,RegionE,1776
5405,RegionC,1776
5425,RegionD,1776
7892,RegionD,1776
16337,RegionE,1776
29869,RegionE,1776
31544,RegionA,1776
33303,RegionD,1776
41810,RegionB,1776
42853,RegionB,1776
6664,RegionB,1777
13494,RegionD,1777
23669,RegionD,1777
25993,RegionF,1777
33824,RegionE,1777
41864,RegionD,1777
41985,RegionE,1777
42974,RegionE,1777
43869,RegionF,1777
1991,RegionE,1778
2926,RegionD,1778
8517,RegionE,1778
9892,RegionD,1778
15830,RegionD,1778
30883,RegionD,1778
41612,RegionF,1778
47576,RegionB,1778
48780,RegionE,1778
14161,RegionF,1779
22599,RegionD,1779
23640,RegionA,1779
23917,RegionD,1779
29373,RegionA,1779
32012,RegionD,1779
35240,RegionD,1779
39350,RegionA,1779
47503,RegionF,1779
9644,RegionD,1780
16303,RegionE,1780
19311,RegionB,1780
26162,RegionE,1780
35200,RegionD,1780
36620,RegionF,1780
983,RegionF,1781
7195,RegionA,1781
10743,RegionF,1781
18717,RegionE,1781
35583,RegionF,1781
43354,RegionD,1781
2455,RegionD,1782
6186,RegionD,1782
10487,RegionF,1782
11702,RegionB,1782
12154,RegionA,1782
15148,RegionD,1782
19319,RegionD,1782
19828,RegionF,1782
21435,RegionF,1782
26427,RegionF,1782
27222,RegionC,1782
36192,RegionE,1782
2042,RegionD,1783
7080,RegionD,1783
8644,RegionF,1783
12043,RegionB,1783
14660,RegionA,1783
18244,RegionD,1783
32289,RegionE,1783
42459,RegionF,1783
42945,RegionB,1783
6797,RegionD,1784
17207,RegionD,1784
21765,RegionD,1784
22299,RegionE,1784
34136,RegionD,1784
38923,RegionF,1784
49757,RegionE,1784
489,RegionE,1785
6041,RegionB,1785
16803,RegionE,1785
31442,RegionD,1785
38687,RegionF,1785
243,RegionD,1786
3942,RegionB,1786
4185,RegionC,1786
12048,RegionF,1786
25284,RegionE,1786
29368,RegionD,1786
34428,RegionE,1786
18042,RegionE,1787
18796,RegionE,1787
38058,RegionB,1787
38754,RegionD,1787
3479,RegionD,1788
14455,RegionF,1788
18645,RegionE,1788
20616,RegionA,1788
23224,RegionE,1788
41311,RegionF,1788
6004,RegionD,1789
14347,RegionD,1789
22502,RegionE,1789
31652,RegionD,1789
35523,RegionE,1789
36019,RegionD,1789
49564,RegionD,1789
12268,RegionD,1790
12719,RegionC,1790
13369,RegionD,1790
21710,RegionF,1790
25524,RegionD,1790
6043,RegionD,1791
876,RegionE,1792
5075,RegionF,1792
21593,RegionF,1792
21700,RegionD,1792
23994,RegionA,1792
24447,RegionB,1792
24841,RegionC,1792
25047,RegionE,1792
34461,RegionE,1792
37133,RegionA,1792
40873,RegionD,1792
49514,RegionE,1792
839,RegionA,1793
3641,RegionD,1793
7993,RegionE,1793
10010,RegionC,1793
14498,RegionD,1793
21204,RegionE,1793
40612,RegionD,1793
41147,RegionF,1793
44911,RegionF,1793
46604,RegionF,1793
989,RegionF,1794
2277,RegionD,1794
19631,RegionF,1794
32505,RegionE,1794
2893,RegionD,1795
35656,RegionF,1795
39063,RegionD,1795
41524,RegionD,1795
34261,RegionD,1796
46070,RegionD,1796
48567,RegionD,1796
48933,RegionF,1796
48981,RegionD,1796
17225,RegionB,1797
32921,RegionF,1797
33139,RegionD,1797
33465,RegionF,1797
38405,RegionF,1797
10537,RegionD,1798
13614,RegionE,1798
14523,RegionD,1798
32493,RegionE,1798
32890,RegionD,1798
33660,RegionE,1798
34702,RegionD,1798
48266,RegionD,1798
5588,RegionA,1799
11208,RegionF,1799
20833,RegionC,1799
38174,RegionE,1799
46115,RegionD,1799
7063,RegionF,1800
10269,RegionE,1800
27347,RegionD,1800
29834,RegionD,1800
31098,RegionA,1800
34467,RegionE,1800
41522,RegionD,1800
45015,RegionE,1800
46903,RegionD,1800
7798,RegionF,1801
27516,RegionF,1801
27728,RegionD,1801
31096,RegionE,1801
39064,RegionD,1801
43320,RegionD,1801
44156,RegionE,1801
3543,RegionD,1802
4334,RegionF,1802
7450,RegionF,1802
7557,RegionD,1802
14344,RegionF,1802
18562,RegionF,1802
41415,RegionF,1802
49397,RegionE,1802
6642,RegionE,1803
10586,RegionF,1803
19321,RegionE,1803
26345,RegionD,1803
30659,RegionB,1803
34711,RegionF,1803
37952,RegionF,1803
40399,RegionF,1803
19532,RegionF,1804
21509,RegionD,1804
29455,RegionE,1804
15315,RegionF,1805
26500,RegionA,1805
28093,RegionF,1805
28760,RegionE,1805
31708,RegionA,1805
39577,RegionE,1805
6748,RegionF,1806
10224,RegionF,1807
36493,RegionD,1806
1627,RegionD,1807
13468,RegionD,1807
15293,RegionE,1807
15700,RegionE,1807
18143,RegionA,1807
21687,RegionD,1807
24199,RegionD,1807
28765,RegionD,1807
30492,RegionE,1807
35847,RegionF,1808
36911,RegionD,1807
48989,RegionD,1807
4525,RegionF,1808
13335,RegionA,1808
29997,RegionD,1808
33799,RegionF,1808
36482,RegionF,1808
44563,RegionF,1808
47640,RegionF,1809
1262,RegionE,1809
15233,RegionD,1809
19468,RegionA,1809
28149,RegionD,1809
39866,RegionE,1809
508,RegionE,1810
3881,RegionF,1810
6413,RegionF,1810
12879,RegionE,1810
15866,RegionF,1810
24368,RegionA,1810
41461,RegionF,1810
47329,RegionD,1810
487,RegionD,1811
4564,RegionF,1811
9610,RegionD,1811
19115,RegionD,1811
19506,RegionF,1811
24306,RegionE,1811
27801,RegionD,1811
30370,RegionA,1811
39133,RegionF,1811
41075,RegionA,1811
44705,RegionD,1811
45495,RegionF,1811
48180,RegionD,1811
48200,RegionD,1811
29748,RegionD,1812
30785,RegionD,1812
43883,RegionB,1812
45009,RegionE,1812
45660,RegionF,1812
2712,RegionE,1813
7544,RegionD,1813
11551,RegionB,1813
13579,RegionD,1813
16710,RegionE,1813
17265,RegionD,1813
18577,RegionD,1813
22273,RegionE,1813
23709,RegionE,1813
25870,RegionA,1813
34346,RegionD,1813
42745,RegionE,1813
46518,RegionF,1813
47444,RegionF,1813
49937,RegionA,1813
3014,RegionE,1814
4654,RegionE,1814
31806,RegionF,1814
47080,RegionD,1814
1875,RegionF,1816
4252,RegionD,1816
13402,RegionD,1816
15614,RegionD,1816
17672,RegionD,1816
22941,RegionD,1816
31509,RegionE,1816
41383,RegionF,1816
3387,RegionD,1817
7429,RegionE,1817
12975,RegionD,1817
14239,RegionF,1817
22970,RegionF,1817
32592,RegionF,1817
36509,RegionF,1817
44296,RegionA,1817
46379,RegionE,1817
4040,RegionA,1818
17275,RegionE,1818
23098,RegionD,1818
26931,RegionF,1818
37021,RegionF,1818
38843,RegionE,1818
43778,RegionB,1818
44829,RegionD,1818
3909,RegionB,1819
5304,RegionE,1819
8503,RegionD,1819
8936,RegionD,1819
18450,RegionF,1819
25571,RegionD,1819
31374,RegionB,1819
31570,RegionF,1819
46991,RegionF,1819
6483,RegionD,1820
8739,RegionD,1820
20089,RegionE,1820
20685,RegionE,1820
22841,RegionD,1820
38389,RegionE,1820
4844,RegionE,1821
7464,RegionA,1821
8762,RegionF,1821
13898,RegionF,1821
14244,RegionE,1821
15068,RegionD,1821
16966,RegionE,1821
30549,RegionD,1821
31638,RegionD,1821
34532,RegionE,1821
35792,RegionE,1821
37491,RegionE,1821
38747,RegionC,1821
42434,RegionD,1821
44290,RegionC,1821
1697,RegionF,1822
18231,RegionD,1822
18490,RegionF,1822
19165,RegionF,1822
27233,RegionF,1822
36233,RegionF,1822
37913,RegionF,1822
40360,RegionA,1822
40510,RegionF,1823
1014,RegionE,1823
3847,RegionE,1823
4751,RegionD,1823
9578,RegionD,1823
10653,RegionD,1823
15346,RegionE,1823
16465,RegionD,1823
32052,RegionD,1823
37893,RegionF,1823
38084,RegionA,1823
39619,RegionA,1823
47133,RegionE,1823
1266,RegionC,1824
8965,RegionF,1824
17624,RegionF,1824
24021,RegionC,1824
29250,RegionD,1824
34938,RegionD,1824
49701,RegionA,1824
2444,RegionE,1825
28794,RegionF,1825
40547,RegionE,1825
41157,RegionE,1825
3577,RegionD,1826
46053,RegionF,1826
31535,RegionE,1827
39526,RegionF,1827
39862,RegionB,1827
48320,RegionE,1827
12061,RegionF,1828
14268,RegionD,1828
25264,RegionE,1828
27094,RegionE,1828
43715,RegionD,1828
1254,RegionD,1829
3534,RegionF,1829
8274,RegionD,1829
12803,RegionF,1829
17325,RegionD,1829
23680,RegionC,1829
25141,RegionF,1829
35148,RegionD,1829
45672,RegionF,1829
19207,RegionD,1830
27286,RegionF,1830
32352,RegionD,1830
47069,RegionF,1830
15506,RegionA,1831
15709,RegionF,1831
16723,RegionE,1831
28137,RegionE,1831
29376,RegionD,1831
41795,RegionF,1831
10038,RegionD,1832
10829,RegionA,1832
18622,RegionA,1832
20340,RegionF,1832
23984,RegionD,1832
26021,RegionA,1832
31897,RegionF,1832
34005,RegionD,1832
35297,RegionD,1832
20431,RegionF,1833
23055,RegionF,1833
23076,RegionB,1833
24378,RegionE,1833
24920,RegionD,1833
25800,RegionD,1833
46241,RegionE,1833
47738,RegionF,1833
8642,RegionE,1834
15635,RegionE,1834
16503,RegionA,1834
17981,RegionD,1834
36181,RegionF,1834
36657,RegionD,1834
42621,RegionE,1834
43863,RegionA,1834
14402,RegionE,1835
16112,RegionD,1835
16351,RegionF,1835
39794,RegionE,1835
5182,RegionC,1836
23050,RegionB,1836
33395,RegionD,1836
130,RegionF,1837
5548,RegionF,1837
10572,RegionF,1837
30958,RegionE,1837
37217,RegionF,1837
812,RegionF,1838
880,RegionD,1838
13705,RegionD,1838
16117,RegionD,1838
19659,RegionC,1838
24674,RegionE,1838
24747,RegionF,1838
26669,RegionF,1838
28926,RegionF,1838
30703,RegionF,1838
32850,RegionC,1838
36568,RegionF,1838
36939,RegionD,1838
29056,RegionE,1839
41992,RegionF,1839
3233,RegionF,1840
6018,RegionE,1840
19939,RegionF,1840
20505,RegionC,1840
10018,RegionD,1841
10899,RegionE,1841
14255,RegionD,1841
28880,RegionF,1841
33699,RegionE,1841
42888,RegionD,1841
49007,RegionD,1841
996,RegionF,1843
4427,RegionA,1842
6796,RegionD,1842
9521,RegionE,1842
18841,RegionD,1842
18898,RegionC,1842
24333,RegionE,1842
30669,RegionE,1842
37224,RegionF,1843
5954,RegionF,1843
17418,RegionD,1843
36105,RegionD,1843
3696,RegionE,1844
7275,RegionD,1844
19424,RegionD,1844
24202,RegionE,1844
35524,RegionF,1844
37169,RegionE,1844
37378,RegionD,1844
10753,RegionD,1845
17135,RegionD,1845
18385,RegionF,1845
28345,RegionD,1845
29180,RegionE,1845
33704,RegionD,1845
39314,RegionE,1845
40467,RegionD,1845
44223,RegionF,1845
44896,RegionE,1845
44941,RegionD,1845
48410,RegionD,1845
49593,RegionE,1845
6120,RegionC,1846
19893,RegionF,1846
27873,RegionD,1846
28946,RegionF,1846
39660,RegionD,1846
41156,RegionD,1846
4296,RegionA,1847
11257,RegionD,1847
19171,RegionE,1847
21401,RegionE,1847
22788,RegionD,1847
29890,RegionF,1847
41243,RegionE,1847
8734,RegionE,1848
15944,RegionF,1848
17218,RegionA,1848
24483,RegionE,1848
28965,RegionF,1848
32223,RegionE,1848
10443,RegionD,1849
27210,RegionD,1849
31925,RegionB,1849
32617,RegionE,1849
41435,RegionF,1849
45886,RegionD,1849
47566,RegionE,1849
49466,RegionD,1849
49736,RegionD,1849
3219,RegionF,1850
4716,RegionB,1850
17191,RegionF,1850
26503,RegionE,1850
28569,RegionD,1850
36969,RegionA,1850
8008,RegionF,1851
13557,RegionF,1851
20138,RegionD,1851
27540,RegionE,1851
30144,RegionE,1851
36885,RegionD,1851
41221,RegionD,1851
49695,RegionC,1851
4643,RegionF,1852
8244,RegionF,1852
23914,RegionF,1852
29900,RegionD,1852
30283,RegionF,1852
32970,RegionD,1852
34231,RegionE,1852
38416,RegionE,1852
45182,RegionC,1852
2325,RegionE,1853
11051,RegionF,1853
34552,RegionE,1853
34943,RegionD,1853
39810,RegionD,1853
42056,RegionE,1853
43595,RegionD,1853
2885,RegionF,1854
4736,RegionC,1854
27893,RegionD,1854
34839,RegionD,1854
42846,RegionF,1854
4370,RegionD,1855
30718,RegionB,1855
37210,RegionF,1855
37597,RegionF,1855
39731,RegionC,1855
8507,RegionA,1856
17958,RegionF,1856
21533,RegionF,1856
34423,RegionF,1856
45509,RegionF,1856
3592,RegionE,1857
6804,RegionD,1857
10264,RegionF,1857
24660,RegionE,1857
24685,RegionD,1857
42970,RegionF,1857
409,RegionD,1858
6643,RegionF,1858
12538,RegionE,1858
15848,RegionD,1858
18526,RegionD,1858
29410,RegionE,1858
30547,RegionA,1858
36211,RegionD,1858
461,RegionD,1859
11660,RegionE,1859
21546,RegionF,1859
27689,RegionD,1859
30063,RegionD,1859
46014,RegionF,1859
49131,RegionC,1859
49287,RegionF,1859
14457,RegionB,1860
21858,RegionD,1860
27472,RegionD,1860
28323,RegionF,1860
29650,RegionD,1860
44282,RegionF,1860
47066,RegionD,1860
6214,RegionD,1861
7105,RegionD,1861
7868,RegionE,1861
10989,RegionD,1861
11943,RegionF,1861
25261,RegionD,1861
9738,RegionE,1862
26901,RegionD,1862
27452,RegionD,1862
34565,RegionE,1862
7285,RegionE,1863
18702,RegionD,1863
27042,RegionE,1863
35322,RegionF,1863
49889,RegionE,1863
39752,RegionD,1864
40167,RegionE,1864
40386,RegionF,1864
2884,RegionF,1865
5700,RegionB,1865
13574,RegionD,1865
37787,RegionF,1865
41369,RegionF,1865
42606,RegionD,1865
5360,RegionD,1866
15550,RegionE,1866
20585,RegionD,1866
26138,RegionF,1866
28510,RegionD,1866
40257,RegionD,1866
42059,RegionA,1866
42232,RegionD,1866
43932,RegionE,1866
1393,RegionD,1867
6032,RegionE,1867
10253,RegionD,1867
16667,RegionA,1867
47777,RegionE,1867
7546,RegionE,1868
9856,RegionE,1868
11695,RegionA,1868
14678,RegionF,1868
27396,RegionE,1868
35278,RegionD,1868
35393,RegionF,1868
36154,RegionF,1868
48046,RegionE,1868
7804,RegionF,1869
17945,RegionF,1869
19247,RegionD,1869
21213,RegionA,1869
22169,RegionF,1869
30214,RegionD,1869
32866,RegionE,1869
36190,RegionD,1869
38454,RegionD,1869
39020,RegionE,1869
7915,RegionF,1870
10098,RegionE,1870
15484,RegionE,1870
19723,RegionF,1870
29474,RegionD,1870
32676,RegionE,1870
33780,RegionF,1870
33973,RegionD,1870
49957,RegionB,1870
19432,RegionE,1871
21507,RegionF,1871
37486,RegionF,1871
44667,RegionE,1871
46124,RegionE,1871
46681,RegionE,1871
48425,RegionE,1871
25599,RegionE,1872
12167,RegionF,1873
16788,RegionD,1873
21421,RegionF,1873
21816,RegionF,1873
30270,RegionF,1873
36477,RegionA,1873
38147,RegionE,1873
40059,RegionC,1873
952,RegionD,1874
7675,RegionD,1874
14791,RegionA,1874
25235,RegionD,1874
32468,RegionF,1874
32757,RegionF,1874
33426,RegionF,1874
35577,RegionF,1874
36180,RegionF,1874
39118,RegionE,1874
45595,RegionB,1874
5519,RegionD,1875
9321,RegionC,1875
10066,RegionE,1875
11481,RegionD,1875
11922,RegionE,1875
12385,RegionD,1875
14651,RegionE,1875
31763,RegionD,1875
40874,RegionD,1875
48158,RegionF,1875
49283,RegionD,1875
4298,RegionD,1876
8320,RegionE,1876
17730,RegionB,1876
26893,RegionF,1876
38658,RegionE,1876
46094,RegionD,1876
46161,RegionD,1876
1666,RegionC,1877
6486,RegionF,1877
7312,RegionF,1877
21703,RegionE,1877
32018,RegionD,1877
32425,RegionD,1877
43448,RegionF,1877
43545,RegionE,1877
46897,RegionE,1877
49253,RegionE,1877
7032,RegionD,1878
23593,RegionF,1878
29449,RegionE,1878
34583,RegionD,1878
42522,RegionE,1878
1218,RegionF,1879
5031,RegionB,1879
9447,RegionD,1879
29220,RegionE,1879
29330,RegionD,1879
37178,RegionF,1879
38275,RegionC,1879
8878,RegionE,1880
10976,RegionD,1880
11564,RegionB,1880
34457,RegionB,1880
40078,RegionA,1880
40507,RegionD,1880
41464,RegionD,1880
46892,RegionF,1880
14926,RegionE,1881
15969,RegionE,1881
1678,RegionF,1882
9109,RegionF,1882
16454,RegionE,1882
18004,RegionF,1882
20762,RegionD,1882
30557,RegionE,1882
32415,RegionF,1882
37042,RegionD,1882
40844,RegionF,1882
49145,RegionD,1882
373,RegionF,1883
12757,RegionF,1883
14345,RegionA,1883
31526,RegionD,1883
32587,RegionA,1883
39604,RegionF,1883
40176,RegionF,1883
45747,RegionD,1883
48175,RegionD,1883
791,RegionE,1884
14854,RegionE,1884
28040,RegionF,1884
30521,RegionA,1884
32179,RegionF,1884
35561,RegionD,1884
44681,RegionE,1884
45258,RegionE,1884
10366,RegionD,1885
17403,RegionD,1885
18791,RegionF,1885
28102,RegionD,1885
29476,RegionE,1885
3324,RegionF,1886
7349,RegionD,1886
24962,RegionE,1886
29308,RegionC,1886
37181,RegionD,1886
42794,RegionB,1886
2716,RegionD,1887
4647,RegionE,1887
8354,RegionE,1887
10562,RegionD,1887
18900,RegionD,1887
31224,RegionD,1887
48352,RegionD,1887
6409,RegionD,1888
7427,RegionD,1888
14215,RegionD,1888
17447,RegionF,1888
18704,RegionE,1888
23067,RegionE,1888
25480,RegionE,1888
42151,RegionA,1888
46626,RegionD,1888
10077,RegionD,1889
19056,RegionD,1889
19492,RegionE,1889
19885,RegionE,1889
25428,RegionE,1889
26325,RegionD,1889
29519,RegionD,1889
42460,RegionD,1889
42557,RegionF,1889
11794,RegionC,1890
12632,RegionF,1890
23561,RegionF,1890
40245,RegionD,1890
48423,RegionD,1890
48972,RegionF,1890
13071,RegionF,1891
14815,RegionE,1891
26910,RegionE,1891
29968,RegionE,1891
34448,RegionE,1891
3922,RegionA,1892
25387,RegionD,1892
30788,RegionF,1892
32767,RegionD,1892
42938,RegionA,1892
44176,RegionF,1892
46564,RegionF,1892
49477,RegionF,1892
1271,RegionF,1893
24056,RegionD,1893
35540,RegionD,1893
36220,RegionF,1893
48091,RegionE,1893
23494,RegionF,1894
36401,RegionD,1894
37183,RegionE,1894
4421,RegionC,1895
23178,RegionE,1895
37165,RegionF,1895
3434,RegionE,1896
7139,RegionD,1896
10296,RegionE,1896
16676,RegionD,1896
18121,RegionE,1896
20258,RegionD,1896
24507,RegionD,1896
25677,RegionE,1896
26506,RegionF,1896
31447,RegionD,1896
34362,RegionE,1896
37822,RegionB,1896
39986,RegionF,1896
45049,RegionF,1896
12284,RegionF,1897
13143,RegionF,1897
16602,RegionB,1897
16671,RegionE,1897
19930,RegionD,1897
21296,RegionE,1897
38668,RegionB,1897
3930,RegionD,1898
6668,RegionE,1898
28466,RegionF,1898
30588,RegionD,1898
11293,RegionE,1899
13084,RegionF,1899
36900,RegionE,1899
13756,RegionD,1900
23313,RegionD,1900
26203,RegionF,1900
28720,RegionD,1900
33436,RegionD,1900
35029,RegionD,1900
42552,RegionD,1900
641,RegionF,1901
3787,RegionD,1901
4923,RegionE,1901
30902,RegionC,1901
35947,RegionD,1901
41709,RegionE,1901
21566,RegionF,1902
24790,RegionD,1902
35466,RegionF,1902
45018,RegionC,1902
948,RegionE,1903
12437,RegionC,1903
16207,RegionF,1903
23940,RegionF,1903
24713,RegionE,1903
29278,RegionE,1903
38294,RegionA,1903
42214,RegionE,1903
9584,RegionD,1904
27372,RegionF,1904
9051,RegionF,1905
25633,RegionF,1905
28174,RegionD,1905
29991,RegionD,1905
30774,RegionE,1905
33515,RegionD,1905
32872,RegionD,1906
49450,RegionF,1906
10328,RegionE,1907
12590,RegionD,1907
18514,RegionE,1907
19811,RegionD,1907
21899,RegionE,1907
47432,RegionC,1907
48698,RegionC,1907
312,RegionE,1908
11728,RegionB,1908
18360,RegionC,1908
29916,RegionF,1908
42188,RegionE,1908
45992,RegionE,1908
21121,RegionA,1909
27226,RegionE,1909
28953,RegionA,1909
33828,RegionD,1909
41998,RegionE,1909
42717,RegionD,1909
44856,RegionD,1909
45090,RegionB,1909
46673,RegionD,1909
49902,RegionE,1909
9739,RegionF,1910
13775,RegionC,1910
14963,RegionD,1910
29362,RegionD,1910
9026,RegionC,1911
12954,RegionF,1911
12964,RegionD,1911
25843,RegionF,1911
30845,RegionD,1911
30938,RegionE,1911
46465,RegionE,1911
48689,RegionF,1911
20296,RegionD,1912
34044,RegionC,1912
35235,RegionE,1912
35535,RegionD,1912
36385,RegionA,1912
40321,RegionB,1912
48395,RegionF,1912
48702,RegionE,1912
4340,RegionF,1913
15479,RegionF,1913
41594,RegionC,1913
4166,RegionD,1914
4865,RegionF,1914
10517,RegionD,1914
13995,RegionE,1914
15797,RegionD,1914
19895,RegionC,1914
20733,RegionF,1914
25589,RegionD,1914
26113,RegionB,1914
27922,RegionF,1914
44477,RegionE,1914
14061,RegionE,1915
19487,RegionF,1915
27534,RegionE,1915
38107,RegionE,1915
22066,RegionB,1916
67,RegionD,1917
17019,RegionE,1917
17768,RegionF,1917
21251,RegionF,1917
26431,RegionE,1917
36018,RegionB,1917
41300,RegionD,1917
41849,RegionA,1917
45448,RegionE,1917
49439,RegionB,1917
2956,RegionF,1918
4487,RegionD,1918
5878,RegionD,1918
7657,RegionD,1918
13910,RegionE,1918
28593,RegionC,1918
28940,RegionA,1918
37023,RegionD,1918
44781,RegionF,1918
49456,RegionE,1918
15202,RegionE,1919
19253,RegionD,1919
19433,RegionE,1919
23587,RegionF,1919
35805,RegionE,1919
36945,RegionD,1919
39760,RegionE,1919
3183,RegionD,1920
20056,RegionE,1920
36886,RegionD,1920
42481,RegionD,1920
46057,RegionE,1920
911,RegionA,1921
11904,RegionF,1921
19512,RegionE,1921
21340,RegionD,1921
24226,RegionD,1921
31305,RegionE,1921
38464,RegionF,1921
2298,RegionD,1922
10964,RegionE,1922
15291,RegionD,1922
20164,RegionC,1922
26317,RegionD,1922
28279,RegionD,1922
32156,RegionD,1922
43362,RegionE,1922
45044,RegionB,1922
8284,RegionA,1923
8957,RegionE,1923
20787,RegionC,1923
36640,RegionF,1923
38680,RegionF,1923
39531,RegionE,1923
42391,RegionE,1923
4102,RegionD,1924
6780,RegionE,1924
7608,RegionF,1924
7729,RegionD,1924
8467,RegionF,1924
9664,RegionD,1924
18153,RegionE,1924
22722,RegionB,1924
24807,RegionF,1924
7438,RegionA,1925
15431,RegionE,1925
21722,RegionE,1925
25254,RegionB,1925
25319,RegionA,1925
37056,RegionD,1925
42761,RegionA,1925
44404,RegionE,1925
11294,RegionF,1926
13854,RegionD,1926
13939,RegionC,1926
14805,RegionC,1926
20179,RegionD,1926
23065,RegionD,1926
31651,RegionD,1926
36003,RegionF,1926
38181,RegionF,1926
18599,RegionE,1927
20679,RegionE,1927
21841,RegionF,1927
22501,RegionD,1927
24265,RegionD,1927
25190,RegionD,1927
28218,RegionF,1927
28344,RegionD,1927
45289,RegionD,1927
7104,RegionC,1928
15218,RegionC,1928
16910,RegionB,1928
38319,RegionF,1928
42126,RegionD,1928
6571,RegionF,1929
7865,RegionC,1929
15774,RegionF,1929
27174,RegionF,1929
29581,RegionE,1929
35700,RegionE,1929
36853,RegionD,1929
42353,RegionF,1929
46215,RegionE,1929
11800,RegionA,1930
18192,RegionD,1930
30246,RegionC,1933
43199,RegionF,1930
1153,RegionF,1931
19162,RegionD,1931
19384,RegionD,1931
35109,RegionD,1931
38620,RegionE,1931
44171,RegionF,1931
7414,RegionD,1932
22047,RegionD,1932
40435,RegionD,1932
41768,RegionE,1932
2541,RegionD,1933
12234,RegionD,1933
17338,RegionD,1933
31742,RegionD,1933
40113,RegionD,1933
41444,RegionD,1933
1193,RegionF,1934
6746,RegionE,1934
12282,RegionE,1934
14280,RegionC,1934
19248,RegionD,1934
19304,RegionA,1934
21191,RegionE,1934
24254,RegionE,1934
25587,RegionF,1934
31591,RegionD,1934
37690,RegionF,1934
40062,RegionE,1934
41943,RegionD,1934
47784,RegionF,1934
3934,RegionF,1935
16029,RegionE,1935
22349,RegionD,1935
26124,RegionE,1935
26627,RegionD,1935
32776,RegionF,1935
34497,RegionD,1935
35715,RegionF,1935
39974,RegionD,1935
43764,RegionF,1935
117,RegionF,1936
9185,RegionD,1936
38440,RegionD,1936
49762,RegionD,1936
547,RegionE,1937
2062,RegionD,1937
2323,RegionD,1937
9875,RegionE,1937
14156,RegionD,1937
17645,RegionC,1937
30408,RegionF,1937
35965,RegionF,1937
45218,RegionE,1937
267,RegionF,1938
3520,RegionE,1938
21406,RegionD,1938
958,RegionD,1939
3758,RegionA,1939
7054,RegionE,1939
8718,RegionD,1939
11624,RegionD,1939
14752,RegionB,1939
18594,RegionF,1939
20946,RegionD,1939
25309,RegionD,1939
27041,RegionE,1939
30262,RegionE,1939
30356,RegionF,1939
31252,RegionD,1939
33130,RegionF,1939
46704,RegionC,1939
7025,RegionB,1940
9679,RegionE,1940
12210,RegionE,1940
33361,RegionA,1940
34840,RegionD,1940
42462,RegionD,1940
49798,RegionF,1940
5831,RegionB,1941
10774,RegionE,1941
20872,RegionB,1941
25741,RegionD,1941
29131,RegionC,1941
42851,RegionF,1941
44421,RegionC,1941
717,RegionD,1942
9952,RegionD,1942
22342,RegionD,1942
23911,RegionD,1942
48045,RegionE,1942
1138,RegionE,1943
6317,RegionD,1943
8030,RegionD,1943
12333,RegionD,1943
20149,RegionF,1943
45113,RegionE,1943
296,RegionD,1944
2029,RegionD,1944
4023,RegionD,1944
5028,RegionE,1944
8805,RegionD,1944
15510,RegionE,1944
26885,RegionE,1944
34940,RegionE,1944
37419,RegionE,1944
43794,RegionE,1944
46910,RegionE,1944
10507,RegionF,1945
16778,RegionF,1945
27022,RegionE,1945
32755,RegionE,1945
34427,RegionE,1945
36534,RegionE,1946
37141,RegionD,1945
44749,RegionC,1945
94,RegionD,1946
2932,RegionC,1946
5298,RegionF,1946
11674,RegionF,1946
12160,RegionF,1946
12338,RegionB,1946
27317,RegionE,1947
16816,RegionE,1947
1197,RegionE,1948
2150,RegionF,1948
3256,RegionE,1948
7985,RegionD,1948
14307,RegionD,1948
18464,RegionF,1948
20548,RegionE,1948
22490,RegionE,1948
23866,RegionD,1948
26222,RegionE,1948
31090,RegionF,1948
46370,RegionD,1948
46610,RegionF,1948
1419,RegionD,1949
19199,RegionA,1949
21992,RegionF,1949
26915,RegionD,1949
33714,RegionF,1949
37044,RegionD,1949
43171,RegionE,1949
5328,RegionD,1950
33127,RegionD,1950
41560,RegionF,1950
4743,RegionD,1951
8205,RegionF,1951
21216,RegionE,1951
21541,RegionA,1951
25359,RegionC,1951
35099,RegionF,1951
39011,RegionD,1951
46010,RegionD,1951
48870,RegionD,1951
154,RegionE,1952
3181,RegionB,1952
6309,RegionF,1952
8439,RegionE,1952
9636,RegionC,1952
15680,RegionE,1952
26280,RegionE,1952
28047,RegionF,1952
31901,RegionD,1952
37660,RegionD,1952
43217,RegionE,1952
49972,RegionD,1952
12118,RegionE,1953
21445,RegionD,1953
28063,RegionD,1953
34929,RegionA,1953
38059,RegionD,1953
4437,RegionE,1954
7531,RegionD,1954
9063,RegionF,1954
10606,RegionA,1954
16115,RegionF,1954
38105,RegionD,1954
11018,RegionF,1955
13754,RegionF,1955
20809,RegionD,1955
36216,RegionD,1955
38370,RegionE,1955
41324,RegionF,1955
42317,RegionD,1955
47461,RegionE,1955
17944,RegionE,1956
21555,RegionD,1956
24646,RegionD,1956
27559,RegionD,1956
41491,RegionD,1956
43058,RegionD,1956
13370,RegionD,1957
15235,RegionE,1957
24905,RegionF,1957
45667,RegionB,1957
32863,RegionB,1958
1158,RegionE,1959
5806,RegionD,1959
8712,RegionD,1959
14478,RegionD,1959
17732,RegionD,1959
22443,RegionE,1959
31453,RegionC,1959
31529,RegionE,1959
32913,RegionE,1959
39551,RegionE,1959
45487,RegionE,1959
949,RegionF,1960
7099,RegionD,1960
10806,RegionD,1960
23942,RegionB,1960
25163,RegionD,1960
40475,RegionE,1960
44074,RegionD,1960
46833,RegionF,1960
1354,RegionE,1961
3883,RegionB,1961
6585,RegionA,1961
11604,RegionD,1961
16001,RegionD,1961
17310,RegionA,1961
25802,RegionE,1961
27295,RegionD,1961
34197,RegionD,1961
36027,RegionD,1961
1182,RegionD,1962
1891,RegionD,1962
3320,RegionD,1962
8638,RegionF,1962
12357,RegionF,1962
14093,RegionE,1962
18302,RegionD,1962
19018,RegionD,1962
27912,RegionD,1962
28027,RegionF,1962
45022,RegionE,1962
31985,RegionD,1963
39745,RegionD,1963
5421,RegionE,1964
14564,RegionD,1964
29324,RegionE,1964
29810,RegionE,1964
30080,RegionF,1964
34081,RegionF,1964
38821,RegionD,1964
12231,RegionE,1965
33565,RegionC,1965
34626,RegionF,1965
44142,RegionE,1965
48241,RegionD,1965
28052,RegionE,1966
29059,RegionD,1966
29098,RegionC,1966
43660,RegionB,1966
45396,RegionE,1966
46742,RegionF,1966
1142,RegionD,1967
8404,RegionD,1967
23555,RegionB,1967
27722,RegionD,1967
37234,RegionD,1967
48628,RegionD,1967
891,RegionF,1968
2244,RegionD,1968
3941,RegionF,1968
13087,RegionD,1968
17714,RegionE,1968
28128,RegionD,1968
33298,RegionD,1968
36710,RegionE,1968
48752,RegionD,1968
5200,RegionF,1969
10924,RegionD,1969
15493,RegionA,1969
16556,RegionB,1969
26077,RegionE,1969
30114,RegionA,1969
33258,RegionD,1969
34271,RegionE,1969
6884,RegionE,1970
25490,RegionB,1970
32392,RegionD,1970
47598,RegionD,1970
47881,RegionE,1970
17508,RegionD,1971
43621,RegionC,1971
44292,RegionD,1971
9202,RegionF,1972
25403,RegionF,1972
26950,RegionE,1972
26960,RegionD,1972
35289,RegionF,1972
36716,RegionD,1972
41729,RegionE,1972
9903,RegionF,1973
22793,RegionF,1973
30656,RegionE,1973
3625,RegionF,1974
5136,RegionC,1974
6597,RegionF,1974
7495,RegionE,1974
15455,RegionD,1974
22593,RegionD,1974
23107,RegionF,1974
23990,RegionD,1974
31573,RegionD,1974
36356,RegionE,1974
38898,RegionC,1974
40869,RegionE,1974
47623,RegionD,1974
733,RegionF,1975
17182,RegionE,1975
27715,RegionD,1975
30754,RegionE,1975
31410,RegionE,1975
36819,RegionD,1975
36906,RegionD,1975
47611,RegionD,1975
49315,RegionD,1975
8482,RegionD,1976
9104,RegionA,1976
20837,RegionE,1976
26481,RegionD,1976
49198,RegionD,1976
4494,RegionD,1977
6242,RegionE,1977
19275,RegionE,1977
21308,RegionE,1977
2349,RegionD,1978
6995,RegionE,1978
14223,RegionD,1978
18807,RegionD,1978
27639,RegionE,1978
27781,RegionD,1978
30507,RegionF,1978
30705,RegionC,1978
45053,RegionD,1978
47671,RegionE,1978
48178,RegionF,1978
1395,RegionF,1979
4926,RegionB,1979
12891,RegionD,1979
14122,RegionA,1979
17099,RegionF,1979
29094,RegionE,1979
37036,RegionD,1979
41492,RegionE,1979
41650,RegionE,1979
2555,RegionE,1980
9317,RegionE,1980
24888,RegionD,1980
41922,RegionC,1980
42127,RegionD,1980
43396,RegionF,1980
43981,RegionA,1980
44041,RegionD,1980
48512,RegionF,1980
49239,RegionE,1980
2658,RegionD,1981
5899,RegionD,1981
6500,RegionA,1981
20386,RegionF,1981
23965,RegionE,1981
24911,RegionF,1981
27561,RegionF,1981
27982,RegionF,1981
47353,RegionB,1981
20577,RegionB,1982
23985,RegionE,1982
24613,RegionD,1982
25018,RegionC,1982
30058,RegionD,1982
32408,RegionE,1982
417,RegionE,1983
538,RegionC,1983
1164,RegionE,1983
6342,RegionF,1983
10146,RegionF,1983
13839,RegionF,1983
23563,RegionD,1983
26417,RegionD,1983
31014,RegionD,1983
32948,RegionA,1983
299,RegionE,1984
2081,RegionD,1984
13687,RegionE,1984
13736,RegionD,1984
14182,RegionD,1984
21585,RegionF,1984
29663,RegionD,1984
30769,RegionF,1984
46451,RegionE,1984
11544,RegionA,1985
14308,RegionD,1985
28315,RegionE,1985
39598,RegionF,1985
47190,RegionD,1985
48863,RegionD,1985
15461,RegionD,1986
29990,RegionB,1986
40263,RegionD,1986
47415,RegionE,1986
1675,RegionD,1987
10983,RegionD,1987
25623,RegionD,1987
26291,RegionD,1987
27252,RegionE,1987
32914,RegionF,1987
35108,RegionD,1987
47275,RegionD,1987
48492,RegionE,1987
114,RegionE,1988
2061,RegionD,1988
7889,RegionF,1988
19808,RegionF,1988
45327,RegionD,1988
46881,RegionC,1988
10516,RegionD,1989
12057,RegionD,1989
18309,RegionD,1989
30676,RegionE,1989
41449,RegionA,1989
43563,RegionD,1989
4192,RegionD,1990
9465,RegionB,1990
16839,RegionD,1990
36420,RegionD,1990
41250,RegionE,1990
42921,RegionD,1990
5975,RegionA,1991
15240,RegionD,1991
16006,RegionD,1991
22791,RegionE,1991
25076,RegionF,1991
32969,RegionD,1991
35016,RegionD,1991
43326,RegionD,1991
46204,RegionF,1991
6337,RegionD,1992
17130,RegionE,1992
19219,RegionB,1992
23852,RegionD,1992
27363,RegionE,1992
33111,RegionF,1992
34925,RegionD,1992
38257,RegionD,1992
147,RegionE,1993
4439,RegionF,1993
24187,RegionD,1993
41133,RegionF,1993
48402,RegionA,1993
48768,RegionF,1993
7610,RegionD,1994
14309,RegionE,1994
14551,RegionD,1994
14568,RegionA,1994
16510,RegionB,1994
19402,RegionF,1994
27422,RegionE,1994
39029,RegionB,1994
41978,RegionE,1994
47482,RegionF,1994
1944,RegionD,1995
7540,RegionE,1995
11837,RegionE,1995
28781,RegionF,1995
20617,RegionD,1996
25429,RegionF,1996
27025,RegionB,1996
29439,RegionB,1996
48072,RegionE,1996
8843,RegionD,1997
21775,RegionE,1997
45734,RegionD,1997
564,RegionC,1998
1396,RegionF,1998
4471,RegionE,1998
6153,RegionC,1998
16940,RegionE,1998
35088,RegionD,1998
45564,RegionD,1998
49849,RegionE,1998
5566,RegionE,1999
21697,RegionF,1999
25668,RegionD,1999
26620,RegionD,1999
27959,RegionD,1999
28320,RegionE,1999
33656,RegionF,1999
39728,RegionE,1999
16444,RegionA,2000
28309,RegionF,2000
29998,RegionD,2000
33788,RegionC,2000
42286,RegionE,2000
44628,RegionE,2000
193,RegionE,2001
5010,RegionF,2001
5217,RegionD,2001
6991,RegionF,2001
8645,RegionB,2001
16786,RegionC,2001
20357,RegionE,2001
31142,RegionE,2001
43502,RegionA,2001
1170,RegionD,2002
4747,RegionF,2002
4917,RegionE,2002
10327,RegionD,2002
48866,RegionE,2002
13231,RegionD,2003
16969,RegionA,2003
19094,RegionA,2003
20156,RegionF,2003
30870,RegionD,2003
44413,RegionF,2003
46957,RegionE,2003
1582,RegionD,2004
31053,RegionD,2004
35248,RegionE,2004
39856,RegionD,2004
42912,RegionB,2004
47141,RegionF,2004
49017,RegionF,2004
536,RegionF,2005
5499,RegionD,2005
8848,RegionA,2005
16411,RegionF,2005
36595,RegionA,2005
48016,RegionD,2005
1131,RegionE,2006
2983,RegionF,2006
3195,RegionD,2006
9022,RegionE,2006
35383,RegionD,2006
36238,RegionE,2006
37864,RegionD,2006
47521,RegionE,2006
2952,RegionD,2007
13160,RegionD,2007
15799,RegionE,2007
20016,RegionE,2007
26330,RegionC,2007
37863,RegionD,2007
40725,RegionE,2007
44151,RegionF,2007
49363,RegionE,2007
5455,RegionE,2008
8722,RegionF,2008
31280,RegionF,2008
31424,RegionE,2008
33801,RegionB,2008
37547,RegionD,2008
44128,RegionD,2008
1380,RegionE,2009
3620,RegionF,2009
4099,RegionA,2009
5742,RegionD,2009
8209,RegionE,2009
16388,RegionD,2009
19482,RegionD,2009
20488,RegionE,2010
36658,RegionE,2010
37090,RegionD,2009
398,RegionF,2010
429,RegionE,2011
2001,RegionD,2010
5037,RegionA,2010
7377,RegionE,2012
8005,RegionD,2010
20816,RegionE,2012
26007,RegionF,2010
27771,RegionF,2010
30287,RegionD,2010
30387,RegionE,2012
34614,RegionA,2010
48122,RegionD,2010
1010,RegionB,2011
1506,RegionE,2012
19768,RegionF,2011
20559,RegionD,2011
22456,RegionE,2013
26155,RegionD,2011
35968,RegionD,2011
40172,RegionD,2011
44222,RegionF,2011
46279,RegionD,2011
2988,RegionE,2013
8714,RegionE,2014
10831,RegionD,2012
15710,RegionC,2012
22875,RegionD,2012
27714,RegionC,2012
42257,RegionD,2012
4047,RegionB,2013
8561,RegionD,2013
8942,RegionD,2013
12420,RegionE,2014
12730,RegionF,2013
14217,RegionE,2014
31329,RegionD,2013
35251,RegionC,2013
36723,RegionE,2014
38043,RegionF,2013
46108,RegionD,2013
49111,RegionB,2013
490,RegionF,2014
2865,RegionF,2014
11609,RegionF,2014
13878,RegionF,2014
24970,RegionF,2014
43382,RegionE,2015
45705,RegionF,2014
49629,RegionB,2014
49925,RegionD,2014
4497,RegionE,2015
5331,RegionF,2015
7649,RegionD,2015
9951,RegionD,2015
16708,RegionD,2015
18747,RegionC,2015
22260,RegionE,2015
25538,RegionD,2015
33486,RegionB,2015
47287,RegionA,2015
49285,RegionE,2015
15191,RegionF,2016
15311,RegionD,2016
19999,RegionF,2016
34548,RegionF,2016
35815,RegionC,2016
38635,RegionA,2016
40437,RegionE,2016
40719,RegionE,2016
46916,RegionD,2016
49912,RegionD,2016
2742,RegionC,2017
16911,RegionD,2017
23692,RegionF,2017
33507,RegionD,2017
35135,RegionD,2017
36006,RegionD,2017
40998,RegionD,2017
5533,RegionE,2018
17534,RegionD,2018
19077,RegionD,2018
22186,RegionD,2018
24710,RegionD,2018
29156,RegionF,2018
39680,RegionD,2018
39819,RegionE,2018
41047,RegionE,2018
46391,RegionD,2018
47850,RegionF,2018
6472,RegionF,2019
10297,RegionF,2019
11408,RegionD,2019
12910,RegionD,2019
15749,RegionB,2019
16797,RegionF,2019
33317,RegionD,2019
41533,RegionF,2019
42466,RegionB,2019
42617,RegionB,2019
43313,RegionD,2019
49620,RegionE,2019
1812,RegionD,2020
24786,RegionE,2020
28640,RegionD,2020
36563,RegionD,2020
36847,RegionD,2020
37990,RegionE,2020
60,RegionD,2021
3254,RegionD,2021
6289,RegionF,2021
7307,RegionB,2021
9107,RegionD,2021
12550,RegionD,2021
23939,RegionE,2021
33145,RegionB,2021
36402,RegionE,2021
43011,RegionD,2021
48269,RegionE,2021
476,RegionE,2022
28702,RegionE,2022
33984,RegionF,2022
48495,RegionD,2022
1213,RegionA,2023
2249,RegionF,2023
15875,RegionD,2023
26181,RegionD,2023
34404,RegionA,2023
37342,RegionF,2023
39140,RegionA,2023
45720,RegionC,2023
4283,RegionB,2024
8442,RegionC,2024
9320,RegionF,2024
26610,RegionF,2024
34682,RegionD,2024
34749,RegionE,2024
35699,RegionD,2024
44542,RegionE,2024
45407,RegionD,2024
47027,RegionD,2024
47228,RegionA,2024
48554,RegionD,2024
10791,RegionD,2025
12753,RegionD,2025
24967,RegionD,2025
37110,RegionE,2025
48895,RegionD,2025
49675,RegionB,2025
4927,RegionD,2026
10425,RegionD,2026
27331,RegionE,2026
39297,RegionF,2026
42766,RegionF,2026
46932,RegionF,2026
1611,RegionE,2027
8024,RegionD,2027
14076,RegionA,2027
21772,RegionD,2027
26063,RegionD,2027
26471,RegionE,2027
35175,RegionE,2027
38926,RegionD,2027
40667,RegionF,2027
1621,RegionD,2028
6443,RegionD,2028
9226,RegionE,2028
13238,RegionD,2028
15650,RegionF,2028
16770,RegionE,2028
22736,RegionD,2028
28200,RegionD,2028
28982,RegionD,2028
41930,RegionD,2028
13757,RegionD,2029
17453,RegionF,2029
19277,RegionF,2029
21174,RegionB,2029
28882,RegionD,2029
29171,RegionD,2029
31895,RegionE,2029
39899,RegionE,2029
41394,RegionE,2029
1324,RegionF,2030
1492,RegionE,2030
42861,RegionD,2030
19031,RegionD,2031
22609,RegionF,2031
24785,RegionE,2031
27125,RegionD,2031
32714,RegionD,2031
41620,RegionB,2031
23022,RegionF,2032
28828,RegionF,2032
47243,RegionD,2032
48924,RegionE,2032
17754,RegionE,2033
25695,RegionD,2033
25908,RegionF,2033
44528,RegionD,2033
45043,RegionF,2033
605,RegionD,2034
20334,RegionA,2034
30201,RegionD,2034
45933,RegionE,2034
9482,RegionE,2035
10532,RegionE,2035
14957,RegionD,2035
17341,RegionF,2035
23483,RegionC,2035
42924,RegionF,2035
44821,RegionB,2035
49628,RegionF,2035
5819,RegionD,2036
17599,RegionB,2036
968,RegionE,2037
2142,RegionE,2037
2970,RegionF,2037
5930,RegionD,2037
9767,RegionC,2037
19040,RegionF,2037
24006,RegionF,2037
29952,RegionD,2037
37493,RegionF,2037
3296,RegionE,2038
10313,RegionD,2038
13066,RegionA,2038
27996,RegionC,2038
35764,RegionD,2038
37289,RegionF,2038
45278,RegionF,2038
49526,RegionD,2038
49890,RegionF,2038
4082,RegionD,2039
11567,RegionE,2039
12034,RegionE,2039
24120,RegionD,2039
25325,RegionF,2039
26218,RegionB,2039
30563,RegionD,2039
36858,RegionC,2039
45854,RegionE,2039
3490,RegionD,2040
8054,RegionF,2040
10303,RegionF,2040
14519,RegionE,2040
15575,RegionE,2040
22608,RegionE,2040
34438,RegionD,2040
35533,RegionC,2040
41068,RegionF,2040
507,RegionD,2041
4526,RegionC,2041
25155,RegionA,2041
26048,RegionC,2041
43337,RegionF,2041
24173,RegionD,2042
25899,RegionD,2042
7358,RegionF,2043
24127,RegionD,2043
28541,RegionD,2043
46306,RegionD,2043
48187,RegionD,2043
6031,RegionE,2044
16652,RegionE,2044
21024,RegionD,2044
24027,RegionA,2044
26767,RegionF,2044
30486,RegionE,2044
45513,RegionE,2044
14938,RegionD,2045
21714,RegionD,2045
36897,RegionB,2045
42318,RegionE,2045
43532,RegionE,2045
46579,RegionB,2045
9032,RegionB,2046
18079,RegionD,2046
19711,RegionB,2046
20700,RegionF,2046
23258,RegionF,2046
24276,RegionF,2046
30218,RegionF,2046
36393,RegionD,2046
38800,RegionD,2046
43677,RegionE,2046
45862,RegionF,2046
3700,RegionD,2047
6992,RegionB,2047
10359,RegionD,2047
6567,RegionD,2048
14811,RegionB,2048
21315,RegionE,2048
24499,RegionF,2048
25536,RegionB,2048
32129,RegionD,2048
33452,RegionF,2048
42038,RegionF,2048
45581,RegionF,2048
4200,RegionD,2049
4772,RegionE,2049
16546,RegionE,2049
24720,RegionE,2049
36365,RegionF,2049
44239,RegionD,2049
46607,RegionD,2049
18925,RegionD,2050
24473,RegionA,2050
38733,RegionF,2050
42067,RegionD,2050
9721,RegionB,2051
17637,RegionF,2051
24312,RegionD,2051
32827,RegionE,2051
1747,RegionD,2052
7491,RegionC,2052
16038,RegionC,2052
18370,RegionE,2052
22416,RegionD,2052
33862,RegionD,2052
39121,RegionC,2052
46374,RegionF,2052
47932,RegionD,2052
48692,RegionD,2052
21221,RegionD,2053
40193,RegionE,2053
44604,RegionA,2053
18782,RegionD,2054
42850,RegionE,2054
3492,RegionD,2055
5868,RegionE,2055
10530,RegionD,2055
10648,RegionD,2055
20307,RegionF,2055
24352,RegionE,2055
27869,RegionF,2055
41778,RegionD,2055
44825,RegionE,2055
45305,RegionF,2055
46469,RegionD,2055
49820,RegionD,2055
22344,RegionD,2056
22755,RegionC,2056
24374,RegionF,2056
24449,RegionD,2056
30891,RegionD,2056
38415,RegionD,2056
38741,RegionD,2056
47926,RegionD,2056
1901,RegionF,2057
5624,RegionE,2057
22816,RegionD,2057
27168,RegionF,2057
29722,RegionD,2057
33428,RegionD,2057
33727,RegionF,2057
41564,RegionE,2057
1242,RegionD,2058
14393,RegionD,2058
19545,RegionF,2058
33188,RegionE,2058
36261,RegionC,2058
11446,RegionB,2059
12919,RegionE,2059
22751,RegionE,2059
34245,RegionF,2059
34314,RegionD,2059
35597,RegionF,2059
49515,RegionE,2059
49771,RegionE,2059
21721,RegionD,2060
22353,RegionF,2060
22439,RegionF,2060
23899,RegionE,2060
25248,RegionD,2060
30576,RegionD,2060
35880,RegionA,2060
2622,RegionF,2061
6489,RegionD,2061
21265,RegionF,2061
24544,RegionF,2061
29708,RegionC,2061
41199,RegionF,2061
5909,RegionF,2062
6741,RegionF,2062
8168,RegionD,2062
10329,RegionF,2062
15931,RegionF,2062
44733,RegionE,2062
49467,RegionD,2062
5682,RegionD,2063
7171,RegionD,2063
13567,RegionD,2063
15636,RegionF,2063
16409,RegionE,2063
19041,RegionF,2063
22504,RegionF,2063
27032,RegionD,2063
36802,RegionE,2063
37710,RegionA,2063
42580,RegionD,2063
45268,RegionD,2063
46208,RegionE,2063
8491,RegionE,2064
12174,RegionA,2064
14216,RegionD,2064
15494,RegionD,2064
23400,RegionD,2064
38419,RegionB,2064
40839,RegionA,2064
2344,RegionD,2065
3768,RegionE,2065
13266,RegionE,2065
16811,RegionF,2065
25891,RegionD,2065
26615,RegionE,2065
29195,RegionF,2065
36463,RegionF,2065
41126,RegionF,2065
2215,RegionF,2066
5313,RegionB,2066
9007,RegionD,2066
10571,RegionE,2066
12435,RegionF,2066
20652,RegionE,2066
35752,RegionE,2066
39445,RegionE,2066
44523,RegionE,2066
46917,RegionE,2066
47366,RegionB,2066
48995,RegionD,2066
10603,RegionE,2067
32438,RegionD,2067
36726,RegionA,2067
48198,RegionF,2067
49320,RegionF,2067
49350,RegionE,2067
15974,RegionD,2068
19691,RegionA,2068
25225,RegionE,2068
25576,RegionD,2068
28567,RegionD,2068
28652,RegionC,2068
31254,RegionF,2068
33212,RegionD,2068
36734,RegionD,2068
43335,RegionE,2068
47428,RegionE,2068
9717,RegionD,2069
12940,RegionF,2069
15562,RegionE,2069
16358,RegionF,2069
29103,RegionF,2069
1258,RegionF,2070
1610,RegionE,2070
7131,RegionD,2070
24482,RegionD,2070
26604,RegionF,2070
12111,RegionD,2071
32492,RegionE,2071
49619,RegionE,2071
20974,RegionE,2072
21665,RegionF,2072
41571,RegionE,2072
48357,RegionC,2072
16477,RegionA,2073
23489,RegionA,2073
24417,RegionD,2073
31001,RegionD,2073
37202,RegionE,2073
47730,RegionE,2073
14256,RegionD,2074
17354,RegionE,2074
19907,RegionF,2074
26013,RegionF,2074
27858,RegionB,2074
32077,RegionD,2074
35932,RegionF,2074
41512,RegionE,2074
49028,RegionD,2074
1526,RegionF,2075
46488,RegionD,2075
49535,RegionE,2075
826,RegionA,2076
6503,RegionE,2076
7268,RegionC,2076
13558,RegionA,2076
33439,RegionF,2076
35623,RegionF,2076
36395,RegionE,2076
37600,RegionD,2076
38362,RegionD,2076
39928,RegionC,2076
16143,RegionC,2077
21979,RegionF,2077
45075,RegionF,2077
45531,RegionD,2077
46982,RegionE,2077
48429,RegionC,2077
731,RegionE,2078
934,RegionE,2078
3708,RegionD,2078
4584,RegionF,2078
12961,RegionA,2078
18255,RegionB,2078
22794,RegionB,2078
25324,RegionF,2078
28432,RegionE,2078
34937,RegionD,2078
34952,RegionE,2078
38809,RegionE,2078
40650,RegionD,2078
80,RegionD,2079
13660,RegionE,2079
22615,RegionF,2079
27538,RegionD,2079
29077,RegionF,2079
42647,RegionE,2079
8012,RegionE,2080
13373,RegionF,2080
19683,RegionF,2080
25720,RegionC,2080
27972,RegionD,2080
33468,RegionD,2080
6734,RegionE,2081
10577,RegionE,2081
18131,RegionD,2081
22759,RegionE,2081
24980,RegionD,2081
31324,RegionD,2081
32883,RegionC,2081
34612,RegionE,2081
40722,RegionD,2081
41713,RegionD,2081
8112,RegionF,2082
11590,RegionA,2082
21453,RegionE,2082
26334,RegionE,2082
27514,RegionE,2082
49773,RegionA,2082
5535,RegionF,2083
13310,RegionD,2083
16332,RegionF,2083
16709,RegionD,2083
24567,RegionD,2083
28078,RegionE,2083
29780,RegionB,2083
42651,RegionD,2083
4841,RegionC,2084
27049,RegionE,2084
27747,RegionD,2084
29309,RegionD,2084
30295,RegionE,2084
32951,RegionE,2084
12533,RegionF,2085
15450,RegionD,2085
18632,RegionE,2085
23755,RegionE,2085
49662,RegionB,2085
231,RegionD,2086
6801,RegionF,2086
40027,RegionD,2086
1130,RegionD,2087
1728,RegionE,2087
9467,RegionD,2087
15391,RegionD,2087
35396,RegionD,2087
39323,RegionF,2087
39850,RegionD,2087
44588,RegionE,2087
802,RegionD,2088
15056,RegionD,2088
19439,RegionE,2088
23807,RegionE,2088
30376,RegionF,2088
39365,RegionD,2088
44257,RegionC,2088
17156,RegionE,2089
23704,RegionF,2089
25431,RegionB,2089
27439,RegionD,2089
28924,RegionE,2089
33769,RegionD,2089
40463,RegionE,2089
41224,RegionE,2089
42448,RegionD,2089
44704,RegionD,2089
49156,RegionF,2089
2546,RegionD,2090
2808,RegionD,2090
4725,RegionD,2090
10935,RegionD,2090
38117,RegionB,2090
49818,RegionF,2090
16079,RegionD,2091
35981,RegionD,2091
37054,RegionA,2091
39936,RegionD,2091
43864,RegionD,2091
44882,RegionD,2091
46219,RegionD,2091
47564,RegionD,2091
1622,RegionD,2092
2610,RegionA,2092
6439,RegionE,2092
14766,RegionD,2092
20327,RegionF,2092
21620,RegionB,2092
28894,RegionA,2092
31618,RegionD,2092
39754,RegionE,2092
40106,RegionD,2093
41771,RegionC,2092
48522,RegionD,2092
49741,RegionC,2092
13637,RegionB,2093
21417,RegionC,2093
23379,RegionD,2093
25425,RegionD,2093
31475,RegionD,2093
38288,RegionC,2093
39755,RegionF,2093
3033,RegionE,2094
5480,RegionE,2094
5617,RegionD,2094
7418,RegionF,2094
14454,RegionE,2094
23961,RegionF,2094
32073,RegionE,2094
35011,RegionE,2094
36804,RegionF,2094
38452,RegionC,2094
46661,RegionE,2094
3237,RegionE,2095
7449,RegionE,2095
18880,RegionD,2095
33995,RegionE,2095
34930,RegionD,2095
36001,RegionD,2095
43648,RegionD,2095
6133,RegionB,2096
14425,RegionD,2096
25567,RegionF,2096
30352,RegionD,2096
39744,RegionB,2096
45876,RegionF,2096
49964,RegionC,2096
10061,RegionF,2097
11380,RegionA,2097
12983,RegionD,2097
14745,RegionF,2097
16875,RegionE,2097
18314,RegionB,2097
19309,RegionF,2097
31387,RegionB,2098
32111,RegionD,2097
32237,RegionE,2097
37480,RegionF,2097
44851,RegionE,2097
1471,RegionD,2098
2361,RegionB,2099
10143,RegionD,2098
38618,RegionD,2098
47816,RegionE,2098
2497,RegionF,2099
15247,RegionE,2099
33751,RegionD,2099
41820,RegionE,2099
45457,RegionA,2099
6852,RegionE,2100
38401,RegionD,2100
39884,RegionD,2100
42309,RegionC,2100
10584,RegionE,2101
27132,RegionD,2101
33001,RegionC,2101
46117,RegionE,2101
47460,RegionD,2101
9999,RegionD,2102
32704,RegionF,2102
39356,RegionF,2102
3999,RegionF,2103
5511,RegionD,2103
8853,RegionF,2103
34052,RegionD,2103
2407,RegionB,2104
9918,RegionC,2104
15943,RegionE,2104
35831,RegionE,2104
39182,RegionD,2104
46230,RegionF,2104
7327,RegionC,2105
33922,RegionE,2105
37973,RegionC,2105
38997,RegionD,2105
47659,RegionE,2105
5577,RegionD,2106
10334,RegionE,2106
12003,RegionF,2106
16765,RegionF,2106
18007,RegionD,2106
29859,RegionC,2106
36529,RegionF,2106
38463,RegionF,2106
49001,RegionD,2106
7800,RegionD,2107
12383,RegionF,2107
18565,RegionD,2107
49284,RegionD,2107
4129,RegionE,2108
11092,RegionB,2108
12189,RegionD,2108
15665,RegionD,2108
19315,RegionE,2108
22847,RegionC,2108
35519,RegionF,2108
12767,RegionD,2109
13566,RegionD,2109
17685,RegionD,2109
45561,RegionF,2109
46395,RegionA,2109
18542,RegionF,2110
23446,RegionD,2110
26762,RegionF,2110
34617,RegionD,2110
1124,RegionD,2111
10552,RegionF,2111
18342,RegionD,2111
24272,RegionD,2111
27673,RegionF,2111
31132,RegionD,2111
36038,RegionC,2111
40712,RegionE,2111
49539,RegionD,2111
27358,RegionF,2112
27954,RegionE,2112
32068,RegionF,2112
42458,RegionF,2112
46802,RegionB,2112
9651,RegionD,2113
16685,RegionF,2113
21565,RegionE,2113
29584,RegionD,2113
4163,RegionF,2114
5920,RegionE,2114
10789,RegionF,2114
13106,RegionC,2114
19271,RegionF,2114
35134,RegionD,2114
36075,RegionF,2114
37160,RegionD,2114
38358,RegionF,2114
7703,RegionD,2115
27069,RegionF,2115
29466,RegionD,2115
37284,RegionB,2115
37594,RegionD,2115
37927,RegionB,2115
7487,RegionE,2116
11048,RegionD,2116
12921,RegionF,2116
15245,RegionD,2116
27987,RegionE,2116
28122,RegionD,2116
31344,RegionE,2116
31866,RegionB,2116
35970,RegionE,2116
37615,RegionE,2116
43412,RegionD,2116
2787,RegionA,2117
3217,RegionE,2117
10784,RegionC,2117
14652,RegionF,2117
16750,RegionE,2117
18678,RegionE,2117
19820,RegionE,2117
26331,RegionD,2117
27063,RegionF,2117
42216,RegionF,2117
48233,RegionD,2117
8973,RegionB,2118
16368,RegionD,2118
35118,RegionF,2118
36650,RegionD,2118
37623,RegionE,2118
41288,RegionD,2118
45482,RegionF,2118
46777,RegionD,2118
1037,RegionD,2119
4547,RegionD,2119
7261,RegionB,2119
28554,RegionD,2119
32999,RegionF,2119
44088,RegionD,2119
45910,RegionC,2119
47919,RegionD,2119
6811,RegionD,2120
20410,RegionE,2120
28948,RegionD,2120
29682,RegionC,2120
33347,RegionF,2120
39620,RegionD,2120
43165,RegionE,2120
286,RegionE,2121
15356,RegionC,2121
19434,RegionF,2121
21395,RegionF,2121
35358,RegionD,2121
35759,RegionE,2121
2759,RegionE,2122
18653,RegionF,2122
25809,RegionE,2122
29365,RegionF,2122
30816,RegionA,2122
42354,RegionF,2122
8068,RegionB,2123
18495,RegionE,2123
31215,RegionF,2123
46826,RegionE,2123
1539,RegionE,2124
11959,RegionD,2124
31287,RegionF,2124
9434,RegionD,2125
10318,RegionC,2125
12737,RegionF,2125
26411,RegionD,2125
26593,RegionD,2125
32982,RegionD,2125
34570,RegionD,2125
35385,RegionE,2125
43109,RegionB,2125
44305,RegionD,2125
20230,RegionD,2126
38272,RegionE,2126
39141,RegionD,2126
43783,RegionF,2126
6344,RegionD,2127
20481,RegionD,2127
28318,RegionD,2127
37167,RegionD,2127
38915,RegionE,2127
46697,RegionB,2127
46867,RegionF,2127
49030,RegionE,2127
9027,RegionD,2128
18077,RegionF,2128
22198,RegionD,2128
28112,RegionF,2128
33092,RegionF,2128
36515,RegionF,2128
4555,RegionE,2129
7778,RegionF,2129
14359,RegionD,2129
16826,RegionD,2129
22116,RegionE,2129
26423,RegionD,2129
29537,RegionA,2129
45112,RegionD,2129
48657,RegionF,2129
5281,RegionD,2130
6363,RegionD,2130
8869,RegionD,2130
9116,RegionF,2130
10980,RegionA,2130
28722,RegionF,2130
44920,RegionD,2130
2205,RegionD,2131
2231,RegionD,2131
17313,RegionD,2131
34252,RegionF,2131
41938,RegionE,2131
43434,RegionE,2131
2124,RegionF,2132
15954,RegionD,2132
16113,RegionE,2132
20978,RegionD,2132
26798,RegionD,2132
39040,RegionF,2132
40036,RegionE,2132
40049,RegionE,2132
43741,RegionD,2132
43761,RegionD,2132
45852,RegionD,2132
47712,RegionF,2132
20192,RegionD,2133
28573,RegionB,2133
40385,RegionF,2133
44494,RegionD,2133
22309,RegionC,2134
34244,RegionE,2134
37616,RegionE,2134
38619,RegionE,2134
43681,RegionD,2134
691,RegionD,2135
15434,RegionA,2135
32904,RegionD,2135
32946,RegionE,2135
37723,RegionF,2135
48109,RegionD,2135
18140,RegionE,2136
26801,RegionF,2136
376,RegionD,2137
4664,RegionD,2137
9935,RegionE,2137
11083,RegionE,2137
21521,RegionF,2137
22117,RegionF,2137
26355,RegionF,2137
32926,RegionE,2137
38659,RegionE,2137
42433,RegionA,2137
2330,RegionD,2138
10918,RegionE,2138
12379,RegionD,2138
14356,RegionE,2138
27755,RegionD,2138
28509,RegionD,2138
32637,RegionE,2138
35851,RegionE,2138
36289,RegionD,2138
44624,RegionB,2138
48986,RegionA,2138
3361,RegionE,2139
11766,RegionF,2139
17084,RegionE,2139
18772,RegionF,2139
26747,RegionE,2139
27762,RegionD,2139
36683,RegionD,2139
40342,RegionD,2139
40989,RegionF,2139
45158,RegionD,2139
46380,RegionF,2139
2051,RegionF,2140
2641,RegionE,2140
13025,RegionF,2140
14353,RegionD,2140
16580,RegionE,2140
19782,RegionF,2140
19835,RegionF,2140
20623,RegionB,2140
26975,RegionD,2140
27527,RegionE,2140
34889,RegionF,2140
35754,RegionF,2140
166,RegionD,2141
5092,RegionD,2141
14259,RegionF,2141
31555,RegionE,2141
45232,RegionE,2141
49896,RegionF,2141
2290,RegionD,2142
3984,RegionD,2142
16315,RegionD,2142
17643,RegionF,2142
43809,RegionF,2142
3109,RegionB,2143
5921,RegionF,2143
11662,RegionF,2143
24675,RegionF,2143
24703,RegionB,2143
30530,RegionD,2143
31609,RegionF,2143
34460,RegionE,2143
37830,RegionD,2143
43187,RegionF,2143
45579,RegionE,2143
3355,RegionE,2144
7311,RegionE,2144
17111,RegionE,2144
24644,RegionC,2144
25857,RegionA,2144
45069,RegionF,2144
3161,RegionA,2145
18549,RegionF,2145
23236,RegionD,2145
23751,RegionF,2145
36677,RegionE,2145
47785,RegionF,2145
49738,RegionE,2145
2206,RegionD,2146
7209,RegionC,2146
7507,RegionE,2146
19447,RegionF,2146
24791,RegionE,2146
29451,RegionF,2146
35256,RegionF,2146
42170,RegionF,2146
44105,RegionF,2147
3082,RegionF,2147
20105,RegionC,2147
6747,RegionE,2148
7007,RegionD,2148
9756,RegionD,2148
10162,RegionD,2148
13740,RegionF,2148
14681,RegionD,2148
17339,RegionD,2148
20031,RegionF,2148
35661,RegionE,2148
40363,RegionD,2148
4402,RegionD,2149
10394,RegionE,2149
11323,RegionD,2149
13132,RegionB,2149
14066,RegionD,2149
16051,RegionB,2149
25966,RegionE,2149
30691,RegionF,2149
30843,RegionC,2149
38921,RegionE,2149
38955,RegionF,2149
5701,RegionD,2150
6491,RegionE,2150
20770,RegionE,2150
34521,RegionF,2150
36636,RegionD,2150
37205,RegionA,2150
43671,RegionF,2150
46404,RegionD,2150
7750,RegionE,2151
14120,RegionE,2151
17865,RegionE,2151
23174,RegionF,2151
28962,RegionD,2151
33931,RegionF,2151
6504,RegionE,2152
12699,RegionB,2152
24547,RegionD,2152
39772,RegionD,2152
40801,RegionD,2152
44487,RegionD,2152
3975,RegionC,2153
14966,RegionE,2153
21572,RegionF,2153
33256,RegionA,2153
47392,RegionA,2153
9175,RegionF,2154
20298,RegionE,2154
25907,RegionE,2154
44931,RegionF,2154
49878,RegionA,2154
14219,RegionF,2155
19072,RegionE,2155
21786,RegionD,2155
30979,RegionF,2155
32526,RegionE,2155
37401,RegionF,2155
45907,RegionE,2155
870,RegionF,2156
3892,RegionD,2156
16644,RegionE,2156
25432,RegionD,2156
27823,RegionE,2156
28127,RegionB,2156
32692,RegionA,2156
3114,RegionF,2157
10178,RegionF,2157
12064,RegionD,2157
16299,RegionF,2157
35190,RegionF,2157
39477,RegionD,2157
42176,RegionF,2157
21885,RegionD,2158
24893,RegionB,2158
26992,RegionB,2158
38700,RegionF,2158
46256,RegionF,2158
47705,RegionF,2158
17006,RegionE,2159
19851,RegionD,2159
39705,RegionD,2159
43996,RegionD,2159
48173,RegionB,2159
887,RegionD,2160
5855,RegionE,2160
6202,RegionE,2160
17499,RegionF,2160
27348,RegionD,2160
916,RegionF,2161
6238,RegionC,2161
10882,RegionB,2161
18118,RegionD,2161
45962,RegionA,2161
12936,RegionD,2162
44949,RegionE,2162
10489,RegionD,2163
13103,RegionE,2163
18994,RegionF,2163
22421,RegionD,2163
31523,RegionF,2163
36535,RegionF,2163
44170,RegionF,2163
8185,RegionF,2164
24608,RegionE,2164
27284,RegionE,2164
30946,RegionF,2164
33375,RegionC,2164
33494,RegionD,2164
34322,RegionE,2164
49042,RegionE,2164
9835,RegionD,2165
19544,RegionE,2165
24200,RegionD,2165
30357,RegionA,2165
39084,RegionD,2165
40162,RegionF,2165
183,RegionA,2166
3288,RegionD,2166
5660,RegionF,2166
11429,RegionD,2166
11504,RegionF,2166
13731,RegionD,2166
19981,RegionD,2166
37346,RegionE,2166
38264,RegionD,2166
40848,RegionD,2166
48547,RegionC,2166
10378,RegionD,2167
12405,RegionD,2167
12713,RegionD,2167
26564,RegionF,2167
26872,RegionF,2167
43584,RegionE,2167
6786,RegionE,2168
8367,RegionE,2168
19426,RegionE,2168
26985,RegionF,2168
34127,RegionF,2168
40046,RegionC,2168
40622,RegionF,2168
42041,RegionD,2168
43404,RegionB,2168
48136,RegionD,2168
49961,RegionE,2168
7367,RegionD,2169
15335,RegionF,2169
38933,RegionD,2169
48729,RegionF,2169
2629,RegionF,2170
29582,RegionF,2170
43610,RegionD,2170
5433,RegionD,2171
2432,RegionF,2172
4322,RegionA,2172
13617,RegionA,2172
23805,RegionD,2172
35908,RegionD,2172
43099,RegionE,2172
7825,RegionA,2173
8262,RegionE,2173
8800,RegionE,2173
15032,RegionF,2173
16857,RegionF,2173
19906,RegionF,2173
45670,RegionE,2173
47343,RegionE,2173
405,RegionF,2174
7829,RegionE,2174
8974,RegionD,2174
9571,RegionD,2174
11361,RegionC,2174
12463,RegionC,2174
13977,RegionF,2174
33187,RegionD,2174
35870,RegionE,2174
39931,RegionE,2174
41143,RegionD,2174
42206,RegionD,2174
45633,RegionF,2174
155,RegionF,2175
291,RegionD,2175
1189,RegionD,2175
4152,RegionB,2175
7628,RegionA,2175
14210,RegionD,2175
22955,RegionE,2175
28815,RegionF,2175
29202,RegionF,2175
37715,RegionF,2175
37744,RegionD,2175
28031,RegionD,2176
31440,RegionD,2176
3129,RegionC,2177
5507,RegionE,2177
17400,RegionF,2177
20267,RegionF,2177
27611,RegionD,2177
40861,RegionD,2177
43070,RegionC,2177
8086,RegionF,2178
12756,RegionF,2178
18668,RegionB,2178
19454,RegionF,2178
21040,RegionE,2178
33028,RegionD,2178
34763,RegionE,2178
35490,RegionE,2178
10088,RegionA,2179
34318,RegionF,2179
38711,RegionE,2179
5089,RegionF,2180
5538,RegionD,2180
17066,RegionF,2180
20434,RegionD,2180
45764,RegionF,2181
49431,RegionF,2181
3552,RegionE,2181
10112,RegionE,2181
22991,RegionC,2181
37747,RegionE,2181
43385,RegionD,2181
3821,RegionE,2182
4784,RegionD,2182
24943,RegionE,2182
43126,RegionE,2182
45752,RegionA,2182
47909,RegionF,2182
49709,RegionD,2182
5238,RegionE,2183
11765,RegionE,2183
13320,RegionF,2183
24373,RegionF,2183
33912,RegionA,2183
44181,RegionE,2183
48032,RegionE,2183
49395,RegionD,2183
4591,RegionA,2184
12135,RegionC,2184
12182,RegionD,2184
22493,RegionD,2184
25635,RegionD,2184
36032,RegionD,2184
39110,RegionD,2184
41788,RegionE,2184
43297,RegionF,2184
47333,RegionA,2184
1052,RegionE,2185
9588,RegionF,2185
9958,RegionD,2185
14199,RegionF,2185
19738,RegionD,2185
20117,RegionF,2185
31089,RegionE,2185
32984,RegionE,2185
42368,RegionC,2185
2376,RegionD,2186
2853,RegionB,2186
5820,RegionD,2186
21833,RegionE,2186
35618,RegionB,2186
43432,RegionD,2186
49913,RegionD,2186
330,RegionD,2187
424,RegionF,2187
23510,RegionD,2187
24595,RegionE,2187
30474,RegionF,2187
32164,RegionE,2187
5544,RegionD,2188
10047,RegionF,2188
12324,RegionF,2188
24676,RegionF,2188
30907,RegionF,2188
47373,RegionC,2188
49652,RegionE,2188
2149,RegionE,2189
9296,RegionD,2189
16127,RegionE,2189
7513,RegionD,2190
9309,RegionD,2190
11673,RegionE,2190
14299,RegionA,2190
19239,RegionC,2190
29326,RegionF,2190
39656,RegionE,2190
43395,RegionE,2190
43433,RegionD,2190
47815,RegionE,2190
12334,RegionD,2191
16533,RegionE,2191
17980,RegionD,2191
25072,RegionD,2191
34814,RegionE,2191
37843,RegionD,2191
47160,RegionE,2191
3857,RegionC,2192
8901,RegionB,2192
21019,RegionD,2192
24208,RegionE,2192
37050,RegionD,2192
42699,RegionE,2192
42880,RegionD,2192
44516,RegionE,2192
44855,RegionD,2192
45219,RegionF,2192
5350,RegionE,2193
7392,RegionA,2193
15677,RegionB,2193
22517,RegionF,2193
25178,RegionE,2193
36754,RegionD,2193
37428,RegionA,2193
42287,RegionF,2193
44259,RegionD,2193
414,RegionD,2194
3330,RegionF,2194
12691,RegionF,2194
17646,RegionD,2194
24092,RegionF,2194
27460,RegionD,2194
46083,RegionD,2194
48322,RegionF,2194
20071,RegionF,2195
21685,RegionA,2195
22933,RegionD,2195
44736,RegionC,2195
2941,RegionD,2196
3202,RegionD,2196
6610,RegionF,2196
8486,RegionF,2196
17654,RegionD,2196
18517,RegionA,2196
21784,RegionB,2196
36071,RegionC,2196
42166,RegionD,2196
42582,RegionE,2196
45893,RegionE,2196
47279,RegionF,2196
48254,RegionD,2196
14235,RegionD,2197
15757,RegionD,2197
16932,RegionD,2197
17610,RegionF,2197
28034,RegionF,2197
28670,RegionF,2197
31597,RegionB,2197
36514,RegionE,2197
40616,RegionA,2197
40946,RegionD,2197
27841,RegionD,2198
32782,RegionE,2198
41665,RegionF,2198
48818,RegionD,2198
49943,RegionF,2198
71,RegionF,2199
2426,RegionF,2199
9526,RegionD,2199
18813,RegionD,2199
21210,RegionE,2199
24694,RegionE,2199
25601,RegionF,2199
36262,RegionD,2199
7441,RegionE,2200
12028,RegionF,2200
21771,RegionC,2200
23453,RegionE,2200
31797,RegionE,2200
35690,RegionB,2200
5429,RegionF,2201
9601,RegionF,2201
14484,RegionD,2201
19396,RegionA,2201
25962,RegionA,2201
33267,RegionE,2201
33475,RegionD,2201
35324,RegionD,2201
42950,RegionF,2201
45736,RegionE,2201
49865,RegionA,2201
4993,RegionD,2202
7514,RegionE,2202
15672,RegionD,2202
18166,RegionE,2202
20483,RegionF,2202
34668,RegionD,2202
3107,RegionF,2203
3207,RegionA,2203
6833,RegionF,2203
21266,RegionC,2203
32796,RegionF,2203
37131,RegionE,2203
40274,RegionF,2203
44375,RegionB,2203
48183,RegionE,2203
378,RegionE,2204
5458,RegionD,2204
7929,RegionF,2204
10687,RegionD,2204
13029,RegionD,2204
18247,RegionF,2204
33648,RegionF,2204
41367,RegionE,2204
2805,RegionE,2205
13277,RegionD,2205
14803,RegionF,2205
17011,RegionD,2205
21880,RegionE,2205
32634,RegionD,2205
39075,RegionC,2205
42071,RegionF,2205
48445,RegionE,2205
17503,RegionD,2206
25142,RegionA,2206
25562,RegionB,2206
36170,RegionD,2206
44314,RegionF,2206
2968,RegionE,2207
10839,RegionE,2207
16339,RegionA,2207
25580,RegionF,2207
40669,RegionC,2207
42884,RegionF,2207
46630,RegionF,2207
1287,RegionD,2208
2625,RegionD,2208
2849,RegionD,2208
3506,RegionE,2208
15443,RegionD,2208
16256,RegionD,2208
20681,RegionF,2208
43143,RegionD,2208
344,RegionE,2209
4101,RegionD,2209
13647,RegionE,2209
29169,RegionF,2209
36996,RegionD,2209
869,RegionE,2210
11954,RegionE,2210
13346,RegionE,2210
21673,RegionD,2210
25644,RegionE,2210
38591,RegionD,2210
48078,RegionE,2211
7763,RegionE,2211
14440,RegionE,2211
15879,RegionF,2211
17074,RegionB,2211
18683,RegionD,2211
35807,RegionF,2211
40764,RegionE,2211
45030,RegionF,2211
47365,RegionF,2211
48767,RegionE,2212
651,RegionD,2212
1996,RegionD,2212
10291,RegionF,2212
12680,RegionD,2212
15366,RegionE,2212
19757,RegionB,2212
22128,RegionE,2212
27058,RegionC,2212
27989,RegionA,2212
28944,RegionE,2213
31005,RegionF,2212
32766,RegionD,2212
39251,RegionF,2212
39269,RegionE,2213
47869,RegionF,2212
12401,RegionE,2213
13899,RegionA,2213
18776,RegionE,2213
18790,RegionE,2213
31472,RegionA,2213
27941,RegionE,2214
46427,RegionF,2214
4571,RegionF,2215
17989,RegionE,2215
18310,RegionD,2215
32748,RegionE,2215
44535,RegionD,2215
44549,RegionE,2215
45609,RegionD,2215
48070,RegionD,2215
10690,RegionF,2216
21587,RegionB,2216
22472,RegionF,2216
26496,RegionD,2216
41804,RegionC,2216
3158,RegionE,2217
3836,RegionF,2217
8223,RegionE,2217
8809,RegionB,2217
9024,RegionF,2217
9367,RegionC,2217
13367,RegionF,2217
16894,RegionE,2217
18489,RegionF,2217
36392,RegionB,2218
46935,RegionD,2217
49489,RegionE,2217
6947,RegionD,2218
11901,RegionD,2218
24256,RegionF,2218
26868,RegionD,2218
33273,RegionE,2218
4662,RegionF,2219
10050,RegionD,2219
16283,RegionD,2219
18703,RegionD,2219
20183,RegionA,2219
31113,RegionD,2219
33017,RegionE,2219
37823,RegionD,2219
38814,RegionD,2219
40175,RegionF,2219
49100,RegionD,2219
151,RegionC,2220
1018,RegionD,2220
9130,RegionF,2220
14401,RegionE,2220
18070,RegionF,2220
39887,RegionF,2220
46495,RegionD,2220
47658,RegionE,2220
8660,RegionD,2221
10056,RegionD,2221
12103,RegionD,2221
17780,RegionE,2221
20982,RegionF,2221
23054,RegionE,2221
2370,RegionD,2222
38324,RegionE,2222
41138,RegionE,2222
8866,RegionE,2223
10843,RegionC,2223
14964,RegionD,2223
30276,RegionE,2223
44390,RegionD,2223
45958,RegionD,2223
49143,RegionF,2223
1175,RegionD,2224
4967,RegionD,2224
31018,RegionF,2224
36049,RegionF,2224
46036,RegionD,2224
46242,RegionE,2224
540,RegionD,2225
15085,RegionF,2225
31267,RegionF,2225
33638,RegionD,2225
33823,RegionD,2225
39345,RegionD,2225
41017,RegionD,2225
44344,RegionD,2225
46328,RegionF,2225
5771,RegionF,2226
8772,RegionD,2226
9597,RegionD,2226
31824,RegionE,2226
35454,RegionB,2226
37319,RegionD,2226
39200,RegionD,2226
44018,RegionE,2226
45829,RegionF,2226
2637,RegionC,2227
23168,RegionB,2227
27902,RegionF,2227
34133,RegionE,2227
43945,RegionE,2227
24067,RegionC,2228
41252,RegionF,2228
42569,RegionF,2228
46979,RegionB,2228
2569,RegionF,2229
17799,RegionE,2229
20011,RegionF,2229
23299,RegionB,2229
32768,RegionE,2229
33937,RegionF,2229
43483,RegionC,2229
46923,RegionE,2229
1295,RegionE,2230
11472,RegionA,2230
23143,RegionD,2230
27649,RegionD,2230
33456,RegionD,2230
37986,RegionB,2230
49792,RegionF,2230
6050,RegionD,2231
11675,RegionF,2231
26525,RegionF,2231
36538,RegionD,2231
38005,RegionF,2231
40976,RegionF,2231
48686,RegionD,2231
12,RegionF,2232
13981,RegionE,2232
18993,RegionE,2232
35268,RegionE,2232
35422,RegionD,2232
5,RegionF,2233
9982,RegionF,2233
26168,RegionD,2233
28343,RegionA,2233
35098,RegionF,2233
46387,RegionF,2233
1512,RegionE,2234
3021,RegionE,2234
8203,RegionE,2234
12287,RegionD,2234
14878,RegionD,2234
17441,RegionA,2234
28992,RegionF,2234
34641,RegionC,2234
46844,RegionD,2234
48210,RegionE,2234
26465,RegionE,2235
32220,RegionB,2235
37524,RegionE,2235
39061,RegionF,2235
44453,RegionF,2235
321,RegionB,2236
9369,RegionD,2236
10008,RegionF,2236
13235,RegionF,2236
14222,RegionD,2236
19860,RegionF,2236
25877,RegionB,2236
30523,RegionD,2236
36870,RegionF,2236
46517,RegionE,2236
14807,RegionD,2237
20411,RegionF,2237
21582,RegionD,2237
21821,RegionE,2237
23668,RegionD,2237
24136,RegionE,2237
26385,RegionE,2237
26589,RegionE,2237
30252,RegionA,2237
31726,RegionF,2237
31890,RegionF,2237
38554,RegionE,2237
46402,RegionC,2237
589,RegionF,2238
1384,RegionC,2238
2401,RegionD,2238
3222,RegionD,2238
6127,RegionD,2238
6542,RegionD,2238
9263,RegionD,2238
10688,RegionE,2238
31103,RegionF,2238
43319,RegionC,2238
4956,RegionE,2239
6468,RegionD,2239
9612,RegionD,2239
13719,RegionE,2239
14225,RegionE,2239
14438,RegionD,2239
23220,RegionA,2239
24109,RegionE,2239
30614,RegionD,2239
33851,RegionE,2239
7009,RegionE,2240
15232,RegionD,2240
15765,RegionD,2240
15988,RegionD,2240
18031,RegionF,2240
18940,RegionE,2240
39295,RegionE,2240
7923,RegionF,2241
28006,RegionE,2241
28199,RegionB,2241
36372,RegionA,2241
43416,RegionF,2241
49512,RegionD,2241
2493,RegionD,2242
34264,RegionE,2242
44203,RegionF,2242
48790,RegionD,2242
4248,RegionE,2243
18690,RegionD,2243
43106,RegionE,2243
48723,RegionF,2243
5384,RegionF,2244
11114,RegionD,2244
14686,RegionA,2244
19015,RegionF,2244
24154,RegionD,2244
39048,RegionF,2244
41751,RegionB,2244
44202,RegionE,2244
47817,RegionF,2244
48680,RegionD,2244
6742,RegionF,2245
13751,RegionD,2245
18229,RegionC,2245
32151,RegionE,2245
32233,RegionA,2245
40169,RegionF,2245
47569,RegionA,2245
13116,RegionE,2246
14328,RegionD,2246
15631,RegionB,2246
26592,RegionB,2246
35531,RegionF,2246
48339,RegionD,2246
49979,RegionD,2246
9288,RegionB,2247
14367,RegionD,2247
14386,RegionD,2247
17678,RegionC,2247
21292,RegionB,2247
27114,RegionE,2247
37291,RegionC,2247
5173,RegionE,2248
11490,RegionF,2248
23334,RegionD,2248
32279,RegionB,2248
48165,RegionF,2248
2315,RegionA,2249
5718,RegionF,2249
22962,RegionE,2249
24079,RegionF,2249
31326,RegionF,2249
47304,RegionE,2249
26047,RegionF,2250
30140,RegionF,2250
36099,RegionD,2250
36978,RegionD,2250
48327,RegionE,2250
2919,RegionC,2251
10904,RegionD,2251
13178,RegionC,2251
16998,RegionD,2251
20459,RegionB,2251
32503,RegionD,2251
47077,RegionA,2251
3312,RegionA,2252
15935,RegionD,2252
25410,RegionF,2252
1864,RegionD,2253
9819,RegionA,2253
9834,RegionD,2253
13044,RegionE,2253
20782,RegionD,2253
24440,RegionA,2253
32404,RegionC,2253
41188,RegionD,2253
407,RegionD,2254
20072,RegionB,2254
28807,RegionF,2254
33523,RegionE,2254
48791,RegionD,2254
11173,RegionD,2255
11812,RegionF,2255
17727,RegionE,2255
25801,RegionD,2255
26535,RegionD,2255
34563,RegionD,2255
37979,RegionA,2255
41003,RegionA,2255
48211,RegionF,2255
1049,RegionA,2256
3885,RegionD,2256
5730,RegionE,2256
8652,RegionC,2256
18771,RegionF,2256
21045,RegionD,2256
34015,RegionE,2256
43666,RegionA,2257
3976,RegionD,2257
7970,RegionC,2257
22141,RegionE,2257
24305,RegionD,2257
49206,RegionE,2257
707,RegionF,2258
2101,RegionD,2258
6143,RegionE,2258
6695,RegionF,2258
11012,RegionF,2258
26646,RegionD,2258
31189,RegionF,2258
32475,RegionF,2258
36786,RegionC,2258
43492,RegionD,2258
1398,RegionD,2259
9337,RegionE,2259
27904,RegionB,2259
31730,RegionD,2259
36415,RegionE,2259
38459,RegionD,2259
40965,RegionD,2259
48560,RegionB,2259
5657,RegionE,2260
15101,RegionD,2260
33341,RegionF,2260
35679,RegionD,2260
47191,RegionD,2260
10522,RegionD,2261
18352,RegionF,2261
24266,RegionD,2261
27542,RegionF,2261
29003,RegionE,2261
31794,RegionC,2261
39187,RegionD,2261
43092,RegionD,2261
47551,RegionD,2261
9269,RegionD,2262
9599,RegionD,2262
22191,RegionC,2262
34500,RegionE,2262
35713,RegionE,2262
36822,RegionE,2262
39763,RegionF,2262
4978,RegionA,2263
37753,RegionE,2263
40300,RegionF,2263
42239,RegionD,2263
3754,RegionD,2264
10247,RegionD,2264
11925,RegionB,2264
22366,RegionF,2264
24310,RegionD,2265
37860,RegionF,2265
38230,RegionD,2265
38572,RegionD,2265
188,RegionF,2266
13169,RegionE,2266
17784,RegionD,2266
22158,RegionC,2266
27816,RegionE,2266
33029,RegionD,2266
37314,RegionE,2266
40675,RegionA,2266
11575,RegionE,2267
23441,RegionE,2267
36507,RegionE,2267
36730,RegionE,2267
46949,RegionD,2267
4100,RegionD,2268
15269,RegionF,2268
18657,RegionD,2268
24407,RegionF,2268
25032,RegionD,2268
43393,RegionD,2268
46025,RegionE,2268
935,RegionE,2269
7989,RegionA,2269
12371,RegionB,2269
17661,RegionE,2269
49125,RegionD,2269
49969,RegionF,2269
828,RegionD,2270
4467,RegionC,2270
16443,RegionF,2270
20311,RegionE,2270
21200,RegionB,2270
22404,RegionE,2270
29490,RegionF,2270
44832,RegionF,2270
46159,RegionB,2270
49255,RegionA,2270
25704,RegionE,2271
25978,RegionD,2271
43952,RegionE,2271
45105,RegionD,2271
47061,RegionE,2271
6996,RegionE,2272
11403,RegionE,2272
12955,RegionC,2272
16194,RegionF,2272
19242,RegionE,2272
28240,RegionD,2272
32584,RegionE,2272
9570,RegionB,2273
29214,RegionF,2273
41856,RegionB,2273
45946,RegionE,2273
11085,RegionA,2274
25067,RegionE,2274
27147,RegionE,2274
39886,RegionE,2274
43640,RegionA,2274
47676,RegionD,2274
48479,RegionE,2274
15057,RegionE,2275
21226,RegionA,2275
30514,RegionF,2275
34033,RegionD,2275
36203,RegionD,2275
146,RegionD,2276
17308,RegionE,2276
25900,RegionE,2276
31017,RegionE,2276
39169,RegionD,2276
47075,RegionE,2276
47465,RegionD,2276
49271,RegionD,2276
49863,RegionE,2276
9479,RegionD,2277
15886,RegionF,2277
18011,RegionF,2277
19429,RegionB,2277
22300,RegionF,2277
24147,RegionD,2277
33308,RegionF,2277
18559,RegionD,2278
27099,RegionD,2278
39970,RegionE,2278
40786,RegionF,2278
42801,RegionC,2278
44048,RegionD,2278
10540,RegionF,2279
11256,RegionC,2279
17879,RegionF,2279
23184,RegionE,2279
37201,RegionD,2279
41268,RegionD,2279
43895,RegionF,2279
44285,RegionD,2279
47964,RegionD,2279
739,RegionF,2280
10742,RegionE,2280
17787,RegionF,2280
24193,RegionD,2280
28899,RegionF,2280
29856,RegionE,2280
30964,RegionE,2280
34414,RegionE,2280
37947,RegionC,2280
41161,RegionC,2280
46196,RegionE,2280
49637,RegionD,2280
43,RegionE,2281
19845,RegionD,2281
30078,RegionE,2281
30513,RegionF,2281
32489,RegionB,2281
38472,RegionD,2281
45342,RegionE,2281
48862,RegionC,2281
49523,RegionF,2281
12676,RegionE,2282
13858,RegionF,2282
40915,RegionE,2282
41441,RegionF,2283
44646,RegionD,2282
2655,RegionF,2283
8624,RegionF,2284
19726,RegionD,2283
42095,RegionE,2283
44729,RegionB,2283
8545,RegionF,2284
31263,RegionD,2284
40152,RegionD,2284
43361,RegionE,2284
43600,RegionF,2284
47846,RegionD,2284
19362,RegionF,2285
20493,RegionD,2285
25544,RegionD,2285
26766,RegionE,2285
33870,RegionE,2285
33925,RegionF,2285
36985,RegionD,2285
47512,RegionD,2285
3005,RegionD,2286
6373,RegionE,2286
10923,RegionD,2286
21774,RegionE,2286
39712,RegionD,2286
9112,RegionD,2287
13916,RegionE,2287
21078,RegionD,2287
26426,RegionF,2287
27026,RegionD,2287
32516,RegionD,2287
37019,RegionE,2287
38633,RegionE,2287
43624,RegionE,2287
49845,RegionF,2287
779,RegionF,2288
6549,RegionE,2288
15422,RegionD,2288
16082,RegionF,2288
18135,RegionF,2288
23094,RegionF,2288
40388,RegionD,2288
49322,RegionD,2288
1348,RegionE,2289
2157,RegionF,2289
10996,RegionD,2289
34319,RegionB,2289
7037,RegionF,2290
19523,RegionD,2290
21199,RegionF,2290
43156,RegionD,2290
1479,RegionE,2291
4660,RegionE,2291
4859,RegionF,2291
21531,RegionE,2291
29821,RegionD,2291
32900,RegionE,2291
40957,RegionA,2291
48486,RegionF,2291
3378,RegionB,2292
11738,RegionE,2292
21618,RegionF,2292
29670,RegionD,2292
36774,RegionD,2292
3461,RegionF,2293
12543,RegionD,2293
26672,RegionD,2293
4786,RegionE,2294
11577,RegionA,2294
13267,RegionE,2294
15099,RegionF,2294
23519,RegionE,2294
23650,RegionE,2294
30538,RegionE,2294
39976,RegionD,2294
44587,RegionD,2294
47952,RegionD,2294
7944,RegionD,2295
19280,RegionD,2295
20430,RegionE,2295
23897,RegionD,2295
27796,RegionE,2295
28247,RegionD,2295
33466,RegionA,2295
6388,RegionF,2296
18017,RegionF,2296
32169,RegionD,2296
36574,RegionF,2296
38138,RegionD,2296
43392,RegionD,2296
4344,RegionD,2297
5958,RegionD,2297
13576,RegionF,2297
15779,RegionE,2297
19092,RegionE,2297
26050,RegionD,2297
32403,RegionF,2297
33595,RegionE,2297
37750,RegionC,2297
38164,RegionD,2297
43894,RegionF,2297
44172,RegionC,2297
44937,RegionF,2297
9384,RegionE,2298
9887,RegionD,2298
35974,RegionD,2298
38919,RegionD,2298
54,RegionD,2299
638,RegionD,2299
11758,RegionE,2299
27928,RegionE,2299
33748,RegionA,2299
40229,RegionA,2299
40324,RegionE,2299
9070,RegionF,2300
11615,RegionF,2300
29168,RegionF,2300
32017,RegionC,2300
49870,RegionF,2300
2390,RegionD,2301
5337,RegionE,2301
14892,RegionD,2301
20234,RegionF,2301
22077,RegionF,2301
30388,RegionF,2301
30701,RegionD,2301
48363,RegionB,2301
48641,RegionD,2301
13536,RegionE,2302
47161,RegionF,2302
48980,RegionC,2302
2318,RegionE,2303
17620,RegionD,2303
19967,RegionB,2303
27525,RegionD,2303
38905,RegionD,2303
45793,RegionD,2303
30733,RegionD,2304
31278,RegionD,2304
32144,RegionD,2304
45779,RegionC,2304
1132,RegionE,2305
8766,RegionE,2305
19475,RegionB,2305
20689,RegionD,2305
24225,RegionD,2305
40947,RegionD,2305
41574,RegionB,2305
8085,RegionE,2306
19596,RegionE,2306
26201,RegionD,2306
31653,RegionE,2306
38420,RegionD,2306
39300,RegionD,2306
42092,RegionA,2306
8051,RegionD,2307
25575,RegionA,2307
37703,RegionF,2307
37791,RegionD,2307
39386,RegionE,2307
41573,RegionF,2307
49591,RegionD,2307
1431,RegionD,2308
1921,RegionF,2308
3518,RegionD,2308
11435,RegionD,2308
17726,RegionD,2308
20355,RegionD,2308
22922,RegionE,2308
24183,RegionF,2308
25688,RegionD,2308
32740,RegionD,2308
35311,RegionD,2308
39419,RegionE,2308
46685,RegionD,2308
17772,RegionD,2309
28244,RegionF,2309
38693,RegionF,2309
38909,RegionF,2309
46775,RegionF,2309
2851,RegionF,2310
13780,RegionF,2310
22341,RegionA,2310
29249,RegionC,2310
37268,RegionE,2310
332,RegionE,2311
15481,RegionD,2311
34204,RegionE,2311
47208,RegionF,2311
813,RegionB,2312
12088,RegionF,2312
12351,RegionA,2312
15258,RegionD,2312
26390,RegionD,2312
34967,RegionF,2312
26853,RegionF,2313
35942,RegionD,2313
43574,RegionF,2313
2288,RegionF,2314
4776,RegionD,2314
17270,RegionF,2314
21898,RegionD,2314
22080,RegionD,2314
27888,RegionE,2314
30704,RegionF,2314
32094,RegionF,2315
38532,RegionD,2314
40079,RegionD,2314
42618,RegionD,2314
42675,RegionF,2315
46075,RegionD,2314
47320,RegionB,2314
9495,RegionE,2315
15999,RegionD,2315
17246,RegionD,2315
20477,RegionF,2316
31633,RegionE,2315
32720,RegionD,2315
37910,RegionE,2315
38367,RegionD,2315
47936,RegionF,2317
1958,RegionE,2316
7895,RegionE,2316
11721,RegionF,2316
12150,RegionD,2316
4775,RegionB,2317
10981,RegionD,2317
20053,RegionD,2317
27519,RegionD,2317
29183,RegionB,2317
35559,RegionB,2317
36784,RegionF,2318
38478,RegionB,2317
48047,RegionF,2317
4867,RegionB,2318
11595,RegionF,2319
30055,RegionA,2318
34644,RegionE,2318
43539,RegionE,2318
48375,RegionF,2319
9084,RegionF,2319
17749,RegionF,2319
21307,RegionD,2319
32173,RegionF,2320
38397,RegionE,2319
39135,RegionD,2319
42164,RegionA,2319
46645,RegionD,2319
46859,RegionF,2320
47203,RegionD,2319
6981,RegionD,2320
8905,RegionE,2320
13590,RegionF,2320
20462,RegionE,2320
29574,RegionE,2320
35568,RegionD,2320
39888,RegionA,2320
42567,RegionD,2320
1427,RegionE,2321
10279,RegionD,2321
30186,RegionF,2321
34142,RegionB,2321
37711,RegionD,2321
44419,RegionF,2321
3176,RegionD,2322
33040,RegionB,2322
33804,RegionE,2322
39143,RegionD,2322
40381,RegionD,2322
49410,RegionE,2322
9575,RegionF,2323
28374,RegionE,2323
36732,RegionF,2323
8889,RegionD,2324
10973,RegionF,2324
31425,RegionF,2324
35092,RegionF,2324
17026,RegionE,2325
17818,RegionD,2325
3923,RegionD,2326
8608,RegionD,2326
10880,RegionF,2326
26103,RegionE,2326
28630,RegionF,2326
44815,RegionD,2326
48516,RegionD,2326
6670,RegionF,2327
12058,RegionD,2327
18959,RegionD,2327
19622,RegionD,2327
21535,RegionC,2327
32177,RegionE,2327
32353,RegionD,2327
43604,RegionE,2327
4416,RegionD,2328
10554,RegionB,2328
16655,RegionD,2328
23074,RegionF,2328
23791,RegionB,2328
31579,RegionD,2328
31620,RegionE,2328
32333,RegionD,2328
41936,RegionD,2328
49995,RegionF,2328
2087,RegionD,2329
5048,RegionE,2329
7167,RegionE,2329
9861,RegionD,2329
43228,RegionD,2329
3316,RegionE,2330
10330,RegionF,2330
20761,RegionC,2330
35697,RegionC,2330
38081,RegionE,2330
42710,RegionD,2330
43004,RegionB,2330
48104,RegionE,2330
259,RegionE,2331
470,RegionF,2331
41155,RegionD,2331
16733,RegionB,2332
16882,RegionF,2332
23916,RegionC,2332
24277,RegionD,2332
38048,RegionE,2332
17674,RegionE,2333
31366,RegionF,2333
46119,RegionF,2333
17564,RegionF,2334
22423,RegionE,2334
38899,RegionD,2334
4014,RegionB,2335
7956,RegionA,2335
14969,RegionC,2335
21128,RegionB,2335
34852,RegionD,2335
16898,RegionD,2336
18282,RegionD,2336
32760,RegionD,2336
32810,RegionA,2336
39396,RegionA,2336
47358,RegionF,2336
48583,RegionE,2336
49755,RegionD,2336
3034,RegionE,2337
19557,RegionE,2337
27404,RegionF,2337
29009,RegionE,2337
31450,RegionE,2337
33387,RegionF,2337
39919,RegionF,2337
47838,RegionA,2337
11414,RegionD,2338
12390,RegionF,2338
19510,RegionD,2338
21371,RegionC,2338
39275,RegionE,2338
44965,RegionA,2338
2034,RegionD,2339
7766,RegionB,2339
12318,RegionA,2339
13528,RegionD,2339
17378,RegionD,2339
32826,RegionD,2339
33171,RegionA,2340
34638,RegionE,2339
46561,RegionD,2339
2035,RegionD,2340
3080,RegionE,2340
9690,RegionD,2340
23836,RegionF,2340
26684,RegionB,2340
29291,RegionE,2340
29846,RegionC,2340
31347,RegionF,2340
32172,RegionE,2340
35539,RegionA,2340
38089,RegionF,2340
42388,RegionD,2340
9542,RegionF,2341
11678,RegionD,2341
12744,RegionF,2341
18052,RegionD,2341
39189,RegionD,2341
43634,RegionC,2341
5312,RegionF,2342
9164,RegionD,2342
15546,RegionC,2342
21725,RegionB,2342
45240,RegionF,2342
48795,RegionF,2342
2146,RegionD,2343
15076,RegionD,2343
18301,RegionC,2343
20316,RegionD,2343
23307,RegionD,2343
29243,RegionD,2343
1026,RegionE,2344
3272,RegionF,2344
8464,RegionD,2344
13250,RegionB,2344
13951,RegionF,2344
20040,RegionD,2344
24919,RegionA,2344
26084,RegionE,2344
33519,RegionB,2344
9854,RegionD,2345
10116,RegionD,2345
11235,RegionF,2345
20235,RegionF,2345
44877,RegionE,2345
45328,RegionD,2345
47008,RegionD,2345
1235,RegionD,2346
1953,RegionF,2346
5420,RegionD,2346
9852,RegionB,2346
11282,RegionB,2346
34159,RegionE,2346
12204,RegionE,2347
14397,RegionF,2347
17097,RegionE,2347
18219,RegionE,2347
36080,RegionE,2347
16854,RegionE,2348
21316,RegionE,2348
22240,RegionE,2348
23127,RegionF,2348
24505,RegionF,2348
29793,RegionB,2348
32451,RegionD,2348
46459,RegionF,2348
8325,RegionD,2349
24340,RegionF,2349
36215,RegionC,2349
36252,RegionE,2349
37012,RegionE,2349
37961,RegionD,2349
40620,RegionE,2349
47478,RegionC,2349
4999,RegionD,2350
6528,RegionD,2350
10342,RegionF,2350
17139,RegionF,2350
17813,RegionE,2350
21169,RegionD,2350
29967,RegionE,2350
31637,RegionD,2350
35469,RegionD,2350
36549,RegionA,2350
37363,RegionC,2350
39877,RegionD,2350
42674,RegionF,2350
43649,RegionD,2350
47685,RegionE,2350
3432,RegionD,2351
8845,RegionE,2351
11078,RegionF,2351
15737,RegionD,2351
32093,RegionE,2351
33424,RegionE,2352
39674,RegionD,2351
46326,RegionE,2353
9480,RegionD,2352
14183,RegionD,2352
20535,RegionE,2353
47456,RegionF,2352
10081,RegionF,2353
11034,RegionD,2353
17542,RegionD,2353
19590,RegionE,2353
33893,RegionC,2353
45636,RegionD,2353
13784,RegionD,2354
19364,RegionD,2354
30124,RegionE,2354
32261,RegionD,2354
43271,RegionF,2354
9778,RegionF,2355
17444,RegionD,2355
21829,RegionF,2355
28562,RegionD,2355
32037,RegionD,2355
34652,RegionF,2355
1541,RegionA,2356
3946,RegionE,2356
6565,RegionF,2356
7664,RegionE,2356
24445,RegionF,2356
32744,RegionF,2356
36371,RegionF,2356
37840,RegionF,2356
47663,RegionD,2356
279,RegionE,2357
14067,RegionE,2357
40092,RegionC,2357
46560,RegionD,2357
49037,RegionF,2357
2804,RegionE,2358
9716,RegionD,2358
10654,RegionD,2358
15071,RegionE,2358
31195,RegionF,2358
31816,RegionD,2358
35139,RegionB,2358
42187,RegionE,2358
1314,RegionD,2359
3086,RegionE,2359
3674,RegionD,2359
7194,RegionF,2359
10113,RegionF,2359
16252,RegionE,2359
27082,RegionF,2359
37130,RegionE,2359
43856,RegionF,2359
3494,RegionF,2360
6956,RegionE,2360
9635,RegionF,2360
15363,RegionD,2360
19190,RegionE,2360
25628,RegionC,2360
31390,RegionE,2360
42373,RegionF,2360
42475,RegionD,2360
2287,RegionF,2361
3007,RegionE,2361
16373,RegionD,2361
17249,RegionE,2361
21050,RegionD,2361
24001,RegionB,2361
38948,RegionE,2361
39147,RegionB,2361
42142,RegionE,2361
45459,RegionD,2361
6026,RegionF,2362
7678,RegionE,2362
10085,RegionE,2363
11672,RegionE,2363
17336,RegionF,2362
6086,RegionF,2363
35439,RegionF,2363
39242,RegionE,2364
43719,RegionB,2363
45570,RegionD,2363
7779,RegionA,2364
7794,RegionD,2364
25378,RegionF,2364
28993,RegionC,2364
11202,RegionF,2365
17348,RegionF,2365
18644,RegionD,2365
45549,RegionB,2365
5825,RegionC,2366
18295,RegionD,2366
21081,RegionF,2366
35065,RegionF,2366
43544,RegionD,2366
3449,RegionF,2367
10910,RegionD,2367
16405,RegionB,2367
20794,RegionD,2367
33249,RegionF,2367
36291,RegionE,2367
39834,RegionF,2367
42014,RegionD,2367
47876,RegionF,2367
48929,RegionD,2367
4149,RegionE,2368
5229,RegionD,2368
7702,RegionD,2368
11685,RegionE,2368
17183,RegionE,2368
35587,RegionD,2368
38104,RegionB,2368
41576,RegionD,2368
2351,RegionE,2369
6019,RegionE,2369
14304,RegionF,2369
21067,RegionF,2369
21512,RegionE,2369
26754,RegionF,2369
29746,RegionF,2369
30532,RegionE,2369
30877,RegionD,2369
34102,RegionF,2369
36536,RegionA,2369
43496,RegionB,2369
49733,RegionF,2369
4466,RegionF,2370
20786,RegionF,2370
27851,RegionA,2370
36461,RegionE,2370
46541,RegionD,2370
47666,RegionF,2370
2537,RegionF,2371
7983,RegionC,2371
12522,RegionC,2371
20402,RegionD,2371
21631,RegionF,2371
26856,RegionD,2371
29940,RegionD,2371
40364,RegionE,2371
49345,RegionF,2371
29188,RegionF,2372
35404,RegionD,2372
40536,RegionF,2372
41084,RegionD,2372
6106,RegionF,2373
11826,RegionF,2373
13661,RegionE,2373
16340,RegionD,2373
25368,RegionD,2373
41989,RegionD,2373
3727,RegionD,2374
6812,RegionE,2374
23200,RegionF,2374
25398,RegionA,2374
27030,RegionF,2374
27744,RegionE,2374
37566,RegionB,2374
46065,RegionE,2374
47274,RegionA,2374
535,RegionE,2375
29406,RegionB,2375
30444,RegionD,2375
35185,RegionB,2375
37264,RegionA,2375
45382,RegionE,2375
3809,RegionF,2376
9415,RegionD,2376
11961,RegionE,2376
35335,RegionF,2376
42169,RegionF,2376
1540,RegionF,2377
4202,RegionE,2377
14780,RegionD,2377
20392,RegionF,2377
21384,RegionC,2377
23479,RegionD,2377
27509,RegionF,2377
31710,RegionD,2377
41348,RegionE,2377
41413,RegionE,2377
43690,RegionE,2377
1055,RegionF,2378
6507,RegionC,2378
9591,RegionD,2378
16146,RegionE,2378
17864,RegionD,2378
29425,RegionF,2378
33418,RegionE,2378
36260,RegionF,2378
39262,RegionE,2379
46688,RegionE,2378
7973,RegionE,2379
9845,RegionF,2379
14419,RegionD,2379
31539,RegionD,2379
31788,RegionD,2379
39010,RegionD,2379
6052,RegionF,2380
18713,RegionF,2380
20964,RegionB,2380
26584,RegionF,2382
30207,RegionD,2380
36438,RegionB,2380
40898,RegionA,2380
43380,RegionD,2380
45172,RegionE,2380
45404,RegionF,2380
12181,RegionC,2381
13587,RegionD,2381
18720,RegionF,2382
20139,RegionD,2381
31480,RegionD,2381
38738,RegionE,2381
42499,RegionB,2381
46280,RegionE,2381
47509,RegionF,2382
5845,RegionD,2382
10704,RegionF,2382
31191,RegionD,2382
32894,RegionF,2383
47419,RegionC,2382
11304,RegionD,2383
12755,RegionE,2383
22175,RegionE,2383
30900,RegionF,2383
34377,RegionF,2383
34834,RegionE,2383
45771,RegionF,2383
10306,RegionD,2384
27109,RegionF,2384
34201,RegionB,2384
44983,RegionF,2384
46582,RegionE,2384
49968,RegionE,2384
4599,RegionD,2385
5277,RegionE,2385
18325,RegionF,2385
22705,RegionE,2385
23514,RegionF,2385
26590,RegionF,2385
28123,RegionD,2385
28388,RegionF,2385
35571,RegionF,2385
43153,RegionF,2385
2055,RegionD,2386
10275,RegionE,2386
15694,RegionE,2386
22852,RegionF,2386
22937,RegionF,2386
46192,RegionB,2386
9535,RegionE,2387
17181,RegionD,2387
19584,RegionE,2387
27713,RegionF,2387
30583,RegionE,2387
31709,RegionD,2387
32656,RegionE,2387
36369,RegionE,2387
36680,RegionF,2387
38944,RegionC,2387
41737,RegionF,2388
1264,RegionF,2388
17991,RegionF,2388
21356,RegionF,2389
21837,RegionD,2388
27293,RegionF,2389
35545,RegionF,2388
43266,RegionA,2388
5727,RegionD,2389
13747,RegionF,2389
14749,RegionE,2389
23936,RegionD,2389
33779,RegionE,2389
34647,RegionB,2389
47013,RegionD,2389
2167,RegionD,2390
3782,RegionE,2390
8760,RegionE,2390
15675,RegionF,2390
16513,RegionE,2390
17233,RegionD,2390
25795,RegionE,2390
26136,RegionE,2390
29364,RegionE,2391
46424,RegionD,2390
4930,RegionE,2391
6876,RegionD,2391
12397,RegionA,2391
13836,RegionD,2391
17898,RegionE,2391
25763,RegionE,2392
27637,RegionD,2391
30452,RegionE,2393
31011,RegionF,2391
38937,RegionB,2391
41410,RegionB,2391
1371,RegionC,2392
2517,RegionF,2392
8915,RegionD,2392
17673,RegionD,2392
19387,RegionE,2393
38208,RegionF,2392
47090,RegionF,2392
16699,RegionF,2393
28664,RegionF,2393
41990,RegionD,2393
56,RegionE,2394
6438,RegionE,2394
13376,RegionD,2394
14619,RegionF,2394
15921,RegionD,2394
21451,RegionD,2394
31076,RegionE,2394
36863,RegionF,2394
39669,RegionE,2394
41146,RegionF,2394
42018,RegionF,2395
5435,RegionE,2395
6767,RegionF,2395
7372,RegionF,2395
22576,RegionF,2395
24073,RegionB,2395
32241,RegionD,2395
39773,RegionE,2395
46011,RegionE,2396
49640,RegionE,2396
14578,RegionE,2396
14844,RegionB,2396
14868,RegionF,2396
27964,RegionD,2396
28753,RegionE,2396
36157,RegionD,2396
37857,RegionD,2396
38786,RegionA,2396
46184,RegionF,2396
48837,RegionD,2396
15916,RegionE,2397
21730,RegionF,2397
38408,RegionD,2397
47435,RegionE,2397
49550,RegionA,2397
49575,RegionF,2397
49609,RegionA,2397
2473,RegionC,2398
4353,RegionE,2398
9572,RegionD,2398
19289,RegionE,2398
23421,RegionE,2398
30449,RegionB,2398
33770,RegionD,2398
37758,RegionD,2398
43423,RegionF,2398
46823,RegionD,2398
48528,RegionD,2398
1455,RegionF,2399
7857,RegionF,2399
38894,RegionE,2399
42578,RegionC,2399
48579,RegionF,2399
